OrderID,OrderDate,Customer,Barangay,City,Province,Region,Product,Category,Qty,UnitPrice,Amount,PaymentMethod,Status,DeliveredDate,ImportedDates
ORD-20260000,2026-06-09,Jose Del Rosario,Rizal,Tagbilaran,Bohol,Central Visayas,ILUV Ballpen,School & Office Supplies,12,10.0,120.0,Maya,Delivered,2026-06-14,09/06/2026
ORD-20260001,2026-04-21,Eduardo Santos,San Isidro,Pasig,Metro Manila,NCR,ILUV Ballpen,School & Office Supplies,8,10.0,80.0,COD,Delivered,2026-04-24,21/04/2026
ORD-20260002,2026-06-21,Cristina Pascual,Rizal,Davao City,Davao del Sur,Davao Region,ILUV Ballpen,School & Office Supplies,11,10.0,110.0,Cash,Delivered,2026-06-29,21/06/2026
ORD-20260003,2026-02-27,Juan Ramos,Bagumbayan,Manila,Metro Manila,NCR,Head & Shoulders Sachet,Personal Care,11,7.0,77.0,Maya,Pending,,27/02/2026
ORD-20260004,2026-06-19,Elena Torres,San Jose,Angeles City,Pampanga,Central Luzon,Nova Multigrain 78g,Snacks,10,30.0,300.0,Maya,Delivered,2026-06-21,19/06/2026
ORD-20260005,2026-06-16,Maria Cruz,Del Pilar,Iloilo City,Iloilo,Western Visayas,Nescafe 3-in-1 Sachet,Beverages,2,8.0,16.0,GCash,Delivered,2026-06-22,16/06/2026
ORD-20260006,2026-01-11,Roberto Ocampo,San Isidro,Iloilo City,Iloilo,Western Visayas,Palmolive Shampoo Sachet,Personal Care,10,6.0,60.0,Cash,Pending,,11/01/2026
ORD-20260007,2026-06-17,Fernando Mendoza,Santo Nino,Quezon City,Metro Manila,NCR,Surf Powder Sachet,Household Care,9,8.0,72.0,COD,Delivered,2026-06-21,17/06/2026
ORD-20260008,2026-04-27,Rosa Cruz,San Isidro,Tarlac City,Tarlac,Central Luzon,Lucky Me Beef Sotanghon,Noodles & Canned Goods,16,13.0,208.0,COD,Delivered,2026-04-29,27/04/2026
ORD-20260009,2026-05-02,Maria Villanueva,Bagong Silang,Malolos,Bulacan,Central Luzon,Joy Dishwashing Liquid 250ml,Household Care,11,38.0,418.0,COD,Returned,2026-05-04,02/05/2026
ORD-20260010,2026-02-16,Eduardo Del Rosario,Bagong Silang,Malolos,Bulacan,Central Luzon,Head & Shoulders Sachet,Personal Care,5,7.0,35.0,Bank Transfer,Returned,2026-02-23,16/02/2026
ORD-20260011,2026-05-14,Jose Castillo,Malinta,Bacolod,Negros Occidental,Western Visayas,Joy Dishwashing Liquid 250ml,Household Care,5,38.0,190.0,COD,Delivered,2026-05-23,14/05/2026
ORD-20260012,2026-02-16,Ricardo Cruz,San Isidro,Calamba,Laguna,CALABARZON,555 Sardines,Noodles & Canned Goods,17,22.0,374.0,Cash,Returned,2026-02-18,16/02/2026
ORD-20260013,2026-04-12,Jose Ocampo,Bagumbayan,Mandaue,Cebu,Central Visayas,Yellow Pad Paper,School & Office Supplies,16,12.0,192.0,Cash,Delivered,2026-04-22,12/04/2026
ORD-20260014,2026-04-17,Corazon Villanueva,San Isidro,Makati,Metro Manila,NCR,Domex Toilet Cleaner,Household Care,19,55.0,1045.0,Cash,Delivered,2026-04-22,17/04/2026
ORD-20260015,2026-01-14,Teresa Mendoza,San Isidro,Cebu City,Cebu,Central Visayas,Nissin Cup Noodles,Noodles & Canned Goods,11,20.0,220.0,Cash,Cancelled,,14/01/2026
ORD-20260016,2026-04-24,Luz Castillo,Bagumbayan,Calamba,Laguna,CALABARZON,Joy Dishwashing Liquid 250ml,Household Care,17,38.0,646.0,COD,Pending,,24/04/2026
ORD-20260017,2026-06-27,Teresa Torres,Rizal,Mandaue,Cebu,Central Visayas,Domex Toilet Cleaner,Household Care,19,55.0,1045.0,COD,Delivered,2026-07-07,27/06/2026
ORD-20260018,2026-06-28,Josefina Mendoza,San Antonio,Angeles City,Pampanga,Central Luzon,Head & Shoulders Sachet,Personal Care,17,7.0,119.0,COD,Delivered,2026-07-04,28/06/2026
ORD-20260019,2026-03-01,Roberto Santos,Del Pilar,Bacolod,Negros Occidental,Western Visayas,Piattos 85g,Snacks,8,32.0,256.0,COD,Delivered,2026-03-09,01/03/2026
ORD-20260020,2026-04-11,Juan Villanueva,Rizal,Iloilo City,Iloilo,Western Visayas,Colgate Toothpaste 75ml,Personal Care,13,45.0,585.0,Maya,Delivered,2026-04-19,11/04/2026
ORD-20260021,2026-03-16,Ricardo Flores,San Isidro,Iloilo City,Iloilo,Western Visayas,Zonrox Bleach 500ml,Household Care,11,32.0,352.0,Cash,Delivered,2026-03-23,16/03/2026
ORD-20260022,2026-05-18,Maria Villanueva,Malinta,Calamba,Laguna,CALABARZON,Nissin Cup Noodles,Noodles & Canned Goods,18,20.0,360.0,Cash,Delivered,2026-05-19,18/05/2026
ORD-20260023,2026-04-14,Ana Cruz,Poblacion,Quezon City,Metro Manila,NCR,SkyFlakes Crackers,Snacks,11,15.0,165.0,COD,Delivered,2026-04-20,14/04/2026
ORD-20260024,2026-04-29,Jose Castillo,Malinta,Bacolod,Negros Occidental,Western Visayas,SkyFlakes Crackers,Snacks,11,15.0,165.0,Cash,Delivered,2026-05-03,29/04/2026
ORD-20260025,2026-05-09,Eduardo Bautista,San Jose,Cebu City,Cebu,Central Visayas,555 Sardines,Noodles & Canned Goods,20,22.0,440.0,Cash,Delivered,2026-05-10,09/05/2026
ORD-20260026,2026-06-16,Pedro Ocampo,Santo Nino,Cebu City,Cebu,Central Visayas,Coca-Cola 1.5L,Beverages,2,65.0,130.0,Maya,Delivered,2026-06-19,16/06/2026
ORD-20260027,2026-01-27,Juan Bautista,San Jose,Angeles City,Pampanga,Central Luzon,Lucky Me Beef Sotanghon,Noodles & Canned Goods,16,13.0,208.0,GCash,Delivered,2026-01-31,27/01/2026
ORD-20260028,2026-02-04,Antonio Bautista,Del Pilar,Tarlac City,Tarlac,Central Luzon,CDO Corned Beef,Noodles & Canned Goods,8,33.0,264.0,GCash,Delivered,2026-02-09,04/02/2026
ORD-20260029,2026-05-16,Cristina Flores,Del Pilar,Quezon City,Metro Manila,NCR,Boy Bawang 100g,Snacks,2,18.0,36.0,Maya,Cancelled,,16/05/2026
ORD-20260030,2026-05-06,Eduardo Garcia,Poblacion,Tarlac City,Tarlac,Central Luzon,Safeguard Soap Bar,Personal Care,15,28.0,420.0,COD,Delivered,2026-05-12,06/05/2026
ORD-20260031,2026-04-27,Ricardo Ocampo,San Jose,Pasig,Metro Manila,NCR,Head & Shoulders Sachet,Personal Care,17,7.0,119.0,COD,Cancelled,,27/04/2026
ORD-20260032,2026-04-16,Elena Villanueva,Poblacion,Malolos,Bulacan,Central Luzon,Surf Powder Sachet,Household Care,19,8.0,152.0,Cash,Delivered,2026-04-25,16/04/2026
ORD-20260033,2026-01-16,Corazon Ramos,San Jose,Pasig,Metro Manila,NCR,Nissin Cup Noodles,Noodles & Canned Goods,20,20.0,400.0,Cash,Delivered,2026-01-18,16/01/2026
ORD-20260034,2026-01-16,Teresa Mendoza,San Isidro,Cebu City,Cebu,Central Visayas,Palmolive Shampoo Sachet,Personal Care,8,6.0,48.0,Cash,Delivered,2026-01-20,16/01/2026
ORD-20260035,2026-01-16,Roberto Flores,Malinta,Dasmarinas,Cavite,CALABARZON,Boy Bawang 100g,Snacks,2,18.0,36.0,COD,Delivered,2026-01-18,16/01/2026
ORD-20260036,2026-05-25,Elena Villanueva,Poblacion,Malolos,Bulacan,Central Luzon,Sta. Maria Crayons,School & Office Supplies,4,40.0,160.0,GCash,Delivered,2026-05-29,25/05/2026
ORD-20260037,2026-05-27,Corazon Bautista,Bagumbayan,Bacolod,Negros Occidental,Western Visayas,Piattos 85g,Snacks,3,32.0,96.0,COD,Cancelled,,27/05/2026
ORD-20260038,2026-03-21,Corazon Reyes,Malinta,Calamba,Laguna,CALABARZON,Colgate Toothpaste 75ml,Personal Care,17,45.0,765.0,COD,Delivered,2026-03-29,21/03/2026
ORD-20260039,2026-04-16,Eduardo Bautista,San Jose,Cebu City,Cebu,Central Visayas,Boy Bawang 100g,Snacks,15,18.0,270.0,Cash,Cancelled,,16/04/2026
ORD-20260040,2026-06-25,Josefina Torres,San Isidro,Tagbilaran,Bohol,Central Visayas,C2 Green Tea 500ml,Beverages,8,22.0,176.0,COD,Delivered,2026-06-30,25/06/2026
ORD-20260041,2026-03-11,Pedro Aquino,Rizal,Malolos,Bulacan,Central Luzon,Head & Shoulders Sachet,Personal Care,13,7.0,91.0,GCash,Delivered,2026-03-21,11/03/2026
ORD-20260042,2026-03-04,Manuel Mendoza,Poblacion,Mandaue,Cebu,Central Visayas,Domex Toilet Cleaner,Household Care,19,55.0,1045.0,GCash,Delivered,2026-03-10,04/03/2026
ORD-20260043,2026-05-13,Josefina Pascual,Poblacion,Manila,Metro Manila,NCR,Zonrox Bleach 500ml,Household Care,7,32.0,224.0,Maya,Delivered,2026-05-22,13/05/2026
ORD-20260044,2026-06-27,Ana Ramos,San Antonio,Malolos,Bulacan,Central Luzon,CDO Corned Beef,Noodles & Canned Goods,1,33.0,33.0,Bank Transfer,Delivered,2026-07-05,27/06/2026
ORD-20260045,2026-01-19,Fernando Pascual,Malinta,Malolos,Bulacan,Central Luzon,Palmolive Shampoo Sachet,Personal Care,11,6.0,66.0,Cash,Delivered,2026-01-27,19/01/2026
ORD-20260046,2026-02-01,Luz Pascual,Santo Nino,Cebu City,Cebu,Central Visayas,CDO Corned Beef,Noodles & Canned Goods,4,33.0,132.0,COD,Cancelled,,01/02/2026
ORD-20260047,2026-04-14,Eduardo Mendoza,San Isidro,Tagum,Davao del Norte,Davao Region,Nissin Cup Noodles,Noodles & Canned Goods,1,20.0,20.0,COD,Cancelled,,14/04/2026
ORD-20260048,2026-01-20,Luz Reyes,Poblacion,Dasmarinas,Cavite,CALABARZON,SkyFlakes Crackers,Snacks,12,15.0,180.0,Maya,Cancelled,,20/01/2026
ORD-20260049,2026-05-09,Corazon Aquino,San Antonio,Tagum,Davao del Norte,Davao Region,Nescafe 3-in-1 Sachet,Beverages,2,8.0,16.0,Maya,Delivered,2026-05-10,09/05/2026
ORD-20260050,2026-01-15,Maria Villanueva,Malinta,Calamba,Laguna,CALABARZON,Yellow Pad Paper,School & Office Supplies,3,12.0,36.0,COD,Pending,,15/01/2026
ORD-20260051,2026-06-01,Luz Reyes,San Jose,Tarlac City,Tarlac,Central Luzon,Lucky Me Pancit Canton Noodles,Noodles & Canned Goods,15,14.0,210.0,COD,Delivered,2026-06-07,01/06/2026
ORD-20260052,2026-03-12,Elena Villanueva,Poblacion,Malolos,Bulacan,Central Luzon,Colgate Toothpaste 75ml,Personal Care,14,45.0,630.0,GCash,Delivered,2026-03-15,12/03/2026
ORD-20260053,2026-06-08,Teresa Torres,San Antonio,Tagum,Davao del Norte,Davao Region,Head & Shoulders Sachet,Personal Care,3,7.0,21.0,GCash,Delivered,2026-06-11,08/06/2026
ORD-20260054,2026-04-07,Juan Del Rosario,Poblacion,Davao City,Davao del Sur,Davao Region,Safeguard Soap Bar,Personal Care,14,28.0,392.0,COD,Delivered,2026-04-09,07/04/2026
ORD-20260055,2026-05-23,Pedro Torres,Bagong Silang,Cebu City,Cebu,Central Visayas,Surf Powder Sachet,Household Care,9,8.0,72.0,COD,Cancelled,,23/05/2026
ORD-20260056,2026-01-08,Maria Castillo,Rizal,Tagum,Davao del Norte,Davao Region,SkyFlakes Crackers,Snacks,1,15.0,15.0,Cash,Delivered,2026-01-18,08/01/2026
ORD-20260057,2026-06-11,Ana Del Rosario,Santo Nino,Manila,Metro Manila,NCR,Boy Bawang 100g,Snacks,5,18.0,90.0,GCash,Cancelled,,11/06/2026
ORD-20260058,2026-03-29,Josefina Ramos,San Isidro,Cebu City,Cebu,Central Visayas,Piattos 85g,Snacks,17,32.0,544.0,Cash,Delivered,2026-04-07,29/03/2026
ORD-20260059,2026-06-17,Josefina Castillo,Poblacion,Tagbilaran,Bohol,Central Visayas,Joy Dishwashing Liquid 250ml,Household Care,18,38.0,684.0,COD,Delivered,2026-06-18,17/06/2026
ORD-20260060,2026-02-25,Josefina Santos,Rizal,Pasig,Metro Manila,NCR,Piattos 85g,Snacks,15,32.0,480.0,Maya,Delivered,2026-03-03,25/02/2026
ORD-20260061,2026-06-12,Ana Villanueva,San Antonio,Tarlac City,Tarlac,Central Luzon,Safeguard Soap Bar,Personal Care,11,28.0,308.0,Bank Transfer,Pending,,12/06/2026
ORD-20260062,2026-06-04,Eduardo Mendoza,Bagong Silang,Batangas City,Batangas,CALABARZON,Domex Toilet Cleaner,Household Care,20,55.0,1100.0,GCash,Delivered,2026-06-11,04/06/2026
ORD-20260063,2026-02-01,Maria Pascual,Bagumbayan,Tagum,Davao del Norte,Davao Region,Lucky Me Beef Sotanghon,Noodles & Canned Goods,5,13.0,65.0,COD,Delivered,2026-02-02,01/02/2026
ORD-20260064,2026-02-12,Antonio Flores,Del Pilar,Manila,Metro Manila,NCR,Domex Toilet Cleaner,Household Care,1,55.0,55.0,GCash,Delivered,2026-02-17,12/02/2026
ORD-20260065,2026-04-19,Josefina Santos,Santo Nino,Tagum,Davao del Norte,Davao Region,Domex Toilet Cleaner,Household Care,9,55.0,495.0,Maya,Delivered,2026-04-21,19/04/2026
ORD-20260066,2026-04-25,Corazon Torres,Bagumbayan,Cebu City,Cebu,Central Visayas,CDO Corned Beef,Noodles & Canned Goods,10,33.0,330.0,COD,Delivered,2026-04-30,25/04/2026
ORD-20260067,2026-02-24,Pedro Pascual,San Isidro,Manila,Metro Manila,NCR,Nissin Cup Noodles,Noodles & Canned Goods,11,20.0,220.0,Cash,Delivered,2026-02-25,24/02/2026
ORD-20260068,2026-03-17,Josefina Torres,Malinta,Tagum,Davao del Norte,Davao Region,Safeguard Soap Bar,Personal Care,16,28.0,448.0,COD,Delivered,2026-03-22,17/03/2026
ORD-20260069,2026-02-02,Josefina Santos,Santo Nino,Tagum,Davao del Norte,Davao Region,Lucky Me Pancit Canton Noodles,Noodles & Canned Goods,2,14.0,28.0,GCash,Delivered,2026-02-05,02/02/2026
ORD-20260070,2026-04-27,Corazon Aquino,San Antonio,Tagum,Davao del Norte,Davao Region,Lucky Me Beef Sotanghon,Noodles & Canned Goods,15,13.0,195.0,Cash,Pending,,27/04/2026
ORD-20260071,2026-05-24,Ricardo Bautista,Bagong Silang,Tagum,Davao del Norte,Davao Region,Lucky Me Pancit Canton Noodles,Noodles & Canned Goods,6,14.0,84.0,Cash,Pending,,24/05/2026
ORD-20260072,2026-04-21,Ricardo Bautista,Bagong Silang,Tagum,Davao del Norte,Davao Region,Palmolive Shampoo Sachet,Personal Care,9,6.0,54.0,Maya,Delivered,2026-04-30,21/04/2026
ORD-20260073,2026-06-18,Juan Reyes,Poblacion,Quezon City,Metro Manila,NCR,Domex Toilet Cleaner,Household Care,9,55.0,495.0,Maya,Delivered,2026-06-26,18/06/2026
ORD-20260074,2026-05-03,Fernando Mendoza,Santo Nino,Quezon City,Metro Manila,NCR,Palmolive Shampoo Sachet,Personal Care,20,6.0,120.0,Cash,Delivered,2026-05-07,03/05/2026
ORD-20260075,2026-06-29,Elena Torres,Malinta,Tarlac City,Tarlac,Central Luzon,Piattos 85g,Snacks,15,32.0,480.0,GCash,Cancelled,,29/06/2026
ORD-20260076,2026-01-04,Maria Santos,Poblacion,Tagum,Davao del Norte,Davao Region,Sterling Notebook,School & Office Supplies,7,18.0,126.0,GCash,Delivered,2026-01-11,04/01/2026
ORD-20260077,2026-05-12,Juan Bautista,San Jose,Angeles City,Pampanga,Central Luzon,Lucky Me Pancit Canton Noodles,Noodles & Canned Goods,11,14.0,154.0,COD,Delivered,2026-05-18,12/05/2026
ORD-20260078,2026-06-25,Luz Pascual,Santo Nino,Cebu City,Cebu,Central Visayas,555 Sardines,Noodles & Canned Goods,15,22.0,330.0,Cash,Delivered,2026-07-05,25/06/2026
ORD-20260079,2026-04-12,Pedro Torres,San Isidro,Dasmarinas,Cavite,CALABARZON,ILUV Ballpen,School & Office Supplies,10,10.0,100.0,COD,Pending,,12/04/2026
ORD-20260080,2026-01-18,Maria Santos,Poblacion,Tagum,Davao del Norte,Davao Region,Zonrox Bleach 500ml,Household Care,10,32.0,320.0,Cash,Pending,,18/01/2026
ORD-20260081,2026-05-11,Antonio Bautista,Rizal,Davao City,Davao del Sur,Davao Region,Safeguard Soap Bar,Personal Care,14,28.0,392.0,Maya,Delivered,2026-05-21,11/05/2026
ORD-20260082,2026-03-18,Teresa Reyes,Poblacion,Calamba,Laguna,CALABARZON,Zonrox Bleach 500ml,Household Care,2,32.0,64.0,GCash,Delivered,2026-03-23,18/03/2026
ORD-20260083,2026-06-14,Luz Castillo,Bagumbayan,Calamba,Laguna,CALABARZON,CDO Corned Beef,Noodles & Canned Goods,4,33.0,132.0,Maya,Delivered,2026-06-23,14/06/2026
ORD-20260084,2026-05-19,Ricardo Bautista,Del Pilar,Manila,Metro Manila,NCR,SkyFlakes Crackers,Snacks,7,15.0,105.0,Cash,Delivered,2026-05-25,19/05/2026
ORD-20260085,2026-05-17,Eduardo Garcia,Poblacion,Tarlac City,Tarlac,Central Luzon,555 Sardines,Noodles & Canned Goods,18,22.0,396.0,Cash,Delivered,2026-05-19,17/05/2026
ORD-20260086,2026-05-04,Jose Reyes,Rizal,Tagum,Davao del Norte,Davao Region,Milo Sachet,Beverages,19,9.0,171.0,Cash,Delivered,2026-05-09,04/05/2026
ORD-20260087,2026-03-05,Jose Cruz,Santo Nino,Angeles City,Pampanga,Central Luzon,Domex Toilet Cleaner,Household Care,17,55.0,935.0,Maya,Delivered,2026-03-14,05/03/2026
ORD-20260088,2026-05-31,Pedro Castillo,Santo Nino,Cebu City,Cebu,Central Visayas,Yellow Pad Paper,School & Office Supplies,2,12.0,24.0,Cash,Delivered,2026-06-09,31/05/2026
ORD-20260089,2026-04-06,Josefina Santos,San Jose,Bacolod,Negros Occidental,Western Visayas,Yellow Pad Paper,School & Office Supplies,18,12.0,216.0,Maya,Delivered,2026-04-09,06/04/2026
ORD-20260090,2026-03-21,Josefina Ramos,San Isidro,Cebu City,Cebu,Central Visayas,Sta. Maria Crayons,School & Office Supplies,18,40.0,720.0,Cash,Delivered,2026-03-28,21/03/2026
ORD-20260091,2026-04-18,Josefina Torres,Malinta,Tagum,Davao del Norte,Davao Region,CDO Corned Beef,Noodles & Canned Goods,15,33.0,495.0,Maya,Delivered,2026-04-25,18/04/2026
ORD-20260092,2026-06-05,Teresa Reyes,Poblacion,Calamba,Laguna,CALABARZON,Surf Powder Sachet,Household Care,8,8.0,64.0,Cash,Delivered,2026-06-15,05/06/2026
ORD-20260093,2026-02-02,Ricardo Flores,San Jose,Tagbilaran,Bohol,Central Visayas,Lucky Me Pancit Canton Noodles,Noodles & Canned Goods,1,14.0,14.0,Maya,Returned,2026-02-10,02/02/2026
ORD-20260094,2026-03-18,Luz Garcia,San Isidro,Tagum,Davao del Norte,Davao Region,Boy Bawang 100g,Snacks,12,18.0,216.0,Cash,Cancelled,,18/03/2026
ORD-20260095,2026-02-04,Roberto Del Rosario,San Isidro,Malolos,Bulacan,Central Luzon,Zonrox Bleach 500ml,Household Care,14,32.0,448.0,Cash,Pending,,04/02/2026
ORD-20260096,2026-01-16,Josefina Castillo,Poblacion,Tagbilaran,Bohol,Central Visayas,Zonrox Bleach 500ml,Household Care,11,32.0,352.0,GCash,Delivered,2026-01-18,16/01/2026
ORD-20260097,2026-04-30,Eduardo Ocampo,San Antonio,Tagum,Davao del Norte,Davao Region,Milo Sachet,Beverages,8,9.0,72.0,Maya,Delivered,2026-05-05,30/04/2026
ORD-20260098,2026-06-17,Corazon Bautista,Bagong Silang,Davao City,Davao del Sur,Davao Region,Boy Bawang 100g,Snacks,5,18.0,90.0,COD,Delivered,2026-06-22,17/06/2026
ORD-20260099,2026-04-04,Ricardo Flores,San Isidro,Iloilo City,Iloilo,Western Visayas,Lucky Me Pancit Canton Noodles,Noodles & Canned Goods,16,14.0,224.0,COD,Delivered,2026-04-05,04/04/2026
ORD-20260100,2026-04-23,Roberto Aquino,San Antonio,Cebu City,Cebu,Central Visayas,Sterling Notebook,School & Office Supplies,7,18.0,126.0,COD,Returned,2026-04-25,23/04/2026
ORD-20260101,2026-04-27,Juan Villanueva,Rizal,Iloilo City,Iloilo,Western Visayas,C2 Green Tea 500ml,Beverages,10,22.0,220.0,Bank Transfer,Returned,2026-05-02,27/04/2026
ORD-20260102,2026-05-19,Juan Villanueva,Rizal,Iloilo City,Iloilo,Western Visayas,Milo Sachet,Beverages,3,9.0,27.0,Maya,Delivered,2026-05-24,19/05/2026
ORD-20260103,2026-01-21,Josefina Pascual,Poblacion,Manila,Metro Manila,NCR,ILUV Ballpen,School & Office Supplies,12,10.0,120.0,GCash,Returned,2026-01-31,21/01/2026
ORD-20260104,2026-01-24,Maria Castillo,Rizal,Tagum,Davao del Norte,Davao Region,Zonrox Bleach 500ml,Household Care,20,32.0,640.0,COD,Delivered,2026-01-30,24/01/2026
ORD-20260105,2026-01-20,Teresa Villanueva,Santo Nino,Malolos,Bulacan,Central Luzon,Boy Bawang 100g,Snacks,20,18.0,360.0,Maya,Delivered,2026-01-29,20/01/2026
ORD-20260106,2026-03-09,Josefina Pascual,Poblacion,Manila,Metro Manila,NCR,Nova Multigrain 78g,Snacks,17,30.0,510.0,COD,Delivered,2026-03-18,09/03/2026
ORD-20260107,2026-05-08,Pedro Castillo,Santo Nino,Cebu City,Cebu,Central Visayas,Nissin Cup Noodles,Noodles & Canned Goods,6,20.0,120.0,COD,Delivered,2026-05-09,08/05/2026
ORD-20260108,2026-01-10,Eduardo Santos,San Isidro,Pasig,Metro Manila,NCR,Nova Multigrain 78g,Snacks,6,30.0,180.0,Cash,Delivered,2026-01-14,10/01/2026
ORD-20260109,2026-04-13,Josefina Torres,Malinta,Tagum,Davao del Norte,Davao Region,Argentina Corned Beef,Noodles & Canned Goods,7,35.0,245.0,COD,Delivered,2026-04-14,13/04/2026
ORD-20260110,2026-04-10,Luz Garcia,San Isidro,Tagum,Davao del Norte,Davao Region,Lucky Me Beef Sotanghon,Noodles & Canned Goods,11,13.0,143.0,GCash,Delivered,2026-04-19,10/04/2026
ORD-20260111,2026-02-10,Josefina Ramos,San Isidro,Cebu City,Cebu,Central Visayas,Zonrox Bleach 500ml,Household Care,4,32.0,128.0,GCash,Delivered,2026-02-13,10/02/2026
ORD-20260112,2026-02-22,Teresa Torres,San Antonio,Tagum,Davao del Norte,Davao Region,Safeguard Soap Bar,Personal Care,3,28.0,84.0,COD,Cancelled,,22/02/2026
ORD-20260113,2026-05-01,Maria Villanueva,Malinta,Calamba,Laguna,CALABARZON,Sta. Maria Crayons,School & Office Supplies,15,40.0,600.0,COD,Delivered,2026-05-03,01/05/2026
ORD-20260114,2026-03-17,Fernando Santos,San Antonio,Bacolod,Negros Occidental,Western Visayas,Palmolive Shampoo Sachet,Personal Care,8,6.0,48.0,Cash,Delivered,2026-03-24,17/03/2026
ORD-20260115,2026-02-24,Teresa Pascual,Bagong Silang,Tagum,Davao del Norte,Davao Region,Piattos 85g,Snacks,5,32.0,160.0,Cash,Cancelled,,24/02/2026
ORD-20260116,2026-06-20,Corazon Villanueva,San Isidro,Makati,Metro Manila,NCR,Colgate Toothpaste 75ml,Personal Care,3,45.0,135.0,Cash,Delivered,2026-06-29,20/06/2026
ORD-20260117,2026-01-27,Josefina Pascual,Poblacion,Manila,Metro Manila,NCR,Joy Dishwashing Liquid 250ml,Household Care,1,38.0,38.0,Cash,Cancelled,,27/01/2026
ORD-20260118,2026-01-24,Ramon Mendoza,San Jose,Tagum,Davao del Norte,Davao Region,Nissin Cup Noodles,Noodles & Canned Goods,9,20.0,180.0,Bank Transfer,Delivered,2026-02-03,24/01/2026
ORD-20260119,2026-05-12,Eduardo Santos,San Isidro,Pasig,Metro Manila,NCR,Colgate Toothpaste 75ml,Personal Care,16,45.0,720.0,COD,Pending,,12/05/2026
ORD-20260120,2026-02-26,Josefina Pascual,San Jose,Tarlac City,Tarlac,Central Luzon,ILUV Ballpen,School & Office Supplies,19,10.0,190.0,Cash,Delivered,2026-03-05,26/02/2026
ORD-20260121,2026-01-17,Ricardo Garcia,Santo Nino,Batangas City,Batangas,CALABARZON,Argentina Corned Beef,Noodles & Canned Goods,19,35.0,665.0,GCash,Returned,2026-01-25,17/01/2026
ORD-20260122,2026-06-03,Jose Castillo,Del Pilar,Malolos,Bulacan,Central Luzon,Nescafe 3-in-1 Sachet,Beverages,8,8.0,64.0,GCash,Delivered,2026-06-05,03/06/2026
ORD-20260123,2026-04-14,Luz Torres,Rizal,Mandaue,Cebu,Central Visayas,Coca-Cola 1.5L,Beverages,7,65.0,455.0,COD,Returned,2026-04-24,14/04/2026
ORD-20260124,2026-04-26,Ana Torres,San Antonio,Pasig,Metro Manila,NCR,C2 Green Tea 500ml,Beverages,9,22.0,198.0,Cash,Delivered,2026-05-02,26/04/2026
ORD-20260125,2026-01-23,Josefina Pascual,San Jose,Tarlac City,Tarlac,Central Luzon,C2 Green Tea 500ml,Beverages,8,22.0,176.0,Cash,Returned,2026-01-24,23/01/2026
ORD-20260126,2026-06-13,Ricardo Bautista,Bagong Silang,Tagum,Davao del Norte,Davao Region,CDO Corned Beef,Noodles & Canned Goods,19,33.0,627.0,COD,Cancelled,,13/06/2026
ORD-20260127,2026-02-16,Maria Castillo,San Antonio,Malolos,Bulacan,Central Luzon,Palmolive Shampoo Sachet,Personal Care,7,6.0,42.0,COD,Cancelled,,16/02/2026
ORD-20260128,2026-03-15,Elena Cruz,Santo Nino,Angeles City,Pampanga,Central Luzon,Safeguard Soap Bar,Personal Care,12,28.0,336.0,Cash,Pending,,15/03/2026
ORD-20260129,2026-01-01,Josefina Flores,Bagumbayan,Iloilo City,Iloilo,Western Visayas,Joy Dishwashing Liquid 250ml,Household Care,19,38.0,722.0,COD,Delivered,2026-01-04,01/01/2026
ORD-20260130,2026-04-02,Pedro Garcia,Bagong Silang,Manila,Metro Manila,NCR,Domex Toilet Cleaner,Household Care,16,55.0,880.0,GCash,Returned,2026-04-04,02/04/2026
ORD-20260131,2026-01-16,Roberto Santos,Del Pilar,Bacolod,Negros Occidental,Western Visayas,Colgate Toothpaste 75ml,Personal Care,10,45.0,450.0,GCash,Cancelled,,16/01/2026
ORD-20260132,2026-05-31,Jose Reyes,Rizal,Tagum,Davao del Norte,Davao Region,Sta. Maria Crayons,School & Office Supplies,18,40.0,720.0,Cash,Delivered,2026-06-04,31/05/2026
ORD-20260133,2026-06-08,Luz Reyes,San Jose,Tarlac City,Tarlac,Central Luzon,Argentina Corned Beef,Noodles & Canned Goods,15,35.0,525.0,COD,Pending,,08/06/2026
ORD-20260134,2026-01-03,Josefina Torres,San Isidro,Tagbilaran,Bohol,Central Visayas,C2 Green Tea 500ml,Beverages,8,22.0,176.0,GCash,Delivered,2026-01-06,03/01/2026
ORD-20260135,2026-01-28,Jose Santos,San Jose,Cebu City,Cebu,Central Visayas,Nova Multigrain 78g,Snacks,6,30.0,180.0,COD,Delivered,2026-02-03,28/01/2026
ORD-20260136,2026-01-26,Antonio Santos,Del Pilar,Iloilo City,Iloilo,Western Visayas,555 Sardines,Noodles & Canned Goods,11,22.0,242.0,Cash,Delivered,2026-01-29,26/01/2026
ORD-20260137,2026-02-25,Josefina Ramos,San Isidro,Cebu City,Cebu,Central Visayas,Lucky Me Pancit Canton Noodles,Noodles & Canned Goods,12,14.0,168.0,COD,Delivered,2026-02-27,25/02/2026
ORD-20260138,2026-05-27,Roberto Bautista,Del Pilar,Tagum,Davao del Norte,Davao Region,Sta. Maria Crayons,School & Office Supplies,14,40.0,560.0,GCash,Pending,,27/05/2026
ORD-20260139,2026-05-18,Juan Villanueva,Rizal,Iloilo City,Iloilo,Western Visayas,Nissin Cup Noodles,Noodles & Canned Goods,5,20.0,100.0,GCash,Delivered,2026-05-22,18/05/2026
ORD-20260140,2026-06-26,Josefina Santos,Rizal,Pasig,Metro Manila,NCR,555 Sardines,Noodles & Canned Goods,5,22.0,110.0,Cash,Cancelled,,26/06/2026
ORD-20260141,2026-02-08,Eduardo Mendoza,Bagong Silang,Batangas City,Batangas,CALABARZON,Palmolive Shampoo Sachet,Personal Care,11,6.0,66.0,GCash,Pending,,08/02/2026
ORD-20260142,2026-04-06,Luz Castillo,Bagumbayan,Calamba,Laguna,CALABARZON,SkyFlakes Crackers,Snacks,8,15.0,120.0,Maya,Cancelled,,06/04/2026
ORD-20260143,2026-03-18,Ana Ramos,San Antonio,Malolos,Bulacan,Central Luzon,SkyFlakes Crackers,Snacks,15,15.0,225.0,Cash,Delivered,2026-03-20,18/03/2026
ORD-20260144,2026-05-25,Carmen Pascual,Poblacion,Bacolod,Negros Occidental,Western Visayas,Sta. Maria Crayons,School & Office Supplies,14,40.0,560.0,GCash,Delivered,2026-05-31,25/05/2026
ORD-20260145,2026-04-23,Ana Del Rosario,Santo Nino,Manila,Metro Manila,NCR,CDO Corned Beef,Noodles & Canned Goods,5,33.0,165.0,Cash,Delivered,2026-04-26,23/04/2026
ORD-20260146,2026-03-22,Teresa Santos,Del Pilar,Davao City,Davao del Sur,Davao Region,Sta. Maria Crayons,School & Office Supplies,20,40.0,800.0,Bank Transfer,Delivered,2026-03-30,22/03/2026
ORD-20260147,2026-04-21,Ricardo Ocampo,San Jose,Pasig,Metro Manila,NCR,Piattos 85g,Snacks,7,32.0,224.0,Cash,Delivered,2026-04-26,21/04/2026
ORD-20260148,2026-04-21,Cristina Santos,Poblacion,Makati,Metro Manila,NCR,Palmolive Shampoo Sachet,Personal Care,20,6.0,120.0,COD,Delivered,2026-04-27,21/04/2026
ORD-20260149,2026-02-05,Carmen Flores,Del Pilar,Tarlac City,Tarlac,Central Luzon,Nova Multigrain 78g,Snacks,9,30.0,270.0,Maya,Delivered,2026-02-15,05/02/2026
ORD-20260150,2026-03-04,Luz Reyes,Poblacion,Dasmarinas,Cavite,CALABARZON,Colgate Toothpaste 75ml,Personal Care,15,45.0,675.0,GCash,Delivered,2026-03-05,04/03/2026
ORD-20260151,2026-03-15,Ana Cruz,Santo Nino,Manila,Metro Manila,NCR,Nissin Cup Noodles,Noodles & Canned Goods,6,20.0,120.0,Cash,Delivered,2026-03-17,15/03/2026
ORD-20260152,2026-01-20,Jose Reyes,Bagumbayan,Quezon City,Metro Manila,NCR,Nissin Cup Noodles,Noodles & Canned Goods,14,20.0,280.0,GCash,Cancelled,,20/01/2026
ORD-20260153,2026-02-04,Josefina Santos,San Jose,Bacolod,Negros Occidental,Western Visayas,Nova Multigrain 78g,Snacks,17,30.0,510.0,COD,Delivered,2026-02-14,04/02/2026
ORD-20260154,2026-06-15,Manuel Ramos,Rizal,Tagbilaran,Bohol,Central Visayas,Domex Toilet Cleaner,Household Care,2,55.0,110.0,COD,Delivered,2026-06-25,15/06/2026
ORD-20260155,2026-04-03,Corazon Bautista,Bagumbayan,Bacolod,Negros Occidental,Western Visayas,Joy Dishwashing Liquid 250ml,Household Care,20,38.0,760.0,COD,Delivered,2026-04-13,03/04/2026
ORD-20260156,2026-05-20,Elena Garcia,San Antonio,Mandaue,Cebu,Central Visayas,Milo Sachet,Beverages,13,9.0,117.0,Cash,Delivered,2026-05-30,20/05/2026
ORD-20260157,2026-05-10,Eduardo Pascual,Bagong Silang,Tarlac City,Tarlac,Central Luzon,Palmolive Shampoo Sachet,Personal Care,19,6.0,114.0,GCash,Delivered,2026-05-12,10/05/2026
ORD-20260158,2026-02-15,Luz Ocampo,San Antonio,Bacolod,Negros Occidental,Western Visayas,Sta. Maria Crayons,School & Office Supplies,12,40.0,480.0,COD,Delivered,2026-02-22,15/02/2026
ORD-20260159,2026-05-14,Jose Castillo,Del Pilar,Malolos,Bulacan,Central Luzon,ILUV Ballpen,School & Office Supplies,9,10.0,90.0,COD,Delivered,2026-05-21,14/05/2026
ORD-20260160,2026-04-27,Pedro Ocampo,Santo Nino,Cebu City,Cebu,Central Visayas,Safeguard Soap Bar,Personal Care,15,28.0,420.0,GCash,Cancelled,,27/04/2026
ORD-20260161,2026-04-17,Josefina Ramos,San Isidro,Cebu City,Cebu,Central Visayas,555 Sardines,Noodles & Canned Goods,6,22.0,132.0,COD,Returned,2026-04-22,17/04/2026
ORD-20260162,2026-01-09,Teresa Reyes,Poblacion,Calamba,Laguna,CALABARZON,Nissin Cup Noodles,Noodles & Canned Goods,7,20.0,140.0,GCash,Cancelled,,09/01/2026
ORD-20260163,2026-04-02,Teresa Torres,Rizal,Mandaue,Cebu,Central Visayas,555 Sardines,Noodles & Canned Goods,15,22.0,330.0,Cash,Cancelled,,02/04/2026
ORD-20260164,2026-05-25,Josefina Ocampo,San Antonio,Davao City,Davao del Sur,Davao Region,Joy Dishwashing Liquid 250ml,Household Care,6,38.0,228.0,COD,Delivered,2026-06-02,25/05/2026
ORD-20260165,2026-02-12,Elena Garcia,Poblacion,Davao City,Davao del Sur,Davao Region,Joy Dishwashing Liquid 250ml,Household Care,11,38.0,418.0,Cash,Delivered,2026-02-22,12/02/2026
ORD-20260166,2026-05-03,Maria Santos,Bagumbayan,Bacolod,Negros Occidental,Western Visayas,SkyFlakes Crackers,Snacks,6,15.0,90.0,COD,Delivered,2026-05-08,03/05/2026
ORD-20260167,2026-05-31,Pedro Pascual,San Isidro,Manila,Metro Manila,NCR,ILUV Ballpen,School & Office Supplies,13,10.0,130.0,GCash,Delivered,2026-06-10,31/05/2026
ORD-20260168,2026-04-20,Elena Villanueva,Poblacion,Malolos,Bulacan,Central Luzon,Sterling Notebook,School & Office Supplies,17,18.0,306.0,COD,Delivered,2026-04-21,20/04/2026
ORD-20260169,2026-05-30,Ana Cruz,Santo Nino,Manila,Metro Manila,NCR,Colgate Toothpaste 75ml,Personal Care,5,45.0,225.0,Cash,Delivered,2026-06-01,30/05/2026
ORD-20260170,2026-06-28,Antonio Bautista,Del Pilar,Tarlac City,Tarlac,Central Luzon,Coca-Cola 1.5L,Beverages,15,65.0,975.0,Cash,Delivered,2026-07-08,28/06/2026
ORD-20260171,2026-06-16,Josefina Torres,Malinta,Tagum,Davao del Norte,Davao Region,Nescafe 3-in-1 Sachet,Beverages,1,8.0,8.0,Maya,Returned,2026-06-17,16/06/2026
ORD-20260172,2026-03-24,Maria Castillo,Rizal,Tagum,Davao del Norte,Davao Region,Safeguard Soap Bar,Personal Care,13,28.0,364.0,GCash,Cancelled,,24/03/2026
ORD-20260173,2026-01-15,Josefina Reyes,Poblacion,Dasmarinas,Cavite,CALABARZON,Safeguard Soap Bar,Personal Care,14,28.0,392.0,Cash,Delivered,2026-01-25,15/01/2026
ORD-20260174,2026-04-05,Cristina Castillo,Santo Nino,Mandaue,Cebu,Central Visayas,Nova Multigrain 78g,Snacks,8,30.0,240.0,COD,Delivered,2026-04-15,05/04/2026
ORD-20260175,2026-01-23,Luz Torres,Rizal,Mandaue,Cebu,Central Visayas,555 Sardines,Noodles & Canned Goods,15,22.0,330.0,GCash,Cancelled,,23/01/2026
ORD-20260176,2026-05-17,Juan Torres,Poblacion,Pasig,Metro Manila,NCR,ILUV Ballpen,School & Office Supplies,2,10.0,20.0,GCash,Delivered,2026-05-18,17/05/2026
ORD-20260177,2026-04-11,Maria Castillo,San Antonio,Malolos,Bulacan,Central Luzon,SkyFlakes Crackers,Snacks,2,15.0,30.0,GCash,Delivered,2026-04-13,11/04/2026
ORD-20260178,2026-04-08,Pedro Aquino,Rizal,Malolos,Bulacan,Central Luzon,Surf Powder Sachet,Household Care,14,8.0,112.0,GCash,Delivered,2026-04-12,08/04/2026
ORD-20260179,2026-01-05,Rosa Cruz,San Isidro,Tarlac City,Tarlac,Central Luzon,Zonrox Bleach 500ml,Household Care,11,32.0,352.0,COD,Delivered,2026-01-11,05/01/2026
ORD-20260180,2026-05-01,Ana Villanueva,San Antonio,Tarlac City,Tarlac,Central Luzon,Lucky Me Pancit Canton Noodles,Noodles & Canned Goods,17,14.0,238.0,COD,Delivered,2026-05-04,01/05/2026
ORD-20260181,2026-03-20,Ana Cruz,Santo Nino,Manila,Metro Manila,NCR,ILUV Ballpen,School & Office Supplies,19,10.0,190.0,GCash,Cancelled,,20/03/2026
ORD-20260182,2026-05-12,Elena Torres,San Jose,Angeles City,Pampanga,Central Luzon,Head & Shoulders Sachet,Personal Care,8,7.0,56.0,GCash,Delivered,2026-05-21,12/05/2026
ORD-20260183,2026-02-02,Jose Cruz,Santo Nino,Angeles City,Pampanga,Central Luzon,555 Sardines,Noodles & Canned Goods,10,22.0,220.0,GCash,Delivered,2026-02-03,02/02/2026
ORD-20260184,2026-04-09,Luz Aquino,Bagong Silang,Tarlac City,Tarlac,Central Luzon,Milo Sachet,Beverages,3,9.0,27.0,Cash,Delivered,2026-04-15,09/04/2026
ORD-20260185,2026-05-21,Luz Torres,Rizal,Mandaue,Cebu,Central Visayas,Sta. Maria Crayons,School & Office Supplies,3,40.0,120.0,Cash,Delivered,2026-05-22,21/05/2026
ORD-20260186,2026-04-10,Ricardo Cruz,San Isidro,Calamba,Laguna,CALABARZON,Yellow Pad Paper,School & Office Supplies,6,12.0,72.0,Maya,Cancelled,,10/04/2026
ORD-20260187,2026-04-30,Carmen Pascual,Poblacion,Bacolod,Negros Occidental,Western Visayas,Piattos 85g,Snacks,18,32.0,576.0,Cash,Returned,2026-05-10,30/04/2026
ORD-20260188,2026-06-29,Maria Bautista,San Antonio,Mandaue,Cebu,Central Visayas,Coca-Cola 1.5L,Beverages,8,65.0,520.0,Cash,Delivered,2026-07-07,29/06/2026
ORD-20260189,2026-01-03,Josefina Pascual,Poblacion,Manila,Metro Manila,NCR,Sterling Notebook,School & Office Supplies,7,18.0,126.0,COD,Cancelled,,03/01/2026
ORD-20260190,2026-03-27,Cristina Pascual,Rizal,Davao City,Davao del Sur,Davao Region,Colgate Toothpaste 75ml,Personal Care,5,45.0,225.0,COD,Delivered,2026-04-06,27/03/2026
ORD-20260191,2026-02-21,Ricardo Aquino,San Isidro,Cebu City,Cebu,Central Visayas,Nissin Cup Noodles,Noodles & Canned Goods,20,20.0,400.0,GCash,Delivered,2026-02-25,21/02/2026
ORD-20260192,2026-05-01,Rosa Reyes,Malinta,Iloilo City,Iloilo,Western Visayas,Safeguard Soap Bar,Personal Care,14,28.0,392.0,GCash,Delivered,2026-05-10,01/05/2026
ORD-20260193,2026-01-01,Corazon Villanueva,Rizal,Angeles City,Pampanga,Central Luzon,CDO Corned Beef,Noodles & Canned Goods,4,33.0,132.0,Cash,Delivered,2026-01-02,01/01/2026
ORD-20260194,2026-03-30,Ricardo Bautista,Del Pilar,Manila,Metro Manila,NCR,Domex Toilet Cleaner,Household Care,15,55.0,825.0,Maya,Returned,2026-04-04,30/03/2026
ORD-20260195,2026-04-28,Fernando Mendoza,Santo Nino,Quezon City,Metro Manila,NCR,Nescafe 3-in-1 Sachet,Beverages,16,8.0,128.0,Maya,Pending,,28/04/2026
ORD-20260196,2026-04-19,Rosa Reyes,Malinta,Iloilo City,Iloilo,Western Visayas,Surf Powder Sachet,Household Care,9,8.0,72.0,GCash,Delivered,2026-04-28,19/04/2026
ORD-20260197,2026-04-10,Corazon Torres,Bagumbayan,Cebu City,Cebu,Central Visayas,Zonrox Bleach 500ml,Household Care,13,32.0,416.0,GCash,Returned,2026-04-19,10/04/2026
ORD-20260198,2026-01-12,Corazon Aquino,San Antonio,Tagum,Davao del Norte,Davao Region,Yellow Pad Paper,School & Office Supplies,17,12.0,204.0,GCash,Delivered,2026-01-18,12/01/2026
ORD-20260199,2026-01-29,Ana Ramos,Bagumbayan,Tarlac City,Tarlac,Central Luzon,Colgate Toothpaste 75ml,Personal Care,13,45.0,585.0,Cash,Delivered,2026-02-07,29/01/2026
ORD-20260200,2026-03-27,Pedro Cruz,Santo Nino,Manila,Metro Manila,NCR,Nova Multigrain 78g,Snacks,3,30.0,90.0,GCash,Delivered,2026-03-30,27/03/2026
ORD-20260201,2026-04-14,Juan Villanueva,Rizal,Iloilo City,Iloilo,Western Visayas,SkyFlakes Crackers,Snacks,14,15.0,210.0,Cash,Cancelled,,14/04/2026
ORD-20260202,2026-06-23,Corazon Villanueva,San Jose,Makati,Metro Manila,NCR,Nissin Cup Noodles,Noodles & Canned Goods,17,20.0,340.0,COD,Delivered,2026-06-25,23/06/2026
ORD-20260203,2026-03-08,Manuel Villanueva,Bagumbayan,Tagbilaran,Bohol,Central Visayas,Lucky Me Beef Sotanghon,Noodles & Canned Goods,15,13.0,195.0,Cash,Cancelled,,08/03/2026
ORD-20260204,2026-05-22,Ricardo Bautista,Del Pilar,Manila,Metro Manila,NCR,ILUV Ballpen,School & Office Supplies,3,10.0,30.0,Cash,Delivered,2026-06-01,22/05/2026
ORD-20260205,2026-05-28,Antonio Mendoza,San Isidro,Calamba,Laguna,CALABARZON,Boy Bawang 100g,Snacks,20,18.0,360.0,Cash,Delivered,2026-06-06,28/05/2026
ORD-20260206,2026-01-28,Josefina Santos,Bagumbayan,Tagbilaran,Bohol,Central Visayas,Colgate Toothpaste 75ml,Personal Care,20,45.0,900.0,COD,Pending,,28/01/2026
ORD-20260207,2026-06-04,Jose Flores,Bagumbayan,Bacolod,Negros Occidental,Western Visayas,Colgate Toothpaste 75ml,Personal Care,15,45.0,675.0,Cash,Cancelled,,04/06/2026
ORD-20260208,2026-06-18,Jose Ocampo,Malinta,Dasmarinas,Cavite,CALABARZON,Coca-Cola 1.5L,Beverages,19,65.0,1235.0,COD,Delivered,2026-06-27,18/06/2026
ORD-20260209,2026-05-09,Josefina Pascual,Poblacion,Manila,Metro Manila,NCR,Safeguard Soap Bar,Personal Care,8,28.0,224.0,Cash,Delivered,2026-05-13,09/05/2026
ORD-20260210,2026-04-29,Josefina Santos,Bagumbayan,Tagbilaran,Bohol,Central Visayas,Boy Bawang 100g,Snacks,18,18.0,324.0,Maya,Delivered,2026-05-09,29/04/2026
ORD-20260211,2026-06-09,Manuel Reyes,Rizal,Quezon City,Metro Manila,NCR,Domex Toilet Cleaner,Household Care,13,55.0,715.0,COD,Returned,2026-06-14,09/06/2026
ORD-20260212,2026-01-22,Juan Bautista,San Jose,Angeles City,Pampanga,Central Luzon,Milo Sachet,Beverages,17,9.0,153.0,COD,Delivered,2026-01-25,22/01/2026
ORD-20260213,2026-01-20,Luz Ocampo,San Antonio,Bacolod,Negros Occidental,Western Visayas,Boy Bawang 100g,Snacks,12,18.0,216.0,GCash,Delivered,2026-01-27,20/01/2026
ORD-20260214,2026-04-23,Manuel Villanueva,Bagumbayan,Tagbilaran,Bohol,Central Visayas,Safeguard Soap Bar,Personal Care,8,28.0,224.0,COD,Pending,,23/04/2026
ORD-20260215,2026-06-05,Juan Reyes,Poblacion,Quezon City,Metro Manila,NCR,Zonrox Bleach 500ml,Household Care,11,32.0,352.0,COD,Delivered,2026-06-11,05/06/2026
ORD-20260216,2026-01-21,Luz Cruz,San Antonio,Makati,Metro Manila,NCR,Piattos 85g,Snacks,8,32.0,256.0,COD,Delivered,2026-01-30,21/01/2026
ORD-20260217,2026-04-14,Rosa Castillo,San Antonio,Angeles City,Pampanga,Central Luzon,Surf Powder Sachet,Household Care,3,8.0,24.0,COD,Returned,2026-04-19,14/04/2026
ORD-20260218,2026-06-10,Carmen Reyes,San Jose,Tagbilaran,Bohol,Central Visayas,Sta. Maria Crayons,School & Office Supplies,6,40.0,240.0,COD,Returned,2026-06-19,10/06/2026
ORD-20260219,2026-04-04,Cristina Garcia,Del Pilar,Dasmarinas,Cavite,CALABARZON,Sta. Maria Crayons,School & Office Supplies,20,40.0,800.0,Cash,Delivered,2026-04-10,04/04/2026
ORD-20260220,2026-01-11,Eduardo Bautista,San Jose,Cebu City,Cebu,Central Visayas,Nissin Cup Noodles,Noodles & Canned Goods,7,20.0,140.0,GCash,Cancelled,,11/01/2026
ORD-20260221,2026-03-24,Maria Castillo,Rizal,Tagum,Davao del Norte,Davao Region,Domex Toilet Cleaner,Household Care,16,55.0,880.0,COD,Pending,,24/03/2026
ORD-20260222,2026-03-24,Fernando Garcia,Del Pilar,Iloilo City,Iloilo,Western Visayas,Nissin Cup Noodles,Noodles & Canned Goods,10,20.0,200.0,COD,Delivered,2026-03-30,24/03/2026
ORD-20260223,2026-06-29,Luz Reyes,San Jose,Tarlac City,Tarlac,Central Luzon,Milo Sachet,Beverages,8,9.0,72.0,COD,Delivered,2026-06-30,29/06/2026
ORD-20260224,2026-06-26,Carmen Flores,Del Pilar,Davao City,Davao del Sur,Davao Region,Zonrox Bleach 500ml,Household Care,18,32.0,576.0,GCash,Delivered,2026-06-29,26/06/2026
ORD-20260225,2026-01-29,Roberto Garcia,Rizal,Manila,Metro Manila,NCR,555 Sardines,Noodles & Canned Goods,16,22.0,352.0,Maya,Delivered,2026-01-30,29/01/2026
ORD-20260226,2026-03-01,Roberto Bautista,San Jose,Calamba,Laguna,CALABARZON,Colgate Toothpaste 75ml,Personal Care,6,45.0,270.0,Cash,Cancelled,,01/03/2026
ORD-20260227,2026-01-13,Juan Bautista,San Jose,Angeles City,Pampanga,Central Luzon,Palmolive Shampoo Sachet,Personal Care,2,6.0,12.0,GCash,Delivered,2026-01-16,13/01/2026
ORD-20260228,2026-05-09,Corazon Villanueva,San Isidro,Makati,Metro Manila,NCR,Argentina Corned Beef,Noodles & Canned Goods,5,35.0,175.0,COD,Delivered,2026-05-10,09/05/2026
ORD-20260229,2026-05-21,Josefina Santos,Bagumbayan,Tagbilaran,Bohol,Central Visayas,C2 Green Tea 500ml,Beverages,15,22.0,330.0,Maya,Delivered,2026-05-25,21/05/2026
ORD-20260230,2026-02-02,Ana Ramos,Bagumbayan,Tarlac City,Tarlac,Central Luzon,Zonrox Bleach 500ml,Household Care,5,32.0,160.0,Maya,Pending,,02/02/2026
ORD-20260231,2026-04-25,Maria Villanueva,Malinta,Calamba,Laguna,CALABARZON,Yellow Pad Paper,School & Office Supplies,6,12.0,72.0,Cash,Returned,2026-05-01,25/04/2026
ORD-20260232,2026-02-05,Maria Villanueva,Bagong Silang,Malolos,Bulacan,Central Luzon,Nova Multigrain 78g,Snacks,8,30.0,240.0,Maya,Delivered,2026-02-06,05/02/2026
ORD-20260233,2026-06-19,Fernando Mendoza,Santo Nino,Quezon City,Metro Manila,NCR,CDO Corned Beef,Noodles & Canned Goods,2,33.0,66.0,Cash,Delivered,2026-06-25,19/06/2026
ORD-20260234,2026-02-03,Teresa Villanueva,San Antonio,Iloilo City,Iloilo,Western Visayas,Nissin Cup Noodles,Noodles & Canned Goods,13,20.0,260.0,GCash,Delivered,2026-02-04,03/02/2026
ORD-20260235,2026-06-11,Jose Reyes,Bagumbayan,Quezon City,Metro Manila,NCR,C2 Green Tea 500ml,Beverages,16,22.0,352.0,Cash,Delivered,2026-06-14,11/06/2026
ORD-20260236,2026-04-18,Josefina Reyes,Poblacion,Dasmarinas,Cavite,CALABARZON,Head & Shoulders Sachet,Personal Care,18,7.0,126.0,Cash,Delivered,2026-04-22,18/04/2026
ORD-20260237,2026-03-10,Corazon Villanueva,Rizal,Angeles City,Pampanga,Central Luzon,Milo Sachet,Beverages,14,9.0,126.0,Cash,Cancelled,,10/03/2026
ORD-20260238,2026-06-30,Manuel Ramos,Rizal,Tagbilaran,Bohol,Central Visayas,Head & Shoulders Sachet,Personal Care,14,7.0,98.0,Cash,Delivered,2026-07-01,30/06/2026
ORD-20260239,2026-04-12,Pedro Aquino,Rizal,Malolos,Bulacan,Central Luzon,Colgate Toothpaste 75ml,Personal Care,15,45.0,675.0,Maya,Delivered,2026-04-22,12/04/2026
ORD-20260240,2026-05-20,Jose Ocampo,Bagumbayan,Mandaue,Cebu,Central Visayas,ILUV Ballpen,School & Office Supplies,11,10.0,110.0,COD,Delivered,2026-05-22,20/05/2026
ORD-20260241,2026-03-26,Manuel Reyes,Rizal,Quezon City,Metro Manila,NCR,Coca-Cola 1.5L,Beverages,20,65.0,1300.0,COD,Returned,2026-03-27,26/03/2026
ORD-20260242,2026-01-19,Manuel Santos,Del Pilar,Tagum,Davao del Norte,Davao Region,Nescafe 3-in-1 Sachet,Beverages,8,8.0,64.0,Cash,Pending,,19/01/2026
ORD-20260243,2026-01-10,Roberto Ocampo,San Isidro,Iloilo City,Iloilo,Western Visayas,Palmolive Shampoo Sachet,Personal Care,10,6.0,60.0,Cash,Delivered,2026-01-17,10/01/2026
ORD-20260244,2026-05-05,Rosa Del Rosario,Bagumbayan,Pasig,Metro Manila,NCR,Safeguard Soap Bar,Personal Care,10,28.0,280.0,GCash,Returned,2026-05-11,05/05/2026
ORD-20260245,2026-03-25,Luz Reyes,Poblacion,Dasmarinas,Cavite,CALABARZON,CDO Corned Beef,Noodles & Canned Goods,13,33.0,429.0,Maya,Delivered,2026-03-28,25/03/2026
ORD-20260246,2026-06-04,Corazon Villanueva,Rizal,Angeles City,Pampanga,Central Luzon,Yellow Pad Paper,School & Office Supplies,3,12.0,36.0,Bank Transfer,Delivered,2026-06-12,04/06/2026
ORD-20260247,2026-01-09,Ricardo Aquino,San Isidro,Cebu City,Cebu,Central Visayas,Joy Dishwashing Liquid 250ml,Household Care,6,38.0,228.0,COD,Delivered,2026-01-11,09/01/2026
ORD-20260248,2026-06-10,Fernando Ramos,Santo Nino,Iloilo City,Iloilo,Western Visayas,Lucky Me Pancit Canton Noodles,Noodles & Canned Goods,3,14.0,42.0,COD,Pending,,10/06/2026
ORD-20260249,2026-04-13,Teresa Mendoza,San Isidro,Cebu City,Cebu,Central Visayas,Nova Multigrain 78g,Snacks,16,30.0,480.0,Cash,Delivered,2026-04-18,13/04/2026
ORD-20260250,2026-05-29,Luz Garcia,San Isidro,Tagum,Davao del Norte,Davao Region,Sta. Maria Crayons,School & Office Supplies,8,40.0,320.0,COD,Delivered,2026-05-30,29/05/2026
ORD-20260251,2026-06-30,Maria Santos,Poblacion,Tagum,Davao del Norte,Davao Region,Nescafe 3-in-1 Sachet,Beverages,17,8.0,136.0,Cash,Delivered,2026-07-05,30/06/2026
ORD-20260252,2026-01-31,Maria Villanueva,Bagong Silang,Malolos,Bulacan,Central Luzon,C2 Green Tea 500ml,Beverages,4,22.0,88.0,Cash,Pending,,31/01/2026
ORD-20260253,2026-03-25,Maria Flores,San Isidro,Makati,Metro Manila,NCR,Nissin Cup Noodles,Noodles & Canned Goods,20,20.0,400.0,Cash,Delivered,2026-03-30,25/03/2026
ORD-20260254,2026-04-24,Josefina Flores,Bagumbayan,Iloilo City,Iloilo,Western Visayas,Nescafe 3-in-1 Sachet,Beverages,17,8.0,136.0,Cash,Delivered,2026-05-03,24/04/2026
ORD-20260255,2026-05-06,Carmen Pascual,Poblacion,Bacolod,Negros Occidental,Western Visayas,Joy Dishwashing Liquid 250ml,Household Care,20,38.0,760.0,GCash,Delivered,2026-05-13,06/05/2026
ORD-20260256,2026-01-28,Pedro Reyes,Poblacion,Tarlac City,Tarlac,Central Luzon,Nova Multigrain 78g,Snacks,17,30.0,510.0,COD,Pending,,28/01/2026
ORD-20260257,2026-03-28,Jose Torres,San Antonio,Dasmarinas,Cavite,CALABARZON,Coca-Cola 1.5L,Beverages,14,65.0,910.0,COD,Delivered,2026-04-04,28/03/2026
ORD-20260258,2026-05-08,Josefina Bautista,Malinta,Calamba,Laguna,CALABARZON,Milo Sachet,Beverages,4,9.0,36.0,GCash,Cancelled,,08/05/2026
ORD-20260259,2026-03-18,Rosa Aquino,Bagumbayan,Pasig,Metro Manila,NCR,Safeguard Soap Bar,Personal Care,1,28.0,28.0,Maya,Delivered,2026-03-21,18/03/2026
ORD-20260260,2026-02-01,Ana Mendoza,Del Pilar,Tagum,Davao del Norte,Davao Region,ILUV Ballpen,School & Office Supplies,15,10.0,150.0,GCash,Delivered,2026-02-11,01/02/2026
ORD-20260261,2026-05-14,Pedro Garcia,Bagong Silang,Manila,Metro Manila,NCR,CDO Corned Beef,Noodles & Canned Goods,3,33.0,99.0,GCash,Delivered,2026-05-19,14/05/2026
ORD-20260262,2026-06-13,Teresa Torres,San Antonio,Tagum,Davao del Norte,Davao Region,Surf Powder Sachet,Household Care,15,8.0,120.0,Cash,Pending,,13/06/2026
ORD-20260263,2026-04-08,Jose Del Rosario,Rizal,Tagbilaran,Bohol,Central Visayas,Surf Powder Sachet,Household Care,10,8.0,80.0,GCash,Cancelled,,08/04/2026
ORD-20260264,2026-05-22,Fernando Ocampo,Del Pilar,Tagum,Davao del Norte,Davao Region,Nissin Cup Noodles,Noodles & Canned Goods,1,20.0,20.0,Bank Transfer,Delivered,2026-05-23,22/05/2026
ORD-20260265,2026-06-21,Elena Villanueva,Poblacion,Malolos,Bulacan,Central Luzon,Nissin Cup Noodles,Noodles & Canned Goods,2,20.0,40.0,Cash,Delivered,2026-06-28,21/06/2026
ORD-20260266,2026-02-21,Antonio Flores,Del Pilar,Manila,Metro Manila,NCR,555 Sardines,Noodles & Canned Goods,15,22.0,330.0,Maya,Delivered,2026-02-22,21/02/2026
ORD-20260267,2026-05-16,Jose Reyes,Rizal,Tagum,Davao del Norte,Davao Region,Nova Multigrain 78g,Snacks,13,30.0,390.0,COD,Delivered,2026-05-19,16/05/2026
ORD-20260268,2026-02-12,Jose Santos,San Jose,Cebu City,Cebu,Central Visayas,Lucky Me Beef Sotanghon,Noodles & Canned Goods,9,13.0,117.0,COD,Cancelled,,12/02/2026
ORD-20260269,2026-02-16,Josefina Bautista,Malinta,Calamba,Laguna,CALABARZON,Piattos 85g,Snacks,20,32.0,640.0,Maya,Delivered,2026-02-26,16/02/2026
ORD-20260270,2026-06-13,Luz Ocampo,San Antonio,Bacolod,Negros Occidental,Western Visayas,Boy Bawang 100g,Snacks,7,18.0,126.0,Cash,Delivered,2026-06-21,13/06/2026
ORD-20260271,2026-04-29,Rosa Pascual,San Isidro,Manila,Metro Manila,NCR,555 Sardines,Noodles & Canned Goods,4,22.0,88.0,Maya,Delivered,2026-05-05,29/04/2026
ORD-20260272,2026-03-18,Manuel Aquino,Malinta,Bacolod,Negros Occidental,Western Visayas,Joy Dishwashing Liquid 250ml,Household Care,10,38.0,380.0,GCash,Delivered,2026-03-25,18/03/2026
ORD-20260273,2026-01-10,Antonio Castillo,Rizal,Angeles City,Pampanga,Central Luzon,Sta. Maria Crayons,School & Office Supplies,11,40.0,440.0,Cash,Pending,,10/01/2026
ORD-20260274,2026-02-25,Carmen Villanueva,San Antonio,Tarlac City,Tarlac,Central Luzon,Palmolive Shampoo Sachet,Personal Care,2,6.0,12.0,COD,Cancelled,,25/02/2026
ORD-20260275,2026-04-22,Luz Ocampo,San Antonio,Bacolod,Negros Occidental,Western Visayas,C2 Green Tea 500ml,Beverages,14,22.0,308.0,Bank Transfer,Delivered,2026-04-23,22/04/2026
ORD-20260276,2026-04-06,Antonio Cruz,Bagumbayan,Mandaue,Cebu,Central Visayas,Safeguard Soap Bar,Personal Care,5,28.0,140.0,GCash,Delivered,2026-04-14,06/04/2026
ORD-20260277,2026-02-03,Josefina Cruz,Poblacion,Bacolod,Negros Occidental,Western Visayas,Safeguard Soap Bar,Personal Care,11,28.0,308.0,Cash,Delivered,2026-02-10,03/02/2026
ORD-20260278,2026-06-21,Corazon Torres,Bagumbayan,Cebu City,Cebu,Central Visayas,555 Sardines,Noodles & Canned Goods,3,22.0,66.0,COD,Delivered,2026-06-28,21/06/2026
ORD-20260279,2026-04-16,Pedro Reyes,Bagumbayan,Tagum,Davao del Norte,Davao Region,ILUV Ballpen,School & Office Supplies,20,10.0,200.0,COD,Delivered,2026-04-25,16/04/2026
ORD-20260280,2026-03-09,Rosa Aquino,Bagumbayan,Pasig,Metro Manila,NCR,CDO Corned Beef,Noodles & Canned Goods,7,33.0,231.0,COD,Delivered,2026-03-13,09/03/2026
ORD-20260281,2026-06-26,Luz Aquino,Bagong Silang,Tarlac City,Tarlac,Central Luzon,ILUV Ballpen,School & Office Supplies,16,10.0,160.0,COD,Cancelled,,26/06/2026
ORD-20260282,2026-05-01,Teresa Reyes,Rizal,Iloilo City,Iloilo,Western Visayas,Head & Shoulders Sachet,Personal Care,15,7.0,105.0,Cash,Delivered,2026-05-02,01/05/2026
ORD-20260283,2026-02-17,Jose Torres,San Antonio,Dasmarinas,Cavite,CALABARZON,SkyFlakes Crackers,Snacks,8,15.0,120.0,GCash,Delivered,2026-02-24,17/02/2026
ORD-20260284,2026-06-02,Teresa Castillo,Bagumbayan,Batangas City,Batangas,CALABARZON,Milo Sachet,Beverages,2,9.0,18.0,Cash,Delivered,2026-06-07,02/06/2026
ORD-20260285,2026-06-10,Teresa Pascual,Bagong Silang,Tagum,Davao del Norte,Davao Region,Surf Powder Sachet,Household Care,16,8.0,128.0,Cash,Delivered,2026-06-16,10/06/2026
ORD-20260286,2026-05-19,Eduardo Pascual,Bagong Silang,Tarlac City,Tarlac,Central Luzon,Piattos 85g,Snacks,5,32.0,160.0,COD,Pending,,19/05/2026
ORD-20260287,2026-02-18,Elena Ramos,Malinta,Tarlac City,Tarlac,Central Luzon,Yellow Pad Paper,School & Office Supplies,9,12.0,108.0,Maya,Delivered,2026-02-19,18/02/2026
ORD-20260288,2026-04-13,Elena Villanueva,Poblacion,Malolos,Bulacan,Central Luzon,SkyFlakes Crackers,Snacks,18,15.0,270.0,Cash,Delivered,2026-04-23,13/04/2026
ORD-20260289,2026-06-12,Corazon Villanueva,San Jose,Makati,Metro Manila,NCR,Joy Dishwashing Liquid 250ml,Household Care,11,38.0,418.0,GCash,Delivered,2026-06-13,12/06/2026
ORD-20260290,2026-02-09,Pedro Ocampo,Santo Nino,Cebu City,Cebu,Central Visayas,Nescafe 3-in-1 Sachet,Beverages,1,8.0,8.0,COD,Delivered,2026-02-16,09/02/2026
ORD-20260291,2026-05-09,Josefina Cruz,Poblacion,Bacolod,Negros Occidental,Western Visayas,Domex Toilet Cleaner,Household Care,6,55.0,330.0,COD,Pending,,09/05/2026
ORD-20260292,2026-06-04,Jose Santos,San Jose,Cebu City,Cebu,Central Visayas,Nescafe 3-in-1 Sachet,Beverages,6,8.0,48.0,Cash,Delivered,2026-06-05,04/06/2026
ORD-20260293,2026-02-14,Ana Ramos,Bagumbayan,Tarlac City,Tarlac,Central Luzon,Lucky Me Beef Sotanghon,Noodles & Canned Goods,7,13.0,91.0,GCash,Delivered,2026-02-18,14/02/2026
ORD-20260294,2026-02-10,Pedro Torres,San Isidro,Dasmarinas,Cavite,CALABARZON,Piattos 85g,Snacks,2,32.0,64.0,GCash,Delivered,2026-02-19,10/02/2026
ORD-20260295,2026-05-08,Cristina Pascual,Rizal,Davao City,Davao del Sur,Davao Region,Argentina Corned Beef,Noodles & Canned Goods,15,35.0,525.0,COD,Delivered,2026-05-11,08/05/2026
ORD-20260296,2026-04-17,Jose Del Rosario,Rizal,Tagbilaran,Bohol,Central Visayas,Zonrox Bleach 500ml,Household Care,18,32.0,576.0,COD,Delivered,2026-04-20,17/04/2026
ORD-20260297,2026-03-24,Eduardo Aquino,Bagong Silang,Tarlac City,Tarlac,Central Luzon,SkyFlakes Crackers,Snacks,19,15.0,285.0,COD,Cancelled,,24/03/2026
ORD-20260298,2026-04-25,Josefina Castillo,Poblacion,Tagbilaran,Bohol,Central Visayas,Domex Toilet Cleaner,Household Care,16,55.0,880.0,GCash,Delivered,2026-05-05,25/04/2026
ORD-20260299,2026-03-12,Corazon Reyes,Malinta,Calamba,Laguna,CALABARZON,Surf Powder Sachet,Household Care,13,8.0,104.0,Cash,Pending,,12/03/2026
ORD-20260300,2026-03-27,Eduardo Aquino,Bagong Silang,Tarlac City,Tarlac,Central Luzon,Safeguard Soap Bar,Personal Care,2,28.0,56.0,COD,Delivered,2026-03-31,27/03/2026
ORD-20260301,2026-06-04,Teresa Pascual,Bagong Silang,Tagum,Davao del Norte,Davao Region,Joy Dishwashing Liquid 250ml,Household Care,8,38.0,304.0,GCash,Delivered,2026-06-09,04/06/2026
ORD-20260302,2026-04-10,Josefina Reyes,Poblacion,Dasmarinas,Cavite,CALABARZON,Safeguard Soap Bar,Personal Care,6,28.0,168.0,COD,Pending,,10/04/2026
ORD-20260303,2026-04-03,Teresa Villanueva,San Antonio,Iloilo City,Iloilo,Western Visayas,Milo Sachet,Beverages,17,9.0,153.0,COD,Delivered,2026-04-04,03/04/2026
ORD-20260304,2026-01-17,Antonio Aquino,Del Pilar,Dasmarinas,Cavite,CALABARZON,Nescafe 3-in-1 Sachet,Beverages,8,8.0,64.0,Cash,Delivered,2026-01-18,17/01/2026
ORD-20260305,2026-01-23,Rosa Castillo,San Antonio,Angeles City,Pampanga,Central Luzon,CDO Corned Beef,Noodles & Canned Goods,20,33.0,660.0,Maya,Delivered,2026-01-31,23/01/2026
ORD-20260306,2026-04-04,Ricardo Ocampo,San Jose,Pasig,Metro Manila,NCR,Zonrox Bleach 500ml,Household Care,11,32.0,352.0,Cash,Delivered,2026-04-14,04/04/2026
ORD-20260307,2026-02-19,Maria Pascual,Bagumbayan,Tagum,Davao del Norte,Davao Region,Piattos 85g,Snacks,5,32.0,160.0,COD,Returned,2026-02-23,19/02/2026
ORD-20260308,2026-02-04,Teresa Torres,Rizal,Mandaue,Cebu,Central Visayas,Colgate Toothpaste 75ml,Personal Care,4,45.0,180.0,GCash,Cancelled,,04/02/2026
ORD-20260309,2026-03-18,Teresa Del Rosario,San Jose,Malolos,Bulacan,Central Luzon,Lucky Me Beef Sotanghon,Noodles & Canned Goods,16,13.0,208.0,COD,Delivered,2026-03-20,18/03/2026
ORD-20260310,2026-05-14,Rosa Pascual,San Isidro,Manila,Metro Manila,NCR,ILUV Ballpen,School & Office Supplies,15,10.0,150.0,COD,Cancelled,,14/05/2026
ORD-20260311,2026-04-13,Teresa Castillo,Bagumbayan,Batangas City,Batangas,CALABARZON,Argentina Corned Beef,Noodles & Canned Goods,4,35.0,140.0,Maya,Delivered,2026-04-14,13/04/2026
ORD-20260312,2026-03-03,Rosa Reyes,Malinta,Iloilo City,Iloilo,Western Visayas,Nescafe 3-in-1 Sachet,Beverages,4,8.0,32.0,GCash,Delivered,2026-03-08,03/03/2026
ORD-20260313,2026-06-26,Ana Del Rosario,Santo Nino,Manila,Metro Manila,NCR,Nescafe 3-in-1 Sachet,Beverages,18,8.0,144.0,GCash,Pending,,26/06/2026
ORD-20260314,2026-02-06,Manuel Flores,Poblacion,Dasmarinas,Cavite,CALABARZON,Argentina Corned Beef,Noodles & Canned Goods,7,35.0,245.0,Cash,Delivered,2026-02-08,06/02/2026
ORD-20260315,2026-05-07,Josefina Flores,Bagumbayan,Iloilo City,Iloilo,Western Visayas,Sterling Notebook,School & Office Supplies,16,18.0,288.0,Bank Transfer,Cancelled,,07/05/2026
ORD-20260316,2026-03-27,Rosa Castillo,San Antonio,Angeles City,Pampanga,Central Luzon,Argentina Corned Beef,Noodles & Canned Goods,16,35.0,560.0,GCash,Delivered,2026-04-03,27/03/2026
ORD-20260317,2026-06-18,Teresa Castillo,Bagumbayan,Batangas City,Batangas,CALABARZON,Nissin Cup Noodles,Noodles & Canned Goods,12,20.0,240.0,COD,Delivered,2026-06-23,18/06/2026
ORD-20260318,2026-03-12,Ricardo Pascual,Santo Nino,Tarlac City,Tarlac,Central Luzon,Domex Toilet Cleaner,Household Care,6,55.0,330.0,GCash,Pending,,12/03/2026
ORD-20260319,2026-04-06,Maria Villanueva,Bagong Silang,Malolos,Bulacan,Central Luzon,Palmolive Shampoo Sachet,Personal Care,5,6.0,30.0,GCash,Delivered,2026-04-14,06/04/2026
ORD-20260320,2026-06-20,Pedro Torres,San Isidro,Dasmarinas,Cavite,CALABARZON,Yellow Pad Paper,School & Office Supplies,3,12.0,36.0,Cash,Delivered,2026-06-29,20/06/2026
ORD-20260321,2026-03-23,Josefina Torres,San Isidro,Tagbilaran,Bohol,Central Visayas,Milo Sachet,Beverages,19,9.0,171.0,COD,Delivered,2026-03-24,23/03/2026
ORD-20260322,2026-04-15,Carmen Villanueva,San Antonio,Tarlac City,Tarlac,Central Luzon,Domex Toilet Cleaner,Household Care,15,55.0,825.0,COD,Delivered,2026-04-16,15/04/2026
ORD-20260323,2026-04-30,Manuel Mendoza,Poblacion,Mandaue,Cebu,Central Visayas,Palmolive Shampoo Sachet,Personal Care,15,6.0,90.0,Cash,Delivered,2026-05-06,30/04/2026
ORD-20260324,2026-03-08,Ramon Santos,Rizal,Dasmarinas,Cavite,CALABARZON,Surf Powder Sachet,Household Care,8,8.0,64.0,Cash,Cancelled,,08/03/2026
ORD-20260325,2026-03-24,Pedro Torres,San Jose,Tarlac City,Tarlac,Central Luzon,Nova Multigrain 78g,Snacks,2,30.0,60.0,GCash,Delivered,2026-03-25,24/03/2026
ORD-20260326,2026-01-15,Luz Cruz,San Antonio,Makati,Metro Manila,NCR,Joy Dishwashing Liquid 250ml,Household Care,11,38.0,418.0,Cash,Cancelled,,15/01/2026
ORD-20260327,2026-02-05,Ana Ocampo,Bagumbayan,Mandaue,Cebu,Central Visayas,Head & Shoulders Sachet,Personal Care,11,7.0,77.0,Maya,Delivered,2026-02-09,05/02/2026
ORD-20260328,2026-05-10,Jose Bautista,Del Pilar,Calamba,Laguna,CALABARZON,Nova Multigrain 78g,Snacks,14,30.0,420.0,Cash,Delivered,2026-05-18,10/05/2026
ORD-20260329,2026-06-26,Eduardo Ocampo,San Antonio,Tagum,Davao del Norte,Davao Region,Head & Shoulders Sachet,Personal Care,18,7.0,126.0,GCash,Delivered,2026-06-30,26/06/2026
ORD-20260330,2026-01-11,Manuel Villanueva,Malinta,Tarlac City,Tarlac,Central Luzon,Nissin Cup Noodles,Noodles & Canned Goods,11,20.0,220.0,COD,Delivered,2026-01-17,11/01/2026
ORD-20260331,2026-03-14,Jose Garcia,San Antonio,Malolos,Bulacan,Central Luzon,Nescafe 3-in-1 Sachet,Beverages,1,8.0,8.0,COD,Cancelled,,14/03/2026
ORD-20260332,2026-05-27,Antonio Aquino,Del Pilar,Dasmarinas,Cavite,CALABARZON,Head & Shoulders Sachet,Personal Care,11,7.0,77.0,GCash,Delivered,2026-06-06,27/05/2026
ORD-20260333,2026-06-23,Juan Villanueva,Rizal,Iloilo City,Iloilo,Western Visayas,Lucky Me Beef Sotanghon,Noodles & Canned Goods,12,13.0,156.0,Cash,Delivered,2026-06-24,23/06/2026
ORD-20260334,2026-01-21,Elena Aquino,Malinta,Iloilo City,Iloilo,Western Visayas,Milo Sachet,Beverages,15,9.0,135.0,Maya,Delivered,2026-01-28,21/01/2026
ORD-20260335,2026-04-30,Maria Pascual,Bagumbayan,Tagum,Davao del Norte,Davao Region,Sta. Maria Crayons,School & Office Supplies,8,40.0,320.0,GCash,Delivered,2026-05-05,30/04/2026
ORD-20260336,2026-01-28,Roberto Garcia,Rizal,Manila,Metro Manila,NCR,Joy Dishwashing Liquid 250ml,Household Care,10,38.0,380.0,GCash,Delivered,2026-02-04,28/01/2026
ORD-20260337,2026-01-19,Manuel Aquino,Malinta,Bacolod,Negros Occidental,Western Visayas,Lucky Me Beef Sotanghon,Noodles & Canned Goods,17,13.0,221.0,Cash,Pending,,19/01/2026
ORD-20260338,2026-01-23,Corazon Bautista,Bagumbayan,Bacolod,Negros Occidental,Western Visayas,555 Sardines,Noodles & Canned Goods,3,22.0,66.0,Cash,Cancelled,,23/01/2026
ORD-20260339,2026-04-22,Manuel Santos,Del Pilar,Mandaue,Cebu,Central Visayas,Safeguard Soap Bar,Personal Care,3,28.0,84.0,GCash,Returned,2026-04-25,22/04/2026
ORD-20260340,2026-06-09,Manuel Flores,Poblacion,Dasmarinas,Cavite,CALABARZON,Nova Multigrain 78g,Snacks,8,30.0,240.0,GCash,Delivered,2026-06-14,09/06/2026
ORD-20260341,2026-02-25,Carmen Reyes,San Jose,Tagbilaran,Bohol,Central Visayas,Coca-Cola 1.5L,Beverages,2,65.0,130.0,COD,Cancelled,,25/02/2026
ORD-20260342,2026-03-08,Maria Cruz,Santo Nino,Tagbilaran,Bohol,Central Visayas,Boy Bawang 100g,Snacks,14,18.0,252.0,Cash,Returned,2026-03-13,08/03/2026
ORD-20260343,2026-01-10,Rosa Cruz,San Isidro,Tarlac City,Tarlac,Central Luzon,Sterling Notebook,School & Office Supplies,18,18.0,324.0,GCash,Delivered,2026-01-14,10/01/2026
ORD-20260344,2026-01-10,Pedro Garcia,Bagong Silang,Manila,Metro Manila,NCR,Zonrox Bleach 500ml,Household Care,14,32.0,448.0,GCash,Delivered,2026-01-15,10/01/2026
ORD-20260345,2026-06-18,Ana Mendoza,Del Pilar,Tagum,Davao del Norte,Davao Region,Boy Bawang 100g,Snacks,10,18.0,180.0,COD,Delivered,2026-06-19,18/06/2026
ORD-20260346,2026-06-04,Jose Torres,San Antonio,Dasmarinas,Cavite,CALABARZON,Boy Bawang 100g,Snacks,6,18.0,108.0,Bank Transfer,Delivered,2026-06-09,04/06/2026
ORD-20260347,2026-04-08,Antonio Bautista,Rizal,Davao City,Davao del Sur,Davao Region,Lucky Me Pancit Canton Noodles,Noodles & Canned Goods,3,14.0,42.0,GCash,Cancelled,,08/04/2026
ORD-20260348,2026-05-12,Ricardo Flores,San Isidro,Iloilo City,Iloilo,Western Visayas,Nova Multigrain 78g,Snacks,14,30.0,420.0,GCash,Delivered,2026-05-15,12/05/2026
ORD-20260349,2026-02-23,Corazon Villanueva,Rizal,Angeles City,Pampanga,Central Luzon,SkyFlakes Crackers,Snacks,20,15.0,300.0,Bank Transfer,Delivered,2026-03-01,23/02/2026
ORD-20260350,2026-05-23,Fernando Ramos,Santo Nino,Iloilo City,Iloilo,Western Visayas,Boy Bawang 100g,Snacks,6,18.0,108.0,Bank Transfer,Delivered,2026-05-29,23/05/2026
ORD-20260351,2026-01-07,Jose Santos,San Jose,Cebu City,Cebu,Central Visayas,Boy Bawang 100g,Snacks,15,18.0,270.0,COD,Delivered,2026-01-13,07/01/2026
ORD-20260352,2026-01-04,Corazon Torres,Bagumbayan,Cebu City,Cebu,Central Visayas,Lucky Me Pancit Canton Noodles,Noodles & Canned Goods,5,14.0,70.0,Cash,Delivered,2026-01-09,04/01/2026
ORD-20260353,2026-05-08,Elena Torres,San Jose,Angeles City,Pampanga,Central Luzon,Nescafe 3-in-1 Sachet,Beverages,3,8.0,24.0,GCash,Delivered,2026-05-18,08/05/2026
ORD-20260354,2026-06-05,Jose Ocampo,Malinta,Dasmarinas,Cavite,CALABARZON,Coca-Cola 1.5L,Beverages,2,65.0,130.0,COD,Delivered,2026-06-11,05/06/2026
ORD-20260355,2026-01-14,Teresa Santos,Del Pilar,Davao City,Davao del Sur,Davao Region,Nova Multigrain 78g,Snacks,19,30.0,570.0,GCash,Delivered,2026-01-21,14/01/2026
ORD-20260356,2026-06-09,Fernando Ocampo,Del Pilar,Tagum,Davao del Norte,Davao Region,Sta. Maria Crayons,School & Office Supplies,17,40.0,680.0,Bank Transfer,Delivered,2026-06-11,09/06/2026
ORD-20260357,2026-01-12,Teresa Pascual,Bagong Silang,Tagum,Davao del Norte,Davao Region,CDO Corned Beef,Noodles & Canned Goods,16,33.0,528.0,Maya,Delivered,2026-01-21,12/01/2026
ORD-20260358,2026-03-31,Juan Del Rosario,Poblacion,Davao City,Davao del Sur,Davao Region,SkyFlakes Crackers,Snacks,4,15.0,60.0,GCash,Cancelled,,31/03/2026
ORD-20260359,2026-01-08,Teresa Torres,Rizal,Mandaue,Cebu,Central Visayas,Zonrox Bleach 500ml,Household Care,15,32.0,480.0,GCash,Delivered,2026-01-15,08/01/2026
ORD-20260360,2026-03-06,Ramon Ocampo,Malinta,Davao City,Davao del Sur,Davao Region,Nescafe 3-in-1 Sachet,Beverages,11,8.0,88.0,COD,Delivered,2026-03-11,06/03/2026
ORD-20260361,2026-05-12,Jose Torres,San Antonio,Dasmarinas,Cavite,CALABARZON,Lucky Me Pancit Canton Noodles,Noodles & Canned Goods,13,14.0,182.0,Maya,Cancelled,,12/05/2026
ORD-20260362,2026-01-20,Luz Cruz,San Antonio,Makati,Metro Manila,NCR,Zonrox Bleach 500ml,Household Care,17,32.0,544.0,COD,Delivered,2026-01-29,20/01/2026
ORD-20260363,2026-06-29,Rosa Del Rosario,Bagumbayan,Angeles City,Pampanga,Central Luzon,555 Sardines,Noodles & Canned Goods,1,22.0,22.0,Bank Transfer,Pending,,29/06/2026
ORD-20260364,2026-02-24,Corazon Torres,Bagumbayan,Cebu City,Cebu,Central Visayas,Nissin Cup Noodles,Noodles & Canned Goods,10,20.0,200.0,COD,Delivered,2026-03-04,24/02/2026
ORD-20260365,2026-03-20,Juan Flores,Rizal,Iloilo City,Iloilo,Western Visayas,Zonrox Bleach 500ml,Household Care,5,32.0,160.0,GCash,Returned,2026-03-25,20/03/2026
ORD-20260366,2026-01-26,Teresa Castillo,Bagumbayan,Batangas City,Batangas,CALABARZON,Nissin Cup Noodles,Noodles & Canned Goods,19,20.0,380.0,Maya,Delivered,2026-01-31,26/01/2026
ORD-20260367,2026-06-03,Cristina Pascual,Rizal,Davao City,Davao del Sur,Davao Region,Boy Bawang 100g,Snacks,9,18.0,162.0,Cash,Delivered,2026-06-08,03/06/2026
ORD-20260368,2026-06-17,Pedro Del Rosario,Rizal,Pasig,Metro Manila,NCR,ILUV Ballpen,School & Office Supplies,4,10.0,40.0,GCash,Returned,2026-06-27,17/06/2026
ORD-20260369,2026-02-10,Luz Reyes,Poblacion,Dasmarinas,Cavite,CALABARZON,Boy Bawang 100g,Snacks,16,18.0,288.0,COD,Cancelled,,10/02/2026
ORD-20260370,2026-05-28,Fernando Pascual,Bagong Silang,Dasmarinas,Cavite,CALABARZON,ILUV Ballpen,School & Office Supplies,16,10.0,160.0,Cash,Cancelled,,28/05/2026
ORD-20260371,2026-04-03,Roberto Torres,Del Pilar,Tarlac City,Tarlac,Central Luzon,Sta. Maria Crayons,School & Office Supplies,20,40.0,800.0,Maya,Delivered,2026-04-05,03/04/2026
ORD-20260372,2026-01-24,Ricardo Aquino,San Isidro,Cebu City,Cebu,Central Visayas,Safeguard Soap Bar,Personal Care,6,28.0,168.0,GCash,Delivered,2026-01-31,24/01/2026
ORD-20260373,2026-03-13,Roberto Del Rosario,San Isidro,Malolos,Bulacan,Central Luzon,SkyFlakes Crackers,Snacks,11,15.0,165.0,Cash,Delivered,2026-03-16,13/03/2026
ORD-20260374,2026-02-22,Jose Reyes,Rizal,Tagum,Davao del Norte,Davao Region,Coca-Cola 1.5L,Beverages,7,65.0,455.0,Cash,Delivered,2026-03-02,22/02/2026
ORD-20260375,2026-04-06,Antonio Bautista,Rizal,Davao City,Davao del Sur,Davao Region,Boy Bawang 100g,Snacks,12,18.0,216.0,GCash,Delivered,2026-04-09,06/04/2026
ORD-20260376,2026-03-02,Teresa Reyes,Rizal,Iloilo City,Iloilo,Western Visayas,Sta. Maria Crayons,School & Office Supplies,2,40.0,80.0,Cash,Cancelled,,02/03/2026
ORD-20260377,2026-03-02,Eduardo Aquino,Bagong Silang,Tarlac City,Tarlac,Central Luzon,Sta. Maria Crayons,School & Office Supplies,17,40.0,680.0,COD,Delivered,2026-03-11,02/03/2026
ORD-20260378,2026-03-25,Elena Ramos,Malinta,Tarlac City,Tarlac,Central Luzon,ILUV Ballpen,School & Office Supplies,12,10.0,120.0,COD,Pending,,25/03/2026
ORD-20260379,2026-05-06,Juan Del Rosario,Poblacion,Davao City,Davao del Sur,Davao Region,Zonrox Bleach 500ml,Household Care,2,32.0,64.0,Cash,Cancelled,,06/05/2026
ORD-20260380,2026-02-05,Manuel Ramos,Rizal,Tagbilaran,Bohol,Central Visayas,Lucky Me Beef Sotanghon,Noodles & Canned Goods,19,13.0,247.0,Cash,Delivered,2026-02-10,05/02/2026
ORD-20260381,2026-03-26,Corazon Bautista,Bagumbayan,Bacolod,Negros Occidental,Western Visayas,Piattos 85g,Snacks,14,32.0,448.0,GCash,Delivered,2026-03-30,26/03/2026
ORD-20260382,2026-01-15,Ana Ramos,San Antonio,Malolos,Bulacan,Central Luzon,ILUV Ballpen,School & Office Supplies,11,10.0,110.0,Maya,Delivered,2026-01-18,15/01/2026
ORD-20260383,2026-01-20,Luz Cruz,San Antonio,Makati,Metro Manila,NCR,Safeguard Soap Bar,Personal Care,20,28.0,560.0,Maya,Cancelled,,20/01/2026
ORD-20260384,2026-01-02,Rosa Del Rosario,Bagumbayan,Angeles City,Pampanga,Central Luzon,Sterling Notebook,School & Office Supplies,6,18.0,108.0,Cash,Returned,2026-01-10,02/01/2026
ORD-20260385,2026-03-18,Carmen Pascual,Poblacion,Bacolod,Negros Occidental,Western Visayas,Head & Shoulders Sachet,Personal Care,20,7.0,140.0,Bank Transfer,Delivered,2026-03-19,18/03/2026
ORD-20260386,2026-03-20,Fernando Pascual,Bagong Silang,Dasmarinas,Cavite,CALABARZON,Palmolive Shampoo Sachet,Personal Care,14,6.0,84.0,GCash,Delivered,2026-03-29,20/03/2026
ORD-20260387,2026-05-15,Fernando Garcia,Del Pilar,Iloilo City,Iloilo,Western Visayas,Palmolive Shampoo Sachet,Personal Care,7,6.0,42.0,GCash,Delivered,2026-05-25,15/05/2026
ORD-20260388,2026-04-08,Antonio Santos,Del Pilar,Iloilo City,Iloilo,Western Visayas,CDO Corned Beef,Noodles & Canned Goods,9,33.0,297.0,Cash,Cancelled,,08/04/2026
ORD-20260389,2026-06-13,Carmen Flores,Del Pilar,Davao City,Davao del Sur,Davao Region,Nova Multigrain 78g,Snacks,14,30.0,420.0,GCash,Delivered,2026-06-21,13/06/2026
ORD-20260390,2026-06-28,Fernando Pascual,Bagong Silang,Dasmarinas,Cavite,CALABARZON,Safeguard Soap Bar,Personal Care,7,28.0,196.0,Maya,Delivered,2026-07-04,28/06/2026
ORD-20260391,2026-02-09,Ana Ocampo,Bagumbayan,Mandaue,Cebu,Central Visayas,555 Sardines,Noodles & Canned Goods,15,22.0,330.0,Cash,Pending,,09/02/2026
ORD-20260392,2026-02-15,Antonio Cruz,Bagumbayan,Mandaue,Cebu,Central Visayas,Head & Shoulders Sachet,Personal Care,20,7.0,140.0,GCash,Delivered,2026-02-23,15/02/2026
ORD-20260393,2026-05-10,Roberto Del Rosario,San Isidro,Malolos,Bulacan,Central Luzon,ILUV Ballpen,School & Office Supplies,15,10.0,150.0,GCash,Delivered,2026-05-11,10/05/2026
ORD-20260394,2026-02-26,Pedro Pascual,San Isidro,Manila,Metro Manila,NCR,Palmolive Shampoo Sachet,Personal Care,4,6.0,24.0,COD,Cancelled,,26/02/2026
ORD-20260395,2026-06-21,Josefina Pascual,Poblacion,Manila,Metro Manila,NCR,ILUV Ballpen,School & Office Supplies,17,10.0,170.0,Cash,Delivered,2026-06-22,21/06/2026
ORD-20260396,2026-05-16,Ricardo Ocampo,Bagong Silang,Quezon City,Metro Manila,NCR,Nescafe 3-in-1 Sachet,Beverages,12,8.0,96.0,GCash,Delivered,2026-05-21,16/05/2026
ORD-20260397,2026-02-07,Pedro Pascual,San Isidro,Manila,Metro Manila,NCR,SkyFlakes Crackers,Snacks,20,15.0,300.0,Cash,Pending,,07/02/2026
ORD-20260398,2026-03-29,Pedro Aquino,Rizal,Malolos,Bulacan,Central Luzon,Palmolive Shampoo Sachet,Personal Care,13,6.0,78.0,COD,Delivered,2026-04-06,29/03/2026
ORD-20260399,2026-04-09,Jose Ocampo,Bagumbayan,Mandaue,Cebu,Central Visayas,Colgate Toothpaste 75ml,Personal Care,17,45.0,765.0,COD,Delivered,2026-04-15,09/04/2026
ORD-20260400,2026-01-10,Ricardo Aquino,San Isidro,Cebu City,Cebu,Central Visayas,ILUV Ballpen,School & Office Supplies,3,10.0,30.0,Cash,Delivered,2026-01-12,10/01/2026
ORD-20260401,2026-06-18,Ricardo Pascual,Santo Nino,Tarlac City,Tarlac,Central Luzon,Boy Bawang 100g,Snacks,15,18.0,270.0,COD,Cancelled,,18/06/2026
ORD-20260402,2026-03-27,Josefina Santos,Bagumbayan,Tagbilaran,Bohol,Central Visayas,Piattos 85g,Snacks,5,32.0,160.0,Bank Transfer,Delivered,2026-04-01,27/03/2026
ORD-20260403,2026-02-14,Jose Cruz,Santo Nino,Angeles City,Pampanga,Central Luzon,Domex Toilet Cleaner,Household Care,2,55.0,110.0,COD,Cancelled,,14/02/2026
ORD-20260404,2026-04-16,Maria Flores,San Isidro,Makati,Metro Manila,NCR,Joy Dishwashing Liquid 250ml,Household Care,12,38.0,456.0,Cash,Delivered,2026-04-18,16/04/2026
ORD-20260405,2026-03-11,Juan Torres,Poblacion,Pasig,Metro Manila,NCR,Sta. Maria Crayons,School & Office Supplies,20,40.0,800.0,Maya,Cancelled,,11/03/2026
ORD-20260406,2026-01-23,Jose Flores,Bagumbayan,Bacolod,Negros Occidental,Western Visayas,Piattos 85g,Snacks,18,32.0,576.0,Cash,Delivered,2026-01-30,23/01/2026
ORD-20260407,2026-03-18,Manuel Santos,Del Pilar,Tagum,Davao del Norte,Davao Region,C2 Green Tea 500ml,Beverages,3,22.0,66.0,Cash,Delivered,2026-03-25,18/03/2026
ORD-20260408,2026-04-18,Rosa Castillo,San Antonio,Angeles City,Pampanga,Central Luzon,Milo Sachet,Beverages,6,9.0,54.0,Cash,Delivered,2026-04-25,18/04/2026
ORD-20260409,2026-05-10,Josefina Santos,San Jose,Bacolod,Negros Occidental,Western Visayas,Piattos 85g,Snacks,9,32.0,288.0,COD,Delivered,2026-05-16,10/05/2026
ORD-20260410,2026-03-06,Jose Del Rosario,Rizal,Tagbilaran,Bohol,Central Visayas,ILUV Ballpen,School & Office Supplies,20,10.0,200.0,Cash,Delivered,2026-03-08,06/03/2026
ORD-20260411,2026-03-03,Carmen Flores,Del Pilar,Davao City,Davao del Sur,Davao Region,Milo Sachet,Beverages,8,9.0,72.0,Cash,Delivered,2026-03-11,03/03/2026
ORD-20260412,2026-04-22,Josefina Castillo,Poblacion,Tagbilaran,Bohol,Central Visayas,Milo Sachet,Beverages,11,9.0,99.0,COD,Delivered,2026-04-27,22/04/2026
ORD-20260413,2026-01-26,Josefina Ocampo,San Antonio,Davao City,Davao del Sur,Davao Region,Safeguard Soap Bar,Personal Care,12,28.0,336.0,Cash,Delivered,2026-01-29,26/01/2026
ORD-20260414,2026-04-24,Eduardo Mendoza,Bagong Silang,Batangas City,Batangas,CALABARZON,Boy Bawang 100g,Snacks,10,18.0,180.0,COD,Delivered,2026-04-27,24/04/2026
ORD-20260415,2026-04-18,Ricardo Cruz,San Antonio,Manila,Metro Manila,NCR,Lucky Me Pancit Canton Noodles,Noodles & Canned Goods,8,14.0,112.0,COD,Pending,,18/04/2026
ORD-20260416,2026-04-23,Eduardo Mendoza,San Isidro,Tagum,Davao del Norte,Davao Region,Domex Toilet Cleaner,Household Care,12,55.0,660.0,GCash,Delivered,2026-04-25,23/04/2026
ORD-20260417,2026-06-21,Elena Cruz,Santo Nino,Angeles City,Pampanga,Central Luzon,Piattos 85g,Snacks,19,32.0,608.0,GCash,Delivered,2026-06-26,21/06/2026
ORD-20260418,2026-04-11,Teresa Torres,Rizal,Mandaue,Cebu,Central Visayas,Coca-Cola 1.5L,Beverages,6,65.0,390.0,COD,Cancelled,,11/04/2026
ORD-20260419,2026-01-14,Carmen Reyes,San Jose,Tagbilaran,Bohol,Central Visayas,Nova Multigrain 78g,Snacks,6,30.0,180.0,COD,Delivered,2026-01-18,14/01/2026
ORD-20260420,2026-06-16,Fernando Ramos,Santo Nino,Iloilo City,Iloilo,Western Visayas,Milo Sachet,Beverages,16,9.0,144.0,GCash,Cancelled,,16/06/2026
ORD-20260421,2026-02-03,Maria Pascual,Bagumbayan,Tagum,Davao del Norte,Davao Region,Nescafe 3-in-1 Sachet,Beverages,4,8.0,32.0,GCash,Delivered,2026-02-12,03/02/2026
ORD-20260422,2026-03-06,Roberto Bautista,Del Pilar,Tagum,Davao del Norte,Davao Region,Domex Toilet Cleaner,Household Care,12,55.0,660.0,COD,Delivered,2026-03-15,06/03/2026
ORD-20260423,2026-03-07,Jose Reyes,Bagumbayan,Quezon City,Metro Manila,NCR,Argentina Corned Beef,Noodles & Canned Goods,14,35.0,490.0,Cash,Returned,2026-03-10,07/03/2026
ORD-20260424,2026-06-07,Manuel Aquino,Malinta,Bacolod,Negros Occidental,Western Visayas,Nissin Cup Noodles,Noodles & Canned Goods,5,20.0,100.0,GCash,Delivered,2026-06-13,07/06/2026
ORD-20260425,2026-06-23,Pedro Del Rosario,Rizal,Pasig,Metro Manila,NCR,Nissin Cup Noodles,Noodles & Canned Goods,20,20.0,400.0,Cash,Delivered,2026-07-03,23/06/2026
ORD-20260426,2026-06-30,Josefina Pascual,San Jose,Tarlac City,Tarlac,Central Luzon,Surf Powder Sachet,Household Care,20,8.0,160.0,GCash,Delivered,2026-07-09,30/06/2026
ORD-20260427,2026-04-30,Manuel Santos,Del Pilar,Tagum,Davao del Norte,Davao Region,Sta. Maria Crayons,School & Office Supplies,7,40.0,280.0,GCash,Delivered,2026-05-01,30/04/2026
ORD-20260428,2026-03-09,Antonio Bautista,Rizal,Davao City,Davao del Sur,Davao Region,Coca-Cola 1.5L,Beverages,8,65.0,520.0,Maya,Delivered,2026-03-13,09/03/2026
ORD-20260429,2026-06-16,Roberto Flores,Malinta,Dasmarinas,Cavite,CALABARZON,SkyFlakes Crackers,Snacks,17,15.0,255.0,COD,Pending,,16/06/2026
ORD-20260430,2026-05-15,Ricardo Ocampo,San Jose,Pasig,Metro Manila,NCR,C2 Green Tea 500ml,Beverages,1,22.0,22.0,COD,Delivered,2026-05-24,15/05/2026
ORD-20260431,2026-05-10,Fernando Villanueva,Bagumbayan,Bacolod,Negros Occidental,Western Visayas,Zonrox Bleach 500ml,Household Care,7,32.0,224.0,GCash,Delivered,2026-05-19,10/05/2026
ORD-20260432,2026-02-17,Ricardo Garcia,Santo Nino,Batangas City,Batangas,CALABARZON,Sta. Maria Crayons,School & Office Supplies,7,40.0,280.0,Bank Transfer,Delivered,2026-02-26,17/02/2026
ORD-20260433,2026-03-18,Fernando Pascual,Malinta,Malolos,Bulacan,Central Luzon,Nova Multigrain 78g,Snacks,20,30.0,600.0,Maya,Cancelled,,18/03/2026
ORD-20260434,2026-02-09,Antonio Cruz,Bagumbayan,Mandaue,Cebu,Central Visayas,Joy Dishwashing Liquid 250ml,Household Care,17,38.0,646.0,Cash,Delivered,2026-02-16,09/02/2026
ORD-20260435,2026-06-12,Josefina Santos,Rizal,Pasig,Metro Manila,NCR,Piattos 85g,Snacks,13,32.0,416.0,GCash,Delivered,2026-06-16,12/06/2026
ORD-20260436,2026-04-29,Elena Aquino,Malinta,Iloilo City,Iloilo,Western Visayas,Zonrox Bleach 500ml,Household Care,5,32.0,160.0,Cash,Delivered,2026-05-02,29/04/2026
ORD-20260437,2026-04-01,Roberto Ocampo,San Isidro,Iloilo City,Iloilo,Western Visayas,Palmolive Shampoo Sachet,Personal Care,11,6.0,66.0,Maya,Delivered,2026-04-07,01/04/2026
ORD-20260438,2026-01-04,Pedro Ocampo,San Isidro,Manila,Metro Manila,NCR,Nova Multigrain 78g,Snacks,19,30.0,570.0,GCash,Delivered,2026-01-05,04/01/2026
ORD-20260439,2026-05-04,Elena Garcia,Poblacion,Davao City,Davao del Sur,Davao Region,Surf Powder Sachet,Household Care,20,8.0,160.0,Maya,Returned,2026-05-11,04/05/2026
ORD-20260440,2026-04-24,Elena Cruz,Santo Nino,Angeles City,Pampanga,Central Luzon,Joy Dishwashing Liquid 250ml,Household Care,5,38.0,190.0,COD,Delivered,2026-04-25,24/04/2026
ORD-20260441,2026-06-05,Juan Villanueva,Rizal,Iloilo City,Iloilo,Western Visayas,Joy Dishwashing Liquid 250ml,Household Care,5,38.0,190.0,GCash,Delivered,2026-06-09,05/06/2026
ORD-20260442,2026-06-13,Ricardo Bautista,Bagong Silang,Tagum,Davao del Norte,Davao Region,Sta. Maria Crayons,School & Office Supplies,15,40.0,600.0,Maya,Returned,2026-06-16,13/06/2026
ORD-20260443,2026-03-24,Jose Reyes,Bagumbayan,Quezon City,Metro Manila,NCR,Argentina Corned Beef,Noodles & Canned Goods,12,35.0,420.0,Cash,Delivered,2026-04-01,24/03/2026
ORD-20260444,2026-03-07,Teresa Pascual,Bagong Silang,Tagum,Davao del Norte,Davao Region,Yellow Pad Paper,School & Office Supplies,17,12.0,204.0,COD,Returned,2026-03-15,07/03/2026
ORD-20260445,2026-03-18,Ricardo Ocampo,San Jose,Pasig,Metro Manila,NCR,SkyFlakes Crackers,Snacks,19,15.0,285.0,COD,Delivered,2026-03-19,18/03/2026
ORD-20260446,2026-02-14,Teresa Torres,Rizal,Mandaue,Cebu,Central Visayas,Surf Powder Sachet,Household Care,6,8.0,48.0,GCash,Delivered,2026-02-15,14/02/2026
ORD-20260447,2026-04-21,Luz Castillo,Bagumbayan,Calamba,Laguna,CALABARZON,Joy Dishwashing Liquid 250ml,Household Care,19,38.0,722.0,Cash,Cancelled,,21/04/2026
ORD-20260448,2026-03-25,Antonio Cruz,Bagumbayan,Mandaue,Cebu,Central Visayas,CDO Corned Beef,Noodles & Canned Goods,6,33.0,198.0,GCash,Delivered,2026-04-04,25/03/2026
ORD-20260449,2026-01-16,Fernando Garcia,Bagong Silang,Tagbilaran,Bohol,Central Visayas,Safeguard Soap Bar,Personal Care,12,28.0,336.0,Cash,Cancelled,,16/01/2026
ORD-20260450,2026-03-18,Eduardo Pascual,Bagong Silang,Tarlac City,Tarlac,Central Luzon,Boy Bawang 100g,Snacks,11,18.0,198.0,Cash,Delivered,2026-03-22,18/03/2026
ORD-20260451,2026-06-07,Luz Ocampo,San Antonio,Bacolod,Negros Occidental,Western Visayas,C2 Green Tea 500ml,Beverages,15,22.0,330.0,Cash,Delivered,2026-06-16,07/06/2026
ORD-20260452,2026-01-26,Teresa Pascual,Bagong Silang,Tagum,Davao del Norte,Davao Region,SkyFlakes Crackers,Snacks,9,15.0,135.0,GCash,Delivered,2026-01-29,26/01/2026
ORD-20260453,2026-05-13,Teresa Torres,Rizal,Mandaue,Cebu,Central Visayas,Nova Multigrain 78g,Snacks,3,30.0,90.0,COD,Cancelled,,13/05/2026
ORD-20260454,2026-02-14,Cristina Pascual,Rizal,Davao City,Davao del Sur,Davao Region,ILUV Ballpen,School & Office Supplies,20,10.0,200.0,COD,Cancelled,,14/02/2026
ORD-20260455,2026-03-25,Maria Bautista,San Antonio,Mandaue,Cebu,Central Visayas,Domex Toilet Cleaner,Household Care,4,55.0,220.0,COD,Cancelled,,25/03/2026
ORD-20260456,2026-06-16,Manuel Flores,Poblacion,Dasmarinas,Cavite,CALABARZON,C2 Green Tea 500ml,Beverages,5,22.0,110.0,COD,Delivered,2026-06-26,16/06/2026
ORD-20260457,2026-04-11,Ricardo Aquino,San Isidro,Cebu City,Cebu,Central Visayas,Lucky Me Pancit Canton Noodles,Noodles & Canned Goods,18,14.0,252.0,GCash,Delivered,2026-04-18,11/04/2026
ORD-20260458,2026-01-29,Josefina Santos,Bagumbayan,Tagbilaran,Bohol,Central Visayas,Head & Shoulders Sachet,Personal Care,5,7.0,35.0,Maya,Delivered,2026-01-30,29/01/2026
ORD-20260459,2026-04-25,Antonio Aquino,Del Pilar,Dasmarinas,Cavite,CALABARZON,Zonrox Bleach 500ml,Household Care,6,32.0,192.0,Cash,Delivered,2026-04-29,25/04/2026
ORD-20260460,2026-06-26,Ana Cruz,Poblacion,Quezon City,Metro Manila,NCR,Nova Multigrain 78g,Snacks,14,30.0,420.0,COD,Pending,,26/06/2026
ORD-20260461,2026-04-06,Maria Mendoza,Del Pilar,Manila,Metro Manila,NCR,Lucky Me Beef Sotanghon,Noodles & Canned Goods,11,13.0,143.0,GCash,Delivered,2026-04-07,06/04/2026
ORD-20260462,2026-05-28,Luz Garcia,San Isidro,Tagum,Davao del Norte,Davao Region,Nova Multigrain 78g,Snacks,20,30.0,600.0,GCash,Delivered,2026-05-30,28/05/2026
ORD-20260463,2026-03-11,Jose Bautista,Del Pilar,Calamba,Laguna,CALABARZON,Boy Bawang 100g,Snacks,13,18.0,234.0,Cash,Delivered,2026-03-13,11/03/2026
ORD-20260464,2026-03-12,Roberto Del Rosario,San Isidro,Malolos,Bulacan,Central Luzon,Domex Toilet Cleaner,Household Care,11,55.0,605.0,Maya,Delivered,2026-03-20,12/03/2026
ORD-20260465,2026-03-05,Eduardo Mendoza,San Isidro,Cebu City,Cebu,Central Visayas,Zonrox Bleach 500ml,Household Care,15,32.0,480.0,COD,Delivered,2026-03-14,05/03/2026
ORD-20260466,2026-05-14,Jose Castillo,Malinta,Bacolod,Negros Occidental,Western Visayas,Coca-Cola 1.5L,Beverages,14,65.0,910.0,Cash,Delivered,2026-05-19,14/05/2026
ORD-20260467,2026-05-25,Eduardo Bautista,San Jose,Cebu City,Cebu,Central Visayas,Head & Shoulders Sachet,Personal Care,13,7.0,91.0,COD,Delivered,2026-05-29,25/05/2026
ORD-20260468,2026-03-21,Maria Flores,San Isidro,Makati,Metro Manila,NCR,Head & Shoulders Sachet,Personal Care,4,7.0,28.0,GCash,Pending,,21/03/2026
ORD-20260469,2026-06-06,Pedro Cruz,Santo Nino,Manila,Metro Manila,NCR,Joy Dishwashing Liquid 250ml,Household Care,3,38.0,114.0,Cash,Delivered,2026-06-07,06/06/2026
ORD-20260470,2026-06-30,Carmen Flores,Del Pilar,Tarlac City,Tarlac,Central Luzon,Zonrox Bleach 500ml,Household Care,1,32.0,32.0,Maya,Pending,,30/06/2026
ORD-20260471,2026-02-01,Josefina Pascual,San Jose,Tarlac City,Tarlac,Central Luzon,Nova Multigrain 78g,Snacks,4,30.0,120.0,COD,Delivered,2026-02-05,01/02/2026
ORD-20260472,2026-06-25,Corazon Reyes,Malinta,Calamba,Laguna,CALABARZON,Colgate Toothpaste 75ml,Personal Care,9,45.0,405.0,Maya,Delivered,2026-06-29,25/06/2026
ORD-20260473,2026-01-01,Ricardo Bautista,Del Pilar,Manila,Metro Manila,NCR,Surf Powder Sachet,Household Care,6,8.0,48.0,Maya,Delivered,2026-01-05,01/01/2026
ORD-20260474,2026-02-28,Pedro Santos,Del Pilar,Iloilo City,Iloilo,Western Visayas,ILUV Ballpen,School & Office Supplies,3,10.0,30.0,Maya,Delivered,2026-03-01,28/02/2026
ORD-20260475,2026-04-10,Ana Ramos,San Antonio,Malolos,Bulacan,Central Luzon,Argentina Corned Beef,Noodles & Canned Goods,5,35.0,175.0,Cash,Delivered,2026-04-16,10/04/2026
ORD-20260476,2026-01-27,Fernando Mendoza,Santo Nino,Quezon City,Metro Manila,NCR,Sta. Maria Crayons,School & Office Supplies,8,40.0,320.0,GCash,Pending,,27/01/2026
ORD-20260477,2026-05-23,Josefina Reyes,Poblacion,Dasmarinas,Cavite,CALABARZON,Argentina Corned Beef,Noodles & Canned Goods,10,35.0,350.0,COD,Delivered,2026-05-27,23/05/2026
ORD-20260478,2026-03-06,Ramon Mendoza,San Jose,Tagum,Davao del Norte,Davao Region,Nova Multigrain 78g,Snacks,14,30.0,420.0,GCash,Delivered,2026-03-07,06/03/2026
ORD-20260479,2026-06-17,Elena Garcia,Poblacion,Davao City,Davao del Sur,Davao Region,Sta. Maria Crayons,School & Office Supplies,17,40.0,680.0,Maya,Delivered,2026-06-24,17/06/2026
ORD-20260480,2026-02-22,Teresa Reyes,Poblacion,Calamba,Laguna,CALABARZON,Lucky Me Pancit Canton Noodles,Noodles & Canned Goods,7,14.0,98.0,GCash,Delivered,2026-02-24,22/02/2026
ORD-20260481,2026-02-09,Jose Santos,San Jose,Cebu City,Cebu,Central Visayas,Yellow Pad Paper,School & Office Supplies,3,12.0,36.0,Cash,Delivered,2026-02-18,09/02/2026
ORD-20260482,2026-01-01,Josefina Ocampo,San Antonio,Davao City,Davao del Sur,Davao Region,C2 Green Tea 500ml,Beverages,19,22.0,418.0,GCash,Delivered,2026-01-07,01/01/2026
ORD-20260483,2026-03-20,Eduardo Santos,San Isidro,Pasig,Metro Manila,NCR,Joy Dishwashing Liquid 250ml,Household Care,11,38.0,418.0,Maya,Delivered,2026-03-24,20/03/2026
ORD-20260484,2026-04-24,Roberto Del Rosario,San Isidro,Malolos,Bulacan,Central Luzon,Palmolive Shampoo Sachet,Personal Care,8,6.0,48.0,Maya,Delivered,2026-05-01,24/04/2026
ORD-20260485,2026-05-08,Cristina Garcia,Del Pilar,Dasmarinas,Cavite,CALABARZON,Coca-Cola 1.5L,Beverages,14,65.0,910.0,GCash,Cancelled,,08/05/2026
ORD-20260486,2026-01-12,Antonio Mendoza,San Isidro,Calamba,Laguna,CALABARZON,Nescafe 3-in-1 Sachet,Beverages,6,8.0,48.0,Cash,Returned,2026-01-13,12/01/2026
ORD-20260487,2026-06-10,Carmen Villanueva,San Antonio,Tarlac City,Tarlac,Central Luzon,Zonrox Bleach 500ml,Household Care,19,32.0,608.0,COD,Delivered,2026-06-16,10/06/2026
ORD-20260488,2026-06-20,Jose Reyes,Rizal,Tagum,Davao del Norte,Davao Region,Milo Sachet,Beverages,15,9.0,135.0,COD,Delivered,2026-06-29,20/06/2026
ORD-20260489,2026-06-01,Ricardo Flores,San Jose,Tagbilaran,Bohol,Central Visayas,Nova Multigrain 78g,Snacks,12,30.0,360.0,GCash,Delivered,2026-06-05,01/06/2026
ORD-20260490,2026-02-07,Luz Reyes,San Jose,Tarlac City,Tarlac,Central Luzon,Domex Toilet Cleaner,Household Care,18,55.0,990.0,COD,Pending,,07/02/2026
ORD-20260491,2026-03-20,Josefina Bautista,Malinta,Calamba,Laguna,CALABARZON,C2 Green Tea 500ml,Beverages,8,22.0,176.0,Cash,Delivered,2026-03-27,20/03/2026
ORD-20260492,2026-01-20,Jose Garcia,San Antonio,Malolos,Bulacan,Central Luzon,CDO Corned Beef,Noodles & Canned Goods,8,33.0,264.0,GCash,Cancelled,,20/01/2026
ORD-20260493,2026-06-17,Pedro Cruz,Santo Nino,Manila,Metro Manila,NCR,CDO Corned Beef,Noodles & Canned Goods,10,33.0,330.0,COD,Delivered,2026-06-25,17/06/2026
ORD-20260494,2026-04-05,Eduardo Mendoza,Bagong Silang,Batangas City,Batangas,CALABARZON,Domex Toilet Cleaner,Household Care,19,55.0,1045.0,Cash,Returned,2026-04-07,05/04/2026
ORD-20260495,2026-02-02,Josefina Cruz,Poblacion,Bacolod,Negros Occidental,Western Visayas,Palmolive Shampoo Sachet,Personal Care,9,6.0,54.0,Maya,Delivered,2026-02-09,02/02/2026
ORD-20260496,2026-04-15,Maria Santos,Poblacion,Tagum,Davao del Norte,Davao Region,Nescafe 3-in-1 Sachet,Beverages,5,8.0,40.0,GCash,Returned,2026-04-23,15/04/2026
ORD-20260497,2026-05-13,Corazon Ramos,San Jose,Pasig,Metro Manila,NCR,555 Sardines,Noodles & Canned Goods,1,22.0,22.0,Cash,Delivered,2026-05-18,13/05/2026
ORD-20260498,2026-02-02,Jose Ocampo,Malinta,Dasmarinas,Cavite,CALABARZON,Yellow Pad Paper,School & Office Supplies,9,12.0,108.0,Bank Transfer,Cancelled,,02/02/2026
ORD-20260499,2026-06-13,Jose Castillo,Del Pilar,Malolos,Bulacan,Central Luzon,Coca-Cola 1.5L,Beverages,20,65.0,1300.0,Maya,Pending,,13/06/2026
ORD-20260500,2026-03-21,Jose Ocampo,Malinta,Dasmarinas,Cavite,CALABARZON,Domex Toilet Cleaner,Household Care,16,55.0,880.0,Cash,Delivered,2026-03-25,21/03/2026
ORD-20260501,2026-06-22,Juan Reyes,Poblacion,Quezon City,Metro Manila,NCR,Joy Dishwashing Liquid 250ml,Household Care,1,38.0,38.0,Maya,Returned,2026-07-01,22/06/2026
ORD-20260502,2026-01-02,Corazon Torres,Bagumbayan,Cebu City,Cebu,Central Visayas,Zonrox Bleach 500ml,Household Care,18,32.0,576.0,Cash,Delivered,2026-01-09,02/01/2026
ORD-20260503,2026-04-03,Antonio Bautista,Del Pilar,Tarlac City,Tarlac,Central Luzon,Head & Shoulders Sachet,Personal Care,3,7.0,21.0,GCash,Delivered,2026-04-05,03/04/2026
ORD-20260504,2026-03-11,Josefina Flores,Bagumbayan,Iloilo City,Iloilo,Western Visayas,Lucky Me Beef Sotanghon,Noodles & Canned Goods,10,13.0,130.0,Cash,Delivered,2026-03-16,11/03/2026
ORD-20260505,2026-05-07,Carmen Flores,Del Pilar,Tarlac City,Tarlac,Central Luzon,Safeguard Soap Bar,Personal Care,17,28.0,476.0,GCash,Delivered,2026-05-09,07/05/2026
ORD-20260506,2026-05-28,Pedro Aquino,Rizal,Malolos,Bulacan,Central Luzon,SkyFlakes Crackers,Snacks,12,15.0,180.0,Cash,Delivered,2026-06-02,28/05/2026
ORD-20260507,2026-04-10,Juan Reyes,Poblacion,Quezon City,Metro Manila,NCR,Nissin Cup Noodles,Noodles & Canned Goods,20,20.0,400.0,COD,Delivered,2026-04-13,10/04/2026
ORD-20260508,2026-04-10,Luz Ocampo,San Antonio,Bacolod,Negros Occidental,Western Visayas,Domex Toilet Cleaner,Household Care,20,55.0,1100.0,COD,Cancelled,,10/04/2026
ORD-20260509,2026-01-04,Maria Flores,San Isidro,Makati,Metro Manila,NCR,Head & Shoulders Sachet,Personal Care,12,7.0,84.0,GCash,Delivered,2026-01-07,04/01/2026
ORD-20260510,2026-06-02,Maria Cruz,Santo Nino,Tagbilaran,Bohol,Central Visayas,C2 Green Tea 500ml,Beverages,13,22.0,286.0,Cash,Delivered,2026-06-06,02/06/2026
ORD-20260511,2026-05-15,Teresa Torres,San Antonio,Tagum,Davao del Norte,Davao Region,555 Sardines,Noodles & Canned Goods,12,22.0,264.0,COD,Cancelled,,15/05/2026
ORD-20260512,2026-06-07,Elena Garcia,Poblacion,Davao City,Davao del Sur,Davao Region,Nescafe 3-in-1 Sachet,Beverages,18,8.0,144.0,COD,Returned,2026-06-09,07/06/2026
ORD-20260513,2026-05-11,Teresa Reyes,Poblacion,Calamba,Laguna,CALABARZON,SkyFlakes Crackers,Snacks,8,15.0,120.0,Maya,Delivered,2026-05-21,11/05/2026
ORD-20260514,2026-05-23,Fernando Pascual,Bagong Silang,Dasmarinas,Cavite,CALABARZON,555 Sardines,Noodles & Canned Goods,13,22.0,286.0,Bank Transfer,Pending,,23/05/2026
ORD-20260515,2026-06-02,Cristina Torres,San Antonio,Quezon City,Metro Manila,NCR,Joy Dishwashing Liquid 250ml,Household Care,12,38.0,456.0,GCash,Pending,,02/06/2026
ORD-20260516,2026-03-20,Pedro Garcia,Poblacion,Pasig,Metro Manila,NCR,Head & Shoulders Sachet,Personal Care,1,7.0,7.0,GCash,Delivered,2026-03-24,20/03/2026
ORD-20260517,2026-05-11,Luz Cruz,San Antonio,Makati,Metro Manila,NCR,555 Sardines,Noodles & Canned Goods,12,22.0,264.0,Cash,Delivered,2026-05-13,11/05/2026
ORD-20260518,2026-04-23,Jose Santos,San Jose,Cebu City,Cebu,Central Visayas,Lucky Me Pancit Canton Noodles,Noodles & Canned Goods,15,14.0,210.0,Cash,Delivered,2026-04-30,23/04/2026
ORD-20260519,2026-02-19,Pedro Santos,Del Pilar,Iloilo City,Iloilo,Western Visayas,Boy Bawang 100g,Snacks,17,18.0,306.0,Bank Transfer,Delivered,2026-02-26,19/02/2026
ORD-20260520,2026-01-10,Teresa Reyes,Poblacion,Calamba,Laguna,CALABARZON,Lucky Me Pancit Canton Noodles,Noodles & Canned Goods,2,14.0,28.0,COD,Returned,2026-01-19,10/01/2026
ORD-20260521,2026-02-12,Pedro Reyes,Poblacion,Tarlac City,Tarlac,Central Luzon,CDO Corned Beef,Noodles & Canned Goods,2,33.0,66.0,GCash,Pending,,12/02/2026
ORD-20260522,2026-03-06,Juan Flores,Rizal,Iloilo City,Iloilo,Western Visayas,Nescafe 3-in-1 Sachet,Beverages,5,8.0,40.0,GCash,Delivered,2026-03-12,06/03/2026
ORD-20260523,2026-02-04,Josefina Santos,Santo Nino,Tagum,Davao del Norte,Davao Region,Nissin Cup Noodles,Noodles & Canned Goods,2,20.0,40.0,COD,Delivered,2026-02-05,04/02/2026
ORD-20260524,2026-03-05,Maria Castillo,San Antonio,Malolos,Bulacan,Central Luzon,Coca-Cola 1.5L,Beverages,7,65.0,455.0,Cash,Pending,,05/03/2026
ORD-20260525,2026-04-30,Fernando Ocampo,Del Pilar,Tagum,Davao del Norte,Davao Region,Milo Sachet,Beverages,1,9.0,9.0,GCash,Cancelled,,30/04/2026
ORD-20260526,2026-03-01,Teresa Villanueva,San Antonio,Iloilo City,Iloilo,Western Visayas,SkyFlakes Crackers,Snacks,7,15.0,105.0,COD,Cancelled,,01/03/2026
ORD-20260527,2026-03-18,Corazon Reyes,Malinta,Calamba,Laguna,CALABARZON,Nissin Cup Noodles,Noodles & Canned Goods,10,20.0,200.0,GCash,Cancelled,,18/03/2026
ORD-20260528,2026-03-09,Juan Reyes,Poblacion,Quezon City,Metro Manila,NCR,555 Sardines,Noodles & Canned Goods,15,22.0,330.0,Cash,Delivered,2026-03-16,09/03/2026
ORD-20260529,2026-01-23,Teresa Del Rosario,San Jose,Malolos,Bulacan,Central Luzon,Head & Shoulders Sachet,Personal Care,19,7.0,133.0,COD,Pending,,23/01/2026
ORD-20260530,2026-06-12,Ricardo Bautista,Del Pilar,Manila,Metro Manila,NCR,CDO Corned Beef,Noodles & Canned Goods,18,33.0,594.0,Cash,Delivered,2026-06-16,12/06/2026
ORD-20260531,2026-06-12,Josefina Pascual,Poblacion,Manila,Metro Manila,NCR,Boy Bawang 100g,Snacks,15,18.0,270.0,COD,Cancelled,,12/06/2026
ORD-20260532,2026-06-08,Ricardo Cruz,San Antonio,Manila,Metro Manila,NCR,Boy Bawang 100g,Snacks,10,18.0,180.0,GCash,Delivered,2026-06-12,08/06/2026
ORD-20260533,2026-05-19,Fernando Villanueva,Bagumbayan,Bacolod,Negros Occidental,Western Visayas,SkyFlakes Crackers,Snacks,18,15.0,270.0,Maya,Delivered,2026-05-27,19/05/2026
ORD-20260534,2026-01-10,Ricardo Garcia,Santo Nino,Batangas City,Batangas,CALABARZON,CDO Corned Beef,Noodles & Canned Goods,2,33.0,66.0,GCash,Delivered,2026-01-15,10/01/2026
ORD-20260535,2026-01-15,Jose Garcia,San Antonio,Malolos,Bulacan,Central Luzon,Nissin Cup Noodles,Noodles & Canned Goods,1,20.0,20.0,Cash,Cancelled,,15/01/2026
ORD-20260536,2026-06-04,Manuel Flores,Poblacion,Dasmarinas,Cavite,CALABARZON,Palmolive Shampoo Sachet,Personal Care,10,6.0,60.0,COD,Delivered,2026-06-08,04/06/2026
ORD-20260537,2026-02-17,Juan Del Rosario,Poblacion,Davao City,Davao del Sur,Davao Region,Colgate Toothpaste 75ml,Personal Care,19,45.0,855.0,Maya,Cancelled,,17/02/2026
ORD-20260538,2026-02-03,Cristina Garcia,Del Pilar,Dasmarinas,Cavite,CALABARZON,Colgate Toothpaste 75ml,Personal Care,8,45.0,360.0,Cash,Delivered,2026-02-05,03/02/2026
ORD-20260539,2026-05-01,Fernando Ramos,Santo Nino,Iloilo City,Iloilo,Western Visayas,Lucky Me Pancit Canton Noodles,Noodles & Canned Goods,16,14.0,224.0,COD,Delivered,2026-05-04,01/05/2026
ORD-20260540,2026-01-26,Roberto Ocampo,San Isidro,Iloilo City,Iloilo,Western Visayas,Nissin Cup Noodles,Noodles & Canned Goods,15,20.0,300.0,GCash,Delivered,2026-01-27,26/01/2026
ORD-20260541,2026-01-17,Eduardo Mendoza,San Isidro,Cebu City,Cebu,Central Visayas,Lucky Me Beef Sotanghon,Noodles & Canned Goods,2,13.0,26.0,GCash,Delivered,2026-01-20,17/01/2026
ORD-20260542,2026-04-06,Eduardo Santos,San Isidro,Pasig,Metro Manila,NCR,Joy Dishwashing Liquid 250ml,Household Care,20,38.0,760.0,Cash,Pending,,06/04/2026
ORD-20260543,2026-06-09,Josefina Santos,Santo Nino,Tagum,Davao del Norte,Davao Region,Surf Powder Sachet,Household Care,14,8.0,112.0,Maya,Delivered,2026-06-11,09/06/2026
ORD-20260544,2026-05-03,Carmen Flores,Del Pilar,Tarlac City,Tarlac,Central Luzon,Milo Sachet,Beverages,10,9.0,90.0,COD,Delivered,2026-05-08,03/05/2026
ORD-20260545,2026-06-02,Juan Bautista,San Jose,Angeles City,Pampanga,Central Luzon,Head & Shoulders Sachet,Personal Care,2,7.0,14.0,COD,Delivered,2026-06-10,02/06/2026
ORD-20260546,2026-04-12,Jose Torres,San Antonio,Dasmarinas,Cavite,CALABARZON,Head & Shoulders Sachet,Personal Care,19,7.0,133.0,Cash,Delivered,2026-04-21,12/04/2026
ORD-20260547,2026-04-19,Manuel Santos,Del Pilar,Tagum,Davao del Norte,Davao Region,Lucky Me Beef Sotanghon,Noodles & Canned Goods,12,13.0,156.0,GCash,Cancelled,,19/04/2026
ORD-20260548,2026-01-12,Cristina Castillo,Santo Nino,Mandaue,Cebu,Central Visayas,Palmolive Shampoo Sachet,Personal Care,2,6.0,12.0,COD,Delivered,2026-01-20,12/01/2026
ORD-20260549,2026-04-27,Pedro Garcia,Bagong Silang,Manila,Metro Manila,NCR,Nova Multigrain 78g,Snacks,7,30.0,210.0,Maya,Delivered,2026-04-30,27/04/2026
ORD-20260550,2026-05-12,Jose Flores,Bagumbayan,Bacolod,Negros Occidental,Western Visayas,Nescafe 3-in-1 Sachet,Beverages,7,8.0,56.0,GCash,Delivered,2026-05-15,12/05/2026
ORD-20260551,2026-05-05,Maria Castillo,San Antonio,Malolos,Bulacan,Central Luzon,Sta. Maria Crayons,School & Office Supplies,3,40.0,120.0,COD,Pending,,05/05/2026
ORD-20260552,2026-06-12,Maria Mendoza,Del Pilar,Manila,Metro Manila,NCR,SkyFlakes Crackers,Snacks,16,15.0,240.0,Cash,Delivered,2026-06-15,12/06/2026
ORD-20260553,2026-05-12,Eduardo Bautista,San Jose,Cebu City,Cebu,Central Visayas,Nissin Cup Noodles,Noodles & Canned Goods,12,20.0,240.0,Cash,Cancelled,,12/05/2026
ORD-20260554,2026-04-01,Ramon Ocampo,Malinta,Davao City,Davao del Sur,Davao Region,CDO Corned Beef,Noodles & Canned Goods,14,33.0,462.0,GCash,Delivered,2026-04-02,01/04/2026
ORD-20260555,2026-04-21,Elena Garcia,San Antonio,Mandaue,Cebu,Central Visayas,Joy Dishwashing Liquid 250ml,Household Care,12,38.0,456.0,COD,Delivered,2026-04-22,21/04/2026
ORD-20260556,2026-05-23,Josefina Santos,San Jose,Bacolod,Negros Occidental,Western Visayas,Argentina Corned Beef,Noodles & Canned Goods,17,35.0,595.0,COD,Delivered,2026-05-25,23/05/2026
ORD-20260557,2026-04-08,Josefina Ramos,San Isidro,Cebu City,Cebu,Central Visayas,Colgate Toothpaste 75ml,Personal Care,18,45.0,810.0,GCash,Returned,2026-04-10,08/04/2026
ORD-20260558,2026-06-29,Ricardo Bautista,Del Pilar,Manila,Metro Manila,NCR,C2 Green Tea 500ml,Beverages,3,22.0,66.0,Cash,Cancelled,,29/06/2026
ORD-20260559,2026-04-02,Josefina Cruz,Poblacion,Bacolod,Negros Occidental,Western Visayas,Coca-Cola 1.5L,Beverages,1,65.0,65.0,COD,Returned,2026-04-06,02/04/2026
ORD-20260560,2026-04-28,Josefina Castillo,Poblacion,Tagbilaran,Bohol,Central Visayas,Nova Multigrain 78g,Snacks,19,30.0,570.0,COD,Delivered,2026-04-29,28/04/2026
ORD-20260561,2026-04-27,Josefina Flores,Bagumbayan,Iloilo City,Iloilo,Western Visayas,Argentina Corned Beef,Noodles & Canned Goods,16,35.0,560.0,COD,Delivered,2026-04-28,27/04/2026
ORD-20260562,2026-03-16,Ricardo Cruz,San Antonio,Manila,Metro Manila,NCR,Colgate Toothpaste 75ml,Personal Care,15,45.0,675.0,COD,Delivered,2026-03-23,16/03/2026
ORD-20260563,2026-01-05,Maria Castillo,San Antonio,Malolos,Bulacan,Central Luzon,Surf Powder Sachet,Household Care,19,8.0,152.0,GCash,Returned,2026-01-12,05/01/2026
ORD-20260564,2026-06-14,Corazon Ramos,San Jose,Pasig,Metro Manila,NCR,Domex Toilet Cleaner,Household Care,20,55.0,1100.0,GCash,Delivered,2026-06-24,14/06/2026
ORD-20260565,2026-01-09,Jose Cruz,Santo Nino,Angeles City,Pampanga,Central Luzon,Palmolive Shampoo Sachet,Personal Care,4,6.0,24.0,COD,Delivered,2026-01-11,09/01/2026
ORD-20260566,2026-04-19,Luz Castillo,Bagumbayan,Calamba,Laguna,CALABARZON,Safeguard Soap Bar,Personal Care,18,28.0,504.0,Maya,Delivered,2026-04-21,19/04/2026
ORD-20260567,2026-06-27,Jose Del Rosario,Rizal,Tagbilaran,Bohol,Central Visayas,Joy Dishwashing Liquid 250ml,Household Care,7,38.0,266.0,GCash,Delivered,2026-07-06,27/06/2026
ORD-20260568,2026-01-30,Pedro Pascual,San Isidro,Manila,Metro Manila,NCR,Argentina Corned Beef,Noodles & Canned Goods,12,35.0,420.0,Cash,Pending,,30/01/2026
ORD-20260569,2026-05-10,Juan Villanueva,Rizal,Iloilo City,Iloilo,Western Visayas,Joy Dishwashing Liquid 250ml,Household Care,8,38.0,304.0,COD,Delivered,2026-05-12,10/05/2026
ORD-20260570,2026-03-28,Teresa Mendoza,San Isidro,Cebu City,Cebu,Central Visayas,Sterling Notebook,School & Office Supplies,8,18.0,144.0,Cash,Delivered,2026-04-01,28/03/2026
ORD-20260571,2026-03-11,Maria Santos,Poblacion,Tagum,Davao del Norte,Davao Region,C2 Green Tea 500ml,Beverages,7,22.0,154.0,Cash,Delivered,2026-03-17,11/03/2026
ORD-20260572,2026-04-08,Juan Reyes,Poblacion,Quezon City,Metro Manila,NCR,SkyFlakes Crackers,Snacks,12,15.0,180.0,Cash,Cancelled,,08/04/2026
ORD-20260573,2026-02-06,Maria Mendoza,Del Pilar,Manila,Metro Manila,NCR,Lucky Me Beef Sotanghon,Noodles & Canned Goods,8,13.0,104.0,Cash,Returned,2026-02-07,06/02/2026
ORD-20260574,2026-06-05,Fernando Mendoza,Santo Nino,Quezon City,Metro Manila,NCR,555 Sardines,Noodles & Canned Goods,16,22.0,352.0,GCash,Delivered,2026-06-08,05/06/2026
ORD-20260575,2026-04-07,Fernando Santos,San Antonio,Bacolod,Negros Occidental,Western Visayas,Lucky Me Beef Sotanghon,Noodles & Canned Goods,9,13.0,117.0,Cash,Delivered,2026-04-11,07/04/2026
ORD-20260576,2026-05-19,Corazon Ramos,San Jose,Pasig,Metro Manila,NCR,CDO Corned Beef,Noodles & Canned Goods,17,33.0,561.0,GCash,Delivered,2026-05-21,19/05/2026
ORD-20260577,2026-06-13,Ana Ramos,Bagumbayan,Tarlac City,Tarlac,Central Luzon,Boy Bawang 100g,Snacks,6,18.0,108.0,COD,Delivered,2026-06-23,13/06/2026
ORD-20260578,2026-06-06,Ana Cruz,Santo Nino,Manila,Metro Manila,NCR,Head & Shoulders Sachet,Personal Care,20,7.0,140.0,Cash,Delivered,2026-06-14,06/06/2026
ORD-20260579,2026-04-05,Maria Santos,Bagumbayan,Bacolod,Negros Occidental,Western Visayas,ILUV Ballpen,School & Office Supplies,17,10.0,170.0,Cash,Delivered,2026-04-06,05/04/2026
ORD-20260580,2026-03-16,Corazon Villanueva,San Jose,Makati,Metro Manila,NCR,Domex Toilet Cleaner,Household Care,17,55.0,935.0,GCash,Delivered,2026-03-24,16/03/2026
ORD-20260581,2026-06-30,Ricardo Garcia,Santo Nino,Batangas City,Batangas,CALABARZON,Zonrox Bleach 500ml,Household Care,14,32.0,448.0,Maya,Delivered,2026-07-03,30/06/2026
ORD-20260582,2026-06-29,Fernando Villanueva,Bagumbayan,Bacolod,Negros Occidental,Western Visayas,CDO Corned Beef,Noodles & Canned Goods,10,33.0,330.0,Maya,Delivered,2026-07-05,29/06/2026
ORD-20260583,2026-06-17,Eduardo Del Rosario,Santo Nino,Iloilo City,Iloilo,Western Visayas,Coca-Cola 1.5L,Beverages,1,65.0,65.0,Maya,Delivered,2026-06-20,17/06/2026
ORD-20260584,2026-06-26,Maria Villanueva,Malinta,Calamba,Laguna,CALABARZON,Nissin Cup Noodles,Noodles & Canned Goods,17,20.0,340.0,COD,Delivered,2026-06-27,26/06/2026
ORD-20260585,2026-06-01,Juan Del Rosario,Poblacion,Davao City,Davao del Sur,Davao Region,SkyFlakes Crackers,Snacks,3,15.0,45.0,GCash,Delivered,2026-06-08,01/06/2026
ORD-20260586,2026-02-26,Pedro Santos,Del Pilar,Iloilo City,Iloilo,Western Visayas,Head & Shoulders Sachet,Personal Care,20,7.0,140.0,COD,Pending,,26/02/2026
ORD-20260587,2026-03-01,Antonio Bautista,Rizal,Davao City,Davao del Sur,Davao Region,Coca-Cola 1.5L,Beverages,11,65.0,715.0,Cash,Pending,,01/03/2026
ORD-20260588,2026-06-06,Pedro Garcia,Poblacion,Pasig,Metro Manila,NCR,Nova Multigrain 78g,Snacks,8,30.0,240.0,Cash,Delivered,2026-06-07,06/06/2026
ORD-20260589,2026-01-17,Eduardo Pascual,Bagong Silang,Tarlac City,Tarlac,Central Luzon,Sta. Maria Crayons,School & Office Supplies,19,40.0,760.0,COD,Delivered,2026-01-18,17/01/2026
ORD-20260590,2026-05-03,Manuel Flores,San Antonio,Angeles City,Pampanga,Central Luzon,Nescafe 3-in-1 Sachet,Beverages,18,8.0,144.0,COD,Delivered,2026-05-06,03/05/2026
ORD-20260591,2026-02-15,Maria Cruz,Del Pilar,Iloilo City,Iloilo,Western Visayas,Nescafe 3-in-1 Sachet,Beverages,7,8.0,56.0,Cash,Returned,2026-02-18,15/02/2026
ORD-20260592,2026-05-22,Eduardo Mendoza,Bagong Silang,Batangas City,Batangas,CALABARZON,Sta. Maria Crayons,School & Office Supplies,5,40.0,200.0,Cash,Cancelled,,22/05/2026
ORD-20260593,2026-01-21,Josefina Pascual,San Jose,Tarlac City,Tarlac,Central Luzon,Nissin Cup Noodles,Noodles & Canned Goods,13,20.0,260.0,COD,Delivered,2026-01-22,21/01/2026
ORD-20260594,2026-03-14,Manuel Mendoza,Poblacion,Mandaue,Cebu,Central Visayas,Palmolive Shampoo Sachet,Personal Care,5,6.0,30.0,COD,Delivered,2026-03-15,14/03/2026
ORD-20260595,2026-03-11,Maria Pascual,Bagumbayan,Tagum,Davao del Norte,Davao Region,Colgate Toothpaste 75ml,Personal Care,18,45.0,810.0,COD,Delivered,2026-03-20,11/03/2026
ORD-20260596,2026-03-09,Ana Ramos,San Antonio,Malolos,Bulacan,Central Luzon,Sterling Notebook,School & Office Supplies,12,18.0,216.0,Maya,Delivered,2026-03-16,09/03/2026
ORD-20260597,2026-05-23,Jose Reyes,Rizal,Tagum,Davao del Norte,Davao Region,CDO Corned Beef,Noodles & Canned Goods,16,33.0,528.0,GCash,Delivered,2026-05-30,23/05/2026
ORD-20260598,2026-06-05,Ricardo Cruz,San Antonio,Manila,Metro Manila,NCR,Zonrox Bleach 500ml,Household Care,3,32.0,96.0,Cash,Pending,,05/06/2026
ORD-20260599,2026-01-20,Jose Castillo,Malinta,Bacolod,Negros Occidental,Western Visayas,Lucky Me Pancit Canton Noodles,Noodles & Canned Goods,3,14.0,42.0,Cash,Cancelled,,20/01/2026
ORD-20260600,2026-03-01,Carmen Villanueva,San Antonio,Tarlac City,Tarlac,Central Luzon,Head & Shoulders Sachet,Personal Care,4,7.0,28.0,Bank Transfer,Delivered,2026-03-02,01/03/2026
ORD-20260601,2026-02-23,Jose Santos,San Jose,Cebu City,Cebu,Central Visayas,Coca-Cola 1.5L,Beverages,6,65.0,390.0,Cash,Returned,2026-03-01,23/02/2026
ORD-20260602,2026-05-03,Pedro Pascual,San Isidro,Manila,Metro Manila,NCR,Domex Toilet Cleaner,Household Care,2,55.0,110.0,GCash,Delivered,2026-05-08,03/05/2026
ORD-20260603,2026-06-22,Rosa Del Rosario,Bagumbayan,Pasig,Metro Manila,NCR,Nova Multigrain 78g,Snacks,15,30.0,450.0,COD,Returned,2026-06-28,22/06/2026
ORD-20260604,2026-06-11,Corazon Villanueva,San Isidro,Makati,Metro Manila,NCR,CDO Corned Beef,Noodles & Canned Goods,8,33.0,264.0,GCash,Returned,2026-06-21,11/06/2026
ORD-20260605,2026-05-19,Maria Mendoza,Del Pilar,Manila,Metro Manila,NCR,Nova Multigrain 78g,Snacks,5,30.0,150.0,GCash,Delivered,2026-05-20,19/05/2026
ORD-20260606,2026-04-02,Pedro Torres,Bagong Silang,Cebu City,Cebu,Central Visayas,Colgate Toothpaste 75ml,Personal Care,20,45.0,900.0,GCash,Delivered,2026-04-11,02/04/2026
ORD-20260607,2026-02-24,Jose Reyes,Rizal,Tagum,Davao del Norte,Davao Region,Sta. Maria Crayons,School & Office Supplies,9,40.0,360.0,Cash,Cancelled,,24/02/2026
ORD-20260608,2026-03-05,Ricardo Cruz,San Isidro,Calamba,Laguna,CALABARZON,Surf Powder Sachet,Household Care,10,8.0,80.0,Cash,Delivered,2026-03-11,05/03/2026
ORD-20260609,2026-06-09,Eduardo Mendoza,Bagong Silang,Batangas City,Batangas,CALABARZON,CDO Corned Beef,Noodles & Canned Goods,2,33.0,66.0,COD,Delivered,2026-06-17,09/06/2026
ORD-20260610,2026-02-12,Roberto Del Rosario,San Isidro,Malolos,Bulacan,Central Luzon,555 Sardines,Noodles & Canned Goods,1,22.0,22.0,Cash,Delivered,2026-02-15,12/02/2026
ORD-20260611,2026-04-26,Luz Torres,Rizal,Mandaue,Cebu,Central Visayas,Colgate Toothpaste 75ml,Personal Care,5,45.0,225.0,Cash,Delivered,2026-05-06,26/04/2026
ORD-20260612,2026-05-07,Josefina Santos,Bagumbayan,Tagbilaran,Bohol,Central Visayas,Sterling Notebook,School & Office Supplies,3,18.0,54.0,COD,Delivered,2026-05-12,07/05/2026
ORD-20260613,2026-06-10,Pedro Torres,San Jose,Tarlac City,Tarlac,Central Luzon,Coca-Cola 1.5L,Beverages,15,65.0,975.0,Cash,Delivered,2026-06-16,10/06/2026
ORD-20260614,2026-02-12,Elena Torres,Malinta,Tarlac City,Tarlac,Central Luzon,Boy Bawang 100g,Snacks,11,18.0,198.0,Cash,Delivered,2026-02-19,12/02/2026
ORD-20260615,2026-05-13,Roberto Garcia,Rizal,Manila,Metro Manila,NCR,CDO Corned Beef,Noodles & Canned Goods,13,33.0,429.0,COD,Delivered,2026-05-14,13/05/2026
ORD-20260616,2026-05-09,Luz Reyes,San Jose,Tarlac City,Tarlac,Central Luzon,Joy Dishwashing Liquid 250ml,Household Care,18,38.0,684.0,GCash,Delivered,2026-05-19,09/05/2026
ORD-20260617,2026-01-11,Juan Torres,Poblacion,Pasig,Metro Manila,NCR,Safeguard Soap Bar,Personal Care,1,28.0,28.0,GCash,Delivered,2026-01-18,11/01/2026
ORD-20260618,2026-06-03,Ana Ramos,San Antonio,Malolos,Bulacan,Central Luzon,Boy Bawang 100g,Snacks,4,18.0,72.0,COD,Delivered,2026-06-07,03/06/2026
ORD-20260619,2026-06-08,Roberto Santos,Del Pilar,Bacolod,Negros Occidental,Western Visayas,Lucky Me Pancit Canton Noodles,Noodles & Canned Goods,15,14.0,210.0,Maya,Cancelled,,08/06/2026
ORD-20260620,2026-02-14,Jose Reyes,Rizal,Tagum,Davao del Norte,Davao Region,CDO Corned Beef,Noodles & Canned Goods,20,33.0,660.0,GCash,Delivered,2026-02-23,14/02/2026
ORD-20260621,2026-06-19,Antonio Aquino,Del Pilar,Dasmarinas,Cavite,CALABARZON,Nova Multigrain 78g,Snacks,11,30.0,330.0,COD,Delivered,2026-06-20,19/06/2026
ORD-20260622,2026-01-15,Corazon Villanueva,Rizal,Angeles City,Pampanga,Central Luzon,Piattos 85g,Snacks,16,32.0,512.0,GCash,Returned,2026-01-17,15/01/2026
ORD-20260623,2026-06-17,Maria Santos,Bagumbayan,Bacolod,Negros Occidental,Western Visayas,SkyFlakes Crackers,Snacks,14,15.0,210.0,COD,Delivered,2026-06-26,17/06/2026
ORD-20260624,2026-04-23,Antonio Mendoza,San Isidro,Calamba,Laguna,CALABARZON,Coca-Cola 1.5L,Beverages,4,65.0,260.0,GCash,Delivered,2026-04-28,23/04/2026
ORD-20260625,2026-06-26,Jose Ocampo,Malinta,Dasmarinas,Cavite,CALABARZON,SkyFlakes Crackers,Snacks,8,15.0,120.0,Cash,Cancelled,,26/06/2026
ORD-20260626,2026-04-08,Manuel Aquino,Malinta,Bacolod,Negros Occidental,Western Visayas,Boy Bawang 100g,Snacks,20,18.0,360.0,Maya,Delivered,2026-04-14,08/04/2026
ORD-20260627,2026-01-22,Jose Santos,San Jose,Cebu City,Cebu,Central Visayas,Yellow Pad Paper,School & Office Supplies,6,12.0,72.0,GCash,Delivered,2026-01-24,22/01/2026
ORD-20260628,2026-04-04,Eduardo Mendoza,Bagong Silang,Batangas City,Batangas,CALABARZON,Yellow Pad Paper,School & Office Supplies,9,12.0,108.0,Bank Transfer,Cancelled,,04/04/2026
ORD-20260629,2026-05-19,Corazon Torres,Bagumbayan,Cebu City,Cebu,Central Visayas,Piattos 85g,Snacks,15,32.0,480.0,Cash,Delivered,2026-05-26,19/05/2026
ORD-20260630,2026-06-08,Pedro Ocampo,Santo Nino,Cebu City,Cebu,Central Visayas,Safeguard Soap Bar,Personal Care,15,28.0,420.0,COD,Delivered,2026-06-09,08/06/2026
ORD-20260631,2026-03-20,Elena Torres,Malinta,Tarlac City,Tarlac,Central Luzon,Piattos 85g,Snacks,14,32.0,448.0,COD,Delivered,2026-03-25,20/03/2026
ORD-20260632,2026-04-26,Juan Villanueva,Rizal,Iloilo City,Iloilo,Western Visayas,Sterling Notebook,School & Office Supplies,6,18.0,108.0,COD,Delivered,2026-04-30,26/04/2026
ORD-20260633,2026-03-27,Maria Castillo,San Antonio,Malolos,Bulacan,Central Luzon,Domex Toilet Cleaner,Household Care,18,55.0,990.0,GCash,Delivered,2026-03-31,27/03/2026
ORD-20260634,2026-05-15,Eduardo Garcia,Poblacion,Tarlac City,Tarlac,Central Luzon,Colgate Toothpaste 75ml,Personal Care,4,45.0,180.0,GCash,Delivered,2026-05-21,15/05/2026
ORD-20260635,2026-05-01,Fernando Pascual,Malinta,Malolos,Bulacan,Central Luzon,Zonrox Bleach 500ml,Household Care,7,32.0,224.0,Cash,Delivered,2026-05-02,01/05/2026
ORD-20260636,2026-04-13,Josefina Pascual,San Jose,Tarlac City,Tarlac,Central Luzon,ILUV Ballpen,School & Office Supplies,17,10.0,170.0,Maya,Pending,,13/04/2026
ORD-20260637,2026-03-31,Teresa Del Rosario,San Jose,Malolos,Bulacan,Central Luzon,CDO Corned Beef,Noodles & Canned Goods,18,33.0,594.0,COD,Delivered,2026-04-03,31/03/2026
ORD-20260638,2026-04-19,Manuel Aquino,Malinta,Bacolod,Negros Occidental,Western Visayas,SkyFlakes Crackers,Snacks,10,15.0,150.0,COD,Delivered,2026-04-28,19/04/2026
ORD-20260639,2026-01-21,Manuel Santos,Del Pilar,Mandaue,Cebu,Central Visayas,CDO Corned Beef,Noodles & Canned Goods,17,33.0,561.0,Cash,Delivered,2026-01-27,21/01/2026
ORD-20260640,2026-05-15,Teresa Castillo,Bagumbayan,Batangas City,Batangas,CALABARZON,Palmolive Shampoo Sachet,Personal Care,13,6.0,78.0,Cash,Pending,,15/05/2026
ORD-20260641,2026-01-26,Roberto Ocampo,San Isidro,Iloilo City,Iloilo,Western Visayas,Palmolive Shampoo Sachet,Personal Care,11,6.0,66.0,Maya,Delivered,2026-02-01,26/01/2026
ORD-20260642,2026-02-22,Ana Cruz,Santo Nino,Manila,Metro Manila,NCR,Sterling Notebook,School & Office Supplies,10,18.0,180.0,Cash,Delivered,2026-03-01,22/02/2026
ORD-20260643,2026-02-07,Juan Flores,Rizal,Iloilo City,Iloilo,Western Visayas,Palmolive Shampoo Sachet,Personal Care,19,6.0,114.0,COD,Delivered,2026-02-15,07/02/2026
ORD-20260644,2026-06-18,Ana Cruz,Santo Nino,Manila,Metro Manila,NCR,Safeguard Soap Bar,Personal Care,8,28.0,224.0,Cash,Cancelled,,18/06/2026
ORD-20260645,2026-03-05,Eduardo Mendoza,San Isidro,Tagum,Davao del Norte,Davao Region,Nova Multigrain 78g,Snacks,5,30.0,150.0,GCash,Delivered,2026-03-07,05/03/2026
ORD-20260646,2026-01-03,Luz Torres,Rizal,Mandaue,Cebu,Central Visayas,Coca-Cola 1.5L,Beverages,20,65.0,1300.0,Cash,Delivered,2026-01-11,03/01/2026
ORD-20260647,2026-03-08,Elena Aquino,Malinta,Iloilo City,Iloilo,Western Visayas,C2 Green Tea 500ml,Beverages,6,22.0,132.0,Cash,Delivered,2026-03-15,08/03/2026
ORD-20260648,2026-06-04,Maria Pascual,Bagumbayan,Tagum,Davao del Norte,Davao Region,Nissin Cup Noodles,Noodles & Canned Goods,8,20.0,160.0,COD,Delivered,2026-06-13,04/06/2026
ORD-20260649,2026-02-03,Roberto Del Rosario,San Isidro,Malolos,Bulacan,Central Luzon,Lucky Me Pancit Canton Noodles,Noodles & Canned Goods,1,14.0,14.0,COD,Returned,2026-02-07,03/02/2026
ORD-20260650,2026-04-25,Luz Reyes,San Jose,Tarlac City,Tarlac,Central Luzon,C2 Green Tea 500ml,Beverages,18,22.0,396.0,Cash,Delivered,2026-04-29,25/04/2026
ORD-20260651,2026-06-24,Juan Bautista,San Jose,Angeles City,Pampanga,Central Luzon,Boy Bawang 100g,Snacks,5,18.0,90.0,COD,Delivered,2026-06-27,24/06/2026
ORD-20260652,2026-06-30,Antonio Castillo,Rizal,Angeles City,Pampanga,Central Luzon,Nescafe 3-in-1 Sachet,Beverages,16,8.0,128.0,COD,Cancelled,,30/06/2026
ORD-20260653,2026-03-19,Roberto Bautista,Del Pilar,Tagum,Davao del Norte,Davao Region,555 Sardines,Noodles & Canned Goods,17,22.0,374.0,COD,Delivered,2026-03-23,19/03/2026
ORD-20260654,2026-01-24,Luz Pascual,Santo Nino,Cebu City,Cebu,Central Visayas,Lucky Me Pancit Canton Noodles,Noodles & Canned Goods,16,14.0,224.0,COD,Delivered,2026-02-02,24/01/2026
ORD-20260655,2026-03-14,Rosa Pascual,San Isidro,Manila,Metro Manila,NCR,Boy Bawang 100g,Snacks,14,18.0,252.0,GCash,Returned,2026-03-21,14/03/2026
ORD-20260656,2026-06-20,Ramon Santos,Rizal,Dasmarinas,Cavite,CALABARZON,Nova Multigrain 78g,Snacks,13,30.0,390.0,GCash,Delivered,2026-06-22,20/06/2026
ORD-20260657,2026-01-17,Jose Reyes,Bagumbayan,Quezon City,Metro Manila,NCR,Boy Bawang 100g,Snacks,3,18.0,54.0,COD,Pending,,17/01/2026
ORD-20260658,2026-05-19,Antonio Flores,Bagumbayan,Angeles City,Pampanga,Central Luzon,Nissin Cup Noodles,Noodles & Canned Goods,12,20.0,240.0,GCash,Delivered,2026-05-26,19/05/2026
ORD-20260659,2026-04-15,Fernando Villanueva,Bagumbayan,Bacolod,Negros Occidental,Western Visayas,Domex Toilet Cleaner,Household Care,20,55.0,1100.0,Cash,Returned,2026-04-21,15/04/2026
ORD-20260660,2026-04-21,Pedro Garcia,Bagong Silang,Manila,Metro Manila,NCR,Boy Bawang 100g,Snacks,1,18.0,18.0,GCash,Delivered,2026-04-23,21/04/2026
ORD-20260661,2026-03-08,Manuel Aquino,Malinta,Bacolod,Negros Occidental,Western Visayas,Nova Multigrain 78g,Snacks,13,30.0,390.0,COD,Delivered,2026-03-11,08/03/2026
ORD-20260662,2026-03-03,Antonio Aquino,Del Pilar,Dasmarinas,Cavite,CALABARZON,Lucky Me Beef Sotanghon,Noodles & Canned Goods,13,13.0,169.0,GCash,Cancelled,,03/03/2026
ORD-20260663,2026-03-28,Rosa Pascual,San Isidro,Manila,Metro Manila,NCR,Milo Sachet,Beverages,16,9.0,144.0,GCash,Pending,,28/03/2026
ORD-20260664,2026-05-28,Maria Mendoza,Del Pilar,Manila,Metro Manila,NCR,Coca-Cola 1.5L,Beverages,15,65.0,975.0,GCash,Delivered,2026-06-01,28/05/2026
ORD-20260665,2026-06-30,Carmen Mendoza,Santo Nino,Malolos,Bulacan,Central Luzon,Sterling Notebook,School & Office Supplies,1,18.0,18.0,Cash,Delivered,2026-07-06,30/06/2026
ORD-20260666,2026-05-30,Juan Reyes,Poblacion,Quezon City,Metro Manila,NCR,Nescafe 3-in-1 Sachet,Beverages,11,8.0,88.0,Maya,Delivered,2026-06-09,30/05/2026
ORD-20260667,2026-02-27,Ricardo Cruz,San Isidro,Calamba,Laguna,CALABARZON,Colgate Toothpaste 75ml,Personal Care,13,45.0,585.0,Maya,Delivered,2026-03-02,27/02/2026
ORD-20260668,2026-01-31,Maria Castillo,Rizal,Tagum,Davao del Norte,Davao Region,Coca-Cola 1.5L,Beverages,20,65.0,1300.0,Maya,Delivered,2026-02-07,31/01/2026
ORD-20260669,2026-01-03,Eduardo Aquino,Bagong Silang,Tarlac City,Tarlac,Central Luzon,CDO Corned Beef,Noodles & Canned Goods,10,33.0,330.0,COD,Delivered,2026-01-08,03/01/2026
ORD-20260670,2026-06-21,Elena Ramos,Malinta,Tarlac City,Tarlac,Central Luzon,C2 Green Tea 500ml,Beverages,4,22.0,88.0,Bank Transfer,Delivered,2026-06-28,21/06/2026
ORD-20260671,2026-05-02,Josefina Torres,Malinta,Tagum,Davao del Norte,Davao Region,Safeguard Soap Bar,Personal Care,8,28.0,224.0,Bank Transfer,Returned,2026-05-04,02/05/2026
ORD-20260672,2026-06-09,Elena Aquino,Santo Nino,Bacolod,Negros Occidental,Western Visayas,Colgate Toothpaste 75ml,Personal Care,10,45.0,450.0,Cash,Delivered,2026-06-19,09/06/2026
ORD-20260673,2026-01-08,Roberto Ocampo,San Isidro,Iloilo City,Iloilo,Western Visayas,Piattos 85g,Snacks,3,32.0,96.0,GCash,Cancelled,,08/01/2026
ORD-20260674,2026-06-08,Eduardo Ocampo,San Antonio,Tagum,Davao del Norte,Davao Region,Argentina Corned Beef,Noodles & Canned Goods,13,35.0,455.0,GCash,Delivered,2026-06-18,08/06/2026
ORD-20260675,2026-06-19,Josefina Ocampo,San Antonio,Davao City,Davao del Sur,Davao Region,555 Sardines,Noodles & Canned Goods,10,22.0,220.0,Cash,Cancelled,,19/06/2026
ORD-20260676,2026-03-06,Eduardo Garcia,Poblacion,Tarlac City,Tarlac,Central Luzon,Palmolive Shampoo Sachet,Personal Care,7,6.0,42.0,Cash,Delivered,2026-03-14,06/03/2026
ORD-20260677,2026-05-04,Manuel Mendoza,Poblacion,Tagbilaran,Bohol,Central Visayas,Coca-Cola 1.5L,Beverages,7,65.0,455.0,Cash,Delivered,2026-05-13,04/05/2026
ORD-20260678,2026-04-14,Corazon Torres,Bagumbayan,Cebu City,Cebu,Central Visayas,Domex Toilet Cleaner,Household Care,6,55.0,330.0,Cash,Pending,,14/04/2026
ORD-20260679,2026-04-05,Elena Villanueva,Poblacion,Malolos,Bulacan,Central Luzon,Nescafe 3-in-1 Sachet,Beverages,17,8.0,136.0,Maya,Delivered,2026-04-11,05/04/2026
ORD-20260680,2026-05-07,Elena Aquino,Malinta,Iloilo City,Iloilo,Western Visayas,Nova Multigrain 78g,Snacks,2,30.0,60.0,GCash,Delivered,2026-05-15,07/05/2026
ORD-20260681,2026-05-28,Maria Santos,Bagumbayan,Bacolod,Negros Occidental,Western Visayas,Argentina Corned Beef,Noodles & Canned Goods,10,35.0,350.0,GCash,Delivered,2026-05-30,28/05/2026
ORD-20260682,2026-06-06,Ana Ramos,Bagumbayan,Tarlac City,Tarlac,Central Luzon,555 Sardines,Noodles & Canned Goods,1,22.0,22.0,COD,Delivered,2026-06-16,06/06/2026
ORD-20260683,2026-03-31,Carmen Pascual,Poblacion,Bacolod,Negros Occidental,Western Visayas,Nissin Cup Noodles,Noodles & Canned Goods,16,20.0,320.0,Cash,Cancelled,,31/03/2026
ORD-20260684,2026-06-04,Luz Torres,Rizal,Mandaue,Cebu,Central Visayas,Zonrox Bleach 500ml,Household Care,5,32.0,160.0,COD,Delivered,2026-06-12,04/06/2026
ORD-20260685,2026-03-22,Ana Ramos,Bagumbayan,Tarlac City,Tarlac,Central Luzon,Zonrox Bleach 500ml,Household Care,12,32.0,384.0,Maya,Delivered,2026-03-23,22/03/2026
ORD-20260686,2026-01-21,Eduardo Mendoza,Bagong Silang,Batangas City,Batangas,CALABARZON,Coca-Cola 1.5L,Beverages,8,65.0,520.0,Cash,Delivered,2026-01-27,21/01/2026
ORD-20260687,2026-03-03,Pedro Reyes,Poblacion,Tarlac City,Tarlac,Central Luzon,Nescafe 3-in-1 Sachet,Beverages,3,8.0,24.0,Bank Transfer,Returned,2026-03-11,03/03/2026
ORD-20260688,2026-01-06,Manuel Flores,San Antonio,Angeles City,Pampanga,Central Luzon,CDO Corned Beef,Noodles & Canned Goods,4,33.0,132.0,Maya,Delivered,2026-01-09,06/01/2026
ORD-20260689,2026-04-21,Luz Castillo,Bagumbayan,Calamba,Laguna,CALABARZON,Lucky Me Pancit Canton Noodles,Noodles & Canned Goods,14,14.0,196.0,Bank Transfer,Delivered,2026-04-23,21/04/2026
ORD-20260690,2026-04-19,Ricardo Cruz,San Isidro,Calamba,Laguna,CALABARZON,Palmolive Shampoo Sachet,Personal Care,17,6.0,102.0,GCash,Delivered,2026-04-26,19/04/2026
ORD-20260691,2026-02-27,Luz Pascual,Santo Nino,Cebu City,Cebu,Central Visayas,Head & Shoulders Sachet,Personal Care,12,7.0,84.0,Bank Transfer,Delivered,2026-03-07,27/02/2026
ORD-20260692,2026-05-27,Cristina Flores,Del Pilar,Quezon City,Metro Manila,NCR,Domex Toilet Cleaner,Household Care,2,55.0,110.0,Maya,Cancelled,,27/05/2026
ORD-20260693,2026-06-19,Luz Pascual,Santo Nino,Cebu City,Cebu,Central Visayas,Colgate Toothpaste 75ml,Personal Care,2,45.0,90.0,COD,Delivered,2026-06-25,19/06/2026
ORD-20260694,2026-01-02,Rosa Pascual,San Isidro,Manila,Metro Manila,NCR,Safeguard Soap Bar,Personal Care,7,28.0,196.0,GCash,Delivered,2026-01-11,02/01/2026
ORD-20260695,2026-03-21,Pedro Aquino,Rizal,Malolos,Bulacan,Central Luzon,Nissin Cup Noodles,Noodles & Canned Goods,3,20.0,60.0,Cash,Delivered,2026-03-23,21/03/2026
ORD-20260696,2026-04-22,Josefina Ramos,San Isidro,Cebu City,Cebu,Central Visayas,Joy Dishwashing Liquid 250ml,Household Care,1,38.0,38.0,Cash,Delivered,2026-05-02,22/04/2026
ORD-20260697,2026-03-25,Cristina Garcia,Del Pilar,Dasmarinas,Cavite,CALABARZON,Yellow Pad Paper,School & Office Supplies,12,12.0,144.0,COD,Delivered,2026-03-28,25/03/2026
ORD-20260698,2026-05-02,Manuel Flores,San Antonio,Angeles City,Pampanga,Central Luzon,Safeguard Soap Bar,Personal Care,2,28.0,56.0,GCash,Returned,2026-05-08,02/05/2026
ORD-20260699,2026-05-10,Manuel Villanueva,Malinta,Tarlac City,Tarlac,Central Luzon,Surf Powder Sachet,Household Care,16,8.0,128.0,Bank Transfer,Delivered,2026-05-15,10/05/2026
ORD-20260700,2026-02-03,Josefina Flores,Bagumbayan,Iloilo City,Iloilo,Western Visayas,Lucky Me Beef Sotanghon,Noodles & Canned Goods,5,13.0,65.0,COD,Pending,,03/02/2026
ORD-20260701,2026-01-29,Ana Ramos,Bagumbayan,Tarlac City,Tarlac,Central Luzon,Sterling Notebook,School & Office Supplies,10,18.0,180.0,Maya,Delivered,2026-01-31,29/01/2026
ORD-20260702,2026-05-13,Elena Cruz,Santo Nino,Angeles City,Pampanga,Central Luzon,Nissin Cup Noodles,Noodles & Canned Goods,7,20.0,140.0,GCash,Delivered,2026-05-22,13/05/2026
ORD-20260703,2026-04-15,Roberto Garcia,Rizal,Manila,Metro Manila,NCR,Colgate Toothpaste 75ml,Personal Care,20,45.0,900.0,GCash,Delivered,2026-04-21,15/04/2026
ORD-20260704,2026-01-27,Antonio Bautista,Del Pilar,Tarlac City,Tarlac,Central Luzon,Colgate Toothpaste 75ml,Personal Care,20,45.0,900.0,GCash,Delivered,2026-01-31,27/01/2026
ORD-20260705,2026-02-02,Josefina Mendoza,San Antonio,Angeles City,Pampanga,Central Luzon,Argentina Corned Beef,Noodles & Canned Goods,2,35.0,70.0,GCash,Delivered,2026-02-12,02/02/2026
ORD-20260706,2026-02-02,Maria Mendoza,Del Pilar,Manila,Metro Manila,NCR,Lucky Me Pancit Canton Noodles,Noodles & Canned Goods,14,14.0,196.0,COD,Pending,,02/02/2026
ORD-20260707,2026-06-01,Maria Cruz,Del Pilar,Iloilo City,Iloilo,Western Visayas,Nissin Cup Noodles,Noodles & Canned Goods,5,20.0,100.0,Cash,Delivered,2026-06-06,01/06/2026
ORD-20260708,2026-06-02,Jose Reyes,Rizal,Tagum,Davao del Norte,Davao Region,SkyFlakes Crackers,Snacks,2,15.0,30.0,GCash,Delivered,2026-06-11,02/06/2026
ORD-20260709,2026-04-04,Pedro Garcia,Bagong Silang,Manila,Metro Manila,NCR,Boy Bawang 100g,Snacks,20,18.0,360.0,COD,Pending,,04/04/2026
ORD-20260710,2026-03-23,Carmen Villanueva,San Antonio,Tarlac City,Tarlac,Central Luzon,Colgate Toothpaste 75ml,Personal Care,6,45.0,270.0,GCash,Delivered,2026-03-29,23/03/2026
ORD-20260711,2026-06-10,Fernando Santos,San Antonio,Bacolod,Negros Occidental,Western Visayas,SkyFlakes Crackers,Snacks,13,15.0,195.0,Cash,Delivered,2026-06-18,10/06/2026
ORD-20260712,2026-06-23,Elena Aquino,Santo Nino,Bacolod,Negros Occidental,Western Visayas,Boy Bawang 100g,Snacks,19,18.0,342.0,COD,Delivered,2026-06-29,23/06/2026
ORD-20260713,2026-02-26,Josefina Castillo,Poblacion,Tagbilaran,Bohol,Central Visayas,Argentina Corned Beef,Noodles & Canned Goods,13,35.0,455.0,Cash,Returned,2026-03-05,26/02/2026
ORD-20260714,2026-04-18,Cristina Ocampo,Rizal,Mandaue,Cebu,Central Visayas,Nova Multigrain 78g,Snacks,19,30.0,570.0,Cash,Returned,2026-04-28,18/04/2026
ORD-20260715,2026-06-17,Pedro Castillo,Santo Nino,Cebu City,Cebu,Central Visayas,Nissin Cup Noodles,Noodles & Canned Goods,12,20.0,240.0,Cash,Delivered,2026-06-27,17/06/2026
ORD-20260716,2026-03-31,Pedro Cruz,San Antonio,Cebu City,Cebu,Central Visayas,555 Sardines,Noodles & Canned Goods,2,22.0,44.0,Cash,Pending,,31/03/2026
ORD-20260717,2026-04-11,Jose Ocampo,Bagumbayan,Mandaue,Cebu,Central Visayas,Colgate Toothpaste 75ml,Personal Care,14,45.0,630.0,COD,Returned,2026-04-13,11/04/2026
ORD-20260718,2026-02-20,Cristina Torres,San Antonio,Quezon City,Metro Manila,NCR,Domex Toilet Cleaner,Household Care,13,55.0,715.0,COD,Delivered,2026-03-02,20/02/2026
ORD-20260719,2026-01-16,Luz Reyes,San Jose,Tarlac City,Tarlac,Central Luzon,Surf Powder Sachet,Household Care,18,8.0,144.0,Cash,Delivered,2026-01-18,16/01/2026
ORD-20260720,2026-02-06,Cristina Santos,Poblacion,Makati,Metro Manila,NCR,Nova Multigrain 78g,Snacks,3,30.0,90.0,GCash,Delivered,2026-02-14,06/02/2026
ORD-20260721,2026-05-28,Josefina Pascual,San Jose,Tarlac City,Tarlac,Central Luzon,Safeguard Soap Bar,Personal Care,6,28.0,168.0,Bank Transfer,Cancelled,,28/05/2026
ORD-20260722,2026-05-08,Rosa Aquino,Bagumbayan,Pasig,Metro Manila,NCR,Joy Dishwashing Liquid 250ml,Household Care,7,38.0,266.0,Cash,Delivered,2026-05-10,08/05/2026
ORD-20260723,2026-01-31,Luz Garcia,San Isidro,Tagum,Davao del Norte,Davao Region,Yellow Pad Paper,School & Office Supplies,13,12.0,156.0,Cash,Delivered,2026-02-03,31/01/2026
ORD-20260724,2026-03-18,Maria Bautista,San Antonio,Mandaue,Cebu,Central Visayas,Surf Powder Sachet,Household Care,15,8.0,120.0,Bank Transfer,Cancelled,,18/03/2026
ORD-20260725,2026-06-25,Juan Bautista,San Jose,Angeles City,Pampanga,Central Luzon,SkyFlakes Crackers,Snacks,5,15.0,75.0,Cash,Delivered,2026-06-30,25/06/2026
ORD-20260726,2026-06-11,Jose Torres,San Antonio,Dasmarinas,Cavite,CALABARZON,Nova Multigrain 78g,Snacks,2,30.0,60.0,GCash,Delivered,2026-06-19,11/06/2026
ORD-20260727,2026-02-08,Juan Bautista,San Jose,Angeles City,Pampanga,Central Luzon,Head & Shoulders Sachet,Personal Care,11,7.0,77.0,COD,Delivered,2026-02-15,08/02/2026
ORD-20260728,2026-05-04,Pedro Del Rosario,Rizal,Pasig,Metro Manila,NCR,C2 Green Tea 500ml,Beverages,4,22.0,88.0,Cash,Cancelled,,04/05/2026
ORD-20260729,2026-05-28,Teresa Mendoza,San Isidro,Cebu City,Cebu,Central Visayas,SkyFlakes Crackers,Snacks,2,15.0,30.0,GCash,Returned,2026-06-02,28/05/2026
ORD-20260730,2026-05-27,Josefina Torres,Malinta,Tagum,Davao del Norte,Davao Region,Argentina Corned Beef,Noodles & Canned Goods,12,35.0,420.0,GCash,Delivered,2026-06-06,27/05/2026
ORD-20260731,2026-01-09,Teresa Reyes,Rizal,Iloilo City,Iloilo,Western Visayas,Lucky Me Beef Sotanghon,Noodles & Canned Goods,2,13.0,26.0,COD,Delivered,2026-01-14,09/01/2026
ORD-20260732,2026-03-09,Eduardo Del Rosario,Bagong Silang,Malolos,Bulacan,Central Luzon,Lucky Me Pancit Canton Noodles,Noodles & Canned Goods,11,14.0,154.0,COD,Delivered,2026-03-16,09/03/2026
ORD-20260733,2026-03-26,Ana Ramos,San Antonio,Malolos,Bulacan,Central Luzon,Nescafe 3-in-1 Sachet,Beverages,12,8.0,96.0,Cash,Pending,,26/03/2026
ORD-20260734,2026-03-17,Manuel Santos,Del Pilar,Mandaue,Cebu,Central Visayas,Sta. Maria Crayons,School & Office Supplies,18,40.0,720.0,GCash,Delivered,2026-03-26,17/03/2026
ORD-20260735,2026-03-01,Juan Villanueva,Rizal,Iloilo City,Iloilo,Western Visayas,Domex Toilet Cleaner,Household Care,17,55.0,935.0,Cash,Delivered,2026-03-05,01/03/2026
ORD-20260736,2026-03-14,Juan Torres,Poblacion,Pasig,Metro Manila,NCR,Nova Multigrain 78g,Snacks,4,30.0,120.0,Cash,Delivered,2026-03-21,14/03/2026
ORD-20260737,2026-04-19,Teresa Reyes,Poblacion,Calamba,Laguna,CALABARZON,Yellow Pad Paper,School & Office Supplies,6,12.0,72.0,COD,Delivered,2026-04-22,19/04/2026
ORD-20260738,2026-05-30,Roberto Torres,Del Pilar,Tarlac City,Tarlac,Central Luzon,555 Sardines,Noodles & Canned Goods,13,22.0,286.0,Maya,Delivered,2026-06-06,30/05/2026
ORD-20260739,2026-06-15,Juan Villanueva,Bagumbayan,Pasig,Metro Manila,NCR,CDO Corned Beef,Noodles & Canned Goods,14,33.0,462.0,Maya,Delivered,2026-06-16,15/06/2026
ORD-20260740,2026-03-31,Pedro Reyes,Bagumbayan,Tagum,Davao del Norte,Davao Region,Safeguard Soap Bar,Personal Care,7,28.0,196.0,COD,Cancelled,,31/03/2026
ORD-20260741,2026-04-13,Josefina Ramos,San Isidro,Cebu City,Cebu,Central Visayas,Nescafe 3-in-1 Sachet,Beverages,18,8.0,144.0,GCash,Delivered,2026-04-21,13/04/2026
ORD-20260742,2026-05-21,Pedro Pascual,San Isidro,Manila,Metro Manila,NCR,Head & Shoulders Sachet,Personal Care,9,7.0,63.0,Cash,Delivered,2026-05-26,21/05/2026
ORD-20260743,2026-01-07,Josefina Bautista,Malinta,Calamba,Laguna,CALABARZON,Zonrox Bleach 500ml,Household Care,3,32.0,96.0,Maya,Delivered,2026-01-12,07/01/2026
ORD-20260744,2026-06-27,Eduardo Aquino,Bagong Silang,Tarlac City,Tarlac,Central Luzon,Lucky Me Beef Sotanghon,Noodles & Canned Goods,15,13.0,195.0,Cash,Delivered,2026-07-03,27/06/2026
ORD-20260745,2026-01-15,Josefina Castillo,Poblacion,Tagbilaran,Bohol,Central Visayas,SkyFlakes Crackers,Snacks,4,15.0,60.0,Maya,Delivered,2026-01-18,15/01/2026
ORD-20260746,2026-03-08,Jose Ocampo,Bagumbayan,Mandaue,Cebu,Central Visayas,555 Sardines,Noodles & Canned Goods,8,22.0,176.0,COD,Returned,2026-03-12,08/03/2026
ORD-20260747,2026-01-18,Elena Aquino,Malinta,Iloilo City,Iloilo,Western Visayas,Coca-Cola 1.5L,Beverages,19,65.0,1235.0,Bank Transfer,Delivered,2026-01-20,18/01/2026
ORD-20260748,2026-01-25,Pedro Pascual,San Isidro,Manila,Metro Manila,NCR,Milo Sachet,Beverages,18,9.0,162.0,Maya,Delivered,2026-01-27,25/01/2026
ORD-20260749,2026-06-10,Eduardo Pascual,Bagong Silang,Tarlac City,Tarlac,Central Luzon,Sterling Notebook,School & Office Supplies,7,18.0,126.0,GCash,Delivered,2026-06-15,10/06/2026
ORD-20260750,2026-01-08,Pedro Santos,Del Pilar,Iloilo City,Iloilo,Western Visayas,Nissin Cup Noodles,Noodles & Canned Goods,16,20.0,320.0,COD,Delivered,2026-01-17,08/01/2026
ORD-20260751,2026-06-13,Josefina Ramos,San Isidro,Cebu City,Cebu,Central Visayas,Joy Dishwashing Liquid 250ml,Household Care,20,38.0,760.0,Bank Transfer,Delivered,2026-06-19,13/06/2026
ORD-20260752,2026-02-04,Ricardo Pascual,Santo Nino,Tarlac City,Tarlac,Central Luzon,Domex Toilet Cleaner,Household Care,16,55.0,880.0,COD,Delivered,2026-02-08,04/02/2026
ORD-20260753,2026-06-23,Corazon Ramos,San Jose,Pasig,Metro Manila,NCR,Lucky Me Pancit Canton Noodles,Noodles & Canned Goods,20,14.0,280.0,Bank Transfer,Cancelled,,23/06/2026
ORD-20260754,2026-02-19,Elena Aquino,Malinta,Iloilo City,Iloilo,Western Visayas,Sta. Maria Crayons,School & Office Supplies,14,40.0,560.0,Cash,Delivered,2026-02-28,19/02/2026
ORD-20260755,2026-06-10,Jose Del Rosario,Rizal,Tagbilaran,Bohol,Central Visayas,Safeguard Soap Bar,Personal Care,14,28.0,392.0,Cash,Delivered,2026-06-17,10/06/2026
ORD-20260756,2026-06-06,Corazon Ramos,San Jose,Pasig,Metro Manila,NCR,Sta. Maria Crayons,School & Office Supplies,9,40.0,360.0,Maya,Returned,2026-06-12,06/06/2026
ORD-20260757,2026-04-25,Maria Cruz,Santo Nino,Tagbilaran,Bohol,Central Visayas,555 Sardines,Noodles & Canned Goods,17,22.0,374.0,GCash,Delivered,2026-04-27,25/04/2026
ORD-20260758,2026-05-27,Josefina Santos,San Jose,Bacolod,Negros Occidental,Western Visayas,Argentina Corned Beef,Noodles & Canned Goods,10,35.0,350.0,GCash,Delivered,2026-06-01,27/05/2026
ORD-20260759,2026-04-05,Teresa Torres,Rizal,Mandaue,Cebu,Central Visayas,Piattos 85g,Snacks,5,32.0,160.0,GCash,Cancelled,,05/04/2026
ORD-20260760,2026-06-07,Ramon Ocampo,Malinta,Davao City,Davao del Sur,Davao Region,Argentina Corned Beef,Noodles & Canned Goods,13,35.0,455.0,Cash,Delivered,2026-06-15,07/06/2026
ORD-20260761,2026-04-20,Luz Reyes,San Jose,Tarlac City,Tarlac,Central Luzon,Nescafe 3-in-1 Sachet,Beverages,20,8.0,160.0,Maya,Delivered,2026-04-28,20/04/2026
ORD-20260762,2026-06-16,Manuel Santos,Del Pilar,Tagum,Davao del Norte,Davao Region,Safeguard Soap Bar,Personal Care,5,28.0,140.0,Bank Transfer,Delivered,2026-06-25,16/06/2026
ORD-20260763,2026-05-02,Teresa Torres,Rizal,Mandaue,Cebu,Central Visayas,Head & Shoulders Sachet,Personal Care,9,7.0,63.0,GCash,Cancelled,,02/05/2026
ORD-20260764,2026-04-24,Corazon Villanueva,Rizal,Angeles City,Pampanga,Central Luzon,Nova Multigrain 78g,Snacks,7,30.0,310.0,Cash,Cancelled,,24/04/2026
ORD-20260765,2026-04-09,Antonio Santos,San Isidro,Bacolod,Negros Occidental,Western Visayas,Safeguard Soap Bar,Personal Care,13,28.0,364.0,GCash,Returned,2026-04-10,09/04/2026
ORD-20260766,2026-01-29,Antonio Mendoza,San Isidro,Calamba,Laguna,CALABARZON,Argentina Corned Beef,Noodles & Canned Goods,4,35.0,140.0,Cash,Delivered,2026-02-06,29/01/2026
ORD-20260767,2026-01-25,Roberto Bautista,Del Pilar,Tagum,Davao del Norte,Davao Region,Yellow Pad Paper,School & Office Supplies,1,12.0,12.0,GCash,Cancelled,,25/01/2026
ORD-20260768,2026-02-26,Manuel Reyes,Rizal,Quezon City,Metro Manila,NCR,Head & Shoulders Sachet,Personal Care,12,7.0,84.0,Bank Transfer,Delivered,2026-03-01,26/02/2026
ORD-20260769,2026-04-08,Josefina Torres,Malinta,Tagum,Davao del Norte,Davao Region,Nescafe 3-in-1 Sachet,Beverages,1,8.0,8.0,Bank Transfer,Delivered,2026-04-13,08/04/2026
ORD-20260770,2026-06-21,Maria Santos,Bagumbayan,Bacolod,Negros Occidental,Western Visayas,Zonrox Bleach 500ml,Household Care,9,32.0,288.0,COD,Delivered,2026-06-28,21/06/2026
ORD-20260771,2026-05-23,Juan Torres,Poblacion,Pasig,Metro Manila,NCR,Zonrox Bleach 500ml,Household Care,15,32.0,480.0,Maya,Cancelled,,23/05/2026
ORD-20260772,2026-06-04,Manuel Ramos,Rizal,Tagbilaran,Bohol,Central Visayas,SkyFlakes Crackers,Snacks,19,15.0,285.0,Cash,Returned,2026-06-11,04/06/2026
ORD-20260773,2026-05-28,Corazon Ocampo,Malinta,Iloilo City,Iloilo,Western Visayas,Colgate Toothpaste 75ml,Personal Care,17,45.0,765.0,Cash,Delivered,2026-05-29,28/05/2026
ORD-20260774,2026-01-31,Pedro Cruz,Santo Nino,Manila,Metro Manila,NCR,Head & Shoulders Sachet,Personal Care,14,7.0,98.0,Cash,Delivered,2026-02-05,31/01/2026
ORD-20260775,2026-01-19,Jose Reyes,Rizal,Tagum,Davao del Norte,Davao Region,Milo Sachet,Beverages,10,9.0,90.0,COD,Delivered,2026-01-28,19/01/2026
ORD-20260776,2026-05-17,Elena Cruz,Santo Nino,Angeles City,Pampanga,Central Luzon,Nova Multigrain 78g,Snacks,4,30.0,120.0,COD,Delivered,2026-05-24,17/05/2026
ORD-20260777,2026-03-22,Luz Cruz,San Antonio,Makati,Metro Manila,NCR,555 Sardines,Noodles & Canned Goods,16,22.0,352.0,GCash,Delivered,2026-03-28,22/03/2026
ORD-20260778,2026-04-20,Carmen Reyes,San Jose,Tagbilaran,Bohol,Central Visayas,Nescafe 3-in-1 Sachet,Beverages,4,8.0,32.0,Cash,Delivered,2026-04-30,20/04/2026
ORD-20260779,2026-02-10,Maria Villanueva,Bagong Silang,Malolos,Bulacan,Central Luzon,Sta. Maria Crayons,School & Office Supplies,9,40.0,360.0,COD,Delivered,2026-02-15,10/02/2026
ORD-20260780,2026-03-17,Teresa Villanueva,Santo Nino,Malolos,Bulacan,Central Luzon,Zonrox Bleach 500ml,Household Care,11,32.0,352.0,COD,Delivered,2026-03-20,17/03/2026
ORD-20260781,2026-06-06,Maria Cruz,Del Pilar,Iloilo City,Iloilo,Western Visayas,SkyFlakes Crackers,Snacks,14,15.0,210.0,Cash,Cancelled,,06/06/2026
ORD-20260782,2026-04-05,Eduardo Aquino,Bagong Silang,Tarlac City,Tarlac,Central Luzon,Piattos 85g,Snacks,18,32.0,576.0,COD,Delivered,2026-04-08,05/04/2026
ORD-20260783,2026-06-08,Maria Cruz,Santo Nino,Tagbilaran,Bohol,Central Visayas,SkyFlakes Crackers,Snacks,2,15.0,30.0,Cash,Delivered,2026-06-15,08/06/2026
ORD-20260784,2026-05-07,Ricardo Bautista,Bagong Silang,Tagum,Davao del Norte,Davao Region,Head & Shoulders Sachet,Personal Care,20,7.0,140.0,Cash,Delivered,2026-05-11,07/05/2026
ORD-20260785,2026-02-04,Rosa Del Rosario,Bagumbayan,Angeles City,Pampanga,Central Luzon,Lucky Me Beef Sotanghon,Noodles & Canned Goods,17,13.0,221.0,Maya,Delivered,2026-02-11,04/02/2026
ORD-20260786,2026-01-08,Jose Santos,San Jose,Cebu City,Cebu,Central Visayas,Nescafe 3-in-1 Sachet,Beverages,9,8.0,72.0,COD,Delivered,2026-01-15,08/01/2026
ORD-20260787,2026-05-10,Elena Torres,Malinta,Tarlac City,Tarlac,Central Luzon,Nova Multigrain 78g,Snacks,9,30.0,270.0,GCash,Delivered,2026-05-20,10/05/2026
ORD-20260788,2026-05-07,Jose Castillo,Del Pilar,Malolos,Bulacan,Central Luzon,SkyFlakes Crackers,Snacks,8,15.0,120.0,Maya,Delivered,2026-05-09,07/05/2026
ORD-20260789,2026-01-11,Jose Ocampo,Malinta,Dasmarinas,Cavite,CALABARZON,555 Sardines,Noodles & Canned Goods,5,22.0,110.0,COD,Delivered,2026-01-19,11/01/2026
ORD-20260790,2026-04-08,Manuel Mendoza,Poblacion,Tagbilaran,Bohol,Central Visayas,Zonrox Bleach 500ml,Household Care,11,32.0,352.0,Cash,Pending,,08/04/2026
ORD-20260791,2026-06-08,Teresa Reyes,Poblacion,Calamba,Laguna,CALABARZON,C2 Green Tea 500ml,Beverages,2,22.0,44.0,GCash,Delivered,2026-06-15,08/06/2026
ORD-20260792,2026-06-26,Fernando Santos,San Antonio,Bacolod,Negros Occidental,Western Visayas,Boy Bawang 100g,Snacks,13,18.0,234.0,GCash,Delivered,2026-06-30,26/06/2026
ORD-20260793,2026-01-13,Josefina Pascual,Poblacion,Manila,Metro Manila,NCR,Sta. Maria Crayons,School & Office Supplies,17,40.0,680.0,COD,Cancelled,,13/01/2026
ORD-20260794,2026-01-26,Pedro Torres,San Isidro,Dasmarinas,Cavite,CALABARZON,Zonrox Bleach 500ml,Household Care,15,32.0,480.0,GCash,Delivered,2026-01-28,26/01/2026
ORD-20260795,2026-03-28,Josefina Pascual,San Jose,Tarlac City,Tarlac,Central Luzon,Head & Shoulders Sachet,Personal Care,15,7.0,105.0,COD,Delivered,2026-03-31,28/03/2026
ORD-20260796,2026-02-12,Teresa Reyes,Rizal,Iloilo City,Iloilo,Western Visayas,Nova Multigrain 78g,Snacks,12,30.0,360.0,COD,Delivered,2026-02-19,12/02/2026
ORD-20260797,2026-06-18,Cristina Torres,San Antonio,Quezon City,Metro Manila,NCR,CDO Corned Beef,Noodles & Canned Goods,8,33.0,264.0,COD,Delivered,2026-06-23,18/06/2026
ORD-20260798,2026-04-30,Pedro Pascual,San Isidro,Manila,Metro Manila,NCR,Boy Bawang 100g,Snacks,2,18.0,36.0,COD,Pending,,30/04/2026
ORD-20260799,2026-06-11,Ramon Ocampo,Malinta,Davao City,Davao del Sur,Davao Region,Nescafe 3-in-1 Sachet,Beverages,3,8.0,24.0,COD,Delivered,2026-06-19,11/06/2026
ORD-20260800,2026-01-03,Manuel Flores,Poblacion,Dasmarinas,Cavite,CALABARZON,Lucky Me Beef Sotanghon,Noodles & Canned Goods,17,13.0,221.0,COD,Pending,,03/01/2026
ORD-20260801,2026-05-10,Corazon Ramos,San Jose,Pasig,Metro Manila,NCR,555 Sardines,Noodles & Canned Goods,18,22.0,396.0,GCash,Delivered,2026-05-13,10/05/2026
ORD-20260802,2026-02-07,Maria Bautista,San Antonio,Mandaue,Cebu,Central Visayas,Palmolive Shampoo Sachet,Personal Care,4,6.0,24.0,Cash,Delivered,2026-02-16,07/02/2026
ORD-20260803,2026-06-07,Ana Torres,San Antonio,Pasig,Metro Manila,NCR,Colgate Toothpaste 75ml,Personal Care,10,45.0,450.0,Maya,Delivered,2026-06-11,07/06/2026
ORD-20260804,2026-02-10,Teresa Reyes,Rizal,Iloilo City,Iloilo,Western Visayas,Nova Multigrain 78g,Snacks,14,30.0,420.0,GCash,Pending,,10/02/2026
ORD-20260805,2026-05-14,Corazon Bautista,Bagong Silang,Davao City,Davao del Sur,Davao Region,Sterling Notebook,School & Office Supplies,17,18.0,306.0,GCash,Delivered,2026-05-19,14/05/2026
ORD-20260806,2026-01-17,Fernando Villanueva,Bagumbayan,Bacolod,Negros Occidental,Western Visayas,Milo Sachet,Beverages,18,9.0,162.0,GCash,Cancelled,,17/01/2026
ORD-20260807,2026-03-27,Jose Ocampo,Malinta,Dasmarinas,Cavite,CALABARZON,Head & Shoulders Sachet,Personal Care,19,7.0,133.0,Cash,Delivered,2026-04-04,27/03/2026
ORD-20260808,2026-02-16,Roberto Garcia,Rizal,Manila,Metro Manila,NCR,Coca-Cola 1.5L,Beverages,9,65.0,585.0,Maya,Delivered,2026-02-17,16/02/2026
ORD-20260809,2026-03-05,Teresa Villanueva,San Antonio,Iloilo City,Iloilo,Western Visayas,Nova Multigrain 78g,Snacks,2,30.0,60.0,Cash,Returned,2026-03-12,05/03/2026
ORD-20260810,2026-05-03,Ramon Mendoza,San Jose,Tagum,Davao del Norte,Davao Region,Piattos 85g,Snacks,2,32.0,64.0,Maya,Delivered,2026-05-07,03/05/2026
ORD-20260811,2026-06-23,Cristina Torres,San Antonio,Quezon City,Metro Manila,NCR,Surf Powder Sachet,Household Care,3,8.0,24.0,Cash,Delivered,2026-06-29,23/06/2026
ORD-20260812,2026-06-22,Luz Aquino,Bagong Silang,Tarlac City,Tarlac,Central Luzon,Palmolive Shampoo Sachet,Personal Care,9,6.0,54.0,Cash,Delivered,2026-06-28,22/06/2026
ORD-20260813,2026-05-31,Pedro Reyes,Bagumbayan,Tagum,Davao del Norte,Davao Region,Nissin Cup Noodles,Noodles & Canned Goods,5,20.0,100.0,Maya,Delivered,2026-06-04,31/05/2026
ORD-20260814,2026-05-09,Carmen Pascual,Poblacion,Bacolod,Negros Occidental,Western Visayas,Zonrox Bleach 500ml,Household Care,16,32.0,512.0,Cash,Delivered,2026-05-11,09/05/2026
ORD-20260815,2026-02-04,Luz Castillo,Bagumbayan,Calamba,Laguna,CALABARZON,Head & Shoulders Sachet,Personal Care,12,7.0,84.0,GCash,Delivered,2026-02-08,04/02/2026
ORD-20260816,2026-05-09,Pedro Torres,San Isidro,Dasmarinas,Cavite,CALABARZON,Nova Multigrain 78g,Snacks,2,30.0,60.0,Maya,Delivered,2026-05-14,09/05/2026
ORD-20260817,2026-05-25,Fernando Ramos,Santo Nino,Iloilo City,Iloilo,Western Visayas,Joy Dishwashing Liquid 250ml,Household Care,7,38.0,266.0,GCash,Delivered,2026-06-02,25/05/2026
ORD-20260818,2026-06-26,Elena Garcia,Poblacion,Davao City,Davao del Sur,Davao Region,SkyFlakes Crackers,Snacks,8,15.0,120.0,Maya,Pending,,26/06/2026
ORD-20260819,2026-02-07,Carmen Flores,Del Pilar,Tarlac City,Tarlac,Central Luzon,Colgate Toothpaste 75ml,Personal Care,10,45.0,450.0,Cash,Returned,2026-02-14,07/02/2026
ORD-20260820,2026-06-18,Fernando Mendoza,Santo Nino,Quezon City,Metro Manila,NCR,Lucky Me Beef Sotanghon,Noodles & Canned Goods,10,13.0,130.0,Maya,Cancelled,,18/06/2026
ORD-20260821,2026-03-17,Juan Del Rosario,Poblacion,Davao City,Davao del Sur,Davao Region,Sterling Notebook,School & Office Supplies,4,18.0,72.0,COD,Cancelled,,17/03/2026
ORD-20260822,2026-05-30,Maria Cruz,Santo Nino,Tagbilaran,Bohol,Central Visayas,Lucky Me Beef Sotanghon,Noodles & Canned Goods,3,13.0,39.0,GCash,Pending,,30/05/2026
ORD-20260823,2026-01-14,Eduardo Garcia,Poblacion,Tarlac City,Tarlac,Central Luzon,C2 Green Tea 500ml,Beverages,3,22.0,66.0,GCash,Delivered,2026-01-16,14/01/2026
ORD-20260824,2026-05-29,Josefina Pascual,Poblacion,Manila,Metro Manila,NCR,Argentina Corned Beef,Noodles & Canned Goods,19,35.0,665.0,Bank Transfer,Delivered,2026-06-03,29/05/2026
ORD-20260825,2026-06-13,Antonio Bautista,Del Pilar,Tarlac City,Tarlac,Central Luzon,Lucky Me Beef Sotanghon,Noodles & Canned Goods,9,13.0,117.0,COD,Delivered,2026-06-14,13/06/2026
ORD-20260826,2026-06-25,Ramon Mendoza,San Jose,Tagum,Davao del Norte,Davao Region,Sterling Notebook,School & Office Supplies,3,18.0,54.0,Cash,Delivered,2026-07-05,25/06/2026
ORD-20260827,2026-06-05,Corazon Aquino,San Antonio,Tagum,Davao del Norte,Davao Region,Palmolive Shampoo Sachet,Personal Care,11,6.0,66.0,COD,Delivered,2026-06-06,05/06/2026
ORD-20260828,2026-04-14,Luz Ocampo,San Antonio,Bacolod,Negros Occidental,Western Visayas,Nissin Cup Noodles,Noodles & Canned Goods,5,20.0,100.0,Maya,Delivered,2026-04-15,14/04/2026
ORD-20260829,2026-01-18,Pedro Cruz,Santo Nino,Manila,Metro Manila,NCR,555 Sardines,Noodles & Canned Goods,13,22.0,286.0,Cash,Delivered,2026-01-27,18/01/2026
ORD-20260830,2026-06-10,Elena Cruz,Santo Nino,Angeles City,Pampanga,Central Luzon,Domex Toilet Cleaner,Household Care,6,55.0,330.0,COD,Returned,2026-06-13,10/06/2026
ORD-20260831,2026-01-10,Pedro Castillo,Santo Nino,Cebu City,Cebu,Central Visayas,C2 Green Tea 500ml,Beverages,12,22.0,264.0,COD,Pending,,10/01/2026
ORD-20260832,2026-06-12,Maria Flores,San Isidro,Makati,Metro Manila,NCR,Yellow Pad Paper,School & Office Supplies,18,12.0,216.0,Cash,Delivered,2026-06-16,12/06/2026
ORD-20260833,2026-01-06,Antonio Castillo,Rizal,Angeles City,Pampanga,Central Luzon,C2 Green Tea 500ml,Beverages,5,22.0,110.0,Cash,Returned,2026-01-12,06/01/2026
ORD-20260834,2026-06-08,Luz Pascual,Santo Nino,Cebu City,Cebu,Central Visayas,Lucky Me Beef Sotanghon,Noodles & Canned Goods,6,13.0,78.0,COD,Cancelled,,08/06/2026
ORD-20260835,2026-03-22,Maria Bautista,San Antonio,Mandaue,Cebu,Central Visayas,Boy Bawang 100g,Snacks,16,18.0,288.0,COD,Delivered,2026-03-30,22/03/2026
ORD-20260836,2026-05-30,Fernando Garcia,Bagong Silang,Tagbilaran,Bohol,Central Visayas,ILUV Ballpen,School & Office Supplies,9,10.0,90.0,Cash,Delivered,2026-06-08,30/05/2026
ORD-20260837,2026-03-23,Corazon Reyes,Malinta,Calamba,Laguna,CALABARZON,ILUV Ballpen,School & Office Supplies,20,10.0,200.0,COD,Delivered,2026-03-25,23/03/2026
ORD-20260838,2026-06-20,Corazon Bautista,Bagumbayan,Bacolod,Negros Occidental,Western Visayas,Nova Multigrain 78g,Snacks,14,30.0,420.0,GCash,Delivered,2026-06-21,20/06/2026
ORD-20260839,2026-06-14,Ana Torres,San Antonio,Pasig,Metro Manila,NCR,ILUV Ballpen,School & Office Supplies,6,10.0,60.0,GCash,Delivered,2026-06-16,14/06/2026
ORD-20260840,2026-03-08,Maria Villanueva,Bagong Silang,Malolos,Bulacan,Central Luzon,Nescafe 3-in-1 Sachet,Beverages,2,8.0,16.0,GCash,Delivered,2026-03-16,08/03/2026
ORD-20260841,2026-06-16,Jose Cruz,Santo Nino,Angeles City,Pampanga,Central Luzon,Milo Sachet,Beverages,1,9.0,9.0,Maya,Delivered,2026-06-17,16/06/2026
ORD-20260842,2026-05-15,Juan Bautista,San Jose,Angeles City,Pampanga,Central Luzon,SkyFlakes Crackers,Snacks,10,15.0,150.0,Cash,Delivered,2026-05-25,15/05/2026
ORD-20260843,2026-02-15,Juan Torres,Poblacion,Pasig,Metro Manila,NCR,Safeguard Soap Bar,Personal Care,19,28.0,532.0,Cash,Delivered,2026-02-25,15/02/2026
ORD-20260844,2026-01-08,Antonio Flores,Bagumbayan,Angeles City,Pampanga,Central Luzon,Lucky Me Pancit Canton Noodles,Noodles & Canned Goods,8,14.0,112.0,GCash,Delivered,2026-01-14,08/01/2026
ORD-20260845,2026-05-04,Pedro Garcia,Poblacion,Pasig,Metro Manila,NCR,Nova Multigrain 78g,Snacks,5,30.0,150.0,GCash,Delivered,2026-05-12,04/05/2026
ORD-20260846,2026-02-24,Maria Villanueva,Malinta,Calamba,Laguna,CALABARZON,Milo Sachet,Beverages,3,9.0,27.0,Maya,Delivered,2026-03-01,24/02/2026
ORD-20260847,2026-03-07,Teresa Torres,San Antonio,Tagum,Davao del Norte,Davao Region,Lucky Me Pancit Canton Noodles,Noodles & Canned Goods,17,14.0,238.0,GCash,Delivered,2026-03-17,07/03/2026
ORD-20260848,2026-03-24,Elena Aquino,Santo Nino,Bacolod,Negros Occidental,Western Visayas,Head & Shoulders Sachet,Personal Care,8,7.0,56.0,COD,Delivered,2026-03-27,24/03/2026
ORD-20260849,2026-02-21,Josefina Reyes,Poblacion,Dasmarinas,Cavite,CALABARZON,Argentina Corned Beef,Noodles & Canned Goods,9,35.0,315.0,Bank Transfer,Delivered,2026-02-28,21/02/2026
ORD-20260850,2026-03-06,Maria Castillo,Rizal,Tagum,Davao del Norte,Davao Region,Head & Shoulders Sachet,Personal Care,8,7.0,56.0,COD,Delivered,2026-03-16,06/03/2026
ORD-20260851,2026-05-12,Juan Del Rosario,Poblacion,Davao City,Davao del Sur,Davao Region,Yellow Pad Paper,School & Office Supplies,18,12.0,216.0,COD,Delivered,2026-05-18,12/05/2026
ORD-20260852,2026-02-17,Ana Villanueva,San Antonio,Tarlac City,Tarlac,Central Luzon,Nissin Cup Noodles,Noodles & Canned Goods,6,20.0,120.0,Maya,Delivered,2026-02-20,17/02/2026
ORD-20260853,2026-01-20,Maria Mendoza,Del Pilar,Manila,Metro Manila,NCR,Safeguard Soap Bar,Personal Care,1,28.0,28.0,GCash,Delivered,2026-01-29,20/01/2026
ORD-20260854,2026-06-27,Roberto Del Rosario,San Isidro,Malolos,Bulacan,Central Luzon,Coca-Cola 1.5L,Beverages,4,65.0,260.0,COD,Delivered,2026-07-01,27/06/2026
ORD-20260855,2026-06-25,Ricardo Garcia,Santo Nino,Batangas City,Batangas,CALABARZON,Domex Toilet Cleaner,Household Care,19,55.0,1045.0,GCash,Delivered,2026-07-03,25/06/2026
ORD-20260856,2026-02-15,Maria Cruz,Del Pilar,Iloilo City,Iloilo,Western Visayas,Sterling Notebook,School & Office Supplies,2,18.0,36.0,COD,Cancelled,,15/02/2026
ORD-20260857,2026-02-20,Ricardo Flores,San Jose,Tagbilaran,Bohol,Central Visayas,Lucky Me Beef Sotanghon,Noodles & Canned Goods,13,13.0,169.0,GCash,Returned,2026-02-23,20/02/2026
ORD-20260858,2026-01-15,Maria Mendoza,Del Pilar,Manila,Metro Manila,NCR,555 Sardines,Noodles & Canned Goods,17,22.0,374.0,Cash,Cancelled,,15/01/2026
ORD-20260859,2026-02-04,Manuel Santos,Del Pilar,Tagum,Davao del Norte,Davao Region,Boy Bawang 100g,Snacks,1,18.0,18.0,GCash,Cancelled,,04/02/2026
ORD-20260860,2026-05-17,Teresa Mendoza,San Isidro,Cebu City,Cebu,Central Visayas,Piattos 85g,Snacks,20,32.0,640.0,COD,Delivered,2026-05-20,17/05/2026
ORD-20260861,2026-06-19,Maria Cruz,Santo Nino,Tagbilaran,Bohol,Central Visayas,Sterling Notebook,School & Office Supplies,1,18.0,18.0,Cash,Delivered,2026-06-22,19/06/2026
ORD-20260862,2026-01-01,Teresa Pascual,Bagong Silang,Tagum,Davao del Norte,Davao Region,Nescafe 3-in-1 Sachet,Beverages,15,8.0,120.0,Maya,Returned,2026-01-11,01/01/2026
ORD-20260863,2026-06-03,Rosa Del Rosario,Bagumbayan,Angeles City,Pampanga,Central Luzon,Argentina Corned Beef,Noodles & Canned Goods,2,35.0,70.0,Maya,Returned,2026-06-05,03/06/2026
ORD-20260864,2026-03-23,Teresa Santos,Del Pilar,Davao City,Davao del Sur,Davao Region,Piattos 85g,Snacks,6,32.0,192.0,COD,Delivered,2026-03-26,23/03/2026
ORD-20260865,2026-03-16,Antonio Castillo,Rizal,Angeles City,Pampanga,Central Luzon,Piattos 85g,Snacks,19,32.0,608.0,COD,Delivered,2026-03-22,16/03/2026
ORD-20260866,2026-04-08,Pedro Pascual,San Isidro,Manila,Metro Manila,NCR,Nissin Cup Noodles,Noodles & Canned Goods,7,20.0,140.0,COD,Delivered,2026-04-10,08/04/2026
ORD-20260867,2026-03-09,Antonio Santos,Del Pilar,Iloilo City,Iloilo,Western Visayas,Domex Toilet Cleaner,Household Care,8,55.0,440.0,COD,Delivered,2026-03-18,09/03/2026
ORD-20260868,2026-03-21,Josefina Bautista,Malinta,Calamba,Laguna,CALABARZON,Yellow Pad Paper,School & Office Supplies,11,12.0,132.0,COD,Delivered,2026-03-29,21/03/2026
ORD-20260869,2026-04-09,Jose Reyes,Rizal,Tagum,Davao del Norte,Davao Region,Surf Powder Sachet,Household Care,10,8.0,80.0,COD,Delivered,2026-04-13,09/04/2026
ORD-20260870,2026-03-17,Ana Cruz,Santo Nino,Manila,Metro Manila,NCR,Coca-Cola 1.5L,Beverages,3,65.0,195.0,COD,Delivered,2026-03-21,17/03/2026
ORD-20260871,2026-06-18,Juan Villanueva,Bagumbayan,Pasig,Metro Manila,NCR,Nova Multigrain 78g,Snacks,18,30.0,540.0,Cash,Delivered,2026-06-19,18/06/2026
ORD-20260872,2026-01-13,Pedro Garcia,Bagong Silang,Manila,Metro Manila,NCR,ILUV Ballpen,School & Office Supplies,8,10.0,80.0,GCash,Delivered,2026-01-14,13/01/2026
ORD-20260873,2026-06-24,Rosa Aquino,Bagumbayan,Pasig,Metro Manila,NCR,Argentina Corned Beef,Noodles & Canned Goods,1,35.0,35.0,Maya,Delivered,2026-07-04,24/06/2026
ORD-20260874,2026-04-21,Jose Castillo,Del Pilar,Malolos,Bulacan,Central Luzon,Milo Sachet,Beverages,7,9.0,63.0,COD,Delivered,2026-04-30,21/04/2026
ORD-20260875,2026-02-28,Manuel Mendoza,Poblacion,Mandaue,Cebu,Central Visayas,C2 Green Tea 500ml,Beverages,11,22.0,242.0,Cash,Delivered,2026-03-05,28/02/2026
ORD-20260876,2026-05-02,Josefina Ocampo,San Antonio,Davao City,Davao del Sur,Davao Region,Nescafe 3-in-1 Sachet,Beverages,7,8.0,56.0,Maya,Delivered,2026-05-03,02/05/2026
ORD-20260877,2026-01-15,Pedro Pascual,San Isidro,Manila,Metro Manila,NCR,Head & Shoulders Sachet,Personal Care,20,7.0,140.0,Maya,Returned,2026-01-19,15/01/2026
ORD-20260878,2026-01-15,Ana Ramos,San Antonio,Malolos,Bulacan,Central Luzon,Colgate Toothpaste 75ml,Personal Care,15,45.0,675.0,COD,Delivered,2026-01-20,15/01/2026
ORD-20260879,2026-03-01,Luz Ocampo,San Antonio,Bacolod,Negros Occidental,Western Visayas,Safeguard Soap Bar,Personal Care,18,28.0,504.0,Cash,Delivered,2026-03-05,01/03/2026
ORD-20260880,2026-06-21,Jose Castillo,Malinta,Bacolod,Negros Occidental,Western Visayas,Palmolive Shampoo Sachet,Personal Care,18,6.0,108.0,Cash,Pending,,21/06/2026
ORD-20260881,2026-06-28,Teresa Pascual,Bagong Silang,Tagum,Davao del Norte,Davao Region,Zonrox Bleach 500ml,Household Care,17,32.0,544.0,COD,Cancelled,,28/06/2026
ORD-20260882,2026-02-27,Teresa Santos,Del Pilar,Davao City,Davao del Sur,Davao Region,Joy Dishwashing Liquid 250ml,Household Care,14,38.0,532.0,GCash,Delivered,2026-03-01,27/02/2026
ORD-20260883,2026-02-25,Carmen Reyes,San Jose,Tagbilaran,Bohol,Central Visayas,Palmolive Shampoo Sachet,Personal Care,17,6.0,102.0,Maya,Delivered,2026-03-06,25/02/2026
ORD-20260884,2026-06-10,Cristina Castillo,Santo Nino,Mandaue,Cebu,Central Visayas,Lucky Me Pancit Canton Noodles,Noodles & Canned Goods,18,14.0,252.0,GCash,Pending,,10/06/2026
ORD-20260885,2026-01-03,Cristina Garcia,Del Pilar,Dasmarinas,Cavite,CALABARZON,Safeguard Soap Bar,Personal Care,1,28.0,28.0,COD,Cancelled,,03/01/2026
ORD-20260886,2026-04-13,Elena Aquino,Malinta,Iloilo City,Iloilo,Western Visayas,Palmolive Shampoo Sachet,Personal Care,14,6.0,84.0,COD,Returned,2026-04-19,13/04/2026
ORD-20260887,2026-04-24,Fernando Ramos,Santo Nino,Iloilo City,Iloilo,Western Visayas,Sta. Maria Crayons,School & Office Supplies,12,40.0,480.0,Bank Transfer,Delivered,2026-05-02,24/04/2026
ORD-20260888,2026-04-30,Josefina Flores,Bagumbayan,Iloilo City,Iloilo,Western Visayas,Head & Shoulders Sachet,Personal Care,15,7.0,105.0,COD,Delivered,2026-05-01,30/04/2026
ORD-20260889,2026-02-05,Roberto Torres,Del Pilar,Tarlac City,Tarlac,Central Luzon,Zonrox Bleach 500ml,Household Care,5,32.0,160.0,Maya,Returned,2026-02-11,05/02/2026
ORD-20260890,2026-04-13,Carmen Mendoza,Santo Nino,Malolos,Bulacan,Central Luzon,Joy Dishwashing Liquid 250ml,Household Care,6,38.0,228.0,GCash,Delivered,2026-04-14,13/04/2026
ORD-20260891,2026-02-11,Carmen Villanueva,San Antonio,Tarlac City,Tarlac,Central Luzon,CDO Corned Beef,Noodles & Canned Goods,3,33.0,99.0,GCash,Returned,2026-02-15,11/02/2026
ORD-20260892,2026-03-01,Pedro Torres,Bagong Silang,Cebu City,Cebu,Central Visayas,ILUV Ballpen,School & Office Supplies,2,10.0,20.0,Cash,Delivered,2026-03-02,01/03/2026
ORD-20260893,2026-02-18,Teresa Villanueva,San Antonio,Iloilo City,Iloilo,Western Visayas,Lucky Me Pancit Canton Noodles,Noodles & Canned Goods,9,14.0,126.0,COD,Delivered,2026-02-20,18/02/2026
ORD-20260894,2026-04-18,Manuel Santos,Del Pilar,Tagum,Davao del Norte,Davao Region,Yellow Pad Paper,School & Office Supplies,13,12.0,156.0,Bank Transfer,Returned,2026-04-25,18/04/2026
ORD-20260895,2026-05-22,Luz Castillo,Bagumbayan,Calamba,Laguna,CALABARZON,Domex Toilet Cleaner,Household Care,3,55.0,165.0,GCash,Delivered,2026-05-28,22/05/2026
ORD-20260896,2026-06-25,Fernando Santos,San Antonio,Bacolod,Negros Occidental,Western Visayas,SkyFlakes Crackers,Snacks,6,15.0,90.0,COD,Cancelled,,25/06/2026
ORD-20260897,2026-04-12,Maria Castillo,San Antonio,Malolos,Bulacan,Central Luzon,SkyFlakes Crackers,Snacks,1,15.0,15.0,GCash,Delivered,2026-04-21,12/04/2026
ORD-20260898,2026-03-29,Manuel Reyes,Rizal,Quezon City,Metro Manila,NCR,Piattos 85g,Snacks,6,32.0,192.0,COD,Delivered,2026-04-06,29/03/2026
ORD-20260899,2026-04-16,Manuel Aquino,Malinta,Bacolod,Negros Occidental,Western Visayas,Yellow Pad Paper,School & Office Supplies,7,12.0,84.0,COD,Delivered,2026-04-18,16/04/2026
ORD-20260900,2026-05-26,Luz Reyes,Poblacion,Dasmarinas,Cavite,CALABARZON,Milo Sachet,Beverages,7,9.0,63.0,GCash,Cancelled,,26/05/2026
ORD-20260901,2026-02-26,Manuel Ramos,Rizal,Tagbilaran,Bohol,Central Visayas,Domex Toilet Cleaner,Household Care,1,55.0,55.0,Cash,Cancelled,,26/02/2026
ORD-20260902,2026-03-24,Ricardo Pascual,Santo Nino,Tarlac City,Tarlac,Central Luzon,Nissin Cup Noodles,Noodles & Canned Goods,2,20.0,40.0,COD,Delivered,2026-04-02,24/03/2026
ORD-20260903,2026-03-31,Carmen Villanueva,San Antonio,Tarlac City,Tarlac,Central Luzon,Milo Sachet,Beverages,14,9.0,126.0,Cash,Delivered,2026-04-07,31/03/2026
ORD-20260904,2026-06-03,Josefina Pascual,Poblacion,Manila,Metro Manila,NCR,SkyFlakes Crackers,Snacks,5,15.0,75.0,Maya,Pending,,03/06/2026
ORD-20260905,2026-06-21,Pedro Castillo,Santo Nino,Cebu City,Cebu,Central Visayas,Joy Dishwashing Liquid 250ml,Household Care,19,38.0,722.0,Cash,Delivered,2026-06-30,21/06/2026
ORD-20260906,2026-04-18,Josefina Mendoza,San Antonio,Angeles City,Pampanga,Central Luzon,Sterling Notebook,School & Office Supplies,4,18.0,72.0,Maya,Pending,,18/04/2026
ORD-20260907,2026-05-06,Pedro Torres,San Jose,Tarlac City,Tarlac,Central Luzon,ILUV Ballpen,School & Office Supplies,13,10.0,130.0,GCash,Delivered,2026-05-15,06/05/2026
ORD-20260908,2026-03-12,Ramon Mendoza,San Jose,Tagum,Davao del Norte,Davao Region,Boy Bawang 100g,Snacks,7,18.0,126.0,Cash,Delivered,2026-03-20,12/03/2026
ORD-20260909,2026-02-11,Pedro Cruz,San Antonio,Cebu City,Cebu,Central Visayas,Palmolive Shampoo Sachet,Personal Care,18,6.0,108.0,Cash,Delivered,2026-02-21,11/02/2026
ORD-20260910,2026-04-30,Ricardo Flores,San Isidro,Iloilo City,Iloilo,Western Visayas,555 Sardines,Noodles & Canned Goods,17,22.0,374.0,GCash,Pending,,30/04/2026
ORD-20260911,2026-03-26,Carmen Villanueva,San Antonio,Tarlac City,Tarlac,Central Luzon,Nova Multigrain 78g,Snacks,8,30.0,240.0,COD,Delivered,2026-03-28,26/03/2026
ORD-20260912,2026-06-22,Cristina Torres,San Antonio,Quezon City,Metro Manila,NCR,SkyFlakes Crackers,Snacks,1,15.0,15.0,COD,Delivered,2026-06-26,22/06/2026
ORD-20260913,2026-04-24,Josefina Torres,Malinta,Tagum,Davao del Norte,Davao Region,Nova Multigrain 78g,Snacks,2,30.0,60.0,Cash,Cancelled,,24/04/2026
ORD-20260914,2026-06-14,Fernando Garcia,Bagong Silang,Tagbilaran,Bohol,Central Visayas,Boy Bawang 100g,Snacks,10,18.0,180.0,COD,Delivered,2026-06-16,14/06/2026
ORD-20260915,2026-03-19,Eduardo Del Rosario,Bagong Silang,Malolos,Bulacan,Central Luzon,Surf Powder Sachet,Household Care,11,8.0,88.0,COD,Delivered,2026-03-29,19/03/2026
ORD-20260916,2026-02-24,Jose Ocampo,Bagumbayan,Mandaue,Cebu,Central Visayas,Argentina Corned Beef,Noodles & Canned Goods,12,35.0,420.0,GCash,Delivered,2026-03-03,24/02/2026
ORD-20260917,2026-05-13,Elena Cruz,Santo Nino,Angeles City,Pampanga,Central Luzon,Zonrox Bleach 500ml,Household Care,18,32.0,576.0,Cash,Cancelled,,13/05/2026
ORD-20260918,2026-01-20,Elena Garcia,San Antonio,Mandaue,Cebu,Central Visayas,Joy Dishwashing Liquid 250ml,Household Care,19,38.0,722.0,COD,Returned,2026-01-24,20/01/2026
ORD-20260919,2026-03-30,Maria Santos,Bagumbayan,Bacolod,Negros Occidental,Western Visayas,555 Sardines,Noodles & Canned Goods,4,22.0,88.0,COD,Delivered,2026-04-07,30/03/2026
ORD-20260920,2026-03-02,Roberto Aquino,San Antonio,Cebu City,Cebu,Central Visayas,Colgate Toothpaste 75ml,Personal Care,16,45.0,720.0,GCash,Delivered,2026-03-03,02/03/2026
ORD-20260921,2026-05-22,Jose Flores,Bagumbayan,Bacolod,Negros Occidental,Western Visayas,Lucky Me Pancit Canton Noodles,Noodles & Canned Goods,1,14.0,14.0,Maya,Delivered,2026-05-25,22/05/2026
ORD-20260922,2026-05-12,Maria Mendoza,Del Pilar,Manila,Metro Manila,NCR,Coca-Cola 1.5L,Beverages,8,65.0,520.0,Cash,Cancelled,,12/05/2026
ORD-20260923,2026-02-15,Corazon Torres,Bagumbayan,Cebu City,Cebu,Central Visayas,Surf Powder Sachet,Household Care,9,8.0,72.0,GCash,Delivered,2026-02-19,15/02/2026
ORD-20260924,2026-05-20,Pedro Reyes,Bagumbayan,Tagum,Davao del Norte,Davao Region,C2 Green Tea 500ml,Beverages,19,22.0,418.0,COD,Delivered,2026-05-26,20/05/2026
ORD-20260925,2026-03-22,Jose Castillo,Del Pilar,Malolos,Bulacan,Central Luzon,Argentina Corned Beef,Noodles & Canned Goods,6,35.0,210.0,COD,Delivered,2026-03-30,22/03/2026
ORD-20260926,2026-03-19,Carmen Villanueva,San Antonio,Tarlac City,Tarlac,Central Luzon,C2 Green Tea 500ml,Beverages,3,22.0,66.0,Cash,Delivered,2026-03-26,19/03/2026
ORD-20260927,2026-04-02,Ricardo Pascual,Santo Nino,Tarlac City,Tarlac,Central Luzon,C2 Green Tea 500ml,Beverages,18,22.0,396.0,Bank Transfer,Pending,,02/04/2026
ORD-20260928,2026-03-08,Elena Aquino,Malinta,Iloilo City,Iloilo,Western Visayas,Lucky Me Beef Sotanghon,Noodles & Canned Goods,8,13.0,104.0,Cash,Delivered,2026-03-13,08/03/2026
ORD-20260929,2026-03-31,Josefina Torres,Malinta,Tagum,Davao del Norte,Davao Region,Colgate Toothpaste 75ml,Personal Care,18,45.0,810.0,COD,Pending,,31/03/2026
ORD-20260930,2026-01-13,Carmen Mendoza,Santo Nino,Malolos,Bulacan,Central Luzon,Lucky Me Beef Sotanghon,Noodles & Canned Goods,20,13.0,260.0,Cash,Delivered,2026-01-18,13/01/2026
ORD-20260931,2026-06-10,Manuel Mendoza,Poblacion,Mandaue,Cebu,Central Visayas,Sterling Notebook,School & Office Supplies,16,18.0,288.0,Cash,Returned,2026-06-14,10/06/2026
ORD-20260932,2026-04-01,Josefina Ocampo,San Antonio,Davao City,Davao del Sur,Davao Region,Sta. Maria Crayons,School & Office Supplies,12,40.0,480.0,Cash,Delivered,2026-04-06,01/04/2026
ORD-20260933,2026-05-12,Ricardo Aquino,San Isidro,Cebu City,Cebu,Central Visayas,Sterling Notebook,School & Office Supplies,15,18.0,270.0,COD,Cancelled,,12/05/2026
ORD-20260934,2026-02-19,Antonio Santos,San Isidro,Bacolod,Negros Occidental,Western Visayas,Coca-Cola 1.5L,Beverages,17,65.0,1105.0,Cash,Returned,2026-02-27,19/02/2026
ORD-20260935,2026-01-16,Carmen Reyes,San Jose,Tagbilaran,Bohol,Central Visayas,C2 Green Tea 500ml,Beverages,11,22.0,242.0,COD,Pending,,16/01/2026
ORD-20260936,2026-06-27,Ricardo Aquino,San Isidro,Cebu City,Cebu,Central Visayas,Coca-Cola 1.5L,Beverages,6,65.0,390.0,COD,Pending,,27/06/2026
ORD-20260937,2026-05-23,Teresa Mendoza,San Isidro,Cebu City,Cebu,Central Visayas,Sterling Notebook,School & Office Supplies,13,18.0,234.0,COD,Delivered,2026-05-24,23/05/2026
ORD-20260938,2026-05-02,Eduardo Bautista,San Jose,Cebu City,Cebu,Central Visayas,Boy Bawang 100g,Snacks,7,18.0,126.0,COD,Cancelled,,02/05/2026
ORD-20260939,2026-06-11,Roberto Bautista,San Jose,Calamba,Laguna,CALABARZON,SkyFlakes Crackers,Snacks,14,15.0,210.0,COD,Delivered,2026-06-13,11/06/2026
ORD-20260940,2026-05-09,Fernando Pascual,Malinta,Malolos,Bulacan,Central Luzon,Nova Multigrain 78g,Snacks,5,30.0,150.0,GCash,Delivered,2026-05-17,09/05/2026
ORD-20260941,2026-03-22,Maria Pascual,Bagumbayan,Tagum,Davao del Norte,Davao Region,Nescafe 3-in-1 Sachet,Beverages,17,8.0,136.0,Cash,Delivered,2026-03-24,22/03/2026
ORD-20260942,2026-01-01,Roberto Santos,Del Pilar,Bacolod,Negros Occidental,Western Visayas,Joy Dishwashing Liquid 250ml,Household Care,17,38.0,646.0,GCash,Delivered,2026-01-05,01/01/2026
ORD-20260943,2026-03-18,Jose Castillo,Del Pilar,Malolos,Bulacan,Central Luzon,C2 Green Tea 500ml,Beverages,5,22.0,110.0,Cash,Delivered,2026-03-28,18/03/2026
ORD-20260944,2026-01-14,Ricardo Pascual,Santo Nino,Tarlac City,Tarlac,Central Luzon,Domex Toilet Cleaner,Household Care,18,55.0,990.0,Bank Transfer,Delivered,2026-01-22,14/01/2026
ORD-20260945,2026-01-06,Roberto Aquino,San Antonio,Cebu City,Cebu,Central Visayas,Piattos 85g,Snacks,17,32.0,544.0,COD,Delivered,2026-01-12,06/01/2026
ORD-20260946,2026-06-29,Eduardo Mendoza,Bagong Silang,Batangas City,Batangas,CALABARZON,Nissin Cup Noodles,Noodles & Canned Goods,7,20.0,140.0,Maya,Returned,2026-07-08,29/06/2026
ORD-20260947,2026-05-27,Juan Villanueva,Bagumbayan,Pasig,Metro Manila,NCR,Domex Toilet Cleaner,Household Care,11,55.0,605.0,COD,Pending,,27/05/2026
ORD-20260948,2026-01-01,Rosa Cruz,San Isidro,Tarlac City,Tarlac,Central Luzon,Palmolive Shampoo Sachet,Personal Care,17,6.0,102.0,Cash,Delivered,2026-01-11,01/01/2026
ORD-20260949,2026-02-27,Ana Torres,San Antonio,Pasig,Metro Manila,NCR,Domex Toilet Cleaner,Household Care,14,55.0,770.0,COD,Delivered,2026-03-01,27/02/2026
ORD-20260950,2026-05-29,Pedro Reyes,Bagumbayan,Tagum,Davao del Norte,Davao Region,Argentina Corned Beef,Noodles & Canned Goods,1,35.0,35.0,Cash,Delivered,2026-05-31,29/05/2026
ORD-20260951,2026-04-15,Eduardo Mendoza,San Isidro,Cebu City,Cebu,Central Visayas,CDO Corned Beef,Noodles & Canned Goods,1,33.0,33.0,COD,Delivered,2026-04-18,15/04/2026
ORD-20260952,2026-04-29,Roberto Flores,Malinta,Dasmarinas,Cavite,CALABARZON,555 Sardines,Noodles & Canned Goods,5,22.0,110.0,Maya,Delivered,2026-05-09,29/04/2026
ORD-20260953,2026-04-04,Teresa Torres,San Antonio,Tagum,Davao del Norte,Davao Region,CDO Corned Beef,Noodles & Canned Goods,2,33.0,66.0,Maya,Delivered,2026-04-08,04/04/2026
ORD-20260954,2026-06-20,Pedro Cruz,Santo Nino,Manila,Metro Manila,NCR,Surf Powder Sachet,Household Care,11,8.0,88.0,GCash,Delivered,2026-06-24,20/06/2026
ORD-20260955,2026-02-07,Luz Reyes,San Jose,Tarlac City,Tarlac,Central Luzon,Milo Sachet,Beverages,19,9.0,171.0,GCash,Delivered,2026-02-12,07/02/2026
ORD-20260956,2026-03-28,Antonio Flores,Del Pilar,Manila,Metro Manila,NCR,Nissin Cup Noodles,Noodles & Canned Goods,12,20.0,240.0,GCash,Delivered,2026-04-07,28/03/2026
ORD-20260957,2026-05-07,Pedro Ocampo,Santo Nino,Cebu City,Cebu,Central Visayas,CDO Corned Beef,Noodles & Canned Goods,6,33.0,198.0,GCash,Delivered,2026-05-08,07/05/2026
ORD-20260958,2026-06-19,Teresa Santos,Del Pilar,Davao City,Davao del Sur,Davao Region,Colgate Toothpaste 75ml,Personal Care,9,45.0,405.0,Cash,Cancelled,,19/06/2026
ORD-20260959,2026-02-16,Elena Villanueva,Poblacion,Malolos,Bulacan,Central Luzon,Argentina Corned Beef,Noodles & Canned Goods,2,35.0,70.0,Cash,Returned,2026-02-20,16/02/2026
ORD-20260960,2026-04-20,Juan Bautista,San Jose,Angeles City,Pampanga,Central Luzon,Lucky Me Pancit Canton Noodles,Noodles & Canned Goods,8,14.0,112.0,GCash,Delivered,2026-04-25,20/04/2026
ORD-20260961,2026-02-10,Elena Garcia,San Antonio,Mandaue,Cebu,Central Visayas,Nissin Cup Noodles,Noodles & Canned Goods,16,20.0,320.0,GCash,Returned,2026-02-18,10/02/2026
ORD-20260962,2026-01-02,Corazon Bautista,Bagumbayan,Bacolod,Negros Occidental,Western Visayas,Safeguard Soap Bar,Personal Care,12,28.0,336.0,GCash,Cancelled,,02/01/2026
ORD-20260963,2026-05-21,Jose Ocampo,Malinta,Dasmarinas,Cavite,CALABARZON,SkyFlakes Crackers,Snacks,19,15.0,285.0,COD,Delivered,2026-05-30,21/05/2026
ORD-20260964,2026-04-19,Jose Ocampo,Bagumbayan,Mandaue,Cebu,Central Visayas,Yellow Pad Paper,School & Office Supplies,17,12.0,204.0,Cash,Delivered,2026-04-26,19/04/2026
ORD-20260965,2026-04-29,Maria Castillo,San Antonio,Malolos,Bulacan,Central Luzon,Piattos 85g,Snacks,12,32.0,384.0,Cash,Delivered,2026-05-03,29/04/2026
ORD-20260966,2026-05-07,Ana Del Rosario,Santo Nino,Manila,Metro Manila,NCR,Nescafe 3-in-1 Sachet,Beverages,3,8.0,24.0,Cash,Delivered,2026-05-14,07/05/2026
ORD-20260967,2026-01-09,Pedro Torres,San Jose,Tarlac City,Tarlac,Central Luzon,Lucky Me Beef Sotanghon,Noodles & Canned Goods,10,13.0,130.0,GCash,Delivered,2026-01-11,09/01/2026
ORD-20260968,2026-06-30,Fernando Ramos,Santo Nino,Iloilo City,Iloilo,Western Visayas,Nova Multigrain 78g,Snacks,10,30.0,300.0,Cash,Cancelled,,30/06/2026
ORD-20260969,2026-04-29,Corazon Aquino,San Antonio,Tagum,Davao del Norte,Davao Region,555 Sardines,Noodles & Canned Goods,11,22.0,242.0,COD,Delivered,2026-05-02,29/04/2026
ORD-20260970,2026-01-09,Rosa Aquino,Bagumbayan,Pasig,Metro Manila,NCR,CDO Corned Beef,Noodles & Canned Goods,17,33.0,561.0,Cash,Delivered,2026-01-16,09/01/2026
ORD-20260971,2026-06-22,Pedro Torres,San Jose,Tarlac City,Tarlac,Central Luzon,SkyFlakes Crackers,Snacks,8,15.0,120.0,GCash,Pending,,22/06/2026
ORD-20260972,2026-05-05,Jose Reyes,Bagumbayan,Quezon City,Metro Manila,NCR,ILUV Ballpen,School & Office Supplies,15,10.0,150.0,GCash,Delivered,2026-05-12,05/05/2026
ORD-20260973,2026-05-31,Ramon Ocampo,Malinta,Davao City,Davao del Sur,Davao Region,Palmolive Shampoo Sachet,Personal Care,5,6.0,30.0,Cash,Delivered,2026-06-07,31/05/2026
ORD-20260974,2026-03-28,Carmen Flores,Del Pilar,Tarlac City,Tarlac,Central Luzon,Head & Shoulders Sachet,Personal Care,3,7.0,21.0,Bank Transfer,Delivered,2026-04-04,28/03/2026
ORD-20260975,2026-01-12,Fernando Garcia,Del Pilar,Iloilo City,Iloilo,Western Visayas,Milo Sachet,Beverages,5,9.0,45.0,COD,Delivered,2026-01-20,12/01/2026
ORD-20260976,2026-03-06,Teresa Del Rosario,San Jose,Malolos,Bulacan,Central Luzon,Nova Multigrain 78g,Snacks,19,30.0,570.0,COD,Cancelled,,06/03/2026
ORD-20260977,2026-05-05,Pedro Castillo,Santo Nino,Cebu City,Cebu,Central Visayas,Nova Multigrain 78g,Snacks,1,30.0,30.0,Maya,Cancelled,,05/05/2026
ORD-20260978,2026-03-09,Luz Pascual,Santo Nino,Cebu City,Cebu,Central Visayas,ILUV Ballpen,School & Office Supplies,14,10.0,140.0,Maya,Delivered,2026-03-14,09/03/2026
ORD-20260979,2026-04-29,Fernando Villanueva,Bagumbayan,Bacolod,Negros Occidental,Western Visayas,Lucky Me Beef Sotanghon,Noodles & Canned Goods,7,13.0,91.0,COD,Returned,2026-05-09,29/04/2026
ORD-20260980,2026-03-13,Teresa Del Rosario,San Jose,Malolos,Bulacan,Central Luzon,Surf Powder Sachet,Household Care,8,8.0,64.0,GCash,Delivered,2026-03-15,13/03/2026
ORD-20260981,2026-02-02,Eduardo Mendoza,San Isidro,Cebu City,Cebu,Central Visayas,Yellow Pad Paper,School & Office Supplies,11,12.0,132.0,Cash,Cancelled,,02/02/2026
ORD-20260982,2026-01-12,Roberto Flores,Malinta,Dasmarinas,Cavite,CALABARZON,Sterling Notebook,School & Office Supplies,15,18.0,270.0,Maya,Delivered,2026-01-21,12/01/2026
ORD-20260983,2026-03-20,Manuel Reyes,Rizal,Quezon City,Metro Manila,NCR,Colgate Toothpaste 75ml,Personal Care,14,45.0,630.0,COD,Delivered,2026-03-26,20/03/2026
ORD-20260984,2026-05-31,Pedro Cruz,San Antonio,Cebu City,Cebu,Central Visayas,ILUV Ballpen,School & Office Supplies,2,10.0,20.0,COD,Pending,,31/05/2026
ORD-20260985,2026-01-29,Antonio Flores,Bagumbayan,Angeles City,Pampanga,Central Luzon,Piattos 85g,Snacks,3,32.0,96.0,GCash,Delivered,2026-01-31,29/01/2026
ORD-20260986,2026-01-27,Teresa Pascual,Bagong Silang,Tagum,Davao del Norte,Davao Region,Nissin Cup Noodles,Noodles & Canned Goods,16,20.0,320.0,COD,Delivered,2026-01-28,27/01/2026
ORD-20260987,2026-02-21,Ana Ocampo,Bagumbayan,Mandaue,Cebu,Central Visayas,Argentina Corned Beef,Noodles & Canned Goods,1,35.0,35.0,Cash,Returned,2026-02-23,21/02/2026
ORD-20260988,2026-06-22,Manuel Flores,San Antonio,Angeles City,Pampanga,Central Luzon,Sta. Maria Crayons,School & Office Supplies,12,40.0,480.0,COD,Delivered,2026-06-27,22/06/2026
ORD-20260989,2026-05-23,Corazon Villanueva,San Isidro,Makati,Metro Manila,NCR,Piattos 85g,Snacks,12,32.0,384.0,Cash,Delivered,2026-05-31,23/05/2026
ORD-20260990,2026-01-12,Josefina Ocampo,San Antonio,Davao City,Davao del Sur,Davao Region,Yellow Pad Paper,School & Office Supplies,1,12.0,12.0,GCash,Delivered,2026-01-20,12/01/2026
ORD-20260991,2026-03-19,Pedro Torres,San Jose,Tarlac City,Tarlac,Central Luzon,Coca-Cola 1.5L,Beverages,18,65.0,1170.0,Maya,Pending,,19/03/2026
ORD-20260992,2026-03-30,Jose Santos,San Jose,Cebu City,Cebu,Central Visayas,Boy Bawang 100g,Snacks,18,18.0,324.0,Cash,Delivered,2026-04-04,30/03/2026
ORD-20260993,2026-01-04,Pedro Torres,Bagong Silang,Cebu City,Cebu,Central Visayas,Argentina Corned Beef,Noodles & Canned Goods,9,35.0,315.0,Cash,Delivered,2026-01-08,04/01/2026
ORD-20260994,2026-03-17,Rosa Castillo,San Antonio,Angeles City,Pampanga,Central Luzon,Boy Bawang 100g,Snacks,7,18.0,126.0,Cash,Delivered,2026-03-22,17/03/2026
ORD-20260995,2026-02-05,Teresa Mendoza,San Isidro,Cebu City,Cebu,Central Visayas,Surf Powder Sachet,Household Care,15,8.0,120.0,COD,Delivered,2026-02-15,05/02/2026
ORD-20260996,2026-04-09,Ana Mendoza,Del Pilar,Tagum,Davao del Norte,Davao Region,Nissin Cup Noodles,Noodles & Canned Goods,6,20.0,120.0,GCash,Delivered,2026-04-16,09/04/2026
ORD-20260997,2026-04-17,Pedro Aquino,Rizal,Malolos,Bulacan,Central Luzon,Nissin Cup Noodles,Noodles & Canned Goods,14,20.0,280.0,Cash,Delivered,2026-04-18,17/04/2026
ORD-20260998,2026-02-21,Roberto Del Rosario,San Isidro,Malolos,Bulacan,Central Luzon,Palmolive Shampoo Sachet,Personal Care,10,6.0,60.0,COD,Pending,,21/02/2026
ORD-20260999,2026-01-28,Teresa Santos,Del Pilar,Davao City,Davao del Sur,Davao Region,ILUV Ballpen,School & Office Supplies,7,10.0,70.0,Maya,Delivered,2026-02-05,28/01/2026
ORD-20261000,2026-05-27,Jose Ocampo,Malinta,Dasmarinas,Cavite,CALABARZON,Lucky Me Pancit Canton Noodles,Noodles & Canned Goods,16,14.0,224.0,Cash,Delivered,2026-06-04,27/05/2026
ORD-20261001,2026-06-06,Ricardo Ocampo,Bagong Silang,Quezon City,Metro Manila,NCR,Joy Dishwashing Liquid 250ml,Household Care,10,38.0,380.0,COD,Delivered,2026-06-10,06/06/2026
ORD-20261002,2026-01-13,Maria Cruz,Del Pilar,Iloilo City,Iloilo,Western Visayas,Milo Sachet,Beverages,12,9.0,108.0,GCash,Delivered,2026-01-16,13/01/2026
ORD-20261003,2026-06-30,Ana Cruz,Santo Nino,Manila,Metro Manila,NCR,Coca-Cola 1.5L,Beverages,20,65.0,1300.0,GCash,Delivered,2026-07-03,30/06/2026
ORD-20261004,2026-06-05,Pedro Del Rosario,Rizal,Pasig,Metro Manila,NCR,Lucky Me Pancit Canton Noodles,Noodles & Canned Goods,14,14.0,196.0,Cash,Delivered,2026-06-09,05/06/2026
ORD-20261005,2026-01-20,Pedro Santos,Del Pilar,Iloilo City,Iloilo,Western Visayas,Surf Powder Sachet,Household Care,1,8.0,8.0,COD,Delivered,2026-01-24,20/01/2026
ORD-20261006,2026-04-24,Manuel Flores,San Antonio,Angeles City,Pampanga,Central Luzon,555 Sardines,Noodles & Canned Goods,18,22.0,396.0,GCash,Delivered,2026-05-04,24/04/2026
ORD-20261007,2026-01-29,Manuel Santos,Del Pilar,Tagum,Davao del Norte,Davao Region,Boy Bawang 100g,Snacks,19,18.0,342.0,GCash,Pending,,29/01/2026
ORD-20261008,2026-03-31,Jose Reyes,Bagumbayan,Quezon City,Metro Manila,NCR,Surf Powder Sachet,Household Care,10,8.0,80.0,Cash,Delivered,2026-04-04,31/03/2026
ORD-20261009,2026-02-02,Josefina Pascual,San Jose,Tarlac City,Tarlac,Central Luzon,Lucky Me Pancit Canton Noodles,Noodles & Canned Goods,7,14.0,98.0,COD,Delivered,2026-02-06,02/02/2026
ORD-20261010,2026-06-05,Roberto Garcia,Rizal,Manila,Metro Manila,NCR,Sterling Notebook,School & Office Supplies,16,18.0,288.0,Cash,Returned,2026-06-11,05/06/2026
ORD-20261011,2026-05-12,Corazon Bautista,Bagumbayan,Bacolod,Negros Occidental,Western Visayas,Coca-Cola 1.5L,Beverages,3,65.0,195.0,GCash,Delivered,2026-05-14,12/05/2026
ORD-20261012,2026-03-05,Elena Garcia,Poblacion,Davao City,Davao del Sur,Davao Region,Head & Shoulders Sachet,Personal Care,2,7.0,14.0,GCash,Cancelled,,05/03/2026
ORD-20261013,2026-01-24,Teresa Del Rosario,San Jose,Malolos,Bulacan,Central Luzon,Surf Powder Sachet,Household Care,13,8.0,104.0,GCash,Returned,2026-01-30,24/01/2026
ORD-20261014,2026-03-24,Corazon Ramos,San Jose,Pasig,Metro Manila,NCR,Head & Shoulders Sachet,Personal Care,7,7.0,49.0,Cash,Delivered,2026-03-29,24/03/2026
ORD-20261015,2026-01-05,Josefina Santos,Santo Nino,Tagum,Davao del Norte,Davao Region,Colgate Toothpaste 75ml,Personal Care,5,45.0,225.0,COD,Delivered,2026-01-13,05/01/2026
ORD-20261016,2026-06-09,Pedro Aquino,Rizal,Malolos,Bulacan,Central Luzon,Yellow Pad Paper,School & Office Supplies,1,12.0,12.0,COD,Delivered,2026-06-10,09/06/2026
ORD-20261017,2026-02-11,Rosa Del Rosario,Bagumbayan,Angeles City,Pampanga,Central Luzon,Colgate Toothpaste 75ml,Personal Care,1,45.0,45.0,COD,Delivered,2026-02-13,11/02/2026
ORD-20261018,2026-05-26,Maria Cruz,Del Pilar,Iloilo City,Iloilo,Western Visayas,Sta. Maria Crayons,School & Office Supplies,7,40.0,280.0,COD,Delivered,2026-05-30,26/05/2026
ORD-20261019,2026-01-01,Luz Ocampo,San Antonio,Bacolod,Negros Occidental,Western Visayas,Safeguard Soap Bar,Personal Care,20,28.0,560.0,Cash,Delivered,2026-01-08,01/01/2026
ORD-20261020,2026-06-15,Pedro Reyes,Bagumbayan,Tagum,Davao del Norte,Davao Region,Lucky Me Pancit Canton Noodles,Noodles & Canned Goods,12,14.0,168.0,COD,Delivered,2026-06-16,15/06/2026
ORD-20261021,2026-03-15,Antonio Bautista,Rizal,Davao City,Davao del Sur,Davao Region,Zonrox Bleach 500ml,Household Care,7,32.0,224.0,COD,Delivered,2026-03-24,15/03/2026
ORD-20261022,2026-01-14,Pedro Aquino,Rizal,Malolos,Bulacan,Central Luzon,Palmolive Shampoo Sachet,Personal Care,9,6.0,54.0,GCash,Delivered,2026-01-17,14/01/2026
ORD-20261023,2026-01-16,Jose Garcia,San Antonio,Malolos,Bulacan,Central Luzon,CDO Corned Beef,Noodles & Canned Goods,20,33.0,660.0,Maya,Delivered,2026-01-22,16/01/2026
ORD-20261024,2026-06-22,Rosa Pascual,San Isidro,Manila,Metro Manila,NCR,Joy Dishwashing Liquid 250ml,Household Care,10,38.0,380.0,Cash,Delivered,2026-06-24,22/06/2026
ORD-20261025,2026-04-03,Maria Villanueva,Malinta,Calamba,Laguna,CALABARZON,Boy Bawang 100g,Snacks,16,18.0,288.0,Maya,Delivered,2026-04-08,03/04/2026
ORD-20261026,2026-01-09,Ramon Ocampo,Malinta,Davao City,Davao del Sur,Davao Region,ILUV Ballpen,School & Office Supplies,8,10.0,80.0,Maya,Cancelled,,09/01/2026
ORD-20261027,2026-01-31,Roberto Del Rosario,San Isidro,Malolos,Bulacan,Central Luzon,C2 Green Tea 500ml,Beverages,8,22.0,176.0,COD,Delivered,2026-02-05,31/01/2026
ORD-20261028,2026-03-15,Roberto Santos,Del Pilar,Bacolod,Negros Occidental,Western Visayas,Yellow Pad Paper,School & Office Supplies,18,12.0,216.0,Maya,Delivered,2026-03-24,15/03/2026
ORD-20261029,2026-03-08,Ana Ramos,San Antonio,Malolos,Bulacan,Central Luzon,Head & Shoulders Sachet,Personal Care,18,7.0,126.0,GCash,Delivered,2026-03-13,08/03/2026
ORD-20261030,2026-04-02,Elena Torres,Malinta,Tarlac City,Tarlac,Central Luzon,Coca-Cola 1.5L,Beverages,18,65.0,1170.0,COD,Cancelled,,02/04/2026
ORD-20261031,2026-04-01,Manuel Flores,San Antonio,Angeles City,Pampanga,Central Luzon,Sterling Notebook,School & Office Supplies,2,18.0,36.0,Cash,Delivered,2026-04-11,01/04/2026
ORD-20261032,2026-06-16,Pedro Garcia,Bagong Silang,Manila,Metro Manila,NCR,Lucky Me Beef Sotanghon,Noodles & Canned Goods,7,13.0,91.0,COD,Delivered,2026-06-23,16/06/2026
ORD-20261033,2026-05-22,Eduardo Bautista,San Jose,Cebu City,Cebu,Central Visayas,Nova Multigrain 78g,Snacks,9,30.0,270.0,GCash,Delivered,2026-05-26,22/05/2026
ORD-20261034,2026-03-06,Maria Santos,Poblacion,Tagum,Davao del Norte,Davao Region,Milo Sachet,Beverages,15,9.0,135.0,COD,Delivered,2026-03-15,06/03/2026
ORD-20261035,2026-01-25,Jose Ocampo,Bagumbayan,Mandaue,Cebu,Central Visayas,Colgate Toothpaste 75ml,Personal Care,2,45.0,90.0,Cash,Delivered,2026-01-28,25/01/2026
ORD-20261036,2026-05-15,Cristina Torres,San Antonio,Quezon City,Metro Manila,NCR,C2 Green Tea 500ml,Beverages,12,22.0,264.0,COD,Delivered,2026-05-19,15/05/2026
ORD-20261037,2026-01-02,Cristina Ocampo,Rizal,Mandaue,Cebu,Central Visayas,Milo Sachet,Beverages,18,9.0,162.0,COD,Delivered,2026-01-10,02/01/2026
ORD-20261038,2026-03-04,Ramon Ocampo,Malinta,Davao City,Davao del Sur,Davao Region,CDO Corned Beef,Noodles & Canned Goods,13,33.0,429.0,Cash,Cancelled,,04/03/2026
ORD-20261039,2026-02-16,Jose Del Rosario,Rizal,Tagbilaran,Bohol,Central Visayas,Safeguard Soap Bar,Personal Care,2,28.0,56.0,GCash,Returned,2026-02-21,16/02/2026
ORD-20261040,2026-03-20,Josefina Santos,Rizal,Pasig,Metro Manila,NCR,Boy Bawang 100g,Snacks,5,18.0,90.0,Cash,Returned,2026-03-26,20/03/2026
ORD-20261041,2026-04-16,Fernando Pascual,Rizal,Quezon City,Metro Manila,NCR,Yellow Pad Paper,School & Office Supplies,8,12.0,96.0,Cash,Delivered,2026-04-24,16/04/2026
ORD-20261042,2026-06-13,Josefina Cruz,San Antonio,Makati,Metro Manila,NCR,Lucky Me Pancit Canton Noodles,Noodles & Canned Goods,1,14.0,14.0,Maya,Pending,,13/06/2026
ORD-20261043,2026-06-28,Josefina Cruz,Poblacion,Bacolod,Negros Occidental,Western Visayas,Sta. Maria Crayons,School & Office Supplies,15,40.0,600.0,COD,Delivered,2026-07-02,28/06/2026
ORD-20261044,2026-05-06,Roberto Ocampo,San Isidro,Iloilo City,Iloilo,Western Visayas,Zonrox Bleach 500ml,Household Care,7,32.0,224.0,GCash,Pending,,06/05/2026
ORD-20261045,2026-03-22,Juan Del Rosario,Poblacion,Davao City,Davao del Sur,Davao Region,C2 Green Tea 500ml,Beverages,12,22.0,264.0,COD,Delivered,2026-04-01,22/03/2026
ORD-20261046,2026-01-06,Josefina Cruz,Poblacion,Bacolod,Negros Occidental,Western Visayas,Colgate Toothpaste 75ml,Personal Care,8,45.0,360.0,Bank Transfer,Delivered,2026-01-09,06/01/2026
ORD-20261047,2026-03-26,Corazon Villanueva,San Jose,Makati,Metro Manila,NCR,Safeguard Soap Bar,Personal Care,10,28.0,280.0,COD,Delivered,2026-04-04,26/03/2026
ORD-20261048,2026-01-04,Carmen Villanueva,San Antonio,Tarlac City,Tarlac,Central Luzon,CDO Corned Beef,Noodles & Canned Goods,1,33.0,33.0,Cash,Returned,2026-01-08,04/01/2026
ORD-20261049,2026-01-15,Eduardo Santos,San Isidro,Pasig,Metro Manila,NCR,Lucky Me Beef Sotanghon,Noodles & Canned Goods,11,13.0,143.0,Cash,Returned,2026-01-24,15/01/2026
ORD-20261050,2026-01-09,Carmen Flores,Del Pilar,Tarlac City,Tarlac,Central Luzon,Surf Powder Sachet,Household Care,9,8.0,72.0,Maya,Delivered,2026-01-12,09/01/2026
ORD-20261051,2026-02-21,Josefina Ramos,San Isidro,Cebu City,Cebu,Central Visayas,Sta. Maria Crayons,School & Office Supplies,9,40.0,360.0,Cash,Delivered,2026-02-28,21/02/2026
ORD-20261052,2026-05-30,Teresa Del Rosario,San Jose,Malolos,Bulacan,Central Luzon,C2 Green Tea 500ml,Beverages,11,22.0,242.0,COD,Delivered,2026-06-09,30/05/2026
ORD-20261053,2026-02-17,Carmen Reyes,San Jose,Tagbilaran,Bohol,Central Visayas,Head & Shoulders Sachet,Personal Care,10,7.0,70.0,Cash,Delivered,2026-02-21,17/02/2026
ORD-20261054,2026-01-13,Luz Aquino,Bagong Silang,Tarlac City,Tarlac,Central Luzon,Nova Multigrain 78g,Snacks,8,30.0,240.0,COD,Returned,2026-01-23,13/01/2026
ORD-20261055,2026-03-08,Josefina Mendoza,San Antonio,Angeles City,Pampanga,Central Luzon,Nova Multigrain 78g,Snacks,15,30.0,450.0,COD,Delivered,2026-03-14,08/03/2026
ORD-20261056,2026-02-07,Carmen Pascual,Poblacion,Bacolod,Negros Occidental,Western Visayas,Zonrox Bleach 500ml,Household Care,9,32.0,288.0,Maya,Delivered,2026-02-09,07/02/2026
ORD-20261057,2026-05-16,Josefina Santos,Santo Nino,Tagum,Davao del Norte,Davao Region,Nova Multigrain 78g,Snacks,3,30.0,90.0,GCash,Delivered,2026-05-26,16/05/2026
ORD-20261058,2026-01-21,Antonio Santos,Del Pilar,Iloilo City,Iloilo,Western Visayas,Colgate Toothpaste 75ml,Personal Care,13,45.0,585.0,COD,Pending,,21/01/2026
ORD-20261059,2026-01-10,Antonio Santos,Del Pilar,Iloilo City,Iloilo,Western Visayas,Surf Powder Sachet,Household Care,7,8.0,56.0,GCash,Delivered,2026-01-16,10/01/2026
ORD-20261060,2026-02-15,Manuel Ramos,Rizal,Tagbilaran,Bohol,Central Visayas,Lucky Me Beef Sotanghon,Noodles & Canned Goods,5,13.0,65.0,GCash,Pending,,15/02/2026
ORD-20261061,2026-01-31,Jose Flores,Bagumbayan,Bacolod,Negros Occidental,Western Visayas,CDO Corned Beef,Noodles & Canned Goods,17,33.0,561.0,Cash,Delivered,2026-02-09,31/01/2026
ORD-20261062,2026-06-29,Eduardo Aquino,Bagong Silang,Tarlac City,Tarlac,Central Luzon,C2 Green Tea 500ml,Beverages,15,22.0,330.0,COD,Delivered,2026-07-03,29/06/2026
ORD-20261063,2026-05-18,Corazon Ocampo,Malinta,Iloilo City,Iloilo,Western Visayas,Safeguard Soap Bar,Personal Care,7,28.0,196.0,GCash,Cancelled,,18/05/2026
ORD-20261064,2026-02-21,Manuel Ramos,Rizal,Tagbilaran,Bohol,Central Visayas,Sterling Notebook,School & Office Supplies,3,18.0,54.0,Cash,Pending,,21/02/2026
ORD-20261065,2026-04-27,Jose Santos,San Jose,Cebu City,Cebu,Central Visayas,Surf Powder Sachet,Household Care,16,8.0,128.0,COD,Delivered,2026-05-07,27/04/2026
ORD-20261066,2026-06-11,Teresa Villanueva,Santo Nino,Malolos,Bulacan,Central Luzon,Domex Toilet Cleaner,Household Care,7,55.0,385.0,COD,Delivered,2026-06-21,11/06/2026
ORD-20261067,2026-05-22,Ana Villanueva,San Antonio,Tarlac City,Tarlac,Central Luzon,Nescafe 3-in-1 Sachet,Beverages,9,8.0,72.0,Maya,Delivered,2026-05-24,22/05/2026
ORD-20261068,2026-06-21,Teresa Mendoza,San Isidro,Cebu City,Cebu,Central Visayas,Zonrox Bleach 500ml,Household Care,12,32.0,384.0,COD,Delivered,2026-06-22,21/06/2026
ORD-20261069,2026-06-01,Teresa Castillo,Bagumbayan,Batangas City,Batangas,CALABARZON,Colgate Toothpaste 75ml,Personal Care,3,45.0,135.0,Cash,Pending,,01/06/2026
ORD-20261070,2026-01-28,Luz Cruz,San Antonio,Makati,Metro Manila,NCR,Milo Sachet,Beverages,5,9.0,45.0,Maya,Delivered,2026-02-02,28/01/2026
ORD-20261071,2026-01-25,Manuel Mendoza,Poblacion,Tagbilaran,Bohol,Central Visayas,Palmolive Shampoo Sachet,Personal Care,12,6.0,72.0,Maya,Delivered,2026-01-29,25/01/2026
ORD-20261072,2026-02-08,Roberto Garcia,Rizal,Manila,Metro Manila,NCR,ILUV Ballpen,School & Office Supplies,10,10.0,100.0,GCash,Cancelled,,08/02/2026
ORD-20261073,2026-01-30,Teresa Villanueva,San Antonio,Iloilo City,Iloilo,Western Visayas,Palmolive Shampoo Sachet,Personal Care,19,6.0,114.0,COD,Delivered,2026-01-31,30/01/2026
ORD-20261074,2026-01-23,Juan Bautista,San Jose,Angeles City,Pampanga,Central Luzon,CDO Corned Beef,Noodles & Canned Goods,6,33.0,198.0,Maya,Delivered,2026-01-26,23/01/2026
ORD-20261075,2026-06-03,Maria Santos,Poblacion,Tagum,Davao del Norte,Davao Region,CDO Corned Beef,Noodles & Canned Goods,2,33.0,66.0,Cash,Cancelled,,03/06/2026
ORD-20261076,2026-01-01,Luz Reyes,San Jose,Tarlac City,Tarlac,Central Luzon,ILUV Ballpen,School & Office Supplies,19,10.0,190.0,GCash,Pending,,01/01/2026
ORD-20261077,2026-03-30,Antonio Castillo,Rizal,Angeles City,Pampanga,Central Luzon,Safeguard Soap Bar,Personal Care,7,28.0,196.0,Bank Transfer,Delivered,2026-03-31,30/03/2026
ORD-20261078,2026-06-29,Pedro Reyes,Poblacion,Tarlac City,Tarlac,Central Luzon,Sta. Maria Crayons,School & Office Supplies,2,40.0,80.0,Cash,Cancelled,,29/06/2026
ORD-20261079,2026-04-10,Pedro Torres,Bagong Silang,Cebu City,Cebu,Central Visayas,SkyFlakes Crackers,Snacks,6,15.0,90.0,Bank Transfer,Delivered,2026-04-17,10/04/2026
ORD-20261080,2026-06-28,Eduardo Mendoza,Bagong Silang,Batangas City,Batangas,CALABARZON,Lucky Me Pancit Canton Noodles,Noodles & Canned Goods,20,14.0,280.0,Cash,Delivered,2026-07-01,28/06/2026
ORD-20261081,2026-05-03,Juan Villanueva,Bagumbayan,Pasig,Metro Manila,NCR,Domex Toilet Cleaner,Household Care,20,55.0,1100.0,Cash,Pending,,03/05/2026
ORD-20261082,2026-05-05,Elena Villanueva,Poblacion,Malolos,Bulacan,Central Luzon,Argentina Corned Beef,Noodles & Canned Goods,6,35.0,210.0,COD,Delivered,2026-05-11,05/05/2026
ORD-20261083,2026-03-03,Manuel Villanueva,Bagumbayan,Tagbilaran,Bohol,Central Visayas,Joy Dishwashing Liquid 250ml,Household Care,8,38.0,304.0,GCash,Delivered,2026-03-08,03/03/2026
ORD-20261084,2026-05-11,Luz Pascual,Santo Nino,Cebu City,Cebu,Central Visayas,Lucky Me Pancit Canton Noodles,Noodles & Canned Goods,19,14.0,266.0,COD,Delivered,2026-05-14,11/05/2026
ORD-20261085,2026-02-06,Eduardo Aquino,Bagong Silang,Tarlac City,Tarlac,Central Luzon,Head & Shoulders Sachet,Personal Care,2,7.0,14.0,GCash,Delivered,2026-02-10,06/02/2026
ORD-20261086,2026-05-07,Jose Reyes,Bagumbayan,Quezon City,Metro Manila,NCR,555 Sardines,Noodles & Canned Goods,18,22.0,396.0,COD,Delivered,2026-05-09,07/05/2026
ORD-20261087,2026-06-26,Cristina Ocampo,Rizal,Mandaue,Cebu,Central Visayas,Sta. Maria Crayons,School & Office Supplies,9,40.0,360.0,GCash,Delivered,2026-07-03,26/06/2026
ORD-20261088,2026-01-29,Ana Cruz,Poblacion,Quezon City,Metro Manila,NCR,Milo Sachet,Beverages,10,9.0,90.0,Cash,Delivered,2026-01-31,29/01/2026
ORD-20261089,2026-03-26,Antonio Castillo,Rizal,Angeles City,Pampanga,Central Luzon,Nescafe 3-in-1 Sachet,Beverages,14,8.0,112.0,COD,Delivered,2026-03-28,26/03/2026
ORD-20261090,2026-01-17,Roberto Bautista,Del Pilar,Tagum,Davao del Norte,Davao Region,Piattos 85g,Snacks,17,32.0,544.0,Cash,Delivered,2026-01-20,17/01/2026
ORD-20261091,2026-02-21,Eduardo Ocampo,San Antonio,Tagum,Davao del Norte,Davao Region,Zonrox Bleach 500ml,Household Care,7,32.0,224.0,Maya,Delivered,2026-02-26,21/02/2026
ORD-20261092,2026-06-21,Antonio Bautista,Rizal,Davao City,Davao del Sur,Davao Region,Lucky Me Beef Sotanghon,Noodles & Canned Goods,2,13.0,26.0,Maya,Delivered,2026-06-26,21/06/2026
ORD-20261093,2026-05-08,Fernando Ramos,Santo Nino,Iloilo City,Iloilo,Western Visayas,Lucky Me Pancit Canton Noodles,Noodles & Canned Goods,1,14.0,14.0,Maya,Delivered,2026-05-17,08/05/2026
ORD-20261094,2026-03-18,Juan Del Rosario,Poblacion,Davao City,Davao del Sur,Davao Region,Nescafe 3-in-1 Sachet,Beverages,17,8.0,136.0,COD,Delivered,2026-03-28,18/03/2026
ORD-20261095,2026-05-27,Carmen Reyes,San Jose,Tagbilaran,Bohol,Central Visayas,ILUV Ballpen,School & Office Supplies,14,10.0,140.0,Bank Transfer,Delivered,2026-05-30,27/05/2026
ORD-20261096,2026-01-21,Luz Castillo,Bagumbayan,Calamba,Laguna,CALABARZON,SkyFlakes Crackers,Snacks,10,15.0,150.0,GCash,Delivered,2026-01-26,21/01/2026
ORD-20261097,2026-02-20,Jose Santos,San Jose,Cebu City,Cebu,Central Visayas,SkyFlakes Crackers,Snacks,11,15.0,165.0,GCash,Delivered,2026-02-24,20/02/2026
ORD-20261098,2026-06-01,Cristina Ocampo,Rizal,Mandaue,Cebu,Central Visayas,Joy Dishwashing Liquid 250ml,Household Care,15,38.0,570.0,Cash,Delivered,2026-06-05,01/06/2026
ORD-20261099,2026-06-09,Juan Torres,Poblacion,Pasig,Metro Manila,NCR,Milo Sachet,Beverages,13,9.0,117.0,Cash,Delivered,2026-06-19,09/06/2026
ORD-20261100,2026-06-06,Ricardo Ocampo,San Jose,Pasig,Metro Manila,NCR,Surf Powder Sachet,Household Care,20,8.0,160.0,GCash,Delivered,2026-06-07,06/06/2026
ORD-20261101,2026-06-01,Luz Garcia,San Isidro,Tagum,Davao del Norte,Davao Region,Boy Bawang 100g,Snacks,7,18.0,126.0,Cash,Delivered,2026-06-10,01/06/2026
ORD-20261102,2026-01-13,Ricardo Ocampo,San Jose,Pasig,Metro Manila,NCR,Surf Powder Sachet,Household Care,19,8.0,152.0,GCash,Delivered,2026-01-23,13/01/2026
ORD-20261103,2026-02-19,Rosa Del Rosario,Bagumbayan,Pasig,Metro Manila,NCR,Yellow Pad Paper,School & Office Supplies,1,12.0,12.0,GCash,Delivered,2026-02-28,19/02/2026
ORD-20261104,2026-01-28,Fernando Pascual,Rizal,Quezon City,Metro Manila,NCR,SkyFlakes Crackers,Snacks,19,15.0,285.0,Cash,Delivered,2026-01-31,28/01/2026
ORD-20261105,2026-05-27,Manuel Mendoza,Poblacion,Mandaue,Cebu,Central Visayas,Sta. Maria Crayons,School & Office Supplies,5,40.0,200.0,GCash,Delivered,2026-06-02,27/05/2026
ORD-20261106,2026-02-18,Corazon Villanueva,San Isidro,Makati,Metro Manila,NCR,Lucky Me Beef Sotanghon,Noodles & Canned Goods,8,13.0,104.0,Cash,Delivered,2026-02-27,18/02/2026
ORD-20261107,2026-04-01,Jose Cruz,Santo Nino,Angeles City,Pampanga,Central Luzon,SkyFlakes Crackers,Snacks,20,15.0,300.0,Cash,Cancelled,,01/04/2026
ORD-20261108,2026-04-06,Josefina Santos,Santo Nino,Tagum,Davao del Norte,Davao Region,CDO Corned Beef,Noodles & Canned Goods,6,33.0,198.0,Maya,Pending,,06/04/2026
ORD-20261109,2026-01-06,Cristina Torres,San Antonio,Quezon City,Metro Manila,NCR,Palmolive Shampoo Sachet,Personal Care,1,6.0,6.0,Cash,Cancelled,,06/01/2026
ORD-20261110,2026-03-21,Josefina Cruz,San Antonio,Makati,Metro Manila,NCR,Colgate Toothpaste 75ml,Personal Care,19,45.0,855.0,COD,Returned,2026-03-25,21/03/2026
ORD-20261111,2026-05-27,Maria Flores,San Isidro,Makati,Metro Manila,NCR,Surf Powder Sachet,Household Care,6,8.0,48.0,COD,Delivered,2026-06-03,27/05/2026
ORD-20261112,2026-04-02,Maria Bautista,San Antonio,Mandaue,Cebu,Central Visayas,Sta. Maria Crayons,School & Office Supplies,20,40.0,800.0,COD,Delivered,2026-04-05,02/04/2026
ORD-20261113,2026-04-14,Ricardo Pascual,Santo Nino,Tarlac City,Tarlac,Central Luzon,CDO Corned Beef,Noodles & Canned Goods,2,33.0,66.0,Cash,Delivered,2026-04-19,14/04/2026
ORD-20261114,2026-06-17,Maria Flores,San Isidro,Makati,Metro Manila,NCR,Domex Toilet Cleaner,Household Care,4,55.0,220.0,GCash,Delivered,2026-06-24,17/06/2026
ORD-20261115,2026-02-24,Rosa Cruz,San Isidro,Tarlac City,Tarlac,Central Luzon,CDO Corned Beef,Noodles & Canned Goods,19,33.0,627.0,COD,Pending,,24/02/2026
ORD-20261116,2026-01-17,Rosa Pascual,San Isidro,Manila,Metro Manila,NCR,Lucky Me Pancit Canton Noodles,Noodles & Canned Goods,10,14.0,140.0,Bank Transfer,Delivered,2026-01-22,17/01/2026
ORD-20261117,2026-01-01,Elena Cruz,Santo Nino,Angeles City,Pampanga,Central Luzon,Colgate Toothpaste 75ml,Personal Care,8,45.0,360.0,Cash,Delivered,2026-01-03,01/01/2026
ORD-20261118,2026-03-25,Manuel Mendoza,Poblacion,Mandaue,Cebu,Central Visayas,ILUV Ballpen,School & Office Supplies,17,10.0,170.0,COD,Cancelled,,25/03/2026
ORD-20261119,2026-04-25,Fernando Pascual,Malinta,Malolos,Bulacan,Central Luzon,Boy Bawang 100g,Snacks,20,18.0,360.0,Cash,Delivered,2026-04-27,25/04/2026
ORD-20261120,2026-04-23,Corazon Reyes,Malinta,Calamba,Laguna,CALABARZON,Safeguard Soap Bar,Personal Care,1,28.0,28.0,GCash,Delivered,2026-04-27,23/04/2026
ORD-20261121,2026-03-09,Cristina Pascual,Rizal,Davao City,Davao del Sur,Davao Region,Palmolive Shampoo Sachet,Personal Care,10,6.0,60.0,Cash,Delivered,2026-03-12,09/03/2026
ORD-20261122,2026-04-07,Josefina Bautista,Malinta,Calamba,Laguna,CALABARZON,Domex Toilet Cleaner,Household Care,15,55.0,825.0,COD,Delivered,2026-04-12,07/04/2026
ORD-20261123,2026-05-25,Fernando Mendoza,Santo Nino,Quezon City,Metro Manila,NCR,Nescafe 3-in-1 Sachet,Beverages,8,8.0,64.0,Cash,Delivered,2026-05-31,25/05/2026
ORD-20261124,2026-04-29,Jose Bautista,Del Pilar,Calamba,Laguna,CALABARZON,555 Sardines,Noodles & Canned Goods,10,22.0,220.0,COD,Delivered,2026-05-09,29/04/2026
ORD-20261125,2026-05-01,Luz Cruz,San Antonio,Makati,Metro Manila,NCR,Palmolive Shampoo Sachet,Personal Care,3,6.0,18.0,Cash,Delivered,2026-05-08,01/05/2026
ORD-20261126,2026-04-21,Jose Castillo,Del Pilar,Malolos,Bulacan,Central Luzon,Sterling Notebook,School & Office Supplies,20,18.0,360.0,GCash,Delivered,2026-04-23,21/04/2026
ORD-20261127,2026-06-28,Maria Flores,San Isidro,Makati,Metro Manila,NCR,Lucky Me Pancit Canton Noodles,Noodles & Canned Goods,10,14.0,140.0,COD,Delivered,2026-06-29,28/06/2026
ORD-20261128,2026-01-16,Eduardo Pascual,Bagong Silang,Tarlac City,Tarlac,Central Luzon,Lucky Me Beef Sotanghon,Noodles & Canned Goods,15,13.0,195.0,COD,Delivered,2026-01-26,16/01/2026
ORD-20261129,2026-06-25,Ricardo Pascual,Santo Nino,Tarlac City,Tarlac,Central Luzon,Sterling Notebook,School & Office Supplies,6,18.0,108.0,Cash,Delivered,2026-07-01,25/06/2026
ORD-20261130,2026-04-25,Luz Castillo,Bagumbayan,Calamba,Laguna,CALABARZON,Milo Sachet,Beverages,18,9.0,162.0,Cash,Cancelled,,25/04/2026
ORD-20261131,2026-03-02,Ricardo Ocampo,San Jose,Pasig,Metro Manila,NCR,Nova Multigrain 78g,Snacks,7,30.0,210.0,Cash,Cancelled,,02/03/2026
ORD-20261132,2026-05-03,Ramon Santos,Rizal,Dasmarinas,Cavite,CALABARZON,Argentina Corned Beef,Noodles & Canned Goods,8,35.0,280.0,Cash,Delivered,2026-05-12,03/05/2026
ORD-20261133,2026-01-05,Ricardo Ocampo,San Jose,Pasig,Metro Manila,NCR,SkyFlakes Crackers,Snacks,18,15.0,270.0,Maya,Delivered,2026-01-12,05/01/2026
ORD-20261134,2026-05-12,Pedro Santos,Del Pilar,Iloilo City,Iloilo,Western Visayas,555 Sardines,Noodles & Canned Goods,11,22.0,242.0,Maya,Delivered,2026-05-16,12/05/2026
ORD-20261135,2026-03-20,Rosa Del Rosario,Bagumbayan,Pasig,Metro Manila,NCR,Domex Toilet Cleaner,Household Care,13,55.0,715.0,Cash,Delivered,2026-03-27,20/03/2026
ORD-20261136,2026-06-21,Corazon Villanueva,Rizal,Angeles City,Pampanga,Central Luzon,Boy Bawang 100g,Snacks,10,18.0,180.0,Cash,Delivered,2026-07-01,21/06/2026
ORD-20261137,2026-05-07,Manuel Villanueva,Malinta,Tarlac City,Tarlac,Central Luzon,SkyFlakes Crackers,Snacks,3,15.0,45.0,COD,Delivered,2026-05-11,07/05/2026
ORD-20261138,2026-01-28,Jose Ocampo,Malinta,Dasmarinas,Cavite,CALABARZON,Nissin Cup Noodles,Noodles & Canned Goods,19,20.0,380.0,Cash,Delivered,2026-01-31,28/01/2026
ORD-20261139,2026-05-08,Antonio Santos,San Isidro,Bacolod,Negros Occidental,Western Visayas,Nova Multigrain 78g,Snacks,15,30.0,450.0,Cash,Pending,,08/05/2026
ORD-20261140,2026-04-17,Roberto Del Rosario,San Isidro,Malolos,Bulacan,Central Luzon,Safeguard Soap Bar,Personal Care,16,28.0,448.0,GCash,Delivered,2026-04-22,17/04/2026
ORD-20261141,2026-05-31,Juan Reyes,Poblacion,Quezon City,Metro Manila,NCR,555 Sardines,Noodles & Canned Goods,20,22.0,440.0,Cash,Delivered,2026-06-04,31/05/2026
ORD-20261142,2026-02-11,Ana Villanueva,San Antonio,Tarlac City,Tarlac,Central Luzon,Nova Multigrain 78g,Snacks,8,30.0,240.0,Cash,Delivered,2026-02-20,11/02/2026
ORD-20261143,2026-03-12,Eduardo Aquino,Bagong Silang,Tarlac City,Tarlac,Central Luzon,Lucky Me Beef Sotanghon,Noodles & Canned Goods,4,13.0,52.0,GCash,Delivered,2026-03-22,12/03/2026
ORD-20261144,2026-06-30,Manuel Villanueva,Malinta,Tarlac City,Tarlac,Central Luzon,Boy Bawang 100g,Snacks,14,18.0,252.0,GCash,Delivered,2026-07-01,30/06/2026
ORD-20261145,2026-06-25,Teresa Del Rosario,San Jose,Malolos,Bulacan,Central Luzon,555 Sardines,Noodles & Canned Goods,14,22.0,308.0,Bank Transfer,Delivered,2026-07-05,25/06/2026
ORD-20261146,2026-03-01,Manuel Flores,San Antonio,Angeles City,Pampanga,Central Luzon,Safeguard Soap Bar,Personal Care,9,28.0,252.0,Cash,Delivered,2026-03-06,01/03/2026
ORD-20261147,2026-01-27,Rosa Del Rosario,Bagumbayan,Angeles City,Pampanga,Central Luzon,Nescafe 3-in-1 Sachet,Beverages,6,8.0,48.0,COD,Delivered,2026-01-31,27/01/2026
ORD-20261148,2026-04-08,Teresa Reyes,Poblacion,Calamba,Laguna,CALABARZON,Nova Multigrain 78g,Snacks,4,30.0,120.0,GCash,Delivered,2026-04-17,08/04/2026
ORD-20261149,2026-05-06,Maria Mendoza,Del Pilar,Manila,Metro Manila,NCR,Colgate Toothpaste 75ml,Personal Care,9,45.0,405.0,COD,Delivered,2026-05-15,06/05/2026
ORD-20261150,2026-02-18,Luz Aquino,Bagong Silang,Tarlac City,Tarlac,Central Luzon,SkyFlakes Crackers,Snacks,10,15.0,150.0,COD,Returned,2026-02-20,18/02/2026
ORD-20261151,2026-05-23,Elena Aquino,Malinta,Iloilo City,Iloilo,Western Visayas,Lucky Me Pancit Canton Noodles,Noodles & Canned Goods,7,14.0,98.0,Cash,Delivered,2026-05-30,23/05/2026
ORD-20261152,2026-01-01,Teresa Del Rosario,San Jose,Malolos,Bulacan,Central Luzon,Lucky Me Beef Sotanghon,Noodles & Canned Goods,20,13.0,260.0,COD,Returned,2026-01-11,01/01/2026
ORD-20261153,2026-06-20,Elena Torres,Malinta,Tarlac City,Tarlac,Central Luzon,Coca-Cola 1.5L,Beverages,1,65.0,65.0,Bank Transfer,Delivered,2026-06-30,20/06/2026
ORD-20261154,2026-02-11,Pedro Reyes,Poblacion,Tarlac City,Tarlac,Central Luzon,Domex Toilet Cleaner,Household Care,15,55.0,825.0,Cash,Returned,2026-02-14,11/02/2026
ORD-20261155,2026-05-13,Carmen Mendoza,Santo Nino,Malolos,Bulacan,Central Luzon,Coca-Cola 1.5L,Beverages,3,65.0,195.0,Maya,Delivered,2026-05-21,13/05/2026
ORD-20261156,2026-03-27,Eduardo Mendoza,San Isidro,Tagum,Davao del Norte,Davao Region,Lucky Me Beef Sotanghon,Noodles & Canned Goods,16,13.0,208.0,Maya,Cancelled,,27/03/2026
ORD-20261157,2026-05-28,Teresa Mendoza,San Isidro,Cebu City,Cebu,Central Visayas,Sta. Maria Crayons,School & Office Supplies,14,40.0,560.0,COD,Delivered,2026-05-31,28/05/2026
ORD-20261158,2026-06-17,Josefina Flores,Bagumbayan,Iloilo City,Iloilo,Western Visayas,Boy Bawang 100g,Snacks,10,18.0,180.0,GCash,Delivered,2026-06-26,17/06/2026
ORD-20261159,2026-04-08,Eduardo Pascual,Bagong Silang,Tarlac City,Tarlac,Central Luzon,Boy Bawang 100g,Snacks,11,18.0,198.0,Cash,Cancelled,,08/04/2026
ORD-20261160,2026-02-22,Maria Villanueva,Malinta,Calamba,Laguna,CALABARZON,555 Sardines,Noodles & Canned Goods,5,22.0,110.0,Cash,Delivered,2026-03-02,22/02/2026
ORD-20261161,2026-01-07,Corazon Bautista,Bagong Silang,Davao City,Davao del Sur,Davao Region,555 Sardines,Noodles & Canned Goods,1,22.0,22.0,Maya,Delivered,2026-01-12,07/01/2026
ORD-20261162,2026-06-06,Eduardo Aquino,Bagong Silang,Tarlac City,Tarlac,Central Luzon,Yellow Pad Paper,School & Office Supplies,10,12.0,120.0,GCash,Delivered,2026-06-08,06/06/2026
ORD-20261163,2026-04-11,Maria Santos,Bagumbayan,Bacolod,Negros Occidental,Western Visayas,Milo Sachet,Beverages,3,9.0,27.0,Cash,Delivered,2026-04-20,11/04/2026
ORD-20261164,2026-01-10,Eduardo Del Rosario,Bagong Silang,Malolos,Bulacan,Central Luzon,Colgate Toothpaste 75ml,Personal Care,3,45.0,135.0,Cash,Delivered,2026-01-19,10/01/2026
ORD-20261165,2026-03-20,Luz Pascual,Santo Nino,Cebu City,Cebu,Central Visayas,Safeguard Soap Bar,Personal Care,17,28.0,476.0,GCash,Delivered,2026-03-22,20/03/2026
ORD-20261166,2026-05-14,Juan Villanueva,Bagumbayan,Pasig,Metro Manila,NCR,Argentina Corned Beef,Noodles & Canned Goods,8,35.0,280.0,Cash,Delivered,2026-05-17,14/05/2026
ORD-20261167,2026-02-28,Fernando Mendoza,Santo Nino,Quezon City,Metro Manila,NCR,Nova Multigrain 78g,Snacks,9,30.0,270.0,GCash,Returned,2026-03-05,28/02/2026
ORD-20261168,2026-03-02,Ricardo Flores,San Isidro,Iloilo City,Iloilo,Western Visayas,Lucky Me Beef Sotanghon,Noodles & Canned Goods,15,13.0,195.0,COD,Cancelled,,02/03/2026
ORD-20261169,2026-05-23,Teresa Torres,San Antonio,Tagum,Davao del Norte,Davao Region,Piattos 85g,Snacks,12,32.0,384.0,Cash,Cancelled,,23/05/2026
ORD-20261170,2026-01-15,Jose Del Rosario,Rizal,Tagbilaran,Bohol,Central Visayas,Surf Powder Sachet,Household Care,3,8.0,24.0,GCash,Delivered,2026-01-22,15/01/2026
ORD-20261171,2026-06-27,Eduardo Del Rosario,Santo Nino,Iloilo City,Iloilo,Western Visayas,Nissin Cup Noodles,Noodles & Canned Goods,15,20.0,300.0,GCash,Cancelled,,27/06/2026
ORD-20261172,2026-01-21,Pedro Garcia,Bagong Silang,Manila,Metro Manila,NCR,Sterling Notebook,School & Office Supplies,15,18.0,270.0,GCash,Delivered,2026-01-22,21/01/2026
ORD-20261173,2026-04-28,Jose Reyes,Rizal,Tagum,Davao del Norte,Davao Region,SkyFlakes Crackers,Snacks,9,15.0,135.0,GCash,Delivered,2026-04-29,28/04/2026
ORD-20261174,2026-04-24,Rosa Castillo,San Antonio,Angeles City,Pampanga,Central Luzon,CDO Corned Beef,Noodles & Canned Goods,4,33.0,132.0,COD,Delivered,2026-05-01,24/04/2026
ORD-20261175,2026-06-29,Pedro Torres,Bagong Silang,Cebu City,Cebu,Central Visayas,Head & Shoulders Sachet,Personal Care,17,7.0,119.0,COD,Returned,2026-07-02,29/06/2026
ORD-20261176,2026-02-21,Ana Mendoza,Del Pilar,Tagum,Davao del Norte,Davao Region,Nova Multigrain 78g,Snacks,18,30.0,540.0,GCash,Delivered,2026-02-26,21/02/2026
ORD-20261177,2026-03-28,Pedro Santos,Del Pilar,Iloilo City,Iloilo,Western Visayas,Coca-Cola 1.5L,Beverages,3,65.0,195.0,Maya,Delivered,2026-04-02,28/03/2026
ORD-20261178,2026-05-03,Ricardo Ocampo,Bagong Silang,Quezon City,Metro Manila,NCR,Nissin Cup Noodles,Noodles & Canned Goods,14,20.0,280.0,GCash,Delivered,2026-05-06,03/05/2026
ORD-20261179,2026-06-13,Ramon Santos,Rizal,Dasmarinas,Cavite,CALABARZON,Coca-Cola 1.5L,Beverages,1,65.0,65.0,GCash,Delivered,2026-06-21,13/06/2026
ORD-20261180,2026-05-14,Manuel Santos,Del Pilar,Mandaue,Cebu,Central Visayas,Milo Sachet,Beverages,15,9.0,135.0,COD,Delivered,2026-05-18,14/05/2026
ORD-20261181,2026-03-22,Manuel Flores,San Antonio,Angeles City,Pampanga,Central Luzon,Safeguard Soap Bar,Personal Care,9,28.0,252.0,Cash,Delivered,2026-03-25,22/03/2026
ORD-20261182,2026-04-11,Teresa Castillo,Bagumbayan,Batangas City,Batangas,CALABARZON,Coca-Cola 1.5L,Beverages,14,65.0,910.0,COD,Delivered,2026-04-18,11/04/2026
ORD-20261183,2026-04-24,Pedro Ocampo,Santo Nino,Cebu City,Cebu,Central Visayas,Palmolive Shampoo Sachet,Personal Care,16,6.0,96.0,COD,Pending,,24/04/2026
ORD-20261184,2026-03-29,Ricardo Bautista,Del Pilar,Manila,Metro Manila,NCR,Nova Multigrain 78g,Snacks,18,30.0,540.0,Cash,Pending,,29/03/2026
ORD-20261185,2026-04-17,Carmen Flores,Del Pilar,Tarlac City,Tarlac,Central Luzon,Yellow Pad Paper,School & Office Supplies,17,12.0,204.0,Bank Transfer,Pending,,17/04/2026
ORD-20261186,2026-05-31,Fernando Ocampo,Del Pilar,Tagum,Davao del Norte,Davao Region,Sta. Maria Crayons,School & Office Supplies,13,40.0,520.0,Cash,Pending,,31/05/2026
ORD-20261187,2026-05-14,Antonio Aquino,Del Pilar,Dasmarinas,Cavite,CALABARZON,Nissin Cup Noodles,Noodles & Canned Goods,5,20.0,100.0,COD,Returned,2026-05-19,14/05/2026
ORD-20261188,2026-03-08,Luz Castillo,Bagumbayan,Calamba,Laguna,CALABARZON,Lucky Me Pancit Canton Noodles,Noodles & Canned Goods,17,14.0,238.0,COD,Delivered,2026-03-09,08/03/2026
ORD-20261189,2026-03-05,Manuel Villanueva,Bagumbayan,Tagbilaran,Bohol,Central Visayas,Zonrox Bleach 500ml,Household Care,20,32.0,640.0,GCash,Cancelled,,05/03/2026
ORD-20261190,2026-06-01,Jose Torres,San Antonio,Dasmarinas,Cavite,CALABARZON,Lucky Me Pancit Canton Noodles,Noodles & Canned Goods,13,14.0,182.0,Cash,Delivered,2026-06-02,01/06/2026
ORD-20261191,2026-02-13,Corazon Villanueva,Rizal,Angeles City,Pampanga,Central Luzon,Sta. Maria Crayons,School & Office Supplies,13,40.0,520.0,GCash,Delivered,2026-02-16,13/02/2026
ORD-20261192,2026-04-29,Roberto Bautista,San Jose,Calamba,Laguna,CALABARZON,Safeguard Soap Bar,Personal Care,15,28.0,420.0,GCash,Delivered,2026-05-08,29/04/2026
ORD-20261193,2026-05-24,Cristina Flores,Del Pilar,Quezon City,Metro Manila,NCR,C2 Green Tea 500ml,Beverages,3,22.0,66.0,Bank Transfer,Delivered,2026-05-29,24/05/2026
ORD-20261194,2026-02-15,Maria Bautista,San Antonio,Mandaue,Cebu,Central Visayas,Domex Toilet Cleaner,Household Care,2,55.0,110.0,Maya,Delivered,2026-02-25,15/02/2026
ORD-20261195,2026-06-25,Ramon Mendoza,San Jose,Tagum,Davao del Norte,Davao Region,CDO Corned Beef,Noodles & Canned Goods,17,33.0,561.0,GCash,Delivered,2026-07-03,25/06/2026
ORD-20261196,2026-04-14,Ricardo Garcia,Santo Nino,Batangas City,Batangas,CALABARZON,Argentina Corned Beef,Noodles & Canned Goods,13,35.0,455.0,Cash,Delivered,2026-04-20,14/04/2026
ORD-20261197,2026-06-22,Elena Torres,San Jose,Angeles City,Pampanga,Central Luzon,Zonrox Bleach 500ml,Household Care,1,32.0,32.0,COD,Delivered,2026-06-23,22/06/2026
ORD-20261198,2026-02-01,Ana Cruz,Poblacion,Quezon City,Metro Manila,NCR,C2 Green Tea 500ml,Beverages,8,22.0,176.0,COD,Delivered,2026-02-09,01/02/2026
ORD-20261199,2026-06-24,Ricardo Pascual,Santo Nino,Tarlac City,Tarlac,Central Luzon,Sterling Notebook,School & Office Supplies,5,18.0,90.0,Cash,Delivered,2026-06-26,24/06/2026
ORD-20261200,2026-04-27,Elena Cruz,Santo Nino,Angeles City,Pampanga,Central Luzon,Argentina Corned Beef,Noodles & Canned Goods,7,35.0,245.0,Cash,Cancelled,,27/04/2026
ORD-20261201,2026-03-30,Roberto Santos,Del Pilar,Bacolod,Negros Occidental,Western Visayas,Colgate Toothpaste 75ml,Personal Care,1,45.0,45.0,Cash,Delivered,2026-04-09,30/03/2026
ORD-20261202,2026-03-27,Fernando Garcia,Bagong Silang,Tagbilaran,Bohol,Central Visayas,Surf Powder Sachet,Household Care,12,8.0,96.0,GCash,Delivered,2026-04-01,27/03/2026
ORD-20261203,2026-01-30,Jose Ocampo,Malinta,Dasmarinas,Cavite,CALABARZON,Joy Dishwashing Liquid 250ml,Household Care,10,38.0,380.0,COD,Delivered,2026-02-05,30/01/2026
ORD-20261204,2026-06-26,Maria Villanueva,Malinta,Calamba,Laguna,CALABARZON,Joy Dishwashing Liquid 250ml,Household Care,15,38.0,570.0,Bank Transfer,Delivered,2026-07-05,26/06/2026
ORD-20261205,2026-04-15,Ana Villanueva,San Antonio,Tarlac City,Tarlac,Central Luzon,Nissin Cup Noodles,Noodles & Canned Goods,16,20.0,320.0,Bank Transfer,Delivered,2026-04-21,15/04/2026
ORD-20261206,2026-01-14,Eduardo Mendoza,Bagong Silang,Batangas City,Batangas,CALABARZON,Piattos 85g,Snacks,11,32.0,352.0,Cash,Delivered,2026-01-18,14/01/2026
ORD-20261207,2026-06-25,Pedro Santos,Del Pilar,Iloilo City,Iloilo,Western Visayas,Argentina Corned Beef,Noodles & Canned Goods,13,35.0,455.0,GCash,Delivered,2026-07-04,25/06/2026
ORD-20261208,2026-01-11,Manuel Santos,Del Pilar,Mandaue,Cebu,Central Visayas,Sterling Notebook,School & Office Supplies,4,18.0,72.0,Cash,Cancelled,,11/01/2026
ORD-20261209,2026-06-13,Roberto Santos,Del Pilar,Bacolod,Negros Occidental,Western Visayas,Safeguard Soap Bar,Personal Care,20,28.0,560.0,COD,Delivered,2026-06-22,13/06/2026
ORD-20261210,2026-04-12,Manuel Reyes,Rizal,Quezon City,Metro Manila,NCR,Nova Multigrain 78g,Snacks,5,30.0,150.0,Cash,Returned,2026-04-16,12/04/2026
ORD-20261211,2026-02-08,Rosa Reyes,Malinta,Iloilo City,Iloilo,Western Visayas,Palmolive Shampoo Sachet,Personal Care,5,6.0,30.0,COD,Delivered,2026-02-17,08/02/2026
ORD-20261212,2026-05-16,Manuel Villanueva,Bagumbayan,Tagbilaran,Bohol,Central Visayas,Joy Dishwashing Liquid 250ml,Household Care,17,38.0,646.0,Maya,Returned,2026-05-21,16/05/2026
ORD-20261213,2026-06-20,Manuel Flores,San Antonio,Angeles City,Pampanga,Central Luzon,Domex Toilet Cleaner,Household Care,17,55.0,935.0,COD,Delivered,2026-06-23,20/06/2026
ORD-20261214,2026-01-23,Maria Pascual,Bagumbayan,Tagum,Davao del Norte,Davao Region,Argentina Corned Beef,Noodles & Canned Goods,14,35.0,490.0,Bank Transfer,Delivered,2026-01-27,23/01/2026
ORD-20261215,2026-05-26,Fernando Garcia,Bagong Silang,Tagbilaran,Bohol,Central Visayas,Yellow Pad Paper,School & Office Supplies,2,12.0,24.0,COD,Delivered,2026-05-27,26/05/2026
ORD-20261216,2026-06-05,Juan Flores,Rizal,Iloilo City,Iloilo,Western Visayas,Argentina Corned Beef,Noodles & Canned Goods,1,35.0,35.0,GCash,Delivered,2026-06-09,05/06/2026
ORD-20261217,2026-04-27,Eduardo Bautista,San Jose,Cebu City,Cebu,Central Visayas,Milo Sachet,Beverages,5,9.0,45.0,Cash,Delivered,2026-05-02,27/04/2026
ORD-20261218,2026-06-24,Eduardo Del Rosario,Bagong Silang,Malolos,Bulacan,Central Luzon,Nissin Cup Noodles,Noodles & Canned Goods,7,20.0,140.0,GCash,Delivered,2026-06-28,24/06/2026
ORD-20261219,2026-02-17,Roberto Aquino,San Antonio,Cebu City,Cebu,Central Visayas,SkyFlakes Crackers,Snacks,19,15.0,285.0,GCash,Delivered,2026-02-18,17/02/2026
ORD-20261220,2026-02-05,Pedro Torres,Bagong Silang,Cebu City,Cebu,Central Visayas,Yellow Pad Paper,School & Office Supplies,5,12.0,60.0,GCash,Delivered,2026-02-12,05/02/2026
ORD-20261221,2026-04-13,Teresa Santos,Del Pilar,Davao City,Davao del Sur,Davao Region,Nescafe 3-in-1 Sachet,Beverages,14,8.0,112.0,COD,Delivered,2026-04-22,13/04/2026
ORD-20261222,2026-03-24,Ricardo Aquino,San Isidro,Cebu City,Cebu,Central Visayas,Boy Bawang 100g,Snacks,3,18.0,54.0,Cash,Cancelled,,24/03/2026
ORD-20261223,2026-03-13,Cristina Santos,Poblacion,Makati,Metro Manila,NCR,CDO Corned Beef,Noodles & Canned Goods,13,33.0,429.0,Maya,Returned,2026-03-17,13/03/2026
ORD-20261224,2026-03-25,Elena Aquino,Santo Nino,Bacolod,Negros Occidental,Western Visayas,Coca-Cola 1.5L,Beverages,8,65.0,520.0,GCash,Delivered,2026-04-01,25/03/2026
ORD-20261225,2026-02-24,Ricardo Pascual,Santo Nino,Tarlac City,Tarlac,Central Luzon,Safeguard Soap Bar,Personal Care,18,28.0,504.0,GCash,Delivered,2026-02-26,24/02/2026
ORD-20261226,2026-01-05,Josefina Pascual,Poblacion,Manila,Metro Manila,NCR,C2 Green Tea 500ml,Beverages,1,22.0,22.0,Cash,Cancelled,,05/01/2026
ORD-20261227,2026-05-24,Josefina Santos,Rizal,Pasig,Metro Manila,NCR,Surf Powder Sachet,Household Care,2,8.0,16.0,GCash,Delivered,2026-06-03,24/05/2026
ORD-20261228,2026-04-15,Elena Torres,San Jose,Angeles City,Pampanga,Central Luzon,Joy Dishwashing Liquid 250ml,Household Care,6,38.0,228.0,COD,Delivered,2026-04-18,15/04/2026
ORD-20261229,2026-05-05,Josefina Torres,San Isidro,Tagbilaran,Bohol,Central Visayas,Coca-Cola 1.5L,Beverages,15,65.0,975.0,COD,Cancelled,,05/05/2026
ORD-20261230,2026-06-01,Manuel Santos,Del Pilar,Mandaue,Cebu,Central Visayas,Sterling Notebook,School & Office Supplies,2,18.0,36.0,Maya,Cancelled,,01/06/2026
ORD-20261231,2026-02-10,Rosa Cruz,San Isidro,Tarlac City,Tarlac,Central Luzon,SkyFlakes Crackers,Snacks,18,15.0,270.0,Cash,Delivered,2026-02-14,10/02/2026
ORD-20261232,2026-02-03,Juan Bautista,San Jose,Angeles City,Pampanga,Central Luzon,Sta. Maria Crayons,School & Office Supplies,5,40.0,200.0,Cash,Delivered,2026-02-09,03/02/2026
ORD-20261233,2026-04-21,Josefina Pascual,San Jose,Tarlac City,Tarlac,Central Luzon,Nova Multigrain 78g,Snacks,5,30.0,150.0,Bank Transfer,Delivered,2026-04-28,21/04/2026
ORD-20261234,2026-03-30,Antonio Castillo,Rizal,Angeles City,Pampanga,Central Luzon,Head & Shoulders Sachet,Personal Care,17,7.0,119.0,GCash,Delivered,2026-04-08,30/03/2026
ORD-20261235,2026-04-23,Corazon Bautista,Bagong Silang,Davao City,Davao del Sur,Davao Region,Colgate Toothpaste 75ml,Personal Care,2,45.0,90.0,GCash,Delivered,2026-04-27,23/04/2026
ORD-20261236,2026-06-15,Ana Del Rosario,Santo Nino,Manila,Metro Manila,NCR,Zonrox Bleach 500ml,Household Care,14,32.0,448.0,COD,Cancelled,,15/06/2026
ORD-20261237,2026-02-12,Luz Garcia,San Isidro,Tagum,Davao del Norte,Davao Region,Safeguard Soap Bar,Personal Care,8,28.0,224.0,COD,Pending,,12/02/2026
ORD-20261238,2026-05-24,Josefina Ocampo,San Antonio,Davao City,Davao del Sur,Davao Region,ILUV Ballpen,School & Office Supplies,6,10.0,60.0,Bank Transfer,Returned,2026-05-30,24/05/2026
ORD-20261239,2026-02-03,Ana Torres,San Antonio,Pasig,Metro Manila,NCR,Yellow Pad Paper,School & Office Supplies,10,12.0,120.0,GCash,Delivered,2026-02-05,03/02/2026
ORD-20261240,2026-01-01,Manuel Flores,San Antonio,Angeles City,Pampanga,Central Luzon,Lucky Me Pancit Canton Noodles,Noodles & Canned Goods,16,14.0,224.0,GCash,Delivered,2026-01-03,01/01/2026
ORD-20261241,2026-03-29,Jose Cruz,Santo Nino,Angeles City,Pampanga,Central Luzon,Nova Multigrain 78g,Snacks,15,30.0,450.0,Cash,Delivered,2026-04-05,29/03/2026
ORD-20261242,2026-03-24,Maria Castillo,San Antonio,Malolos,Bulacan,Central Luzon,Lucky Me Pancit Canton Noodles,Noodles & Canned Goods,19,14.0,266.0,Cash,Cancelled,,24/03/2026
ORD-20261243,2026-01-20,Jose Garcia,San Antonio,Malolos,Bulacan,Central Luzon,Domex Toilet Cleaner,Household Care,15,55.0,825.0,Cash,Cancelled,,20/01/2026
ORD-20261244,2026-02-16,Juan Bautista,San Jose,Angeles City,Pampanga,Central Luzon,Boy Bawang 100g,Snacks,7,18.0,126.0,Maya,Cancelled,,16/02/2026
ORD-20261245,2026-02-17,Fernando Pascual,Malinta,Malolos,Bulacan,Central Luzon,Surf Powder Sachet,Household Care,11,8.0,88.0,Cash,Cancelled,,17/02/2026
ORD-20261246,2026-01-08,Antonio Castillo,Rizal,Angeles City,Pampanga,Central Luzon,Lucky Me Pancit Canton Noodles,Noodles & Canned Goods,18,14.0,252.0,GCash,Pending,,08/01/2026
ORD-20261247,2026-06-19,Luz Reyes,San Jose,Tarlac City,Tarlac,Central Luzon,Sta. Maria Crayons,School & Office Supplies,12,40.0,480.0,GCash,Delivered,2026-06-25,19/06/2026
ORD-20261248,2026-04-11,Roberto Torres,Del Pilar,Tarlac City,Tarlac,Central Luzon,Boy Bawang 100g,Snacks,11,18.0,198.0,Cash,Pending,,11/04/2026
ORD-20261249,2026-04-16,Elena Villanueva,Poblacion,Malolos,Bulacan,Central Luzon,Argentina Corned Beef,Noodles & Canned Goods,1,35.0,35.0,GCash,Delivered,2026-04-20,16/04/2026
ORD-20261250,2026-04-07,Eduardo Mendoza,San Isidro,Tagum,Davao del Norte,Davao Region,Nova Multigrain 78g,Snacks,7,30.0,210.0,GCash,Delivered,2026-04-16,07/04/2026
ORD-20261251,2026-05-01,Ramon Santos,Rizal,Dasmarinas,Cavite,CALABARZON,Safeguard Soap Bar,Personal Care,20,28.0,560.0,GCash,Delivered,2026-05-05,01/05/2026
ORD-20261252,2026-01-16,Fernando Pascual,Bagong Silang,Dasmarinas,Cavite,CALABARZON,Boy Bawang 100g,Snacks,16,18.0,288.0,Cash,Returned,2026-01-17,16/01/2026
ORD-20261253,2026-03-04,Cristina Ocampo,Rizal,Mandaue,Cebu,Central Visayas,Colgate Toothpaste 75ml,Personal Care,17,45.0,765.0,COD,Returned,2026-03-13,04/03/2026
ORD-20261254,2026-03-11,Jose Santos,San Jose,Cebu City,Cebu,Central Visayas,C2 Green Tea 500ml,Beverages,17,22.0,374.0,COD,Cancelled,,11/03/2026
ORD-20261255,2026-04-12,Elena Villanueva,Poblacion,Malolos,Bulacan,Central Luzon,Zonrox Bleach 500ml,Household Care,20,32.0,640.0,Cash,Delivered,2026-04-14,12/04/2026
ORD-20261256,2026-01-12,Pedro Ocampo,Santo Nino,Cebu City,Cebu,Central Visayas,Yellow Pad Paper,School & Office Supplies,10,12.0,120.0,GCash,Cancelled,,12/01/2026
ORD-20261257,2026-01-01,Luz Garcia,San Isidro,Tagum,Davao del Norte,Davao Region,C2 Green Tea 500ml,Beverages,12,22.0,264.0,GCash,Delivered,2026-01-07,01/01/2026
ORD-20261258,2026-02-16,Pedro Torres,Bagong Silang,Cebu City,Cebu,Central Visayas,Domex Toilet Cleaner,Household Care,15,55.0,825.0,GCash,Cancelled,,16/02/2026
ORD-20261259,2026-06-16,Manuel Villanueva,Malinta,Tarlac City,Tarlac,Central Luzon,Domex Toilet Cleaner,Household Care,14,55.0,770.0,COD,Delivered,2026-06-21,16/06/2026
ORD-20261260,2026-03-12,Teresa Torres,San Antonio,Tagum,Davao del Norte,Davao Region,Safeguard Soap Bar,Personal Care,3,28.0,84.0,Cash,Delivered,2026-03-19,12/03/2026
ORD-20261261,2026-02-10,Ricardo Garcia,Santo Nino,Batangas City,Batangas,CALABARZON,C2 Green Tea 500ml,Beverages,20,22.0,440.0,COD,Delivered,2026-02-12,10/02/2026
ORD-20261262,2026-05-02,Roberto Torres,Del Pilar,Tarlac City,Tarlac,Central Luzon,Nissin Cup Noodles,Noodles & Canned Goods,10,20.0,200.0,COD,Delivered,2026-05-12,02/05/2026
ORD-20261263,2026-03-23,Luz Reyes,San Jose,Tarlac City,Tarlac,Central Luzon,Domex Toilet Cleaner,Household Care,16,55.0,880.0,GCash,Pending,,23/03/2026
ORD-20261264,2026-01-11,Josefina Ocampo,San Antonio,Davao City,Davao del Sur,Davao Region,Head & Shoulders Sachet,Personal Care,5,7.0,35.0,Maya,Delivered,2026-01-13,11/01/2026
ORD-20261265,2026-05-23,Pedro Cruz,Santo Nino,Manila,Metro Manila,NCR,Nescafe 3-in-1 Sachet,Beverages,6,8.0,48.0,Bank Transfer,Returned,2026-05-29,23/05/2026
ORD-20261266,2026-05-02,Pedro Reyes,Poblacion,Tarlac City,Tarlac,Central Luzon,CDO Corned Beef,Noodles & Canned Goods,17,33.0,561.0,GCash,Returned,2026-05-07,02/05/2026
ORD-20261267,2026-06-08,Jose Castillo,Malinta,Bacolod,Negros Occidental,Western Visayas,Safeguard Soap Bar,Personal Care,7,28.0,196.0,Cash,Delivered,2026-06-13,08/06/2026
ORD-20261268,2026-01-23,Corazon Bautista,Bagong Silang,Davao City,Davao del Sur,Davao Region,Yellow Pad Paper,School & Office Supplies,16,12.0,192.0,Cash,Delivered,2026-01-27,23/01/2026
ORD-20261269,2026-03-06,Manuel Mendoza,Poblacion,Mandaue,Cebu,Central Visayas,Nescafe 3-in-1 Sachet,Beverages,11,8.0,88.0,Cash,Delivered,2026-03-13,06/03/2026
ORD-20261270,2026-05-12,Rosa Aquino,Bagumbayan,Pasig,Metro Manila,NCR,Sta. Maria Crayons,School & Office Supplies,1,40.0,40.0,GCash,Delivered,2026-05-21,12/05/2026
ORD-20261271,2026-02-02,Pedro Santos,Del Pilar,Iloilo City,Iloilo,Western Visayas,Sterling Notebook,School & Office Supplies,4,18.0,72.0,Bank Transfer,Cancelled,,02/02/2026
ORD-20261272,2026-04-25,Juan Reyes,Poblacion,Quezon City,Metro Manila,NCR,Safeguard Soap Bar,Personal Care,10,28.0,280.0,Cash,Pending,,25/04/2026
ORD-20261273,2026-01-27,Ana Cruz,Poblacion,Quezon City,Metro Manila,NCR,Milo Sachet,Beverages,5,9.0,45.0,COD,Delivered,2026-02-06,27/01/2026
ORD-20261274,2026-04-30,Ramon Santos,Rizal,Dasmarinas,Cavite,CALABARZON,Sterling Notebook,School & Office Supplies,12,18.0,216.0,Cash,Delivered,2026-05-06,30/04/2026
ORD-20261275,2026-06-30,Maria Santos,Bagumbayan,Bacolod,Negros Occidental,Western Visayas,Nescafe 3-in-1 Sachet,Beverages,14,8.0,112.0,Cash,Delivered,2026-07-03,30/06/2026
ORD-20261276,2026-06-03,Carmen Flores,Del Pilar,Tarlac City,Tarlac,Central Luzon,Surf Powder Sachet,Household Care,19,8.0,152.0,Cash,Cancelled,,03/06/2026
ORD-20261277,2026-04-24,Carmen Flores,Del Pilar,Davao City,Davao del Sur,Davao Region,Lucky Me Beef Sotanghon,Noodles & Canned Goods,14,13.0,182.0,GCash,Delivered,2026-04-29,24/04/2026
ORD-20261278,2026-06-19,Manuel Reyes,Rizal,Quezon City,Metro Manila,NCR,ILUV Ballpen,School & Office Supplies,18,10.0,180.0,COD,Delivered,2026-06-21,19/06/2026
ORD-20261279,2026-04-05,Pedro Aquino,Rizal,Malolos,Bulacan,Central Luzon,C2 Green Tea 500ml,Beverages,15,22.0,330.0,GCash,Delivered,2026-04-13,05/04/2026
ORD-20261280,2026-03-06,Manuel Flores,San Antonio,Angeles City,Pampanga,Central Luzon,Yellow Pad Paper,School & Office Supplies,8,12.0,96.0,Cash,Pending,,06/03/2026
ORD-20261281,2026-06-24,Carmen Flores,Del Pilar,Tarlac City,Tarlac,Central Luzon,555 Sardines,Noodles & Canned Goods,19,22.0,418.0,GCash,Cancelled,,24/06/2026
ORD-20261282,2026-05-27,Teresa Torres,San Antonio,Tagum,Davao del Norte,Davao Region,Zonrox Bleach 500ml,Household Care,10,32.0,320.0,Cash,Delivered,2026-05-29,27/05/2026
ORD-20261283,2026-03-28,Juan Reyes,Poblacion,Quezon City,Metro Manila,NCR,Argentina Corned Beef,Noodles & Canned Goods,6,35.0,210.0,Bank Transfer,Delivered,2026-04-02,28/03/2026
ORD-20261284,2026-01-14,Ricardo Ocampo,Bagong Silang,Quezon City,Metro Manila,NCR,Surf Powder Sachet,Household Care,2,8.0,16.0,COD,Pending,,14/01/2026
ORD-20261285,2026-06-01,Antonio Santos,Del Pilar,Iloilo City,Iloilo,Western Visayas,Lucky Me Beef Sotanghon,Noodles & Canned Goods,2,13.0,26.0,Cash,Delivered,2026-06-11,01/06/2026
ORD-20261286,2026-04-08,Josefina Cruz,Poblacion,Bacolod,Negros Occidental,Western Visayas,Head & Shoulders Sachet,Personal Care,7,7.0,49.0,Maya,Delivered,2026-04-16,08/04/2026
ORD-20261287,2026-02-28,Roberto Aquino,San Antonio,Cebu City,Cebu,Central Visayas,Nova Multigrain 78g,Snacks,20,30.0,600.0,Cash,Delivered,2026-03-09,28/02/2026
ORD-20261288,2026-03-30,Cristina Santos,Poblacion,Makati,Metro Manila,NCR,Coca-Cola 1.5L,Beverages,4,65.0,260.0,GCash,Delivered,2026-04-08,30/03/2026
ORD-20261289,2026-03-15,Fernando Villanueva,Bagumbayan,Bacolod,Negros Occidental,Western Visayas,Lucky Me Pancit Canton Noodles,Noodles & Canned Goods,6,14.0,84.0,Maya,Returned,2026-03-21,15/03/2026
ORD-20261290,2026-02-14,Josefina Bautista,Malinta,Calamba,Laguna,CALABARZON,Lucky Me Pancit Canton Noodles,Noodles & Canned Goods,4,14.0,56.0,COD,Delivered,2026-02-17,14/02/2026
ORD-20261291,2026-02-14,Teresa Villanueva,San Antonio,Iloilo City,Iloilo,Western Visayas,Joy Dishwashing Liquid 250ml,Household Care,6,38.0,228.0,COD,Delivered,2026-02-16,14/02/2026
ORD-20261292,2026-05-07,Pedro Cruz,San Antonio,Cebu City,Cebu,Central Visayas,Argentina Corned Beef,Noodles & Canned Goods,14,35.0,490.0,Cash,Delivered,2026-05-15,07/05/2026
ORD-20261293,2026-06-13,Manuel Aquino,Malinta,Bacolod,Negros Occidental,Western Visayas,C2 Green Tea 500ml,Beverages,9,22.0,198.0,Cash,Pending,,13/06/2026
ORD-20261294,2026-03-06,Ricardo Cruz,San Isidro,Calamba,Laguna,CALABARZON,Head & Shoulders Sachet,Personal Care,11,7.0,77.0,GCash,Returned,2026-03-16,06/03/2026
ORD-20261295,2026-06-19,Luz Reyes,San Jose,Tarlac City,Tarlac,Central Luzon,Colgate Toothpaste 75ml,Personal Care,16,45.0,720.0,COD,Cancelled,,19/06/2026
ORD-20261296,2026-04-10,Rosa Castillo,San Antonio,Angeles City,Pampanga,Central Luzon,Yellow Pad Paper,School & Office Supplies,15,12.0,180.0,Bank Transfer,Cancelled,,10/04/2026
ORD-20261297,2026-05-26,Josefina Torres,Malinta,Tagum,Davao del Norte,Davao Region,Milo Sachet,Beverages,5,9.0,45.0,Cash,Delivered,2026-06-01,26/05/2026
ORD-20261298,2026-05-19,Manuel Santos,Del Pilar,Mandaue,Cebu,Central Visayas,Zonrox Bleach 500ml,Household Care,19,32.0,608.0,COD,Delivered,2026-05-27,19/05/2026
ORD-20261299,2026-03-31,Fernando Ocampo,Del Pilar,Tagum,Davao del Norte,Davao Region,555 Sardines,Noodles & Canned Goods,6,22.0,132.0,Cash,Delivered,2026-04-04,31/03/2026
ORD-20261300,2026-04-01,Teresa Del Rosario,San Jose,Malolos,Bulacan,Central Luzon,Domex Toilet Cleaner,Household Care,11,55.0,605.0,COD,Delivered,2026-04-11,01/04/2026
ORD-20261301,2026-04-16,Corazon Villanueva,San Isidro,Makati,Metro Manila,NCR,555 Sardines,Noodles & Canned Goods,4,22.0,88.0,Cash,Delivered,2026-04-21,16/04/2026
ORD-20261302,2026-01-05,Pedro Castillo,Santo Nino,Cebu City,Cebu,Central Visayas,555 Sardines,Noodles & Canned Goods,10,22.0,220.0,GCash,Pending,,05/01/2026
ORD-20261303,2026-03-14,Cristina Pascual,Rizal,Davao City,Davao del Sur,Davao Region,Nova Multigrain 78g,Snacks,17,30.0,510.0,COD,Pending,,14/03/2026
ORD-20261304,2026-04-23,Manuel Santos,Del Pilar,Tagum,Davao del Norte,Davao Region,555 Sardines,Noodles & Canned Goods,19,22.0,418.0,COD,Delivered,2026-04-26,23/04/2026
ORD-20261305,2026-02-04,Luz Torres,Rizal,Mandaue,Cebu,Central Visayas,Joy Dishwashing Liquid 250ml,Household Care,2,38.0,76.0,Cash,Delivered,2026-02-13,04/02/2026
ORD-20261306,2026-01-17,Maria Flores,San Isidro,Makati,Metro Manila,NCR,555 Sardines,Noodles & Canned Goods,4,22.0,88.0,COD,Delivered,2026-01-23,17/01/2026
ORD-20261307,2026-01-30,Luz Reyes,Poblacion,Dasmarinas,Cavite,CALABARZON,SkyFlakes Crackers,Snacks,2,15.0,30.0,GCash,Delivered,2026-01-31,30/01/2026
ORD-20261308,2026-03-30,Jose Reyes,Rizal,Tagum,Davao del Norte,Davao Region,Safeguard Soap Bar,Personal Care,16,28.0,448.0,COD,Cancelled,,30/03/2026
ORD-20261309,2026-04-14,Juan Reyes,Poblacion,Quezon City,Metro Manila,NCR,Sta. Maria Crayons,School & Office Supplies,12,40.0,480.0,Cash,Delivered,2026-04-18,14/04/2026
ORD-20261310,2026-03-28,Fernando Garcia,Bagong Silang,Tagbilaran,Bohol,Central Visayas,Sterling Notebook,School & Office Supplies,1,18.0,18.0,GCash,Delivered,2026-04-07,28/03/2026
ORD-20261311,2026-01-06,Luz Pascual,Santo Nino,Cebu City,Cebu,Central Visayas,Piattos 85g,Snacks,18,32.0,576.0,GCash,Delivered,2026-01-10,06/01/2026
ORD-20261312,2026-03-07,Jose Reyes,Bagumbayan,Quezon City,Metro Manila,NCR,SkyFlakes Crackers,Snacks,4,15.0,60.0,Cash,Returned,2026-03-09,07/03/2026
ORD-20261313,2026-05-27,Teresa Torres,San Antonio,Tagum,Davao del Norte,Davao Region,ILUV Ballpen,School & Office Supplies,20,10.0,200.0,Maya,Delivered,2026-06-04,27/05/2026
ORD-20261314,2026-05-27,Fernando Ramos,Santo Nino,Iloilo City,Iloilo,Western Visayas,Yellow Pad Paper,School & Office Supplies,1,12.0,12.0,GCash,Returned,2026-05-31,27/05/2026
ORD-20261315,2026-02-02,Rosa Pascual,San Isidro,Manila,Metro Manila,NCR,Joy Dishwashing Liquid 250ml,Household Care,16,38.0,608.0,Cash,Delivered,2026-02-11,02/02/2026
ORD-20261316,2026-03-03,Ricardo Cruz,San Antonio,Manila,Metro Manila,NCR,Head & Shoulders Sachet,Personal Care,2,7.0,14.0,Cash,Cancelled,,03/03/2026
ORD-20261317,2026-02-27,Josefina Ramos,San Isidro,Cebu City,Cebu,Central Visayas,C2 Green Tea 500ml,Beverages,8,22.0,176.0,COD,Delivered,2026-03-07,27/02/2026
ORD-20261318,2026-01-09,Jose Garcia,San Antonio,Malolos,Bulacan,Central Luzon,Colgate Toothpaste 75ml,Personal Care,1,45.0,45.0,GCash,Delivered,2026-01-11,09/01/2026
ORD-20261319,2026-06-20,Ricardo Ocampo,Bagong Silang,Quezon City,Metro Manila,NCR,Colgate Toothpaste 75ml,Personal Care,20,45.0,900.0,GCash,Delivered,2026-06-27,20/06/2026
ORD-20261320,2026-06-26,Antonio Santos,Del Pilar,Iloilo City,Iloilo,Western Visayas,Nescafe 3-in-1 Sachet,Beverages,6,8.0,48.0,Maya,Delivered,2026-06-30,26/06/2026
ORD-20261321,2026-05-28,Elena Garcia,San Antonio,Mandaue,Cebu,Central Visayas,Nescafe 3-in-1 Sachet,Beverages,10,8.0,80.0,COD,Delivered,2026-05-31,28/05/2026
ORD-20261322,2026-06-06,Fernando Villanueva,Bagumbayan,Bacolod,Negros Occidental,Western Visayas,Coca-Cola 1.5L,Beverages,14,65.0,910.0,Cash,Returned,2026-06-09,06/06/2026
ORD-20261323,2026-01-03,Maria Cruz,Del Pilar,Iloilo City,Iloilo,Western Visayas,Boy Bawang 100g,Snacks,19,18.0,342.0,Cash,Returned,2026-01-07,03/01/2026
ORD-20261324,2026-03-04,Jose Torres,San Antonio,Dasmarinas,Cavite,CALABARZON,Sterling Notebook,School & Office Supplies,20,18.0,360.0,COD,Delivered,2026-03-13,04/03/2026
ORD-20261325,2026-01-01,Ana Flores,Poblacion,Tagum,Davao del Norte,Davao Region,Domex Toilet Cleaner,Household Care,15,55.0,825.0,Cash,Delivered,2026-01-08,01/01/2026
ORD-20261326,2026-06-20,Juan Ramos,Bagumbayan,Manila,Metro Manila,NCR,Lucky Me Beef Sotanghon,Noodles & Canned Goods,20,13.0,260.0,GCash,Delivered,2026-06-22,20/06/2026
ORD-20261327,2026-05-26,Antonio Santos,San Isidro,Bacolod,Negros Occidental,Western Visayas,Milo Sachet,Beverages,15,9.0,135.0,Cash,Delivered,2026-06-02,26/05/2026
ORD-20261328,2026-03-31,Roberto Bautista,Del Pilar,Tagum,Davao del Norte,Davao Region,CDO Corned Beef,Noodles & Canned Goods,7,33.0,231.0,Cash,Delivered,2026-04-05,31/03/2026
ORD-20261329,2026-03-11,Antonio Santos,San Isidro,Bacolod,Negros Occidental,Western Visayas,Nova Multigrain 78g,Snacks,5,30.0,150.0,GCash,Delivered,2026-03-13,11/03/2026
ORD-20261330,2026-02-04,Pedro Garcia,Bagong Silang,Manila,Metro Manila,NCR,Nissin Cup Noodles,Noodles & Canned Goods,4,20.0,80.0,Bank Transfer,Delivered,2026-02-08,04/02/2026
ORD-20261331,2026-01-27,Corazon Villanueva,Rizal,Angeles City,Pampanga,Central Luzon,Yellow Pad Paper,School & Office Supplies,10,12.0,120.0,Cash,Delivered,2026-02-02,27/01/2026
ORD-20261332,2026-06-28,Manuel Mendoza,Poblacion,Tagbilaran,Bohol,Central Visayas,SkyFlakes Crackers,Snacks,3,15.0,45.0,COD,Delivered,2026-07-06,28/06/2026
ORD-20261333,2026-04-03,Maria Santos,Bagumbayan,Bacolod,Negros Occidental,Western Visayas,Lucky Me Pancit Canton Noodles,Noodles & Canned Goods,1,14.0,14.0,COD,Delivered,2026-04-13,03/04/2026
ORD-20261334,2026-02-04,Josefina Torres,San Isidro,Tagbilaran,Bohol,Central Visayas,555 Sardines,Noodles & Canned Goods,3,22.0,66.0,Cash,Delivered,2026-02-12,04/02/2026
ORD-20261335,2026-04-04,Teresa Villanueva,San Antonio,Iloilo City,Iloilo,Western Visayas,Surf Powder Sachet,Household Care,20,8.0,160.0,GCash,Delivered,2026-04-10,04/04/2026
ORD-20261336,2026-03-31,Josefina Santos,San Jose,Bacolod,Negros Occidental,Western Visayas,Boy Bawang 100g,Snacks,11,18.0,198.0,Bank Transfer,Cancelled,,31/03/2026
ORD-20261337,2026-02-27,Ana Cruz,Poblacion,Quezon City,Metro Manila,NCR,Surf Powder Sachet,Household Care,4,8.0,32.0,Bank Transfer,Returned,2026-03-04,27/02/2026
ORD-20261338,2026-06-30,Antonio Aquino,Del Pilar,Dasmarinas,Cavite,CALABARZON,Lucky Me Pancit Canton Noodles,Noodles & Canned Goods,13,14.0,182.0,COD,Delivered,2026-07-02,30/06/2026
ORD-20261339,2026-03-16,Cristina Castillo,Santo Nino,Mandaue,Cebu,Central Visayas,Nova Multigrain 78g,Snacks,3,30.0,90.0,COD,Delivered,2026-03-25,16/03/2026
ORD-20261340,2026-01-10,Ana Ocampo,Bagumbayan,Mandaue,Cebu,Central Visayas,Milo Sachet,Beverages,2,9.0,18.0,Cash,Returned,2026-01-12,10/01/2026
ORD-20261341,2026-04-01,Antonio Flores,Bagumbayan,Angeles City,Pampanga,Central Luzon,ILUV Ballpen,School & Office Supplies,19,10.0,190.0,COD,Pending,,01/04/2026
ORD-20261342,2026-06-27,Eduardo Santos,San Isidro,Pasig,Metro Manila,NCR,Safeguard Soap Bar,Personal Care,16,28.0,448.0,GCash,Pending,,27/06/2026
ORD-20261343,2026-04-30,Luz Cruz,San Antonio,Makati,Metro Manila,NCR,Zonrox Bleach 500ml,Household Care,3,32.0,96.0,Cash,Cancelled,,30/04/2026
ORD-20261344,2026-02-09,Manuel Aquino,Malinta,Bacolod,Negros Occidental,Western Visayas,Head & Shoulders Sachet,Personal Care,20,7.0,140.0,GCash,Pending,,09/02/2026
ORD-20261345,2026-04-26,Jose Santos,San Jose,Cebu City,Cebu,Central Visayas,Colgate Toothpaste 75ml,Personal Care,14,45.0,630.0,GCash,Cancelled,,26/04/2026
ORD-20261346,2026-05-21,Eduardo Mendoza,Bagong Silang,Batangas City,Batangas,CALABARZON,Palmolive Shampoo Sachet,Personal Care,7,6.0,42.0,COD,Cancelled,,21/05/2026
ORD-20261347,2026-03-11,Roberto Torres,Del Pilar,Tarlac City,Tarlac,Central Luzon,Milo Sachet,Beverages,9,9.0,81.0,Cash,Delivered,2026-03-19,11/03/2026
ORD-20261348,2026-03-07,Ricardo Cruz,San Antonio,Manila,Metro Manila,NCR,Nova Multigrain 78g,Snacks,14,30.0,420.0,COD,Delivered,2026-03-12,07/03/2026
ORD-20261349,2026-05-07,Fernando Garcia,Bagong Silang,Tagbilaran,Bohol,Central Visayas,Coca-Cola 1.5L,Beverages,16,65.0,1040.0,Cash,Delivered,2026-05-10,07/05/2026
ORD-20261350,2026-04-19,Teresa Torres,Rizal,Mandaue,Cebu,Central Visayas,Colgate Toothpaste 75ml,Personal Care,3,45.0,135.0,Cash,Delivered,2026-04-28,19/04/2026
ORD-20261351,2026-01-05,Pedro Reyes,Poblacion,Tarlac City,Tarlac,Central Luzon,Domex Toilet Cleaner,Household Care,1,55.0,55.0,Bank Transfer,Delivered,2026-01-15,05/01/2026
ORD-20261352,2026-01-18,Ricardo Flores,San Isidro,Iloilo City,Iloilo,Western Visayas,Piattos 85g,Snacks,20,32.0,640.0,GCash,Returned,2026-01-21,18/01/2026
ORD-20261353,2026-01-09,Ricardo Cruz,San Isidro,Calamba,Laguna,CALABARZON,Coca-Cola 1.5L,Beverages,2,65.0,130.0,COD,Pending,,09/01/2026
ORD-20261354,2026-06-26,Ramon Santos,Rizal,Dasmarinas,Cavite,CALABARZON,Argentina Corned Beef,Noodles & Canned Goods,16,35.0,560.0,COD,Pending,,26/06/2026
ORD-20261355,2026-01-08,Josefina Pascual,Poblacion,Manila,Metro Manila,NCR,Boy Bawang 100g,Snacks,10,18.0,180.0,COD,Cancelled,,08/01/2026
ORD-20261356,2026-06-11,Corazon Villanueva,San Isidro,Makati,Metro Manila,NCR,Domex Toilet Cleaner,Household Care,6,55.0,330.0,Maya,Delivered,2026-06-21,11/06/2026
ORD-20261357,2026-06-15,Elena Aquino,Santo Nino,Bacolod,Negros Occidental,Western Visayas,Sterling Notebook,School & Office Supplies,10,18.0,180.0,COD,Cancelled,,15/06/2026
ORD-20261358,2026-04-29,Pedro Torres,San Jose,Tarlac City,Tarlac,Central Luzon,Palmolive Shampoo Sachet,Personal Care,15,6.0,90.0,GCash,Pending,,29/04/2026
ORD-20261359,2026-03-13,Roberto Garcia,Rizal,Manila,Metro Manila,NCR,Domex Toilet Cleaner,Household Care,12,55.0,660.0,Cash,Delivered,2026-03-18,13/03/2026
ORD-20261360,2026-04-06,Antonio Mendoza,San Isidro,Calamba,Laguna,CALABARZON,Nescafe 3-in-1 Sachet,Beverages,12,8.0,96.0,COD,Delivered,2026-04-14,06/04/2026
ORD-20261361,2026-01-25,Antonio Santos,Del Pilar,Iloilo City,Iloilo,Western Visayas,Surf Powder Sachet,Household Care,7,8.0,56.0,Bank Transfer,Cancelled,,25/01/2026
ORD-20261362,2026-06-26,Corazon Reyes,Malinta,Calamba,Laguna,CALABARZON,C2 Green Tea 500ml,Beverages,9,22.0,198.0,COD,Delivered,2026-06-27,26/06/2026
ORD-20261363,2026-01-25,Carmen Mendoza,Santo Nino,Malolos,Bulacan,Central Luzon,Nova Multigrain 78g,Snacks,19,30.0,570.0,COD,Returned,2026-02-02,25/01/2026
ORD-20261364,2026-06-06,Luz Garcia,San Isidro,Tagum,Davao del Norte,Davao Region,Colgate Toothpaste 75ml,Personal Care,15,45.0,675.0,Bank Transfer,Delivered,2026-06-16,06/06/2026
ORD-20261365,2026-02-04,Cristina Ocampo,Rizal,Mandaue,Cebu,Central Visayas,Zonrox Bleach 500ml,Household Care,2,32.0,64.0,Cash,Delivered,2026-02-06,04/02/2026
ORD-20261366,2026-04-29,Manuel Santos,Del Pilar,Tagum,Davao del Norte,Davao Region,Safeguard Soap Bar,Personal Care,18,28.0,504.0,COD,Delivered,2026-05-09,29/04/2026
ORD-20261367,2026-04-25,Jose Reyes,Rizal,Tagum,Davao del Norte,Davao Region,Coca-Cola 1.5L,Beverages,3,65.0,195.0,Maya,Delivered,2026-05-01,25/04/2026
ORD-20261368,2026-01-04,Josefina Flores,Bagumbayan,Iloilo City,Iloilo,Western Visayas,Domex Toilet Cleaner,Household Care,18,55.0,990.0,COD,Delivered,2026-01-13,04/01/2026
ORD-20261369,2026-01-20,Antonio Cruz,Bagumbayan,Mandaue,Cebu,Central Visayas,Safeguard Soap Bar,Personal Care,16,28.0,448.0,Cash,Delivered,2026-01-21,20/01/2026
ORD-20261370,2026-01-14,Corazon Villanueva,San Jose,Makati,Metro Manila,NCR,Coca-Cola 1.5L,Beverages,7,65.0,455.0,COD,Delivered,2026-01-23,14/01/2026
ORD-20261371,2026-03-21,Maria Cruz,Santo Nino,Tagbilaran,Bohol,Central Visayas,Safeguard Soap Bar,Personal Care,1,28.0,28.0,COD,Returned,2026-03-24,21/03/2026
ORD-20261372,2026-03-24,Antonio Santos,San Isidro,Bacolod,Negros Occidental,Western Visayas,CDO Corned Beef,Noodles & Canned Goods,15,33.0,495.0,Cash,Delivered,2026-03-28,24/03/2026
ORD-20261373,2026-01-05,Pedro Castillo,Santo Nino,Cebu City,Cebu,Central Visayas,ILUV Ballpen,School & Office Supplies,15,10.0,150.0,COD,Delivered,2026-01-15,05/01/2026
ORD-20261374,2026-02-28,Corazon Bautista,Bagumbayan,Bacolod,Negros Occidental,Western Visayas,Surf Powder Sachet,Household Care,19,8.0,152.0,GCash,Delivered,2026-03-04,28/02/2026
ORD-20261375,2026-03-31,Teresa Torres,Rizal,Mandaue,Cebu,Central Visayas,CDO Corned Beef,Noodles & Canned Goods,8,33.0,264.0,COD,Delivered,2026-04-10,31/03/2026
ORD-20261376,2026-06-29,Ana Mendoza,Del Pilar,Tagum,Davao del Norte,Davao Region,Nissin Cup Noodles,Noodles & Canned Goods,12,20.0,240.0,COD,Delivered,2026-07-05,29/06/2026
ORD-20261377,2026-04-02,Jose Flores,Bagumbayan,Bacolod,Negros Occidental,Western Visayas,Colgate Toothpaste 75ml,Personal Care,19,45.0,855.0,Cash,Delivered,2026-04-09,02/04/2026
ORD-20261378,2026-02-21,Ana Mendoza,Del Pilar,Tagum,Davao del Norte,Davao Region,Piattos 85g,Snacks,4,32.0,128.0,COD,Cancelled,,21/02/2026
ORD-20261379,2026-04-30,Juan Villanueva,Rizal,Iloilo City,Iloilo,Western Visayas,Nissin Cup Noodles,Noodles & Canned Goods,14,20.0,280.0,Cash,Delivered,2026-05-08,30/04/2026
ORD-20261380,2026-05-20,Teresa Villanueva,San Antonio,Iloilo City,Iloilo,Western Visayas,CDO Corned Beef,Noodles & Canned Goods,8,33.0,264.0,Cash,Cancelled,,20/05/2026
ORD-20261381,2026-04-22,Josefina Castillo,Poblacion,Tagbilaran,Bohol,Central Visayas,Nescafe 3-in-1 Sachet,Beverages,4,8.0,32.0,COD,Delivered,2026-04-30,22/04/2026
ORD-20261382,2026-06-22,Josefina Mendoza,San Antonio,Angeles City,Pampanga,Central Luzon,Nescafe 3-in-1 Sachet,Beverages,18,8.0,144.0,Cash,Delivered,2026-07-02,22/06/2026
ORD-20261383,2026-05-08,Roberto Del Rosario,San Isidro,Malolos,Bulacan,Central Luzon,Safeguard Soap Bar,Personal Care,7,28.0,196.0,Bank Transfer,Delivered,2026-05-14,08/05/2026
ORD-20261384,2026-03-14,Teresa Reyes,Rizal,Iloilo City,Iloilo,Western Visayas,Head & Shoulders Sachet,Personal Care,9,7.0,63.0,GCash,Delivered,2026-03-19,14/03/2026
ORD-20261385,2026-04-13,Luz Reyes,San Jose,Tarlac City,Tarlac,Central Luzon,Argentina Corned Beef,Noodles & Canned Goods,5,35.0,175.0,Bank Transfer,Delivered,2026-04-23,13/04/2026
ORD-20261386,2026-02-27,Maria Santos,Poblacion,Tagum,Davao del Norte,Davao Region,Boy Bawang 100g,Snacks,15,18.0,270.0,Cash,Delivered,2026-03-07,27/02/2026
ORD-20261387,2026-04-21,Maria Cruz,Santo Nino,Tagbilaran,Bohol,Central Visayas,Head & Shoulders Sachet,Personal Care,6,7.0,42.0,GCash,Delivered,2026-04-30,21/04/2026
ORD-20261388,2026-02-23,Jose Castillo,Del Pilar,Malolos,Bulacan,Central Luzon,Coca-Cola 1.5L,Beverages,1,65.0,65.0,COD,Returned,2026-02-25,23/02/2026
ORD-20261389,2026-05-14,Ricardo Aquino,San Isidro,Cebu City,Cebu,Central Visayas,Safeguard Soap Bar,Personal Care,3,28.0,84.0,GCash,Delivered,2026-05-24,14/05/2026
ORD-20261390,2026-01-31,Elena Torres,San Jose,Angeles City,Pampanga,Central Luzon,Nova Multigrain 78g,Snacks,20,30.0,600.0,COD,Delivered,2026-02-10,31/01/2026
ORD-20261391,2026-06-29,Ricardo Cruz,San Antonio,Manila,Metro Manila,NCR,Colgate Toothpaste 75ml,Personal Care,14,45.0,630.0,COD,Delivered,2026-07-09,29/06/2026
ORD-20261392,2026-01-04,Corazon Ramos,San Jose,Pasig,Metro Manila,NCR,C2 Green Tea 500ml,Beverages,18,22.0,396.0,Cash,Delivered,2026-01-14,04/01/2026
ORD-20261393,2026-05-25,Jose Ocampo,Malinta,Dasmarinas,Cavite,CALABARZON,Colgate Toothpaste 75ml,Personal Care,7,45.0,315.0,Cash,Delivered,2026-05-31,25/05/2026
ORD-20261394,2026-02-03,Josefina Pascual,Poblacion,Manila,Metro Manila,NCR,Sterling Notebook,School & Office Supplies,1,18.0,18.0,COD,Returned,2026-02-12,03/02/2026
ORD-20261395,2026-05-04,Cristina Pascual,Rizal,Davao City,Davao del Sur,Davao Region,Safeguard Soap Bar,Personal Care,6,28.0,168.0,GCash,Pending,,04/05/2026
ORD-20261396,2026-01-16,Manuel Ramos,Rizal,Tagbilaran,Bohol,Central Visayas,Milo Sachet,Beverages,8,9.0,72.0,Cash,Delivered,2026-01-26,16/01/2026
ORD-20261397,2026-02-22,Maria Mendoza,Del Pilar,Manila,Metro Manila,NCR,Milo Sachet,Beverages,2,9.0,18.0,GCash,Delivered,2026-02-27,22/02/2026
ORD-20261398,2026-06-04,Manuel Villanueva,Malinta,Tarlac City,Tarlac,Central Luzon,Safeguard Soap Bar,Personal Care,10,28.0,280.0,COD,Delivered,2026-06-12,04/06/2026
ORD-20261399,2026-05-29,Jose Ocampo,Bagumbayan,Mandaue,Cebu,Central Visayas,Lucky Me Pancit Canton Noodles,Noodles & Canned Goods,17,14.0,238.0,COD,Delivered,2026-06-05,29/05/2026
ORD-20261400,2026-01-28,Carmen Reyes,San Jose,Tagbilaran,Bohol,Central Visayas,Boy Bawang 100g,Snacks,19,18.0,342.0,GCash,Delivered,2026-02-01,28/01/2026
ORD-20261401,2026-02-19,Manuel Villanueva,Bagumbayan,Tagbilaran,Bohol,Central Visayas,C2 Green Tea 500ml,Beverages,18,22.0,396.0,COD,Cancelled,,19/02/2026
ORD-20261402,2026-05-13,Fernando Garcia,Bagong Silang,Tagbilaran,Bohol,Central Visayas,SkyFlakes Crackers,Snacks,3,15.0,45.0,COD,Returned,2026-05-22,13/05/2026
ORD-20261403,2026-05-29,Jose Santos,San Jose,Cebu City,Cebu,Central Visayas,Palmolive Shampoo Sachet,Personal Care,11,6.0,66.0,COD,Delivered,2026-06-04,29/05/2026
ORD-20261404,2026-05-11,Roberto Santos,Del Pilar,Bacolod,Negros Occidental,Western Visayas,Zonrox Bleach 500ml,Household Care,15,32.0,480.0,Bank Transfer,Delivered,2026-05-16,11/05/2026
ORD-20261405,2026-03-30,Ricardo Aquino,San Isidro,Cebu City,Cebu,Central Visayas,Domex Toilet Cleaner,Household Care,16,55.0,880.0,COD,Delivered,2026-04-04,30/03/2026
ORD-20261406,2026-05-15,Antonio Flores,Del Pilar,Manila,Metro Manila,NCR,Coca-Cola 1.5L,Beverages,1,65.0,65.0,COD,Delivered,2026-05-25,15/05/2026
ORD-20261407,2026-06-24,Josefina Castillo,Poblacion,Tagbilaran,Bohol,Central Visayas,Surf Powder Sachet,Household Care,4,8.0,32.0,Cash,Delivered,2026-07-02,24/06/2026
ORD-20261408,2026-02-08,Manuel Aquino,Malinta,Bacolod,Negros Occidental,Western Visayas,Joy Dishwashing Liquid 250ml,Household Care,13,38.0,494.0,Cash,Pending,,08/02/2026
ORD-20261409,2026-06-23,Ricardo Cruz,San Isidro,Calamba,Laguna,CALABARZON,SkyFlakes Crackers,Snacks,10,15.0,150.0,Cash,Delivered,2026-07-03,23/06/2026
ORD-20261410,2026-03-12,Teresa Villanueva,San Antonio,Iloilo City,Iloilo,Western Visayas,C2 Green Tea 500ml,Beverages,2,22.0,44.0,COD,Delivered,2026-03-17,12/03/2026
ORD-20261411,2026-03-29,Fernando Pascual,Rizal,Quezon City,Metro Manila,NCR,Argentina Corned Beef,Noodles & Canned Goods,9,35.0,315.0,COD,Delivered,2026-04-05,29/03/2026
ORD-20261412,2026-02-28,Rosa Cruz,San Isidro,Tarlac City,Tarlac,Central Luzon,Coca-Cola 1.5L,Beverages,18,65.0,1170.0,COD,Pending,,28/02/2026
ORD-20261413,2026-06-30,Ricardo Garcia,Santo Nino,Batangas City,Batangas,CALABARZON,Joy Dishwashing Liquid 250ml,Household Care,17,38.0,646.0,Cash,Delivered,2026-07-01,30/06/2026
ORD-20261414,2026-06-01,Luz Pascual,Santo Nino,Cebu City,Cebu,Central Visayas,Piattos 85g,Snacks,6,32.0,192.0,Maya,Cancelled,,01/06/2026
ORD-20261415,2026-02-09,Pedro Del Rosario,Rizal,Pasig,Metro Manila,NCR,555 Sardines,Noodles & Canned Goods,12,22.0,264.0,GCash,Delivered,2026-02-12,09/02/2026
ORD-20261416,2026-01-11,Maria Bautista,San Antonio,Mandaue,Cebu,Central Visayas,Palmolive Shampoo Sachet,Personal Care,15,6.0,90.0,Cash,Delivered,2026-01-15,11/01/2026
ORD-20261417,2026-05-07,Pedro Garcia,Poblacion,Pasig,Metro Manila,NCR,Joy Dishwashing Liquid 250ml,Household Care,7,38.0,266.0,COD,Delivered,2026-05-15,07/05/2026
ORD-20261418,2026-02-09,Josefina Ocampo,San Antonio,Davao City,Davao del Sur,Davao Region,Milo Sachet,Beverages,12,9.0,108.0,COD,Pending,,09/02/2026
ORD-20261419,2026-05-17,Teresa Villanueva,San Antonio,Iloilo City,Iloilo,Western Visayas,Lucky Me Pancit Canton Noodles,Noodles & Canned Goods,7,14.0,98.0,COD,Delivered,2026-05-24,17/05/2026
ORD-20261420,2026-06-28,Antonio Cruz,Bagumbayan,Mandaue,Cebu,Central Visayas,Sta. Maria Crayons,School & Office Supplies,5,40.0,200.0,Maya,Pending,,28/06/2026
ORD-20261421,2026-04-28,Teresa Torres,San Antonio,Tagum,Davao del Norte,Davao Region,Nissin Cup Noodles,Noodles & Canned Goods,17,20.0,340.0,COD,Delivered,2026-05-08,28/04/2026
ORD-20261422,2026-02-19,Rosa Castillo,San Antonio,Angeles City,Pampanga,Central Luzon,Nissin Cup Noodles,Noodles & Canned Goods,10,20.0,200.0,GCash,Delivered,2026-02-21,19/02/2026
ORD-20261423,2026-02-16,Cristina Ocampo,Rizal,Mandaue,Cebu,Central Visayas,ILUV Ballpen,School & Office Supplies,20,10.0,200.0,GCash,Delivered,2026-02-19,16/02/2026
ORD-20261424,2026-05-15,Fernando Pascual,Malinta,Malolos,Bulacan,Central Luzon,Lucky Me Beef Sotanghon,Noodles & Canned Goods,11,13.0,143.0,Maya,Delivered,2026-05-16,15/05/2026
ORD-20261425,2026-02-07,Eduardo Mendoza,San Isidro,Tagum,Davao del Norte,Davao Region,555 Sardines,Noodles & Canned Goods,2,22.0,44.0,GCash,Pending,,07/02/2026
ORD-20261426,2026-03-06,Eduardo Mendoza,Bagong Silang,Batangas City,Batangas,CALABARZON,Piattos 85g,Snacks,9,32.0,288.0,Cash,Cancelled,,06/03/2026
ORD-20261427,2026-06-05,Pedro Cruz,Santo Nino,Manila,Metro Manila,NCR,Piattos 85g,Snacks,17,32.0,544.0,GCash,Delivered,2026-06-15,05/06/2026
ORD-20261428,2026-03-19,Ana Ramos,San Antonio,Malolos,Bulacan,Central Luzon,ILUV Ballpen,School & Office Supplies,6,10.0,60.0,Cash,Returned,2026-03-20,19/03/2026
ORD-20261429,2026-05-02,Luz Reyes,Poblacion,Dasmarinas,Cavite,CALABARZON,Safeguard Soap Bar,Personal Care,1,28.0,28.0,COD,Pending,,02/05/2026
ORD-20261430,2026-02-16,Roberto Bautista,Del Pilar,Tagum,Davao del Norte,Davao Region,C2 Green Tea 500ml,Beverages,4,22.0,88.0,Cash,Delivered,2026-02-21,16/02/2026
ORD-20261431,2026-06-01,Pedro Del Rosario,Rizal,Pasig,Metro Manila,NCR,Domex Toilet Cleaner,Household Care,11,55.0,605.0,Bank Transfer,Pending,,01/06/2026
ORD-20261432,2026-03-25,Juan Bautista,San Jose,Angeles City,Pampanga,Central Luzon,Nissin Cup Noodles,Noodles & Canned Goods,6,20.0,120.0,GCash,Delivered,2026-03-29,25/03/2026
ORD-20261433,2026-04-19,Teresa Santos,Del Pilar,Davao City,Davao del Sur,Davao Region,Nescafe 3-in-1 Sachet,Beverages,7,8.0,56.0,Maya,Cancelled,,19/04/2026
ORD-20261434,2026-01-29,Carmen Pascual,Poblacion,Bacolod,Negros Occidental,Western Visayas,Argentina Corned Beef,Noodles & Canned Goods,4,35.0,140.0,GCash,Delivered,2026-01-31,29/01/2026
ORD-20261435,2026-06-05,Cristina Flores,Del Pilar,Quezon City,Metro Manila,NCR,Sterling Notebook,School & Office Supplies,10,18.0,180.0,Cash,Delivered,2026-06-06,05/06/2026
ORD-20261436,2026-06-06,Ana Mendoza,Del Pilar,Tagum,Davao del Norte,Davao Region,Nissin Cup Noodles,Noodles & Canned Goods,16,20.0,320.0,Cash,Delivered,2026-06-15,06/06/2026
ORD-20261437,2026-02-06,Teresa Castillo,Bagumbayan,Batangas City,Batangas,CALABARZON,Lucky Me Pancit Canton Noodles,Noodles & Canned Goods,3,14.0,42.0,GCash,Delivered,2026-02-15,06/02/2026
ORD-20261438,2026-03-10,Cristina Santos,Poblacion,Makati,Metro Manila,NCR,Nova Multigrain 78g,Snacks,6,30.0,180.0,GCash,Delivered,2026-03-13,10/03/2026
ORD-20261439,2026-05-15,Luz Pascual,Santo Nino,Cebu City,Cebu,Central Visayas,Colgate Toothpaste 75ml,Personal Care,1,45.0,45.0,COD,Pending,,15/05/2026
ORD-20261440,2026-05-10,Luz Ocampo,San Antonio,Bacolod,Negros Occidental,Western Visayas,Palmolive Shampoo Sachet,Personal Care,6,6.0,36.0,GCash,Delivered,2026-05-12,10/05/2026
ORD-20261441,2026-02-17,Manuel Aquino,Malinta,Bacolod,Negros Occidental,Western Visayas,Safeguard Soap Bar,Personal Care,13,28.0,364.0,GCash,Delivered,2026-02-21,17/02/2026
ORD-20261442,2026-03-15,Maria Castillo,San Antonio,Malolos,Bulacan,Central Luzon,Zonrox Bleach 500ml,Household Care,4,32.0,128.0,Maya,Delivered,2026-03-16,15/03/2026
ORD-20261443,2026-01-19,Maria Castillo,San Antonio,Malolos,Bulacan,Central Luzon,CDO Corned Beef,Noodles & Canned Goods,4,33.0,132.0,Maya,Cancelled,,19/01/2026
ORD-20261444,2026-04-29,Fernando Pascual,Malinta,Malolos,Bulacan,Central Luzon,Surf Powder Sachet,Household Care,2,8.0,16.0,GCash,Delivered,2026-05-03,29/04/2026
ORD-20261445,2026-01-06,Jose Reyes,Rizal,Tagum,Davao del Norte,Davao Region,Sta. Maria Crayons,School & Office Supplies,1,40.0,40.0,COD,Delivered,2026-01-08,06/01/2026
ORD-20261446,2026-01-15,Josefina Reyes,Poblacion,Dasmarinas,Cavite,CALABARZON,555 Sardines,Noodles & Canned Goods,16,22.0,352.0,Cash,Delivered,2026-01-18,15/01/2026
ORD-20261447,2026-05-31,Pedro Aquino,Rizal,Malolos,Bulacan,Central Luzon,C2 Green Tea 500ml,Beverages,18,22.0,396.0,COD,Delivered,2026-06-08,31/05/2026
ORD-20261448,2026-04-14,Antonio Flores,Bagumbayan,Angeles City,Pampanga,Central Luzon,Safeguard Soap Bar,Personal Care,15,28.0,420.0,GCash,Delivered,2026-04-16,14/04/2026
ORD-20261449,2026-04-10,Ramon Mendoza,San Jose,Tagum,Davao del Norte,Davao Region,Milo Sachet,Beverages,11,9.0,99.0,Cash,Returned,2026-04-19,10/04/2026
ORD-20261450,2026-01-21,Roberto Santos,Del Pilar,Bacolod,Negros Occidental,Western Visayas,Zonrox Bleach 500ml,Household Care,13,32.0,416.0,Cash,Cancelled,,21/01/2026
ORD-20261451,2026-03-06,Luz Reyes,San Jose,Tarlac City,Tarlac,Central Luzon,Coca-Cola 1.5L,Beverages,3,65.0,195.0,Cash,Pending,,06/03/2026
ORD-20261452,2026-03-30,Fernando Garcia,Del Pilar,Iloilo City,Iloilo,Western Visayas,CDO Corned Beef,Noodles & Canned Goods,14,33.0,462.0,Bank Transfer,Delivered,2026-04-05,30/03/2026
ORD-20261453,2026-04-07,Jose Santos,San Jose,Cebu City,Cebu,Central Visayas,Nova Multigrain 78g,Snacks,3,30.0,90.0,COD,Cancelled,,07/04/2026
ORD-20261454,2026-03-12,Jose Reyes,Bagumbayan,Quezon City,Metro Manila,NCR,555 Sardines,Noodles & Canned Goods,8,22.0,176.0,COD,Delivered,2026-03-14,12/03/2026
ORD-20261455,2026-05-29,Ana Ramos,Bagumbayan,Tarlac City,Tarlac,Central Luzon,Argentina Corned Beef,Noodles & Canned Goods,1,35.0,35.0,Cash,Returned,2026-06-03,29/05/2026
ORD-20261456,2026-05-06,Roberto Bautista,Del Pilar,Tagum,Davao del Norte,Davao Region,Yellow Pad Paper,School & Office Supplies,16,12.0,192.0,COD,Delivered,2026-05-12,06/05/2026
ORD-20261457,2026-04-08,Fernando Villanueva,Bagumbayan,Bacolod,Negros Occidental,Western Visayas,Sterling Notebook,School & Office Supplies,5,18.0,90.0,GCash,Delivered,2026-04-12,08/04/2026
ORD-20261458,2026-04-30,Ricardo Garcia,Santo Nino,Batangas City,Batangas,CALABARZON,555 Sardines,Noodles & Canned Goods,2,22.0,44.0,Cash,Delivered,2026-05-05,30/04/2026
ORD-20261459,2026-05-17,Manuel Flores,San Antonio,Angeles City,Pampanga,Central Luzon,Sta. Maria Crayons,School & Office Supplies,14,40.0,560.0,COD,Delivered,2026-05-22,17/05/2026
ORD-20261460,2026-03-03,Josefina Flores,Bagumbayan,Iloilo City,Iloilo,Western Visayas,Nescafe 3-in-1 Sachet,Beverages,10,8.0,80.0,Maya,Delivered,2026-03-13,03/03/2026
ORD-20261461,2026-02-26,Jose Reyes,Rizal,Tagum,Davao del Norte,Davao Region,Piattos 85g,Snacks,13,32.0,416.0,Cash,Pending,,26/02/2026
ORD-20261462,2026-06-14,Roberto Aquino,San Antonio,Cebu City,Cebu,Central Visayas,Argentina Corned Beef,Noodles & Canned Goods,11,35.0,385.0,Cash,Delivered,2026-06-24,14/06/2026
ORD-20261463,2026-03-06,Juan Ramos,Bagumbayan,Manila,Metro Manila,NCR,Boy Bawang 100g,Snacks,1,18.0,18.0,COD,Delivered,2026-03-09,06/03/2026
ORD-20261464,2026-04-18,Pedro Cruz,Santo Nino,Manila,Metro Manila,NCR,Coca-Cola 1.5L,Beverages,18,65.0,1170.0,COD,Delivered,2026-04-21,18/04/2026
ORD-20261465,2026-02-23,Luz Torres,Rizal,Mandaue,Cebu,Central Visayas,Sterling Notebook,School & Office Supplies,5,18.0,90.0,COD,Delivered,2026-02-26,23/02/2026
ORD-20261466,2026-04-18,Manuel Mendoza,Poblacion,Tagbilaran,Bohol,Central Visayas,ILUV Ballpen,School & Office Supplies,14,10.0,140.0,COD,Cancelled,,18/04/2026
ORD-20261467,2026-04-26,Eduardo Del Rosario,Bagong Silang,Malolos,Bulacan,Central Luzon,Colgate Toothpaste 75ml,Personal Care,1,45.0,45.0,Cash,Delivered,2026-05-02,26/04/2026
ORD-20261468,2026-06-09,Roberto Garcia,Rizal,Manila,Metro Manila,NCR,Joy Dishwashing Liquid 250ml,Household Care,12,38.0,456.0,Maya,Delivered,2026-06-13,09/06/2026
ORD-20261469,2026-02-09,Rosa Del Rosario,Bagumbayan,Pasig,Metro Manila,NCR,Domex Toilet Cleaner,Household Care,20,55.0,1100.0,Maya,Delivered,2026-02-13,09/02/2026
ORD-20261470,2026-04-14,Roberto Garcia,Rizal,Manila,Metro Manila,NCR,Palmolive Shampoo Sachet,Personal Care,11,6.0,66.0,GCash,Cancelled,,14/04/2026
ORD-20261471,2026-05-11,Corazon Reyes,Malinta,Calamba,Laguna,CALABARZON,Safeguard Soap Bar,Personal Care,13,28.0,364.0,COD,Delivered,2026-05-15,11/05/2026
ORD-20261472,2026-06-13,Maria Castillo,Rizal,Tagum,Davao del Norte,Davao Region,555 Sardines,Noodles & Canned Goods,8,22.0,176.0,Cash,Delivered,2026-06-21,13/06/2026
ORD-20261473,2026-05-22,Corazon Villanueva,Rizal,Angeles City,Pampanga,Central Luzon,Nescafe 3-in-1 Sachet,Beverages,6,8.0,48.0,GCash,Delivered,2026-05-25,22/05/2026
ORD-20261474,2026-05-06,Manuel Flores,San Antonio,Angeles City,Pampanga,Central Luzon,Piattos 85g,Snacks,5,32.0,160.0,Bank Transfer,Returned,2026-05-10,06/05/2026
ORD-20261475,2026-04-09,Ramon Santos,Rizal,Dasmarinas,Cavite,CALABARZON,Boy Bawang 100g,Snacks,11,18.0,198.0,Maya,Cancelled,,09/04/2026
ORD-20261476,2026-05-10,Antonio Bautista,Rizal,Davao City,Davao del Sur,Davao Region,CDO Corned Beef,Noodles & Canned Goods,4,33.0,132.0,Cash,Delivered,2026-05-11,10/05/2026
ORD-20261477,2026-03-13,Antonio Bautista,Rizal,Davao City,Davao del Sur,Davao Region,Sterling Notebook,School & Office Supplies,6,18.0,108.0,COD,Delivered,2026-03-22,13/03/2026
ORD-20261478,2026-01-10,Ricardo Bautista,Del Pilar,Manila,Metro Manila,NCR,Nova Multigrain 78g,Snacks,19,30.0,570.0,Bank Transfer,Cancelled,,10/01/2026
ORD-20261479,2026-04-02,Maria Santos,Poblacion,Tagum,Davao del Norte,Davao Region,Zonrox Bleach 500ml,Household Care,20,32.0,640.0,Maya,Delivered,2026-04-07,02/04/2026
ORD-20261480,2026-06-21,Eduardo Del Rosario,Santo Nino,Iloilo City,Iloilo,Western Visayas,CDO Corned Beef,Noodles & Canned Goods,13,33.0,429.0,Maya,Cancelled,,21/06/2026
ORD-20261481,2026-06-24,Carmen Flores,Del Pilar,Davao City,Davao del Sur,Davao Region,Boy Bawang 100g,Snacks,1,18.0,18.0,Cash,Delivered,2026-07-02,24/06/2026
ORD-20261482,2026-03-07,Josefina Castillo,Poblacion,Tagbilaran,Bohol,Central Visayas,Palmolive Shampoo Sachet,Personal Care,18,6.0,108.0,Cash,Delivered,2026-03-16,07/03/2026
ORD-20261483,2026-02-24,Ana Ramos,Bagumbayan,Tarlac City,Tarlac,Central Luzon,Nescafe 3-in-1 Sachet,Beverages,15,8.0,120.0,GCash,Delivered,2026-03-03,24/02/2026
ORD-20261484,2026-06-12,Roberto Santos,Del Pilar,Bacolod,Negros Occidental,Western Visayas,Nova Multigrain 78g,Snacks,5,30.0,150.0,Maya,Cancelled,,12/06/2026
ORD-20261485,2026-02-17,Fernando Ocampo,Del Pilar,Tagum,Davao del Norte,Davao Region,Palmolive Shampoo Sachet,Personal Care,7,6.0,42.0,Cash,Delivered,2026-02-24,17/02/2026
ORD-20261486,2026-05-16,Josefina Flores,Bagumbayan,Iloilo City,Iloilo,Western Visayas,Colgate Toothpaste 75ml,Personal Care,2,45.0,90.0,COD,Returned,2026-05-21,16/05/2026
ORD-20261487,2026-03-09,Fernando Garcia,Bagong Silang,Tagbilaran,Bohol,Central Visayas,Coca-Cola 1.5L,Beverages,14,65.0,910.0,COD,Delivered,2026-03-10,09/03/2026
ORD-20261488,2026-05-13,Teresa Del Rosario,San Jose,Malolos,Bulacan,Central Luzon,Lucky Me Pancit Canton Noodles,Noodles & Canned Goods,9,14.0,126.0,GCash,Pending,,13/05/2026
ORD-20261489,2026-01-20,Ana Ramos,San Antonio,Malolos,Bulacan,Central Luzon,Nescafe 3-in-1 Sachet,Beverages,3,8.0,24.0,Bank Transfer,Returned,2026-01-21,20/01/2026
ORD-20261490,2026-05-19,Luz Torres,Rizal,Mandaue,Cebu,Central Visayas,Sta. Maria Crayons,School & Office Supplies,10,40.0,400.0,Maya,Delivered,2026-05-21,19/05/2026
ORD-20261491,2026-06-17,Ana Flores,Poblacion,Tagum,Davao del Norte,Davao Region,Safeguard Soap Bar,Personal Care,9,28.0,252.0,COD,Delivered,2026-06-22,17/06/2026
ORD-20261492,2026-06-16,Cristina Flores,Del Pilar,Quezon City,Metro Manila,NCR,SkyFlakes Crackers,Snacks,1,15.0,15.0,Cash,Delivered,2026-06-26,16/06/2026
ORD-20261493,2026-06-26,Rosa Del Rosario,Bagumbayan,Angeles City,Pampanga,Central Luzon,Argentina Corned Beef,Noodles & Canned Goods,6,35.0,210.0,Bank Transfer,Cancelled,,26/06/2026
ORD-20261494,2026-03-28,Teresa Mendoza,San Isidro,Cebu City,Cebu,Central Visayas,ILUV Ballpen,School & Office Supplies,4,10.0,40.0,COD,Returned,2026-04-02,28/03/2026
ORD-20261495,2026-02-15,Manuel Flores,San Antonio,Angeles City,Pampanga,Central Luzon,Domex Toilet Cleaner,Household Care,19,55.0,1045.0,Cash,Delivered,2026-02-25,15/02/2026
ORD-20261496,2026-03-07,Corazon Ocampo,Malinta,Iloilo City,Iloilo,Western Visayas,C2 Green Tea 500ml,Beverages,12,22.0,264.0,Cash,Delivered,2026-03-15,07/03/2026
ORD-20261497,2026-02-02,Manuel Reyes,Rizal,Quezon City,Metro Manila,NCR,C2 Green Tea 500ml,Beverages,4,22.0,88.0,Bank Transfer,Delivered,2026-02-11,02/02/2026
ORD-20261498,2026-06-05,Corazon Bautista,Bagong Silang,Davao City,Davao del Sur,Davao Region,Safeguard Soap Bar,Personal Care,16,28.0,448.0,COD,Delivered,2026-06-14,05/06/2026
ORD-20261499,2026-01-10,Pedro Del Rosario,Rizal,Pasig,Metro Manila,NCR,Domex Toilet Cleaner,Household Care,10,55.0,550.0,COD,Delivered,2026-01-12,10/01/2026
ORD-20261500,2026-01-17,Pedro Pascual,San Isidro,Manila,Metro Manila,NCR,555 Sardines,Noodles & Canned Goods,6,22.0,132.0,Cash,Delivered,2026-01-26,17/01/2026
ORD-20261501,2026-02-17,Corazon Ramos,San Jose,Pasig,Metro Manila,NCR,Coca-Cola 1.5L,Beverages,14,65.0,910.0,Cash,Delivered,2026-02-24,17/02/2026
ORD-20261502,2026-05-10,Ana Flores,Poblacion,Tagum,Davao del Norte,Davao Region,Sta. Maria Crayons,School & Office Supplies,16,40.0,640.0,COD,Delivered,2026-05-13,10/05/2026
ORD-20261503,2026-01-22,Ricardo Pascual,Santo Nino,Tarlac City,Tarlac,Central Luzon,CDO Corned Beef,Noodles & Canned Goods,14,33.0,462.0,COD,Delivered,2026-01-30,22/01/2026
ORD-20261504,2026-04-02,Maria Castillo,Rizal,Tagum,Davao del Norte,Davao Region,Yellow Pad Paper,School & Office Supplies,11,12.0,132.0,GCash,Returned,2026-04-12,02/04/2026
ORD-20261505,2026-01-28,Jose Ocampo,Malinta,Dasmarinas,Cavite,CALABARZON,ILUV Ballpen,School & Office Supplies,3,10.0,30.0,GCash,Delivered,2026-02-07,28/01/2026
ORD-20261506,2026-05-07,Maria Castillo,Rizal,Tagum,Davao del Norte,Davao Region,Piattos 85g,Snacks,8,32.0,256.0,COD,Delivered,2026-05-11,07/05/2026
ORD-20261507,2026-04-11,Fernando Pascual,Malinta,Malolos,Bulacan,Central Luzon,Surf Powder Sachet,Household Care,19,8.0,152.0,GCash,Delivered,2026-04-21,11/04/2026
ORD-20261508,2026-03-22,Pedro Aquino,Rizal,Malolos,Bulacan,Central Luzon,CDO Corned Beef,Noodles & Canned Goods,5,33.0,165.0,Maya,Pending,,22/03/2026
ORD-20261509,2026-02-02,Maria Santos,Bagumbayan,Bacolod,Negros Occidental,Western Visayas,Nissin Cup Noodles,Noodles & Canned Goods,6,20.0,120.0,GCash,Delivered,2026-02-05,02/02/2026
ORD-20261510,2026-06-30,Pedro Del Rosario,Rizal,Pasig,Metro Manila,NCR,Palmolive Shampoo Sachet,Personal Care,5,6.0,30.0,COD,Delivered,2026-07-02,30/06/2026
ORD-20261511,2026-01-15,Eduardo Aquino,Bagong Silang,Tarlac City,Tarlac,Central Luzon,SkyFlakes Crackers,Snacks,3,15.0,45.0,COD,Delivered,2026-01-23,15/01/2026
ORD-20261512,2026-02-26,Pedro Santos,Del Pilar,Iloilo City,Iloilo,Western Visayas,Colgate Toothpaste 75ml,Personal Care,1,45.0,45.0,Cash,Cancelled,,26/02/2026
ORD-20261513,2026-04-06,Ricardo Pascual,Santo Nino,Tarlac City,Tarlac,Central Luzon,Colgate Toothpaste 75ml,Personal Care,17,45.0,765.0,COD,Delivered,2026-04-13,06/04/2026
ORD-20261514,2026-04-20,Eduardo Del Rosario,Bagong Silang,Malolos,Bulacan,Central Luzon,Milo Sachet,Beverages,12,9.0,108.0,Maya,Cancelled,,20/04/2026
ORD-20261515,2026-04-06,Maria Flores,San Isidro,Makati,Metro Manila,NCR,Sterling Notebook,School & Office Supplies,8,18.0,144.0,GCash,Delivered,2026-04-16,06/04/2026
ORD-20261516,2026-03-07,Antonio Cruz,Bagumbayan,Mandaue,Cebu,Central Visayas,Domex Toilet Cleaner,Household Care,3,55.0,165.0,GCash,Delivered,2026-03-11,07/03/2026
ORD-20261517,2026-04-01,Teresa Torres,Rizal,Mandaue,Cebu,Central Visayas,555 Sardines,Noodles & Canned Goods,13,22.0,286.0,COD,Delivered,2026-04-02,01/04/2026
ORD-20261518,2026-05-16,Josefina Santos,Rizal,Pasig,Metro Manila,NCR,Coca-Cola 1.5L,Beverages,12,65.0,780.0,COD,Delivered,2026-05-24,16/05/2026
ORD-20261519,2026-03-13,Jose Torres,San Antonio,Dasmarinas,Cavite,CALABARZON,Palmolive Shampoo Sachet,Personal Care,14,6.0,84.0,Maya,Delivered,2026-03-21,13/03/2026
ORD-20261520,2026-01-19,Juan Torres,Poblacion,Pasig,Metro Manila,NCR,Safeguard Soap Bar,Personal Care,13,28.0,364.0,GCash,Delivered,2026-01-23,19/01/2026
ORD-20261521,2026-02-26,Josefina Mendoza,San Antonio,Angeles City,Pampanga,Central Luzon,C2 Green Tea 500ml,Beverages,18,22.0,396.0,Cash,Cancelled,,26/02/2026
ORD-20261522,2026-02-16,Carmen Flores,Del Pilar,Tarlac City,Tarlac,Central Luzon,Palmolive Shampoo Sachet,Personal Care,14,6.0,84.0,COD,Delivered,2026-02-20,16/02/2026
ORD-20261523,2026-04-29,Fernando Pascual,Bagong Silang,Dasmarinas,Cavite,CALABARZON,Piattos 85g,Snacks,18,32.0,576.0,COD,Delivered,2026-05-05,29/04/2026
ORD-20261524,2026-06-04,Manuel Villanueva,Malinta,Tarlac City,Tarlac,Central Luzon,Domex Toilet Cleaner,Household Care,13,55.0,715.0,Cash,Delivered,2026-06-12,04/06/2026
ORD-20261525,2026-02-19,Luz Pascual,Santo Nino,Cebu City,Cebu,Central Visayas,Coca-Cola 1.5L,Beverages,17,65.0,1105.0,Cash,Delivered,2026-02-25,19/02/2026
ORD-20261526,2026-06-19,Antonio Mendoza,San Isidro,Calamba,Laguna,CALABARZON,CDO Corned Beef,Noodles & Canned Goods,12,33.0,396.0,GCash,Delivered,2026-06-24,19/06/2026
ORD-20261527,2026-02-02,Carmen Flores,Del Pilar,Tarlac City,Tarlac,Central Luzon,Colgate Toothpaste 75ml,Personal Care,11,45.0,495.0,Cash,Delivered,2026-02-04,02/02/2026
ORD-20261528,2026-02-28,Josefina Santos,San Jose,Bacolod,Negros Occidental,Western Visayas,C2 Green Tea 500ml,Beverages,1,22.0,22.0,Cash,Pending,,28/02/2026
ORD-20261529,2026-05-25,Corazon Villanueva,San Jose,Makati,Metro Manila,NCR,Milo Sachet,Beverages,12,9.0,108.0,Bank Transfer,Cancelled,,25/05/2026
ORD-20261530,2026-02-05,Elena Garcia,Poblacion,Davao City,Davao del Sur,Davao Region,555 Sardines,Noodles & Canned Goods,9,22.0,198.0,COD,Delivered,2026-02-10,05/02/2026
ORD-20261531,2026-04-09,Ricardo Cruz,San Antonio,Manila,Metro Manila,NCR,Sta. Maria Crayons,School & Office Supplies,12,40.0,480.0,COD,Delivered,2026-04-14,09/04/2026
ORD-20261532,2026-05-24,Jose Torres,San Antonio,Dasmarinas,Cavite,CALABARZON,Lucky Me Pancit Canton Noodles,Noodles & Canned Goods,17,14.0,238.0,Cash,Delivered,2026-05-27,24/05/2026
ORD-20261533,2026-05-10,Josefina Santos,Santo Nino,Tagum,Davao del Norte,Davao Region,Coca-Cola 1.5L,Beverages,9,65.0,585.0,GCash,Pending,,10/05/2026
ORD-20261534,2026-04-10,Corazon Reyes,Malinta,Calamba,Laguna,CALABARZON,Yellow Pad Paper,School & Office Supplies,18,12.0,216.0,Cash,Delivered,2026-04-20,10/04/2026
ORD-20261535,2026-06-28,Eduardo Garcia,Poblacion,Tarlac City,Tarlac,Central Luzon,Joy Dishwashing Liquid 250ml,Household Care,6,38.0,228.0,GCash,Delivered,2026-07-06,28/06/2026
ORD-20261536,2026-05-23,Cristina Pascual,Rizal,Davao City,Davao del Sur,Davao Region,Nissin Cup Noodles,Noodles & Canned Goods,15,20.0,300.0,GCash,Delivered,2026-06-01,23/05/2026
ORD-20261537,2026-01-04,Luz Torres,Rizal,Mandaue,Cebu,Central Visayas,Nissin Cup Noodles,Noodles & Canned Goods,17,20.0,340.0,GCash,Returned,2026-01-06,04/01/2026
ORD-20261538,2026-04-13,Roberto Bautista,San Jose,Calamba,Laguna,CALABARZON,Coca-Cola 1.5L,Beverages,6,65.0,390.0,Maya,Cancelled,,13/04/2026
ORD-20261539,2026-02-16,Fernando Mendoza,Santo Nino,Quezon City,Metro Manila,NCR,Head & Shoulders Sachet,Personal Care,8,7.0,56.0,Bank Transfer,Cancelled,,16/02/2026
ORD-20261540,2026-03-29,Manuel Aquino,Malinta,Bacolod,Negros Occidental,Western Visayas,Lucky Me Pancit Canton Noodles,Noodles & Canned Goods,19,14.0,266.0,Cash,Delivered,2026-03-30,29/03/2026
ORD-20261541,2026-05-22,Ana Ocampo,Bagumbayan,Mandaue,Cebu,Central Visayas,Zonrox Bleach 500ml,Household Care,11,32.0,352.0,GCash,Delivered,2026-05-25,22/05/2026
ORD-20261542,2026-01-24,Pedro Castillo,Santo Nino,Cebu City,Cebu,Central Visayas,Nissin Cup Noodles,Noodles & Canned Goods,2,20.0,40.0,Maya,Pending,,24/01/2026
ORD-20261543,2026-03-14,Eduardo Del Rosario,Bagong Silang,Malolos,Bulacan,Central Luzon,Palmolive Shampoo Sachet,Personal Care,4,6.0,24.0,COD,Delivered,2026-03-19,14/03/2026
ORD-20261544,2026-01-29,Ricardo Bautista,Bagong Silang,Tagum,Davao del Norte,Davao Region,Nova Multigrain 78g,Snacks,18,30.0,540.0,GCash,Delivered,2026-02-01,29/01/2026
ORD-20261545,2026-04-12,Corazon Villanueva,San Jose,Makati,Metro Manila,NCR,Colgate Toothpaste 75ml,Personal Care,6,45.0,270.0,Cash,Delivered,2026-04-13,12/04/2026
ORD-20261546,2026-04-05,Carmen Reyes,San Jose,Tagbilaran,Bohol,Central Visayas,Lucky Me Pancit Canton Noodles,Noodles & Canned Goods,20,14.0,280.0,GCash,Returned,2026-04-08,05/04/2026
ORD-20261547,2026-03-29,Rosa Del Rosario,Bagumbayan,Angeles City,Pampanga,Central Luzon,Sta. Maria Crayons,School & Office Supplies,12,40.0,480.0,Maya,Returned,2026-04-08,29/03/2026
ORD-20261548,2026-04-07,Fernando Ramos,Santo Nino,Iloilo City,Iloilo,Western Visayas,Domex Toilet Cleaner,Household Care,10,55.0,550.0,COD,Delivered,2026-04-10,07/04/2026
ORD-20261549,2026-03-07,Manuel Villanueva,Bagumbayan,Tagbilaran,Bohol,Central Visayas,Coca-Cola 1.5L,Beverages,17,65.0,1105.0,GCash,Delivered,2026-03-09,07/03/2026
ORD-20261550,2026-02-01,Ricardo Pascual,Santo Nino,Tarlac City,Tarlac,Central Luzon,Nescafe 3-in-1 Sachet,Beverages,1,8.0,8.0,GCash,Delivered,2026-02-02,01/02/2026
ORD-20261551,2026-04-22,Ana Cruz,Poblacion,Quezon City,Metro Manila,NCR,Coca-Cola 1.5L,Beverages,7,65.0,455.0,Cash,Delivered,2026-04-30,22/04/2026
ORD-20261552,2026-01-31,Jose Ocampo,Bagumbayan,Mandaue,Cebu,Central Visayas,Lucky Me Pancit Canton Noodles,Noodles & Canned Goods,10,14.0,140.0,Cash,Delivered,2026-02-04,31/01/2026
ORD-20261553,2026-02-23,Carmen Flores,Del Pilar,Tarlac City,Tarlac,Central Luzon,CDO Corned Beef,Noodles & Canned Goods,6,33.0,198.0,GCash,Delivered,2026-02-24,23/02/2026
ORD-20261554,2026-02-21,Jose Del Rosario,Rizal,Tagbilaran,Bohol,Central Visayas,C2 Green Tea 500ml,Beverages,4,22.0,88.0,COD,Pending,,21/02/2026
ORD-20261555,2026-03-08,Rosa Del Rosario,Bagumbayan,Pasig,Metro Manila,NCR,SkyFlakes Crackers,Snacks,10,15.0,150.0,GCash,Delivered,2026-03-12,08/03/2026
ORD-20261556,2026-01-04,Josefina Pascual,Poblacion,Manila,Metro Manila,NCR,C2 Green Tea 500ml,Beverages,10,22.0,220.0,GCash,Delivered,2026-01-10,04/01/2026
ORD-20261557,2026-03-19,Pedro Ocampo,San Isidro,Manila,Metro Manila,NCR,Lucky Me Pancit Canton Noodles,Noodles & Canned Goods,2,14.0,28.0,GCash,Returned,2026-03-24,19/03/2026
ORD-20261558,2026-02-09,Luz Garcia,San Isidro,Tagum,Davao del Norte,Davao Region,SkyFlakes Crackers,Snacks,4,15.0,60.0,Cash,Delivered,2026-02-19,09/02/2026
ORD-20261559,2026-01-07,Roberto Bautista,San Jose,Calamba,Laguna,CALABARZON,CDO Corned Beef,Noodles & Canned Goods,1,33.0,33.0,Cash,Delivered,2026-01-14,07/01/2026
ORD-20261560,2026-01-06,Teresa Torres,San Antonio,Tagum,Davao del Norte,Davao Region,Joy Dishwashing Liquid 250ml,Household Care,4,38.0,152.0,COD,Delivered,2026-01-14,06/01/2026
ORD-20261561,2026-03-03,Teresa Torres,Rizal,Mandaue,Cebu,Central Visayas,Nescafe 3-in-1 Sachet,Beverages,3,8.0,24.0,COD,Delivered,2026-03-11,03/03/2026
ORD-20261562,2026-05-12,Luz Cruz,San Antonio,Makati,Metro Manila,NCR,Boy Bawang 100g,Snacks,3,18.0,54.0,COD,Delivered,2026-05-22,12/05/2026
ORD-20261563,2026-01-26,Maria Castillo,Rizal,Tagum,Davao del Norte,Davao Region,Milo Sachet,Beverages,13,9.0,117.0,COD,Delivered,2026-02-04,26/01/2026
ORD-20261564,2026-05-18,Maria Cruz,Del Pilar,Iloilo City,Iloilo,Western Visayas,Yellow Pad Paper,School & Office Supplies,15,12.0,180.0,Maya,Cancelled,,18/05/2026
ORD-20261565,2026-02-08,Manuel Flores,Poblacion,Dasmarinas,Cavite,CALABARZON,Palmolive Shampoo Sachet,Personal Care,3,6.0,18.0,Cash,Returned,2026-02-09,08/02/2026
ORD-20261566,2026-06-16,Luz Ocampo,San Antonio,Bacolod,Negros Occidental,Western Visayas,ILUV Ballpen,School & Office Supplies,5,10.0,50.0,COD,Delivered,2026-06-24,16/06/2026
ORD-20261567,2026-03-14,Luz Reyes,Poblacion,Dasmarinas,Cavite,CALABARZON,Nova Multigrain 78g,Snacks,14,30.0,420.0,GCash,Delivered,2026-03-18,14/03/2026
ORD-20261568,2026-02-22,Jose Castillo,Del Pilar,Malolos,Bulacan,Central Luzon,Milo Sachet,Beverages,12,9.0,108.0,Cash,Cancelled,,22/02/2026
ORD-20261569,2026-04-11,Corazon Bautista,Bagumbayan,Bacolod,Negros Occidental,Western Visayas,Nescafe 3-in-1 Sachet,Beverages,19,8.0,152.0,COD,Pending,,11/04/2026
ORD-20261570,2026-03-05,Corazon Bautista,Bagong Silang,Davao City,Davao del Sur,Davao Region,Zonrox Bleach 500ml,Household Care,3,32.0,96.0,Cash,Delivered,2026-03-14,05/03/2026
ORD-20261571,2026-01-14,Corazon Ramos,San Jose,Pasig,Metro Manila,NCR,Safeguard Soap Bar,Personal Care,2,28.0,56.0,Cash,Delivered,2026-01-19,14/01/2026
ORD-20261572,2026-01-26,Ana Cruz,Santo Nino,Manila,Metro Manila,NCR,Colgate Toothpaste 75ml,Personal Care,4,45.0,180.0,GCash,Cancelled,,26/01/2026
ORD-20261573,2026-06-08,Pedro Torres,San Jose,Tarlac City,Tarlac,Central Luzon,Nescafe 3-in-1 Sachet,Beverages,12,8.0,96.0,COD,Returned,2026-06-11,08/06/2026
ORD-20261574,2026-04-17,Pedro Santos,Del Pilar,Iloilo City,Iloilo,Western Visayas,Sterling Notebook,School & Office Supplies,14,18.0,252.0,GCash,Delivered,2026-04-21,17/04/2026
ORD-20261575,2026-03-15,Ana Villanueva,San Antonio,Tarlac City,Tarlac,Central Luzon,ILUV Ballpen,School & Office Supplies,17,10.0,170.0,COD,Delivered,2026-03-16,15/03/2026
ORD-20261576,2026-05-06,Manuel Mendoza,Poblacion,Tagbilaran,Bohol,Central Visayas,Lucky Me Pancit Canton Noodles,Noodles & Canned Goods,19,14.0,266.0,GCash,Delivered,2026-05-13,06/05/2026
ORD-20261577,2026-05-25,Juan Del Rosario,Poblacion,Davao City,Davao del Sur,Davao Region,Nissin Cup Noodles,Noodles & Canned Goods,14,20.0,280.0,COD,Cancelled,,25/05/2026
ORD-20261578,2026-05-19,Josefina Santos,Bagumbayan,Tagbilaran,Bohol,Central Visayas,Zonrox Bleach 500ml,Household Care,9,32.0,288.0,COD,Delivered,2026-05-21,19/05/2026
ORD-20261579,2026-02-17,Eduardo Mendoza,San Isidro,Cebu City,Cebu,Central Visayas,ILUV Ballpen,School & Office Supplies,18,10.0,180.0,Cash,Delivered,2026-02-24,17/02/2026
ORD-20261580,2026-04-10,Maria Castillo,San Antonio,Malolos,Bulacan,Central Luzon,Zonrox Bleach 500ml,Household Care,6,32.0,192.0,GCash,Pending,,10/04/2026
ORD-20261581,2026-06-10,Eduardo Del Rosario,Bagong Silang,Malolos,Bulacan,Central Luzon,Nescafe 3-in-1 Sachet,Beverages,8,8.0,64.0,GCash,Returned,2026-06-18,10/06/2026
ORD-20261582,2026-06-19,Ana Ramos,Bagumbayan,Tarlac City,Tarlac,Central Luzon,Palmolive Shampoo Sachet,Personal Care,12,6.0,72.0,Maya,Delivered,2026-06-24,19/06/2026
ORD-20261583,2026-05-20,Jose Cruz,Santo Nino,Angeles City,Pampanga,Central Luzon,Colgate Toothpaste 75ml,Personal Care,5,45.0,225.0,Maya,Delivered,2026-05-29,20/05/2026
ORD-20261584,2026-03-03,Elena Villanueva,Poblacion,Malolos,Bulacan,Central Luzon,555 Sardines,Noodles & Canned Goods,20,22.0,440.0,Cash,Delivered,2026-03-07,03/03/2026
ORD-20261585,2026-02-05,Corazon Villanueva,San Jose,Makati,Metro Manila,NCR,Palmolive Shampoo Sachet,Personal Care,19,6.0,114.0,Maya,Delivered,2026-02-14,05/02/2026
ORD-20261586,2026-03-28,Luz Pascual,Santo Nino,Cebu City,Cebu,Central Visayas,Sta. Maria Crayons,School & Office Supplies,11,40.0,440.0,Cash,Delivered,2026-03-30,28/03/2026
ORD-20261587,2026-06-19,Eduardo Bautista,San Jose,Cebu City,Cebu,Central Visayas,Milo Sachet,Beverages,2,9.0,18.0,COD,Returned,2026-06-24,19/06/2026
ORD-20261588,2026-06-22,Manuel Flores,Poblacion,Dasmarinas,Cavite,CALABARZON,ILUV Ballpen,School & Office Supplies,7,10.0,70.0,Cash,Delivered,2026-06-27,22/06/2026
ORD-20261589,2026-03-07,Ramon Santos,Rizal,Dasmarinas,Cavite,CALABARZON,Surf Powder Sachet,Household Care,7,8.0,56.0,COD,Delivered,2026-03-08,07/03/2026
ORD-20261590,2026-06-21,Manuel Mendoza,Poblacion,Tagbilaran,Bohol,Central Visayas,Boy Bawang 100g,Snacks,8,18.0,144.0,COD,Delivered,2026-06-27,21/06/2026
ORD-20261591,2026-01-30,Cristina Garcia,Del Pilar,Dasmarinas,Cavite,CALABARZON,Joy Dishwashing Liquid 250ml,Household Care,16,38.0,608.0,Maya,Delivered,2026-02-06,30/01/2026
ORD-20261592,2026-03-26,Luz Reyes,San Jose,Tarlac City,Tarlac,Central Luzon,Head & Shoulders Sachet,Personal Care,2,7.0,14.0,Bank Transfer,Delivered,2026-04-03,26/03/2026
ORD-20261593,2026-01-12,Cristina Castillo,Santo Nino,Mandaue,Cebu,Central Visayas,SkyFlakes Crackers,Snacks,10,15.0,150.0,Cash,Returned,2026-01-17,12/01/2026
ORD-20261594,2026-03-29,Josefina Cruz,Poblacion,Bacolod,Negros Occidental,Western Visayas,Coca-Cola 1.5L,Beverages,19,65.0,1235.0,COD,Delivered,2026-04-02,29/03/2026
ORD-20261595,2026-04-23,Roberto Del Rosario,San Isidro,Malolos,Bulacan,Central Luzon,SkyFlakes Crackers,Snacks,10,15.0,150.0,Cash,Pending,,23/04/2026
ORD-20261596,2026-06-19,Rosa Castillo,San Antonio,Angeles City,Pampanga,Central Luzon,Colgate Toothpaste 75ml,Personal Care,19,45.0,855.0,GCash,Delivered,2026-06-25,19/06/2026
ORD-20261597,2026-05-19,Pedro Castillo,Santo Nino,Cebu City,Cebu,Central Visayas,Surf Powder Sachet,Household Care,18,8.0,144.0,Cash,Cancelled,,19/05/2026
ORD-20261598,2026-03-14,Manuel Mendoza,Poblacion,Tagbilaran,Bohol,Central Visayas,Yellow Pad Paper,School & Office Supplies,5,12.0,60.0,GCash,Delivered,2026-03-16,14/03/2026
ORD-20261599,2026-01-11,Carmen Mendoza,Santo Nino,Malolos,Bulacan,Central Luzon,Surf Powder Sachet,Household Care,1,8.0,8.0,GCash,Delivered,2026-01-17,11/01/2026
ORD-20261600,2026-04-03,Roberto Torres,Del Pilar,Tarlac City,Tarlac,Central Luzon,Zonrox Bleach 500ml,Household Care,1,32.0,32.0,GCash,Delivered,2026-04-06,03/04/2026
ORD-20261601,2026-02-27,Eduardo Ocampo,San Antonio,Tagum,Davao del Norte,Davao Region,ILUV Ballpen,School & Office Supplies,16,10.0,160.0,GCash,Cancelled,,27/02/2026
ORD-20261602,2026-06-06,Ricardo Aquino,San Isidro,Cebu City,Cebu,Central Visayas,Domex Toilet Cleaner,Household Care,15,55.0,825.0,Cash,Delivered,2026-06-11,06/06/2026
ORD-20261603,2026-06-20,Roberto Del Rosario,San Isidro,Malolos,Bulacan,Central Luzon,CDO Corned Beef,Noodles & Canned Goods,14,33.0,462.0,COD,Delivered,2026-06-23,20/06/2026
ORD-20261604,2026-02-04,Cristina Flores,Del Pilar,Quezon City,Metro Manila,NCR,SkyFlakes Crackers,Snacks,16,15.0,240.0,GCash,Pending,,04/02/2026
ORD-20261605,2026-05-14,Elena Villanueva,Poblacion,Malolos,Bulacan,Central Luzon,Coca-Cola 1.5L,Beverages,6,65.0,390.0,GCash,Cancelled,,14/05/2026
ORD-20261606,2026-03-07,Juan Villanueva,Rizal,Iloilo City,Iloilo,Western Visayas,Nissin Cup Noodles,Noodles & Canned Goods,17,20.0,340.0,Cash,Delivered,2026-03-17,07/03/2026
ORD-20261607,2026-05-21,Maria Santos,Poblacion,Tagum,Davao del Norte,Davao Region,Palmolive Shampoo Sachet,Personal Care,17,6.0,102.0,Cash,Delivered,2026-05-26,21/05/2026
ORD-20261608,2026-04-20,Elena Aquino,Malinta,Iloilo City,Iloilo,Western Visayas,C2 Green Tea 500ml,Beverages,17,22.0,374.0,Bank Transfer,Returned,2026-04-22,20/04/2026
ORD-20261609,2026-01-01,Carmen Mendoza,Santo Nino,Malolos,Bulacan,Central Luzon,CDO Corned Beef,Noodles & Canned Goods,13,33.0,429.0,Bank Transfer,Delivered,2026-01-02,01/01/2026
ORD-20261610,2026-04-19,Maria Villanueva,Bagong Silang,Malolos,Bulacan,Central Luzon,Nova Multigrain 78g,Snacks,8,30.0,240.0,COD,Delivered,2026-04-20,19/04/2026
ORD-20261611,2026-06-08,Ricardo Garcia,Santo Nino,Batangas City,Batangas,CALABARZON,Milo Sachet,Beverages,20,9.0,180.0,Cash,Delivered,2026-06-17,08/06/2026
ORD-20261612,2026-06-06,Ricardo Garcia,Santo Nino,Batangas City,Batangas,CALABARZON,Nova Multigrain 78g,Snacks,8,30.0,240.0,Cash,Pending,,06/06/2026
ORD-20261613,2026-06-08,Fernando Pascual,Bagong Silang,Dasmarinas,Cavite,CALABARZON,Joy Dishwashing Liquid 250ml,Household Care,8,38.0,304.0,GCash,Returned,2026-06-16,08/06/2026
ORD-20261614,2026-06-04,Pedro Cruz,San Antonio,Cebu City,Cebu,Central Visayas,Sta. Maria Crayons,School & Office Supplies,6,40.0,240.0,GCash,Pending,,04/06/2026
ORD-20261615,2026-06-16,Fernando Pascual,Bagong Silang,Dasmarinas,Cavite,CALABARZON,Lucky Me Pancit Canton Noodles,Noodles & Canned Goods,8,14.0,112.0,Bank Transfer,Delivered,2026-06-18,16/06/2026
ORD-20261616,2026-03-07,Elena Aquino,Santo Nino,Bacolod,Negros Occidental,Western Visayas,Argentina Corned Beef,Noodles & Canned Goods,12,35.0,420.0,COD,Delivered,2026-03-08,07/03/2026
ORD-20261617,2026-04-26,Antonio Castillo,Rizal,Angeles City,Pampanga,Central Luzon,Zonrox Bleach 500ml,Household Care,15,32.0,480.0,GCash,Delivered,2026-04-27,26/04/2026
ORD-20261618,2026-01-01,Eduardo Mendoza,Bagong Silang,Batangas City,Batangas,CALABARZON,Argentina Corned Beef,Noodles & Canned Goods,19,35.0,665.0,COD,Returned,2026-01-08,01/01/2026
ORD-20261619,2026-03-06,Antonio Aquino,Del Pilar,Dasmarinas,Cavite,CALABARZON,Nissin Cup Noodles,Noodles & Canned Goods,9,20.0,180.0,COD,Returned,2026-03-14,06/03/2026
ORD-20261620,2026-05-25,Ana Villanueva,San Antonio,Tarlac City,Tarlac,Central Luzon,Safeguard Soap Bar,Personal Care,2,28.0,56.0,COD,Delivered,2026-06-01,25/05/2026
ORD-20261621,2026-06-18,Corazon Villanueva,San Jose,Makati,Metro Manila,NCR,Domex Toilet Cleaner,Household Care,4,55.0,220.0,Cash,Cancelled,,18/06/2026
ORD-20261622,2026-02-22,Antonio Aquino,Del Pilar,Dasmarinas,Cavite,CALABARZON,Yellow Pad Paper,School & Office Supplies,12,12.0,144.0,Maya,Delivered,2026-03-04,22/02/2026
ORD-20261623,2026-05-18,Antonio Santos,Del Pilar,Iloilo City,Iloilo,Western Visayas,Boy Bawang 100g,Snacks,9,18.0,162.0,Cash,Delivered,2026-05-23,18/05/2026
ORD-20261624,2026-01-24,Manuel Reyes,Rizal,Quezon City,Metro Manila,NCR,Coca-Cola 1.5L,Beverages,20,65.0,1300.0,Cash,Delivered,2026-02-01,24/01/2026
ORD-20261625,2026-02-02,Maria Cruz,Del Pilar,Iloilo City,Iloilo,Western Visayas,Zonrox Bleach 500ml,Household Care,8,32.0,256.0,GCash,Delivered,2026-02-07,02/02/2026
ORD-20261626,2026-06-15,Juan Bautista,San Jose,Angeles City,Pampanga,Central Luzon,Nescafe 3-in-1 Sachet,Beverages,20,8.0,160.0,COD,Cancelled,,15/06/2026
ORD-20261627,2026-06-04,Josefina Cruz,Poblacion,Bacolod,Negros Occidental,Western Visayas,Sta. Maria Crayons,School & Office Supplies,4,40.0,160.0,GCash,Delivered,2026-06-05,04/06/2026
ORD-20261628,2026-06-20,Elena Villanueva,Poblacion,Malolos,Bulacan,Central Luzon,555 Sardines,Noodles & Canned Goods,13,22.0,286.0,Maya,Delivered,2026-06-21,20/06/2026
ORD-20261629,2026-05-25,Corazon Ocampo,Malinta,Iloilo City,Iloilo,Western Visayas,Nescafe 3-in-1 Sachet,Beverages,5,8.0,40.0,GCash,Delivered,2026-05-31,25/05/2026
ORD-20261630,2026-03-28,Teresa Santos,Del Pilar,Davao City,Davao del Sur,Davao Region,Yellow Pad Paper,School & Office Supplies,13,12.0,156.0,Cash,Delivered,2026-03-31,28/03/2026
ORD-20261631,2026-02-15,Cristina Ocampo,Rizal,Mandaue,Cebu,Central Visayas,Nescafe 3-in-1 Sachet,Beverages,15,8.0,120.0,Bank Transfer,Delivered,2026-02-20,15/02/2026
ORD-20261632,2026-04-05,Ricardo Ocampo,Bagong Silang,Quezon City,Metro Manila,NCR,ILUV Ballpen,School & Office Supplies,13,10.0,130.0,COD,Delivered,2026-04-07,05/04/2026
ORD-20261633,2026-02-10,Jose Garcia,San Antonio,Malolos,Bulacan,Central Luzon,Joy Dishwashing Liquid 250ml,Household Care,20,38.0,760.0,GCash,Delivered,2026-02-20,10/02/2026
ORD-20261634,2026-02-21,Jose Garcia,San Antonio,Malolos,Bulacan,Central Luzon,Safeguard Soap Bar,Personal Care,11,28.0,308.0,GCash,Pending,,21/02/2026
ORD-20261635,2026-02-04,Maria Flores,San Isidro,Makati,Metro Manila,NCR,Milo Sachet,Beverages,16,9.0,144.0,Cash,Cancelled,,04/02/2026
ORD-20261636,2026-02-28,Manuel Santos,Del Pilar,Tagum,Davao del Norte,Davao Region,Piattos 85g,Snacks,11,32.0,352.0,COD,Delivered,2026-03-08,28/02/2026
ORD-20261637,2026-03-13,Elena Villanueva,Poblacion,Malolos,Bulacan,Central Luzon,Coca-Cola 1.5L,Beverages,6,65.0,390.0,GCash,Delivered,2026-03-23,13/03/2026
ORD-20261638,2026-02-13,Pedro Cruz,San Antonio,Cebu City,Cebu,Central Visayas,Head & Shoulders Sachet,Personal Care,13,7.0,91.0,GCash,Delivered,2026-02-20,13/02/2026
ORD-20261639,2026-04-29,Ricardo Garcia,Santo Nino,Batangas City,Batangas,CALABARZON,Nova Multigrain 78g,Snacks,7,30.0,210.0,COD,Delivered,2026-05-03,29/04/2026
ORD-20261640,2026-02-04,Roberto Bautista,Del Pilar,Tagum,Davao del Norte,Davao Region,Boy Bawang 100g,Snacks,1,18.0,18.0,COD,Pending,,04/02/2026
ORD-20261641,2026-05-09,Jose Cruz,Santo Nino,Angeles City,Pampanga,Central Luzon,Yellow Pad Paper,School & Office Supplies,6,12.0,72.0,Maya,Delivered,2026-05-15,09/05/2026
ORD-20261642,2026-05-18,Teresa Torres,Rizal,Mandaue,Cebu,Central Visayas,Yellow Pad Paper,School & Office Supplies,9,12.0,108.0,COD,Cancelled,,18/05/2026
ORD-20261643,2026-02-17,Teresa Reyes,Rizal,Iloilo City,Iloilo,Western Visayas,Argentina Corned Beef,Noodles & Canned Goods,19,35.0,665.0,Bank Transfer,Pending,,17/02/2026
ORD-20261644,2026-01-05,Elena Garcia,San Antonio,Mandaue,Cebu,Central Visayas,Nova Multigrain 78g,Snacks,12,30.0,360.0,COD,Delivered,2026-01-11,05/01/2026
ORD-20261645,2026-05-27,Ana Torres,San Antonio,Pasig,Metro Manila,NCR,Argentina Corned Beef,Noodles & Canned Goods,16,35.0,560.0,Cash,Delivered,2026-06-06,27/05/2026
ORD-20261646,2026-04-17,Jose Torres,San Antonio,Dasmarinas,Cavite,CALABARZON,Palmolive Shampoo Sachet,Personal Care,20,6.0,120.0,COD,Returned,2026-04-23,17/04/2026
ORD-20261647,2026-04-10,Manuel Mendoza,Poblacion,Tagbilaran,Bohol,Central Visayas,Nissin Cup Noodles,Noodles & Canned Goods,13,20.0,260.0,Cash,Delivered,2026-04-12,10/04/2026
ORD-20261648,2026-06-12,Pedro Del Rosario,Rizal,Pasig,Metro Manila,NCR,Palmolive Shampoo Sachet,Personal Care,18,6.0,108.0,GCash,Pending,,12/06/2026
ORD-20261649,2026-02-04,Cristina Ocampo,Rizal,Mandaue,Cebu,Central Visayas,CDO Corned Beef,Noodles & Canned Goods,2,33.0,66.0,GCash,Returned,2026-02-08,04/02/2026
ORD-20261650,2026-01-07,Jose Cruz,Santo Nino,Angeles City,Pampanga,Central Luzon,Lucky Me Pancit Canton Noodles,Noodles & Canned Goods,20,14.0,280.0,COD,Delivered,2026-01-12,07/01/2026
ORD-20261651,2026-02-14,Jose Garcia,San Antonio,Malolos,Bulacan,Central Luzon,ILUV Ballpen,School & Office Supplies,3,10.0,30.0,Bank Transfer,Cancelled,,14/02/2026
ORD-20261652,2026-03-04,Luz Garcia,San Isidro,Tagum,Davao del Norte,Davao Region,Lucky Me Pancit Canton Noodles,Noodles & Canned Goods,16,14.0,224.0,Maya,Delivered,2026-03-06,04/03/2026
ORD-20261653,2026-05-23,Rosa Del Rosario,Bagumbayan,Angeles City,Pampanga,Central Luzon,Domex Toilet Cleaner,Household Care,2,55.0,110.0,Cash,Delivered,2026-05-28,23/05/2026
ORD-20261654,2026-03-29,Maria Santos,Bagumbayan,Bacolod,Negros Occidental,Western Visayas,Sterling Notebook,School & Office Supplies,3,18.0,54.0,GCash,Delivered,2026-03-30,29/03/2026
ORD-20261655,2026-01-27,Ana Villanueva,San Antonio,Tarlac City,Tarlac,Central Luzon,Lucky Me Pancit Canton Noodles,Noodles & Canned Goods,16,14.0,224.0,GCash,Delivered,2026-02-06,27/01/2026
ORD-20261656,2026-02-27,Ricardo Garcia,Santo Nino,Batangas City,Batangas,CALABARZON,Zonrox Bleach 500ml,Household Care,17,32.0,544.0,Cash,Delivered,2026-03-02,27/02/2026
ORD-20261657,2026-04-15,Carmen Reyes,San Jose,Tagbilaran,Bohol,Central Visayas,Zonrox Bleach 500ml,Household Care,17,32.0,544.0,COD,Cancelled,,15/04/2026
ORD-20261658,2026-01-20,Ricardo Cruz,San Antonio,Manila,Metro Manila,NCR,Lucky Me Pancit Canton Noodles,Noodles & Canned Goods,2,14.0,28.0,Cash,Delivered,2026-01-25,20/01/2026
ORD-20261659,2026-01-12,Ricardo Pascual,Santo Nino,Tarlac City,Tarlac,Central Luzon,Sta. Maria Crayons,School & Office Supplies,5,40.0,200.0,Maya,Delivered,2026-01-17,12/01/2026
ORD-20261660,2026-04-06,Eduardo Garcia,Poblacion,Tarlac City,Tarlac,Central Luzon,Joy Dishwashing Liquid 250ml,Household Care,19,38.0,722.0,Cash,Delivered,2026-04-10,06/04/2026
ORD-20261661,2026-05-18,Josefina Castillo,Poblacion,Tagbilaran,Bohol,Central Visayas,Nova Multigrain 78g,Snacks,3,30.0,90.0,Cash,Delivered,2026-05-24,18/05/2026
ORD-20261662,2026-03-29,Elena Villanueva,Poblacion,Malolos,Bulacan,Central Luzon,Domex Toilet Cleaner,Household Care,18,55.0,990.0,Cash,Delivered,2026-04-06,29/03/2026
ORD-20261663,2026-01-23,Jose Ocampo,Malinta,Dasmarinas,Cavite,CALABARZON,Yellow Pad Paper,School & Office Supplies,5,12.0,60.0,Cash,Delivered,2026-01-28,23/01/2026
ORD-20261664,2026-01-01,Roberto Bautista,Del Pilar,Tagum,Davao del Norte,Davao Region,Sterling Notebook,School & Office Supplies,1,18.0,18.0,GCash,Pending,,01/01/2026
ORD-20261665,2026-04-11,Manuel Flores,Poblacion,Dasmarinas,Cavite,CALABARZON,Piattos 85g,Snacks,4,32.0,128.0,COD,Cancelled,,11/04/2026
ORD-20261666,2026-03-26,Carmen Mendoza,Santo Nino,Malolos,Bulacan,Central Luzon,Coca-Cola 1.5L,Beverages,7,65.0,455.0,GCash,Pending,,26/03/2026
ORD-20261667,2026-02-03,Ricardo Cruz,San Antonio,Manila,Metro Manila,NCR,Joy Dishwashing Liquid 250ml,Household Care,12,38.0,456.0,Maya,Delivered,2026-02-05,03/02/2026
ORD-20261668,2026-02-16,Josefina Cruz,San Antonio,Makati,Metro Manila,NCR,Coca-Cola 1.5L,Beverages,11,65.0,715.0,Bank Transfer,Delivered,2026-02-18,16/02/2026
ORD-20261669,2026-01-25,Josefina Cruz,Poblacion,Bacolod,Negros Occidental,Western Visayas,Nova Multigrain 78g,Snacks,5,30.0,150.0,GCash,Delivered,2026-01-29,25/01/2026
ORD-20261670,2026-01-25,Teresa Torres,San Antonio,Tagum,Davao del Norte,Davao Region,Lucky Me Pancit Canton Noodles,Noodles & Canned Goods,18,14.0,252.0,Cash,Delivered,2026-02-04,25/01/2026
ORD-20261671,2026-01-11,Fernando Ramos,Santo Nino,Iloilo City,Iloilo,Western Visayas,Joy Dishwashing Liquid 250ml,Household Care,19,38.0,722.0,Cash,Delivered,2026-01-12,11/01/2026
ORD-20261672,2026-03-07,Manuel Ramos,Rizal,Tagbilaran,Bohol,Central Visayas,Boy Bawang 100g,Snacks,7,18.0,126.0,COD,Delivered,2026-03-09,07/03/2026
ORD-20261673,2026-01-11,Pedro Del Rosario,Rizal,Pasig,Metro Manila,NCR,Nissin Cup Noodles,Noodles & Canned Goods,12,20.0,240.0,Cash,Pending,,11/01/2026
ORD-20261674,2026-04-15,Rosa Cruz,San Isidro,Tarlac City,Tarlac,Central Luzon,Lucky Me Pancit Canton Noodles,Noodles & Canned Goods,2,14.0,28.0,Cash,Returned,2026-04-20,15/04/2026
ORD-20261675,2026-04-13,Manuel Mendoza,Poblacion,Mandaue,Cebu,Central Visayas,Nescafe 3-in-1 Sachet,Beverages,15,8.0,120.0,Cash,Pending,,13/04/2026
ORD-20261676,2026-02-15,Ricardo Aquino,San Isidro,Cebu City,Cebu,Central Visayas,555 Sardines,Noodles & Canned Goods,12,22.0,264.0,COD,Pending,,15/02/2026
ORD-20261677,2026-05-24,Luz Reyes,San Jose,Tarlac City,Tarlac,Central Luzon,Head & Shoulders Sachet,Personal Care,12,7.0,84.0,Cash,Delivered,2026-05-30,24/05/2026
ORD-20261678,2026-01-18,Fernando Pascual,Malinta,Malolos,Bulacan,Central Luzon,Piattos 85g,Snacks,18,32.0,576.0,COD,Delivered,2026-01-25,18/01/2026
ORD-20261679,2026-01-11,Pedro Reyes,Poblacion,Tarlac City,Tarlac,Central Luzon,Zonrox Bleach 500ml,Household Care,17,32.0,544.0,Cash,Pending,,11/01/2026
ORD-20261680,2026-05-24,Pedro Cruz,San Antonio,Cebu City,Cebu,Central Visayas,Nissin Cup Noodles,Noodles & Canned Goods,13,20.0,260.0,GCash,Delivered,2026-05-31,24/05/2026
ORD-20261681,2026-06-07,Ricardo Ocampo,Bagong Silang,Quezon City,Metro Manila,NCR,Boy Bawang 100g,Snacks,5,18.0,90.0,COD,Delivered,2026-06-11,07/06/2026
ORD-20261682,2026-04-27,Pedro Aquino,Rizal,Malolos,Bulacan,Central Luzon,Nova Multigrain 78g,Snacks,9,30.0,270.0,GCash,Cancelled,,27/04/2026
ORD-20261683,2026-03-23,Rosa Del Rosario,Bagumbayan,Pasig,Metro Manila,NCR,Lucky Me Pancit Canton Noodles,Noodles & Canned Goods,10,14.0,140.0,Cash,Pending,,23/03/2026
ORD-20261684,2026-06-30,Roberto Torres,Del Pilar,Tarlac City,Tarlac,Central Luzon,Domex Toilet Cleaner,Household Care,19,55.0,1045.0,Bank Transfer,Delivered,2026-07-04,30/06/2026
ORD-20261685,2026-02-19,Pedro Ocampo,Santo Nino,Cebu City,Cebu,Central Visayas,Lucky Me Pancit Canton Noodles,Noodles & Canned Goods,14,14.0,196.0,COD,Delivered,2026-02-23,19/02/2026
ORD-20261686,2026-02-12,Teresa Reyes,Poblacion,Calamba,Laguna,CALABARZON,Head & Shoulders Sachet,Personal Care,2,7.0,14.0,COD,Delivered,2026-02-18,12/02/2026
ORD-20261687,2026-04-07,Ana Flores,Poblacion,Tagum,Davao del Norte,Davao Region,Safeguard Soap Bar,Personal Care,16,28.0,448.0,Cash,Delivered,2026-04-14,07/04/2026
ORD-20261688,2026-05-23,Maria Castillo,Rizal,Tagum,Davao del Norte,Davao Region,Lucky Me Pancit Canton Noodles,Noodles & Canned Goods,11,14.0,154.0,Cash,Delivered,2026-06-01,23/05/2026
ORD-20261689,2026-01-03,Juan Torres,Poblacion,Pasig,Metro Manila,NCR,Sta. Maria Crayons,School & Office Supplies,16,40.0,640.0,COD,Delivered,2026-01-10,03/01/2026
ORD-20261690,2026-05-06,Ricardo Ocampo,Bagong Silang,Quezon City,Metro Manila,NCR,Sta. Maria Crayons,School & Office Supplies,17,40.0,680.0,COD,Delivered,2026-05-09,06/05/2026
ORD-20261691,2026-03-03,Juan Bautista,San Jose,Angeles City,Pampanga,Central Luzon,555 Sardines,Noodles & Canned Goods,7,22.0,154.0,Cash,Returned,2026-03-08,03/03/2026
ORD-20261692,2026-05-26,Elena Cruz,Santo Nino,Angeles City,Pampanga,Central Luzon,Head & Shoulders Sachet,Personal Care,4,7.0,28.0,Cash,Delivered,2026-05-27,26/05/2026
ORD-20261693,2026-02-18,Luz Ocampo,San Antonio,Bacolod,Negros Occidental,Western Visayas,Piattos 85g,Snacks,9,32.0,288.0,COD,Delivered,2026-02-27,18/02/2026
ORD-20261694,2026-01-13,Fernando Ocampo,Del Pilar,Tagum,Davao del Norte,Davao Region,Piattos 85g,Snacks,17,32.0,544.0,Cash,Delivered,2026-01-21,13/01/2026
ORD-20261695,2026-01-19,Manuel Ramos,Rizal,Tagbilaran,Bohol,Central Visayas,Domex Toilet Cleaner,Household Care,12,55.0,660.0,COD,Delivered,2026-01-22,19/01/2026
ORD-20261696,2026-02-05,Fernando Ramos,Santo Nino,Iloilo City,Iloilo,Western Visayas,Sterling Notebook,School & Office Supplies,16,18.0,288.0,COD,Returned,2026-02-10,05/02/2026
ORD-20261697,2026-03-14,Elena Garcia,San Antonio,Mandaue,Cebu,Central Visayas,Surf Powder Sachet,Household Care,6,8.0,48.0,GCash,Returned,2026-03-22,14/03/2026
ORD-20261698,2026-05-02,Ana Mendoza,Del Pilar,Tagum,Davao del Norte,Davao Region,Safeguard Soap Bar,Personal Care,13,28.0,364.0,COD,Delivered,2026-05-03,02/05/2026
ORD-20261699,2026-02-26,Cristina Pascual,Rizal,Davao City,Davao del Sur,Davao Region,CDO Corned Beef,Noodles & Canned Goods,14,33.0,462.0,Maya,Pending,,26/02/2026
ORD-20261700,2026-05-23,Eduardo Mendoza,San Isidro,Cebu City,Cebu,Central Visayas,SkyFlakes Crackers,Snacks,5,15.0,75.0,GCash,Delivered,2026-05-29,23/05/2026
ORD-20261701,2026-05-03,Josefina Santos,Santo Nino,Tagum,Davao del Norte,Davao Region,Sterling Notebook,School & Office Supplies,18,18.0,324.0,Maya,Delivered,2026-05-04,03/05/2026
ORD-20261702,2026-05-27,Maria Pascual,Bagumbayan,Tagum,Davao del Norte,Davao Region,Argentina Corned Beef,Noodles & Canned Goods,16,35.0,560.0,GCash,Delivered,2026-06-04,27/05/2026
ORD-20261703,2026-02-01,Luz Ocampo,San Antonio,Bacolod,Negros Occidental,Western Visayas,Lucky Me Pancit Canton Noodles,Noodles & Canned Goods,7,14.0,98.0,Cash,Delivered,2026-02-09,01/02/2026
ORD-20261704,2026-02-28,Juan Del Rosario,Poblacion,Davao City,Davao del Sur,Davao Region,Nescafe 3-in-1 Sachet,Beverages,7,8.0,56.0,COD,Pending,,28/02/2026
ORD-20261705,2026-02-13,Teresa Del Rosario,San Jose,Malolos,Bulacan,Central Luzon,Milo Sachet,Beverages,18,9.0,162.0,GCash,Delivered,2026-02-18,13/02/2026
ORD-20261706,2026-04-06,Jose Ocampo,Bagumbayan,Mandaue,Cebu,Central Visayas,Lucky Me Pancit Canton Noodles,Noodles & Canned Goods,5,14.0,70.0,COD,Delivered,2026-04-12,06/04/2026
ORD-20261707,2026-02-04,Rosa Pascual,San Isidro,Manila,Metro Manila,NCR,Joy Dishwashing Liquid 250ml,Household Care,2,38.0,76.0,COD,Delivered,2026-02-08,04/02/2026
ORD-20261708,2026-02-23,Elena Cruz,Santo Nino,Angeles City,Pampanga,Central Luzon,Boy Bawang 100g,Snacks,16,18.0,288.0,COD,Delivered,2026-02-28,23/02/2026
ORD-20261709,2026-05-28,Luz Reyes,San Jose,Tarlac City,Tarlac,Central Luzon,SkyFlakes Crackers,Snacks,15,15.0,225.0,COD,Delivered,2026-06-07,28/05/2026
ORD-20261710,2026-01-15,Ana Cruz,Poblacion,Quezon City,Metro Manila,NCR,Palmolive Shampoo Sachet,Personal Care,14,6.0,84.0,GCash,Delivered,2026-01-22,15/01/2026
ORD-20261711,2026-01-24,Carmen Flores,Del Pilar,Tarlac City,Tarlac,Central Luzon,Sta. Maria Crayons,School & Office Supplies,3,40.0,120.0,Cash,Delivered,2026-02-02,24/01/2026
ORD-20261712,2026-06-22,Ramon Mendoza,San Jose,Tagum,Davao del Norte,Davao Region,Lucky Me Pancit Canton Noodles,Noodles & Canned Goods,4,14.0,56.0,Cash,Delivered,2026-06-24,22/06/2026
ORD-20261713,2026-01-22,Ana Villanueva,San Antonio,Tarlac City,Tarlac,Central Luzon,SkyFlakes Crackers,Snacks,1,15.0,15.0,GCash,Delivered,2026-01-24,22/01/2026
ORD-20261714,2026-04-05,Josefina Pascual,San Jose,Tarlac City,Tarlac,Central Luzon,Zonrox Bleach 500ml,Household Care,19,32.0,608.0,Cash,Delivered,2026-04-14,05/04/2026
ORD-20261715,2026-01-22,Fernando Santos,San Antonio,Bacolod,Negros Occidental,Western Visayas,Domex Toilet Cleaner,Household Care,14,55.0,770.0,Cash,Delivered,2026-01-28,22/01/2026
ORD-20261716,2026-03-05,Pedro Torres,Bagong Silang,Cebu City,Cebu,Central Visayas,ILUV Ballpen,School & Office Supplies,1,10.0,10.0,GCash,Delivered,2026-03-07,05/03/2026
ORD-20261717,2026-03-22,Fernando Mendoza,Santo Nino,Quezon City,Metro Manila,NCR,Nova Multigrain 78g,Snacks,13,30.0,390.0,Cash,Cancelled,,22/03/2026
ORD-20261718,2026-05-30,Josefina Cruz,San Antonio,Makati,Metro Manila,NCR,Lucky Me Pancit Canton Noodles,Noodles & Canned Goods,8,14.0,112.0,COD,Delivered,2026-06-08,30/05/2026
ORD-20261719,2026-06-25,Pedro Ocampo,San Isidro,Manila,Metro Manila,NCR,Coca-Cola 1.5L,Beverages,16,65.0,1040.0,GCash,Delivered,2026-07-02,25/06/2026
ORD-20261720,2026-01-04,Luz Reyes,San Jose,Tarlac City,Tarlac,Central Luzon,Argentina Corned Beef,Noodles & Canned Goods,12,35.0,420.0,Cash,Delivered,2026-01-10,04/01/2026
ORD-20261721,2026-02-19,Maria Villanueva,Malinta,Calamba,Laguna,CALABARZON,Joy Dishwashing Liquid 250ml,Household Care,5,38.0,190.0,Cash,Returned,2026-02-23,19/02/2026
ORD-20261722,2026-05-31,Josefina Reyes,Poblacion,Dasmarinas,Cavite,CALABARZON,CDO Corned Beef,Noodles & Canned Goods,12,33.0,396.0,GCash,Delivered,2026-06-06,31/05/2026
ORD-20261723,2026-02-28,Cristina Flores,Del Pilar,Quezon City,Metro Manila,NCR,Lucky Me Beef Sotanghon,Noodles & Canned Goods,15,13.0,195.0,Cash,Cancelled,,28/02/2026
ORD-20261724,2026-06-14,Maria Pascual,Bagumbayan,Tagum,Davao del Norte,Davao Region,Safeguard Soap Bar,Personal Care,1,28.0,28.0,GCash,Pending,,14/06/2026
ORD-20261725,2026-05-02,Teresa Santos,Del Pilar,Davao City,Davao del Sur,Davao Region,Milo Sachet,Beverages,9,9.0,81.0,GCash,Cancelled,,02/05/2026
ORD-20261726,2026-01-30,Corazon Villanueva,San Jose,Makati,Metro Manila,NCR,CDO Corned Beef,Noodles & Canned Goods,15,33.0,495.0,COD,Delivered,2026-02-01,30/01/2026
ORD-20261727,2026-03-06,Eduardo Mendoza,San Isidro,Cebu City,Cebu,Central Visayas,Safeguard Soap Bar,Personal Care,4,28.0,112.0,GCash,Delivered,2026-03-12,06/03/2026
ORD-20261728,2026-06-22,Manuel Villanueva,Malinta,Tarlac City,Tarlac,Central Luzon,555 Sardines,Noodles & Canned Goods,10,22.0,220.0,COD,Delivered,2026-06-29,22/06/2026
ORD-20261729,2026-04-07,Ricardo Flores,San Jose,Tagbilaran,Bohol,Central Visayas,Lucky Me Pancit Canton Noodles,Noodles & Canned Goods,17,14.0,238.0,Maya,Delivered,2026-04-15,07/04/2026
ORD-20261730,2026-06-26,Ramon Mendoza,San Jose,Tagum,Davao del Norte,Davao Region,Sterling Notebook,School & Office Supplies,20,18.0,360.0,COD,Delivered,2026-06-28,26/06/2026
ORD-20261731,2026-05-04,Rosa Reyes,Malinta,Iloilo City,Iloilo,Western Visayas,Piattos 85g,Snacks,15,32.0,480.0,Bank Transfer,Delivered,2026-05-05,04/05/2026
ORD-20261732,2026-06-03,Jose Ocampo,Bagumbayan,Mandaue,Cebu,Central Visayas,Joy Dishwashing Liquid 250ml,Household Care,6,38.0,228.0,COD,Delivered,2026-06-05,03/06/2026
ORD-20261733,2026-06-05,Carmen Flores,Del Pilar,Tarlac City,Tarlac,Central Luzon,Sterling Notebook,School & Office Supplies,8,18.0,144.0,COD,Delivered,2026-06-14,05/06/2026
ORD-20261734,2026-05-01,Manuel Ramos,Rizal,Tagbilaran,Bohol,Central Visayas,Lucky Me Pancit Canton Noodles,Noodles & Canned Goods,2,14.0,28.0,COD,Pending,,01/05/2026
ORD-20261735,2026-01-15,Carmen Flores,Del Pilar,Davao City,Davao del Sur,Davao Region,Joy Dishwashing Liquid 250ml,Household Care,15,38.0,570.0,COD,Delivered,2026-01-20,15/01/2026
ORD-20261736,2026-04-03,Corazon Reyes,Malinta,Calamba,Laguna,CALABARZON,Coca-Cola 1.5L,Beverages,15,65.0,975.0,GCash,Cancelled,,03/04/2026
ORD-20261737,2026-01-22,Antonio Aquino,Del Pilar,Dasmarinas,Cavite,CALABARZON,Sterling Notebook,School & Office Supplies,13,18.0,234.0,COD,Delivered,2026-01-25,22/01/2026
ORD-20261738,2026-05-02,Maria Cruz,Santo Nino,Tagbilaran,Bohol,Central Visayas,Milo Sachet,Beverages,12,9.0,108.0,Cash,Delivered,2026-05-07,02/05/2026
ORD-20261739,2026-01-02,Ana Cruz,Santo Nino,Manila,Metro Manila,NCR,Nescafe 3-in-1 Sachet,Beverages,19,8.0,152.0,Cash,Delivered,2026-01-12,02/01/2026
ORD-20261740,2026-04-24,Maria Santos,Poblacion,Tagum,Davao del Norte,Davao Region,Boy Bawang 100g,Snacks,4,18.0,72.0,Cash,Pending,,24/04/2026
ORD-20261741,2026-02-25,Pedro Cruz,San Antonio,Cebu City,Cebu,Central Visayas,Head & Shoulders Sachet,Personal Care,13,7.0,91.0,GCash,Pending,,25/02/2026
ORD-20261742,2026-01-26,Pedro Ocampo,Santo Nino,Cebu City,Cebu,Central Visayas,Sterling Notebook,School & Office Supplies,15,18.0,270.0,Maya,Delivered,2026-02-03,26/01/2026
ORD-20261743,2026-05-16,Luz Torres,Rizal,Mandaue,Cebu,Central Visayas,Palmolive Shampoo Sachet,Personal Care,11,6.0,66.0,GCash,Delivered,2026-05-20,16/05/2026
ORD-20261744,2026-06-16,Eduardo Ocampo,San Antonio,Tagum,Davao del Norte,Davao Region,Sterling Notebook,School & Office Supplies,5,18.0,90.0,GCash,Pending,,16/06/2026
ORD-20261745,2026-03-07,Ricardo Flores,San Jose,Tagbilaran,Bohol,Central Visayas,Piattos 85g,Snacks,15,32.0,480.0,COD,Delivered,2026-03-11,07/03/2026
ORD-20261746,2026-04-13,Teresa Mendoza,San Isidro,Cebu City,Cebu,Central Visayas,ILUV Ballpen,School & Office Supplies,5,10.0,50.0,Bank Transfer,Delivered,2026-04-17,13/04/2026
ORD-20261747,2026-04-19,Ricardo Bautista,Del Pilar,Manila,Metro Manila,NCR,Joy Dishwashing Liquid 250ml,Household Care,3,38.0,114.0,COD,Delivered,2026-04-29,19/04/2026
ORD-20261748,2026-01-06,Antonio Bautista,Rizal,Davao City,Davao del Sur,Davao Region,Colgate Toothpaste 75ml,Personal Care,18,45.0,810.0,Cash,Cancelled,,06/01/2026
ORD-20261749,2026-05-17,Teresa Pascual,Bagong Silang,Tagum,Davao del Norte,Davao Region,Yellow Pad Paper,School & Office Supplies,15,12.0,180.0,COD,Delivered,2026-05-23,17/05/2026
ORD-20261750,2026-02-08,Roberto Bautista,San Jose,Calamba,Laguna,CALABARZON,Surf Powder Sachet,Household Care,3,8.0,24.0,Cash,Cancelled,,08/02/2026
ORD-20261751,2026-03-25,Roberto Torres,Del Pilar,Tarlac City,Tarlac,Central Luzon,Yellow Pad Paper,School & Office Supplies,7,12.0,84.0,COD,Pending,,25/03/2026
ORD-20261752,2026-04-05,Fernando Pascual,Bagong Silang,Dasmarinas,Cavite,CALABARZON,555 Sardines,Noodles & Canned Goods,4,22.0,88.0,Cash,Returned,2026-04-09,05/04/2026
ORD-20261753,2026-05-22,Maria Castillo,San Antonio,Malolos,Bulacan,Central Luzon,Surf Powder Sachet,Household Care,15,8.0,120.0,Maya,Delivered,2026-05-24,22/05/2026
ORD-20261754,2026-04-27,Jose Flores,Bagumbayan,Bacolod,Negros Occidental,Western Visayas,Sterling Notebook,School & Office Supplies,17,18.0,306.0,Cash,Delivered,2026-05-02,27/04/2026
ORD-20261755,2026-03-06,Eduardo Garcia,Poblacion,Tarlac City,Tarlac,Central Luzon,Argentina Corned Beef,Noodles & Canned Goods,2,35.0,70.0,COD,Delivered,2026-03-11,06/03/2026
ORD-20261756,2026-05-26,Eduardo Aquino,Bagong Silang,Tarlac City,Tarlac,Central Luzon,Joy Dishwashing Liquid 250ml,Household Care,19,38.0,722.0,Bank Transfer,Returned,2026-06-02,26/05/2026
ORD-20261757,2026-06-27,Elena Ramos,Malinta,Tarlac City,Tarlac,Central Luzon,SkyFlakes Crackers,Snacks,11,15.0,165.0,GCash,Delivered,2026-06-28,27/06/2026
ORD-20261758,2026-03-09,Elena Garcia,Poblacion,Davao City,Davao del Sur,Davao Region,Safeguard Soap Bar,Personal Care,3,28.0,84.0,GCash,Pending,,09/03/2026
ORD-20261759,2026-06-13,Elena Garcia,San Antonio,Mandaue,Cebu,Central Visayas,Nova Multigrain 78g,Snacks,8,30.0,240.0,COD,Delivered,2026-06-14,13/06/2026
ORD-20261760,2026-05-23,Josefina Castillo,Poblacion,Tagbilaran,Bohol,Central Visayas,Boy Bawang 100g,Snacks,4,18.0,72.0,COD,Delivered,2026-06-02,23/05/2026
ORD-20261761,2026-04-02,Cristina Flores,Del Pilar,Quezon City,Metro Manila,NCR,Sterling Notebook,School & Office Supplies,9,18.0,162.0,Cash,Delivered,2026-04-06,02/04/2026
ORD-20261762,2026-06-10,Ana Ramos,San Antonio,Malolos,Bulacan,Central Luzon,Head & Shoulders Sachet,Personal Care,20,7.0,140.0,COD,Delivered,2026-06-19,10/06/2026
ORD-20261763,2026-01-15,Eduardo Santos,San Isidro,Pasig,Metro Manila,NCR,Nova Multigrain 78g,Snacks,2,30.0,60.0,GCash,Delivered,2026-01-25,15/01/2026
ORD-20261764,2026-01-18,Cristina Santos,Poblacion,Makati,Metro Manila,NCR,CDO Corned Beef,Noodles & Canned Goods,19,33.0,627.0,Cash,Delivered,2026-01-19,18/01/2026
ORD-20261765,2026-04-15,Jose Torres,San Antonio,Dasmarinas,Cavite,CALABARZON,Sta. Maria Crayons,School & Office Supplies,11,40.0,440.0,Bank Transfer,Delivered,2026-04-19,15/04/2026
ORD-20261766,2026-05-15,Corazon Aquino,San Antonio,Tagum,Davao del Norte,Davao Region,Safeguard Soap Bar,Personal Care,4,28.0,112.0,Cash,Returned,2026-05-24,15/05/2026
ORD-20261767,2026-05-31,Corazon Ramos,San Jose,Pasig,Metro Manila,NCR,Piattos 85g,Snacks,8,32.0,256.0,COD,Delivered,2026-06-10,31/05/2026
ORD-20261768,2026-04-04,Manuel Villanueva,Malinta,Tarlac City,Tarlac,Central Luzon,Yellow Pad Paper,School & Office Supplies,10,12.0,120.0,COD,Cancelled,,04/04/2026
ORD-20261769,2026-02-03,Jose Cruz,Santo Nino,Angeles City,Pampanga,Central Luzon,Lucky Me Beef Sotanghon,Noodles & Canned Goods,8,13.0,104.0,Cash,Delivered,2026-02-06,03/02/2026
ORD-20261770,2026-03-01,Cristina Torres,San Antonio,Quezon City,Metro Manila,NCR,Nova Multigrain 78g,Snacks,14,30.0,420.0,Cash,Delivered,2026-03-08,01/03/2026
ORD-20261771,2026-04-01,Josefina Flores,Bagumbayan,Iloilo City,Iloilo,Western Visayas,Nescafe 3-in-1 Sachet,Beverages,13,8.0,104.0,Cash,Delivered,2026-04-06,01/04/2026
ORD-20261772,2026-03-13,Maria Santos,Bagumbayan,Bacolod,Negros Occidental,Western Visayas,Sta. Maria Crayons,School & Office Supplies,6,40.0,240.0,Cash,Delivered,2026-03-22,13/03/2026
ORD-20261773,2026-01-24,Carmen Flores,Del Pilar,Tarlac City,Tarlac,Central Luzon,ILUV Ballpen,School & Office Supplies,14,10.0,140.0,Maya,Pending,,24/01/2026
ORD-20261774,2026-02-14,Josefina Santos,Santo Nino,Tagum,Davao del Norte,Davao Region,Argentina Corned Beef,Noodles & Canned Goods,12,35.0,420.0,COD,Cancelled,,14/02/2026
ORD-20261775,2026-02-14,Juan Del Rosario,Poblacion,Davao City,Davao del Sur,Davao Region,Nescafe 3-in-1 Sachet,Beverages,15,8.0,120.0,COD,Delivered,2026-02-23,14/02/2026
ORD-20261776,2026-01-05,Antonio Santos,San Isidro,Bacolod,Negros Occidental,Western Visayas,Zonrox Bleach 500ml,Household Care,10,32.0,320.0,Cash,Delivered,2026-01-11,05/01/2026
ORD-20261777,2026-01-23,Ricardo Ocampo,Bagong Silang,Quezon City,Metro Manila,NCR,Milo Sachet,Beverages,9,9.0,81.0,Cash,Delivered,2026-01-24,23/01/2026
ORD-20261778,2026-05-20,Rosa Pascual,San Isidro,Manila,Metro Manila,NCR,Joy Dishwashing Liquid 250ml,Household Care,14,38.0,532.0,COD,Delivered,2026-05-22,20/05/2026
ORD-20261779,2026-04-01,Josefina Pascual,Poblacion,Manila,Metro Manila,NCR,Joy Dishwashing Liquid 250ml,Household Care,9,38.0,342.0,COD,Delivered,2026-04-08,01/04/2026
ORD-20261780,2026-01-30,Ricardo Cruz,San Isidro,Calamba,Laguna,CALABARZON,Piattos 85g,Snacks,9,32.0,288.0,Maya,Delivered,2026-02-05,30/01/2026
ORD-20261781,2026-01-27,Juan Villanueva,Rizal,Iloilo City,Iloilo,Western Visayas,ILUV Ballpen,School & Office Supplies,1,10.0,10.0,Bank Transfer,Delivered,2026-01-30,27/01/2026
ORD-20261782,2026-06-11,Manuel Mendoza,Poblacion,Tagbilaran,Bohol,Central Visayas,Colgate Toothpaste 75ml,Personal Care,16,45.0,720.0,GCash,Delivered,2026-06-16,11/06/2026
ORD-20261783,2026-06-15,Carmen Flores,Del Pilar,Tarlac City,Tarlac,Central Luzon,Nescafe 3-in-1 Sachet,Beverages,19,8.0,152.0,Cash,Delivered,2026-06-25,15/06/2026
ORD-20261784,2026-05-21,Ricardo Pascual,Santo Nino,Tarlac City,Tarlac,Central Luzon,Surf Powder Sachet,Household Care,12,8.0,96.0,GCash,Pending,,21/05/2026
ORD-20261785,2026-04-23,Cristina Flores,Del Pilar,Quezon City,Metro Manila,NCR,Surf Powder Sachet,Household Care,12,8.0,96.0,Cash,Delivered,2026-04-28,23/04/2026
ORD-20261786,2026-04-19,Elena Garcia,Poblacion,Davao City,Davao del Sur,Davao Region,Nova Multigrain 78g,Snacks,2,30.0,60.0,COD,Cancelled,,19/04/2026
ORD-20261787,2026-01-08,Manuel Villanueva,Bagumbayan,Tagbilaran,Bohol,Central Visayas,Sta. Maria Crayons,School & Office Supplies,5,40.0,200.0,Cash,Delivered,2026-01-14,08/01/2026
ORD-20261788,2026-05-30,Fernando Mendoza,Santo Nino,Quezon City,Metro Manila,NCR,Coca-Cola 1.5L,Beverages,15,65.0,975.0,GCash,Delivered,2026-06-06,30/05/2026
ORD-20261789,2026-05-09,Luz Reyes,Poblacion,Dasmarinas,Cavite,CALABARZON,Argentina Corned Beef,Noodles & Canned Goods,17,35.0,595.0,GCash,Delivered,2026-05-16,09/05/2026
ORD-20261790,2026-01-19,Teresa Torres,San Antonio,Tagum,Davao del Norte,Davao Region,Sta. Maria Crayons,School & Office Supplies,10,40.0,400.0,GCash,Delivered,2026-01-24,19/01/2026
ORD-20261791,2026-03-15,Carmen Reyes,San Jose,Tagbilaran,Bohol,Central Visayas,Piattos 85g,Snacks,19,32.0,608.0,Maya,Delivered,2026-03-23,15/03/2026
ORD-20261792,2026-04-23,Eduardo Mendoza,San Isidro,Tagum,Davao del Norte,Davao Region,CDO Corned Beef,Noodles & Canned Goods,7,33.0,231.0,Cash,Returned,2026-04-26,23/04/2026
ORD-20261793,2026-05-31,Teresa Mendoza,San Isidro,Cebu City,Cebu,Central Visayas,Lucky Me Pancit Canton Noodles,Noodles & Canned Goods,5,14.0,70.0,COD,Delivered,2026-06-01,31/05/2026
ORD-20261794,2026-02-08,Carmen Pascual,Poblacion,Bacolod,Negros Occidental,Western Visayas,Head & Shoulders Sachet,Personal Care,6,7.0,42.0,COD,Delivered,2026-02-11,08/02/2026
ORD-20261795,2026-02-17,Cristina Castillo,Santo Nino,Mandaue,Cebu,Central Visayas,Yellow Pad Paper,School & Office Supplies,20,12.0,240.0,GCash,Delivered,2026-02-18,17/02/2026
ORD-20261796,2026-01-13,Manuel Reyes,Rizal,Quezon City,Metro Manila,NCR,Domex Toilet Cleaner,Household Care,1,55.0,55.0,GCash,Delivered,2026-01-14,13/01/2026
ORD-20261797,2026-02-13,Eduardo Mendoza,San Isidro,Cebu City,Cebu,Central Visayas,Head & Shoulders Sachet,Personal Care,18,7.0,126.0,Bank Transfer,Delivered,2026-02-23,13/02/2026
ORD-20261798,2026-03-19,Teresa Del Rosario,San Jose,Malolos,Bulacan,Central Luzon,Nova Multigrain 78g,Snacks,14,30.0,420.0,Maya,Returned,2026-03-28,19/03/2026
ORD-20261799,2026-01-28,Manuel Santos,Del Pilar,Mandaue,Cebu,Central Visayas,SkyFlakes Crackers,Snacks,8,15.0,120.0,COD,Pending,,28/01/2026
ORD-20261800,2026-01-17,Jose Flores,Bagumbayan,Bacolod,Negros Occidental,Western Visayas,Sta. Maria Crayons,School & Office Supplies,20,40.0,800.0,Cash,Delivered,2026-01-23,17/01/2026
ORD-20261801,2026-03-13,Maria Pascual,Bagumbayan,Tagum,Davao del Norte,Davao Region,Colgate Toothpaste 75ml,Personal Care,15,45.0,675.0,Bank Transfer,Pending,,13/03/2026
ORD-20261802,2026-06-02,Luz Pascual,Santo Nino,Cebu City,Cebu,Central Visayas,Zonrox Bleach 500ml,Household Care,19,32.0,608.0,COD,Delivered,2026-06-03,02/06/2026
ORD-20261803,2026-06-03,Josefina Torres,Malinta,Tagum,Davao del Norte,Davao Region,Nova Multigrain 78g,Snacks,7,30.0,210.0,COD,Delivered,2026-06-05,03/06/2026
ORD-20261804,2026-03-10,Teresa Torres,San Antonio,Tagum,Davao del Norte,Davao Region,Coca-Cola 1.5L,Beverages,19,65.0,1235.0,COD,Cancelled,,10/03/2026
ORD-20261805,2026-01-28,Rosa Del Rosario,Bagumbayan,Angeles City,Pampanga,Central Luzon,Nova Multigrain 78g,Snacks,20,30.0,600.0,Maya,Delivered,2026-02-01,28/01/2026
ORD-20261806,2026-04-17,Luz Torres,Rizal,Mandaue,Cebu,Central Visayas,Palmolive Shampoo Sachet,Personal Care,8,6.0,48.0,Bank Transfer,Returned,2026-04-22,17/04/2026
ORD-20261807,2026-02-27,Corazon Villanueva,San Jose,Makati,Metro Manila,NCR,Yellow Pad Paper,School & Office Supplies,7,12.0,84.0,COD,Delivered,2026-03-04,27/02/2026
ORD-20261808,2026-06-08,Fernando Ramos,Santo Nino,Iloilo City,Iloilo,Western Visayas,SkyFlakes Crackers,Snacks,7,15.0,105.0,Cash,Delivered,2026-06-14,08/06/2026
ORD-20261809,2026-05-20,Ramon Santos,Rizal,Dasmarinas,Cavite,CALABARZON,CDO Corned Beef,Noodles & Canned Goods,3,33.0,99.0,COD,Delivered,2026-05-23,20/05/2026
ORD-20261810,2026-01-31,Teresa Villanueva,San Antonio,Iloilo City,Iloilo,Western Visayas,SkyFlakes Crackers,Snacks,16,15.0,240.0,GCash,Delivered,2026-02-07,31/01/2026
ORD-20261811,2026-06-13,Maria Mendoza,Del Pilar,Manila,Metro Manila,NCR,Sta. Maria Crayons,School & Office Supplies,15,40.0,600.0,Maya,Delivered,2026-06-14,13/06/2026
ORD-20261812,2026-01-12,Pedro Aquino,Rizal,Malolos,Bulacan,Central Luzon,Nescafe 3-in-1 Sachet,Beverages,17,8.0,136.0,GCash,Delivered,2026-01-13,12/01/2026
ORD-20261813,2026-06-09,Pedro Pascual,San Isidro,Manila,Metro Manila,NCR,Sta. Maria Crayons,School & Office Supplies,2,40.0,80.0,COD,Delivered,2026-06-18,09/06/2026
ORD-20261814,2026-03-31,Maria Castillo,San Antonio,Malolos,Bulacan,Central Luzon,Sta. Maria Crayons,School & Office Supplies,13,40.0,520.0,GCash,Delivered,2026-04-03,31/03/2026
ORD-20261815,2026-04-20,Juan Ramos,Bagumbayan,Manila,Metro Manila,NCR,SkyFlakes Crackers,Snacks,16,15.0,240.0,Cash,Cancelled,,20/04/2026
ORD-20261816,2026-03-20,Corazon Reyes,Malinta,Calamba,Laguna,CALABARZON,Surf Powder Sachet,Household Care,4,8.0,32.0,Cash,Delivered,2026-03-30,20/03/2026
ORD-20261817,2026-03-09,Cristina Santos,Poblacion,Makati,Metro Manila,NCR,Milo Sachet,Beverages,20,9.0,180.0,COD,Delivered,2026-03-17,09/03/2026
ORD-20261818,2026-03-13,Elena Aquino,Santo Nino,Bacolod,Negros Occidental,Western Visayas,Joy Dishwashing Liquid 250ml,Household Care,14,38.0,532.0,Bank Transfer,Delivered,2026-03-19,13/03/2026
ORD-20261819,2026-05-02,Josefina Santos,San Jose,Bacolod,Negros Occidental,Western Visayas,CDO Corned Beef,Noodles & Canned Goods,3,33.0,99.0,GCash,Delivered,2026-05-05,02/05/2026
ORD-20261820,2026-02-17,Fernando Pascual,Malinta,Malolos,Bulacan,Central Luzon,Domex Toilet Cleaner,Household Care,10,55.0,550.0,Cash,Delivered,2026-02-21,17/02/2026
ORD-20261821,2026-02-27,Pedro Torres,San Jose,Tarlac City,Tarlac,Central Luzon,Milo Sachet,Beverages,2,9.0,18.0,GCash,Delivered,2026-03-07,27/02/2026
ORD-20261822,2026-01-23,Elena Aquino,Santo Nino,Bacolod,Negros Occidental,Western Visayas,Sterling Notebook,School & Office Supplies,15,18.0,270.0,COD,Delivered,2026-02-02,23/01/2026
ORD-20261823,2026-01-22,Antonio Santos,Del Pilar,Iloilo City,Iloilo,Western Visayas,CDO Corned Beef,Noodles & Canned Goods,6,33.0,198.0,COD,Delivered,2026-01-28,22/01/2026
ORD-20261824,2026-05-01,Ana Ramos,Bagumbayan,Tarlac City,Tarlac,Central Luzon,CDO Corned Beef,Noodles & Canned Goods,4,33.0,132.0,COD,Pending,,01/05/2026
ORD-20261825,2026-04-11,Antonio Bautista,Rizal,Davao City,Davao del Sur,Davao Region,Milo Sachet,Beverages,13,9.0,117.0,Maya,Delivered,2026-04-19,11/04/2026
ORD-20261826,2026-02-19,Ricardo Ocampo,San Jose,Pasig,Metro Manila,NCR,Piattos 85g,Snacks,9,32.0,288.0,Cash,Delivered,2026-02-24,19/02/2026
ORD-20261827,2026-02-09,Josefina Santos,Santo Nino,Tagum,Davao del Norte,Davao Region,Head & Shoulders Sachet,Personal Care,12,7.0,84.0,COD,Delivered,2026-02-19,09/02/2026
ORD-20261828,2026-02-12,Josefina Torres,Malinta,Tagum,Davao del Norte,Davao Region,Sterling Notebook,School & Office Supplies,12,18.0,216.0,COD,Returned,2026-02-22,12/02/2026
ORD-20261829,2026-06-08,Ricardo Aquino,San Isidro,Cebu City,Cebu,Central Visayas,Safeguard Soap Bar,Personal Care,12,28.0,336.0,Cash,Delivered,2026-06-09,08/06/2026
ORD-20261830,2026-06-20,Ricardo Aquino,San Isidro,Cebu City,Cebu,Central Visayas,Lucky Me Beef Sotanghon,Noodles & Canned Goods,7,13.0,91.0,Cash,Delivered,2026-06-24,20/06/2026
ORD-20261831,2026-06-08,Elena Ramos,Malinta,Tarlac City,Tarlac,Central Luzon,Nova Multigrain 78g,Snacks,2,30.0,60.0,GCash,Returned,2026-06-14,08/06/2026
ORD-20261832,2026-02-15,Juan Del Rosario,Poblacion,Davao City,Davao del Sur,Davao Region,Domex Toilet Cleaner,Household Care,6,55.0,330.0,GCash,Pending,,15/02/2026
ORD-20261833,2026-01-13,Corazon Aquino,San Antonio,Tagum,Davao del Norte,Davao Region,Yellow Pad Paper,School & Office Supplies,4,12.0,48.0,Cash,Delivered,2026-01-15,13/01/2026
ORD-20261834,2026-05-13,Roberto Bautista,San Jose,Calamba,Laguna,CALABARZON,C2 Green Tea 500ml,Beverages,19,22.0,418.0,Cash,Returned,2026-05-18,13/05/2026
ORD-20261835,2026-01-17,Josefina Bautista,Malinta,Calamba,Laguna,CALABARZON,Argentina Corned Beef,Noodles & Canned Goods,17,35.0,595.0,COD,Returned,2026-01-26,17/01/2026
ORD-20261836,2026-03-13,Maria Cruz,Del Pilar,Iloilo City,Iloilo,Western Visayas,Joy Dishwashing Liquid 250ml,Household Care,12,38.0,456.0,COD,Returned,2026-03-23,13/03/2026
ORD-20261837,2026-06-19,Teresa Villanueva,San Antonio,Iloilo City,Iloilo,Western Visayas,Safeguard Soap Bar,Personal Care,10,28.0,280.0,COD,Returned,2026-06-22,19/06/2026
ORD-20261838,2026-03-21,Luz Reyes,San Jose,Tarlac City,Tarlac,Central Luzon,Milo Sachet,Beverages,15,9.0,135.0,COD,Pending,,21/03/2026
ORD-20261839,2026-05-27,Carmen Reyes,San Jose,Tagbilaran,Bohol,Central Visayas,Lucky Me Pancit Canton Noodles,Noodles & Canned Goods,12,14.0,168.0,COD,Delivered,2026-05-29,27/05/2026
ORD-20261840,2026-05-20,Teresa Santos,Del Pilar,Davao City,Davao del Sur,Davao Region,Lucky Me Pancit Canton Noodles,Noodles & Canned Goods,15,14.0,210.0,GCash,Delivered,2026-05-30,20/05/2026
ORD-20261841,2026-04-17,Antonio Bautista,Rizal,Davao City,Davao del Sur,Davao Region,Sta. Maria Crayons,School & Office Supplies,2,40.0,80.0,Cash,Pending,,17/04/2026
ORD-20261842,2026-04-27,Ricardo Cruz,San Antonio,Manila,Metro Manila,NCR,Lucky Me Pancit Canton Noodles,Noodles & Canned Goods,13,14.0,182.0,COD,Delivered,2026-04-28,27/04/2026
ORD-20261843,2026-04-28,Jose Cruz,Santo Nino,Angeles City,Pampanga,Central Luzon,Coca-Cola 1.5L,Beverages,8,65.0,520.0,COD,Delivered,2026-05-06,28/04/2026
ORD-20261844,2026-06-15,Elena Torres,Malinta,Tarlac City,Tarlac,Central Luzon,Lucky Me Beef Sotanghon,Noodles & Canned Goods,1,13.0,13.0,COD,Delivered,2026-06-24,15/06/2026
ORD-20261845,2026-05-05,Manuel Santos,Del Pilar,Mandaue,Cebu,Central Visayas,Piattos 85g,Snacks,13,32.0,416.0,Cash,Delivered,2026-05-08,05/05/2026
ORD-20261846,2026-05-27,Ana Ramos,San Antonio,Malolos,Bulacan,Central Luzon,SkyFlakes Crackers,Snacks,14,15.0,210.0,Cash,Cancelled,,27/05/2026
ORD-20261847,2026-05-13,Elena Garcia,Poblacion,Davao City,Davao del Sur,Davao Region,555 Sardines,Noodles & Canned Goods,7,22.0,154.0,GCash,Delivered,2026-05-15,13/05/2026
ORD-20261848,2026-05-24,Ana Del Rosario,Santo Nino,Manila,Metro Manila,NCR,C2 Green Tea 500ml,Beverages,5,22.0,110.0,Cash,Delivered,2026-06-02,24/05/2026
ORD-20261849,2026-05-30,Ana Cruz,Santo Nino,Manila,Metro Manila,NCR,Boy Bawang 100g,Snacks,9,18.0,162.0,COD,Delivered,2026-06-07,30/05/2026
ORD-20261850,2026-01-03,Jose Ocampo,Bagumbayan,Mandaue,Cebu,Central Visayas,Safeguard Soap Bar,Personal Care,13,28.0,364.0,Cash,Delivered,2026-01-09,03/01/2026
ORD-20261851,2026-05-06,Rosa Castillo,San Antonio,Angeles City,Pampanga,Central Luzon,Nova Multigrain 78g,Snacks,3,30.0,90.0,Bank Transfer,Cancelled,,06/05/2026
ORD-20261852,2026-01-06,Ana Ramos,Bagumbayan,Tarlac City,Tarlac,Central Luzon,Coca-Cola 1.5L,Beverages,3,65.0,195.0,COD,Delivered,2026-01-16,06/01/2026
ORD-20261853,2026-04-06,Ana Del Rosario,Santo Nino,Manila,Metro Manila,NCR,Domex Toilet Cleaner,Household Care,17,55.0,935.0,Maya,Delivered,2026-04-15,06/04/2026
ORD-20261854,2026-04-13,Corazon Villanueva,Rizal,Angeles City,Pampanga,Central Luzon,Argentina Corned Beef,Noodles & Canned Goods,10,35.0,350.0,Cash,Delivered,2026-04-21,13/04/2026
ORD-20261855,2026-04-03,Cristina Pascual,Rizal,Davao City,Davao del Sur,Davao Region,Palmolive Shampoo Sachet,Personal Care,7,6.0,42.0,Cash,Delivered,2026-04-13,03/04/2026
ORD-20261856,2026-02-26,Josefina Santos,San Jose,Bacolod,Negros Occidental,Western Visayas,Sterling Notebook,School & Office Supplies,16,18.0,288.0,Cash,Delivered,2026-03-04,26/02/2026
ORD-20261857,2026-05-11,Josefina Bautista,Malinta,Calamba,Laguna,CALABARZON,555 Sardines,Noodles & Canned Goods,2,22.0,44.0,GCash,Delivered,2026-05-21,11/05/2026
ORD-20261858,2026-06-20,Ricardo Flores,San Isidro,Iloilo City,Iloilo,Western Visayas,Colgate Toothpaste 75ml,Personal Care,8,45.0,360.0,GCash,Delivered,2026-06-29,20/06/2026
ORD-20261859,2026-05-04,Manuel Villanueva,Malinta,Tarlac City,Tarlac,Central Luzon,555 Sardines,Noodles & Canned Goods,13,22.0,286.0,Cash,Delivered,2026-05-10,04/05/2026
ORD-20261860,2026-05-19,Jose Garcia,San Antonio,Malolos,Bulacan,Central Luzon,Colgate Toothpaste 75ml,Personal Care,1,45.0,45.0,Maya,Delivered,2026-05-24,19/05/2026
ORD-20261861,2026-06-10,Roberto Flores,Malinta,Dasmarinas,Cavite,CALABARZON,Lucky Me Beef Sotanghon,Noodles & Canned Goods,7,13.0,91.0,Cash,Delivered,2026-06-17,10/06/2026
ORD-20261862,2026-03-21,Josefina Cruz,San Antonio,Makati,Metro Manila,NCR,555 Sardines,Noodles & Canned Goods,11,22.0,242.0,GCash,Cancelled,,21/03/2026
ORD-20261863,2026-03-09,Jose Cruz,Santo Nino,Angeles City,Pampanga,Central Luzon,Yellow Pad Paper,School & Office Supplies,2,12.0,24.0,Cash,Cancelled,,09/03/2026
ORD-20261864,2026-04-14,Corazon Villanueva,San Jose,Makati,Metro Manila,NCR,Coca-Cola 1.5L,Beverages,5,65.0,325.0,GCash,Delivered,2026-04-21,14/04/2026
ORD-20261865,2026-06-07,Roberto Bautista,San Jose,Calamba,Laguna,CALABARZON,Milo Sachet,Beverages,19,9.0,171.0,Cash,Cancelled,,07/06/2026
ORD-20261866,2026-03-13,Corazon Aquino,San Antonio,Tagum,Davao del Norte,Davao Region,Palmolive Shampoo Sachet,Personal Care,4,6.0,24.0,Maya,Delivered,2026-03-20,13/03/2026
ORD-20261867,2026-05-24,Roberto Aquino,San Antonio,Cebu City,Cebu,Central Visayas,555 Sardines,Noodles & Canned Goods,12,22.0,264.0,COD,Delivered,2026-05-25,24/05/2026
ORD-20261868,2026-02-09,Fernando Ramos,Santo Nino,Iloilo City,Iloilo,Western Visayas,Lucky Me Beef Sotanghon,Noodles & Canned Goods,5,13.0,65.0,Cash,Delivered,2026-02-19,09/02/2026
ORD-20261869,2026-03-26,Ana Cruz,Poblacion,Quezon City,Metro Manila,NCR,Sta. Maria Crayons,School & Office Supplies,4,40.0,160.0,COD,Delivered,2026-04-03,26/03/2026
ORD-20261870,2026-04-15,Jose Ocampo,Bagumbayan,Mandaue,Cebu,Central Visayas,555 Sardines,Noodles & Canned Goods,10,22.0,220.0,Bank Transfer,Cancelled,,15/04/2026
ORD-20261871,2026-01-08,Carmen Flores,Del Pilar,Davao City,Davao del Sur,Davao Region,Colgate Toothpaste 75ml,Personal Care,5,45.0,225.0,Cash,Delivered,2026-01-16,08/01/2026
ORD-20261872,2026-02-03,Antonio Bautista,Del Pilar,Tarlac City,Tarlac,Central Luzon,Palmolive Shampoo Sachet,Personal Care,9,6.0,54.0,GCash,Delivered,2026-02-06,03/02/2026
ORD-20261873,2026-03-30,Antonio Bautista,Rizal,Davao City,Davao del Sur,Davao Region,Boy Bawang 100g,Snacks,19,18.0,342.0,Cash,Delivered,2026-04-02,30/03/2026
ORD-20261874,2026-02-08,Jose Reyes,Bagumbayan,Quezon City,Metro Manila,NCR,555 Sardines,Noodles & Canned Goods,4,22.0,88.0,Maya,Delivered,2026-02-11,08/02/2026
ORD-20261875,2026-02-28,Jose Torres,San Antonio,Dasmarinas,Cavite,CALABARZON,Safeguard Soap Bar,Personal Care,3,28.0,84.0,COD,Delivered,2026-03-01,28/02/2026
ORD-20261876,2026-03-03,Teresa Torres,San Antonio,Tagum,Davao del Norte,Davao Region,Palmolive Shampoo Sachet,Personal Care,6,6.0,36.0,Cash,Delivered,2026-03-13,03/03/2026
ORD-20261877,2026-01-21,Josefina Santos,Rizal,Pasig,Metro Manila,NCR,Safeguard Soap Bar,Personal Care,9,28.0,252.0,Cash,Delivered,2026-01-31,21/01/2026
ORD-20261878,2026-05-21,Ana Cruz,Poblacion,Quezon City,Metro Manila,NCR,Lucky Me Beef Sotanghon,Noodles & Canned Goods,20,13.0,260.0,COD,Delivered,2026-05-24,21/05/2026
ORD-20261879,2026-05-22,Pedro Ocampo,Santo Nino,Cebu City,Cebu,Central Visayas,Safeguard Soap Bar,Personal Care,11,28.0,308.0,Cash,Delivered,2026-05-25,22/05/2026
ORD-20261880,2026-06-24,Cristina Pascual,Rizal,Davao City,Davao del Sur,Davao Region,Surf Powder Sachet,Household Care,4,8.0,32.0,GCash,Delivered,2026-06-25,24/06/2026
ORD-20261881,2026-05-28,Jose Cruz,Santo Nino,Angeles City,Pampanga,Central Luzon,555 Sardines,Noodles & Canned Goods,8,22.0,176.0,GCash,Delivered,2026-06-05,28/05/2026
ORD-20261882,2026-05-09,Elena Villanueva,Poblacion,Malolos,Bulacan,Central Luzon,Nescafe 3-in-1 Sachet,Beverages,19,8.0,152.0,GCash,Cancelled,,09/05/2026
ORD-20261883,2026-05-26,Ana Villanueva,San Antonio,Tarlac City,Tarlac,Central Luzon,ILUV Ballpen,School & Office Supplies,6,10.0,60.0,Cash,Delivered,2026-06-05,26/05/2026
ORD-20261884,2026-02-08,Ramon Mendoza,San Jose,Tagum,Davao del Norte,Davao Region,CDO Corned Beef,Noodles & Canned Goods,8,33.0,264.0,COD,Delivered,2026-02-18,08/02/2026
ORD-20261885,2026-01-19,Ana Ramos,San Antonio,Malolos,Bulacan,Central Luzon,ILUV Ballpen,School & Office Supplies,14,10.0,140.0,GCash,Delivered,2026-01-22,19/01/2026
ORD-20261886,2026-02-27,Jose Del Rosario,Rizal,Tagbilaran,Bohol,Central Visayas,Argentina Corned Beef,Noodles & Canned Goods,9,35.0,315.0,Cash,Delivered,2026-03-05,27/02/2026
ORD-20261887,2026-05-09,Josefina Torres,San Isidro,Tagbilaran,Bohol,Central Visayas,Safeguard Soap Bar,Personal Care,7,28.0,196.0,COD,Delivered,2026-05-12,09/05/2026
ORD-20261888,2026-06-02,Pedro Del Rosario,Rizal,Pasig,Metro Manila,NCR,Joy Dishwashing Liquid 250ml,Household Care,15,38.0,570.0,COD,Delivered,2026-06-03,02/06/2026
ORD-20261889,2026-02-01,Eduardo Del Rosario,Bagong Silang,Malolos,Bulacan,Central Luzon,Argentina Corned Beef,Noodles & Canned Goods,9,35.0,315.0,Cash,Delivered,2026-02-03,01/02/2026
ORD-20261890,2026-02-14,Ramon Ocampo,Malinta,Davao City,Davao del Sur,Davao Region,Coca-Cola 1.5L,Beverages,18,65.0,1170.0,GCash,Delivered,2026-02-15,14/02/2026
ORD-20261891,2026-04-04,Maria Santos,Poblacion,Tagum,Davao del Norte,Davao Region,ILUV Ballpen,School & Office Supplies,7,10.0,70.0,Cash,Cancelled,,04/04/2026
ORD-20261892,2026-04-15,Antonio Aquino,Del Pilar,Dasmarinas,Cavite,CALABARZON,Nescafe 3-in-1 Sachet,Beverages,14,8.0,112.0,Cash,Delivered,2026-04-22,15/04/2026
ORD-20261893,2026-06-24,Josefina Torres,San Isidro,Tagbilaran,Bohol,Central Visayas,Palmolive Shampoo Sachet,Personal Care,12,6.0,72.0,COD,Delivered,2026-07-02,24/06/2026
ORD-20261894,2026-06-27,Rosa Pascual,San Isidro,Manila,Metro Manila,NCR,Head & Shoulders Sachet,Personal Care,13,7.0,91.0,COD,Delivered,2026-06-28,27/06/2026
ORD-20261895,2026-03-11,Ricardo Garcia,Santo Nino,Batangas City,Batangas,CALABARZON,ILUV Ballpen,School & Office Supplies,15,10.0,150.0,GCash,Returned,2026-03-20,11/03/2026
ORD-20261896,2026-02-06,Luz Pascual,Santo Nino,Cebu City,Cebu,Central Visayas,Nova Multigrain 78g,Snacks,16,30.0,480.0,Maya,Delivered,2026-02-11,06/02/2026
ORD-20261897,2026-01-17,Manuel Villanueva,Bagumbayan,Tagbilaran,Bohol,Central Visayas,Joy Dishwashing Liquid 250ml,Household Care,10,38.0,380.0,COD,Cancelled,,17/01/2026
ORD-20261898,2026-03-04,Eduardo Pascual,Bagong Silang,Tarlac City,Tarlac,Central Luzon,Nova Multigrain 78g,Snacks,12,30.0,360.0,GCash,Delivered,2026-03-08,04/03/2026
ORD-20261899,2026-01-19,Pedro Ocampo,Santo Nino,Cebu City,Cebu,Central Visayas,Milo Sachet,Beverages,2,9.0,18.0,Maya,Pending,,19/01/2026
ORD-20261900,2026-05-06,Jose Reyes,Bagumbayan,Quezon City,Metro Manila,NCR,SkyFlakes Crackers,Snacks,11,15.0,165.0,Cash,Delivered,2026-05-07,06/05/2026
ORD-20261901,2026-01-25,Juan Torres,Poblacion,Pasig,Metro Manila,NCR,Boy Bawang 100g,Snacks,10,18.0,180.0,Cash,Delivered,2026-02-04,25/01/2026
ORD-20261902,2026-05-12,Rosa Castillo,San Antonio,Angeles City,Pampanga,Central Luzon,555 Sardines,Noodles & Canned Goods,11,22.0,242.0,Cash,Delivered,2026-05-20,12/05/2026
ORD-20261903,2026-06-05,Ricardo Pascual,Santo Nino,Tarlac City,Tarlac,Central Luzon,Boy Bawang 100g,Snacks,12,18.0,216.0,Cash,Delivered,2026-06-11,05/06/2026
ORD-20261904,2026-02-17,Fernando Pascual,Malinta,Malolos,Bulacan,Central Luzon,Piattos 85g,Snacks,7,32.0,224.0,Maya,Delivered,2026-02-23,17/02/2026
ORD-20261905,2026-05-17,Josefina Ramos,San Isidro,Cebu City,Cebu,Central Visayas,Head & Shoulders Sachet,Personal Care,1,7.0,7.0,Cash,Delivered,2026-05-24,17/05/2026
ORD-20261906,2026-05-22,Maria Castillo,Rizal,Tagum,Davao del Norte,Davao Region,Lucky Me Beef Sotanghon,Noodles & Canned Goods,15,13.0,195.0,GCash,Delivered,2026-05-28,22/05/2026
ORD-20261907,2026-06-21,Manuel Villanueva,Bagumbayan,Tagbilaran,Bohol,Central Visayas,Zonrox Bleach 500ml,Household Care,16,32.0,512.0,GCash,Cancelled,,21/06/2026
ORD-20261908,2026-05-14,Fernando Garcia,Del Pilar,Iloilo City,Iloilo,Western Visayas,Safeguard Soap Bar,Personal Care,3,28.0,84.0,Bank Transfer,Delivered,2026-05-19,14/05/2026
ORD-20261909,2026-02-04,Josefina Pascual,Poblacion,Manila,Metro Manila,NCR,Yellow Pad Paper,School & Office Supplies,7,12.0,84.0,Bank Transfer,Delivered,2026-02-05,04/02/2026
ORD-20261910,2026-05-22,Carmen Pascual,Poblacion,Bacolod,Negros Occidental,Western Visayas,Domex Toilet Cleaner,Household Care,17,55.0,935.0,COD,Pending,,22/05/2026
ORD-20261911,2026-06-12,Manuel Villanueva,Bagumbayan,Tagbilaran,Bohol,Central Visayas,Piattos 85g,Snacks,3,32.0,96.0,GCash,Cancelled,,12/06/2026
ORD-20261912,2026-02-05,Maria Cruz,Santo Nino,Tagbilaran,Bohol,Central Visayas,Palmolive Shampoo Sachet,Personal Care,7,6.0,42.0,COD,Delivered,2026-02-13,05/02/2026
ORD-20261913,2026-01-10,Corazon Ocampo,Malinta,Iloilo City,Iloilo,Western Visayas,Nissin Cup Noodles,Noodles & Canned Goods,18,20.0,360.0,COD,Cancelled,,10/01/2026
ORD-20261914,2026-02-16,Josefina Torres,San Isidro,Tagbilaran,Bohol,Central Visayas,ILUV Ballpen,School & Office Supplies,2,10.0,20.0,GCash,Delivered,2026-02-26,16/02/2026
ORD-20261915,2026-01-11,Elena Torres,Malinta,Tarlac City,Tarlac,Central Luzon,ILUV Ballpen,School & Office Supplies,2,10.0,20.0,Cash,Cancelled,,11/01/2026
ORD-20261916,2026-06-15,Manuel Santos,Del Pilar,Mandaue,Cebu,Central Visayas,SkyFlakes Crackers,Snacks,6,15.0,90.0,COD,Pending,,15/06/2026
ORD-20261917,2026-01-09,Elena Villanueva,Poblacion,Malolos,Bulacan,Central Luzon,Yellow Pad Paper,School & Office Supplies,19,12.0,228.0,Cash,Delivered,2026-01-18,09/01/2026
ORD-20261918,2026-04-17,Fernando Santos,San Antonio,Bacolod,Negros Occidental,Western Visayas,Zonrox Bleach 500ml,Household Care,7,32.0,224.0,COD,Returned,2026-04-26,17/04/2026
ORD-20261919,2026-01-14,Corazon Bautista,Bagong Silang,Davao City,Davao del Sur,Davao Region,Piattos 85g,Snacks,15,32.0,480.0,Cash,Delivered,2026-01-19,14/01/2026
ORD-20261920,2026-05-14,Juan Ramos,Bagumbayan,Manila,Metro Manila,NCR,SkyFlakes Crackers,Snacks,13,15.0,195.0,COD,Delivered,2026-05-18,14/05/2026
ORD-20261921,2026-03-29,Jose Santos,San Jose,Cebu City,Cebu,Central Visayas,Piattos 85g,Snacks,14,32.0,448.0,GCash,Delivered,2026-04-08,29/03/2026
ORD-20261922,2026-03-20,Antonio Flores,Bagumbayan,Angeles City,Pampanga,Central Luzon,Milo Sachet,Beverages,15,9.0,135.0,Bank Transfer,Pending,,20/03/2026
ORD-20261923,2026-02-12,Corazon Villanueva,Rizal,Angeles City,Pampanga,Central Luzon,Lucky Me Beef Sotanghon,Noodles & Canned Goods,7,13.0,91.0,COD,Delivered,2026-02-17,12/02/2026
ORD-20261924,2026-05-29,Pedro Pascual,San Isidro,Manila,Metro Manila,NCR,Sterling Notebook,School & Office Supplies,19,18.0,342.0,GCash,Delivered,2026-06-05,29/05/2026
ORD-20261925,2026-06-19,Josefina Castillo,Poblacion,Tagbilaran,Bohol,Central Visayas,Lucky Me Beef Sotanghon,Noodles & Canned Goods,10,13.0,130.0,Cash,Delivered,2026-06-25,19/06/2026
ORD-20261926,2026-02-23,Maria Bautista,San Antonio,Mandaue,Cebu,Central Visayas,Joy Dishwashing Liquid 250ml,Household Care,12,38.0,456.0,GCash,Delivered,2026-02-28,23/02/2026
ORD-20261927,2026-06-30,Eduardo Aquino,Bagong Silang,Tarlac City,Tarlac,Central Luzon,Zonrox Bleach 500ml,Household Care,18,32.0,576.0,GCash,Cancelled,,30/06/2026
ORD-20261928,2026-05-31,Jose Castillo,Malinta,Bacolod,Negros Occidental,Western Visayas,Milo Sachet,Beverages,10,9.0,90.0,Cash,Delivered,2026-06-02,31/05/2026
ORD-20261929,2026-06-04,Juan Torres,Poblacion,Pasig,Metro Manila,NCR,Sterling Notebook,School & Office Supplies,19,18.0,342.0,COD,Delivered,2026-06-12,04/06/2026
ORD-20261930,2026-03-30,Luz Castillo,Bagumbayan,Calamba,Laguna,CALABARZON,Sta. Maria Crayons,School & Office Supplies,14,40.0,560.0,Cash,Delivered,2026-04-05,30/03/2026
ORD-20261931,2026-01-02,Fernando Ocampo,Del Pilar,Tagum,Davao del Norte,Davao Region,Sta. Maria Crayons,School & Office Supplies,12,40.0,480.0,Bank Transfer,Delivered,2026-01-03,02/01/2026
ORD-20261932,2026-01-20,Ana Mendoza,Del Pilar,Tagum,Davao del Norte,Davao Region,Domex Toilet Cleaner,Household Care,1,55.0,55.0,COD,Delivered,2026-01-23,20/01/2026
ORD-20261933,2026-03-26,Maria Villanueva,Bagong Silang,Malolos,Bulacan,Central Luzon,Palmolive Shampoo Sachet,Personal Care,3,6.0,18.0,GCash,Delivered,2026-04-05,26/03/2026
ORD-20261934,2026-01-06,Carmen Villanueva,San Antonio,Tarlac City,Tarlac,Central Luzon,Sta. Maria Crayons,School & Office Supplies,12,40.0,480.0,COD,Delivered,2026-01-15,06/01/2026
ORD-20261935,2026-03-15,Jose Del Rosario,Rizal,Tagbilaran,Bohol,Central Visayas,Yellow Pad Paper,School & Office Supplies,13,12.0,156.0,GCash,Delivered,2026-03-25,15/03/2026
ORD-20261936,2026-04-21,Ricardo Bautista,Bagong Silang,Tagum,Davao del Norte,Davao Region,555 Sardines,Noodles & Canned Goods,19,22.0,418.0,GCash,Returned,2026-04-28,21/04/2026
ORD-20261937,2026-02-12,Luz Garcia,San Isidro,Tagum,Davao del Norte,Davao Region,Yellow Pad Paper,School & Office Supplies,15,12.0,180.0,COD,Delivered,2026-02-21,12/02/2026
ORD-20261938,2026-03-19,Carmen Pascual,Poblacion,Bacolod,Negros Occidental,Western Visayas,Lucky Me Pancit Canton Noodles,Noodles & Canned Goods,19,14.0,266.0,COD,Delivered,2026-03-29,19/03/2026
ORD-20261939,2026-02-16,Elena Torres,San Jose,Angeles City,Pampanga,Central Luzon,Nissin Cup Noodles,Noodles & Canned Goods,15,20.0,300.0,Cash,Delivered,2026-02-21,16/02/2026
ORD-20261940,2026-06-17,Fernando Ocampo,Del Pilar,Tagum,Davao del Norte,Davao Region,Joy Dishwashing Liquid 250ml,Household Care,6,38.0,228.0,Bank Transfer,Delivered,2026-06-18,17/06/2026
ORD-20261941,2026-06-20,Ana Mendoza,Del Pilar,Tagum,Davao del Norte,Davao Region,Milo Sachet,Beverages,18,9.0,162.0,Bank Transfer,Delivered,2026-06-28,20/06/2026
ORD-20261942,2026-06-10,Jose Bautista,Del Pilar,Calamba,Laguna,CALABARZON,Joy Dishwashing Liquid 250ml,Household Care,19,38.0,722.0,Bank Transfer,Delivered,2026-06-16,10/06/2026
ORD-20261943,2026-02-06,Antonio Castillo,Rizal,Angeles City,Pampanga,Central Luzon,SkyFlakes Crackers,Snacks,5,15.0,75.0,Bank Transfer,Delivered,2026-02-07,06/02/2026
ORD-20261944,2026-01-11,Elena Torres,Malinta,Tarlac City,Tarlac,Central Luzon,CDO Corned Beef,Noodles & Canned Goods,4,33.0,132.0,Maya,Delivered,2026-01-14,11/01/2026
ORD-20261945,2026-01-07,Antonio Bautista,Rizal,Davao City,Davao del Sur,Davao Region,Sterling Notebook,School & Office Supplies,18,18.0,324.0,COD,Delivered,2026-01-08,07/01/2026
ORD-20261946,2026-06-13,Roberto Santos,Del Pilar,Bacolod,Negros Occidental,Western Visayas,Lucky Me Pancit Canton Noodles,Noodles & Canned Goods,5,14.0,70.0,GCash,Delivered,2026-06-16,13/06/2026
ORD-20261947,2026-03-19,Manuel Mendoza,Poblacion,Mandaue,Cebu,Central Visayas,Milo Sachet,Beverages,11,9.0,99.0,Cash,Delivered,2026-03-22,19/03/2026
ORD-20261948,2026-01-29,Eduardo Del Rosario,Santo Nino,Iloilo City,Iloilo,Western Visayas,Safeguard Soap Bar,Personal Care,2,28.0,56.0,Maya,Delivered,2026-02-04,29/01/2026
ORD-20261949,2026-04-22,Elena Torres,San Jose,Angeles City,Pampanga,Central Luzon,Lucky Me Pancit Canton Noodles,Noodles & Canned Goods,14,14.0,196.0,GCash,Delivered,2026-04-23,22/04/2026
ORD-20261950,2026-01-06,Ricardo Aquino,San Isidro,Cebu City,Cebu,Central Visayas,Lucky Me Beef Sotanghon,Noodles & Canned Goods,12,13.0,156.0,COD,Delivered,2026-01-14,06/01/2026
ORD-20261951,2026-06-05,Jose Del Rosario,Rizal,Tagbilaran,Bohol,Central Visayas,Safeguard Soap Bar,Personal Care,10,28.0,280.0,Bank Transfer,Returned,2026-06-08,05/06/2026
ORD-20261952,2026-01-04,Ricardo Garcia,Santo Nino,Batangas City,Batangas,CALABARZON,Lucky Me Pancit Canton Noodles,Noodles & Canned Goods,9,14.0,126.0,COD,Delivered,2026-01-08,04/01/2026
ORD-20261953,2026-06-22,Eduardo Del Rosario,Bagong Silang,Malolos,Bulacan,Central Luzon,Yellow Pad Paper,School & Office Supplies,18,12.0,216.0,COD,Delivered,2026-06-30,22/06/2026
ORD-20261954,2026-01-30,Antonio Mendoza,San Isidro,Calamba,Laguna,CALABARZON,555 Sardines,Noodles & Canned Goods,12,22.0,264.0,GCash,Delivered,2026-02-06,30/01/2026
ORD-20261955,2026-02-18,Josefina Ramos,San Isidro,Cebu City,Cebu,Central Visayas,Piattos 85g,Snacks,18,32.0,576.0,GCash,Cancelled,,18/02/2026
ORD-20261956,2026-06-20,Eduardo Pascual,Bagong Silang,Tarlac City,Tarlac,Central Luzon,Boy Bawang 100g,Snacks,3,18.0,54.0,COD,Cancelled,,20/06/2026
ORD-20261957,2026-03-03,Antonio Cruz,Bagumbayan,Mandaue,Cebu,Central Visayas,Yellow Pad Paper,School & Office Supplies,7,12.0,84.0,Cash,Delivered,2026-03-09,03/03/2026
ORD-20261958,2026-02-05,Ramon Santos,Rizal,Dasmarinas,Cavite,CALABARZON,Argentina Corned Beef,Noodles & Canned Goods,19,35.0,665.0,COD,Delivered,2026-02-13,05/02/2026
ORD-20261959,2026-02-21,Teresa Villanueva,Santo Nino,Malolos,Bulacan,Central Luzon,Boy Bawang 100g,Snacks,16,18.0,288.0,Maya,Cancelled,,21/02/2026
ORD-20261960,2026-01-23,Fernando Pascual,Malinta,Malolos,Bulacan,Central Luzon,Safeguard Soap Bar,Personal Care,3,28.0,84.0,Maya,Delivered,2026-01-30,23/01/2026
ORD-20261961,2026-01-29,Elena Cruz,Santo Nino,Angeles City,Pampanga,Central Luzon,Safeguard Soap Bar,Personal Care,3,28.0,84.0,Cash,Delivered,2026-02-05,29/01/2026
ORD-20261962,2026-02-07,Elena Torres,San Jose,Angeles City,Pampanga,Central Luzon,Joy Dishwashing Liquid 250ml,Household Care,12,38.0,456.0,Cash,Delivered,2026-02-09,07/02/2026
ORD-20261963,2026-04-28,Antonio Mendoza,San Isidro,Calamba,Laguna,CALABARZON,Lucky Me Pancit Canton Noodles,Noodles & Canned Goods,20,14.0,280.0,COD,Delivered,2026-05-04,28/04/2026
ORD-20261964,2026-06-26,Eduardo Del Rosario,Santo Nino,Iloilo City,Iloilo,Western Visayas,Lucky Me Pancit Canton Noodles,Noodles & Canned Goods,14,14.0,196.0,GCash,Delivered,2026-06-30,26/06/2026
ORD-20261965,2026-04-14,Juan Bautista,San Jose,Angeles City,Pampanga,Central Luzon,Safeguard Soap Bar,Personal Care,14,28.0,392.0,COD,Delivered,2026-04-24,14/04/2026
ORD-20261966,2026-01-17,Luz Aquino,Bagong Silang,Tarlac City,Tarlac,Central Luzon,Safeguard Soap Bar,Personal Care,18,28.0,504.0,Cash,Delivered,2026-01-25,17/01/2026
ORD-20261967,2026-03-17,Eduardo Ocampo,San Antonio,Tagum,Davao del Norte,Davao Region,Nissin Cup Noodles,Noodles & Canned Goods,20,20.0,400.0,Cash,Delivered,2026-03-20,17/03/2026
ORD-20261968,2026-03-10,Manuel Reyes,Rizal,Quezon City,Metro Manila,NCR,Safeguard Soap Bar,Personal Care,18,28.0,504.0,GCash,Delivered,2026-03-13,10/03/2026
ORD-20261969,2026-04-23,Fernando Pascual,Rizal,Quezon City,Metro Manila,NCR,Nescafe 3-in-1 Sachet,Beverages,3,8.0,24.0,Cash,Delivered,2026-04-27,23/04/2026
ORD-20261970,2026-05-03,Pedro Torres,San Isidro,Dasmarinas,Cavite,CALABARZON,Palmolive Shampoo Sachet,Personal Care,2,6.0,12.0,COD,Delivered,2026-05-05,03/05/2026
ORD-20261971,2026-03-21,Pedro Cruz,Santo Nino,Manila,Metro Manila,NCR,Domex Toilet Cleaner,Household Care,11,55.0,605.0,Cash,Delivered,2026-03-23,21/03/2026
ORD-20261972,2026-01-11,Fernando Villanueva,Bagumbayan,Bacolod,Negros Occidental,Western Visayas,Domex Toilet Cleaner,Household Care,9,55.0,495.0,Cash,Delivered,2026-01-13,11/01/2026
ORD-20261973,2026-06-14,Juan Villanueva,Bagumbayan,Pasig,Metro Manila,NCR,555 Sardines,Noodles & Canned Goods,3,22.0,66.0,GCash,Delivered,2026-06-17,14/06/2026
ORD-20261974,2026-01-03,Josefina Santos,Bagumbayan,Tagbilaran,Bohol,Central Visayas,Sterling Notebook,School & Office Supplies,14,18.0,252.0,COD,Returned,2026-01-09,03/01/2026
ORD-20261975,2026-02-26,Ana Cruz,Santo Nino,Manila,Metro Manila,NCR,Lucky Me Pancit Canton Noodles,Noodles & Canned Goods,12,14.0,168.0,COD,Cancelled,,26/02/2026
ORD-20261976,2026-03-04,Eduardo Ocampo,San Antonio,Tagum,Davao del Norte,Davao Region,Joy Dishwashing Liquid 250ml,Household Care,13,38.0,494.0,COD,Pending,,04/03/2026
ORD-20261977,2026-05-20,Pedro Garcia,Poblacion,Pasig,Metro Manila,NCR,Nescafe 3-in-1 Sachet,Beverages,10,8.0,155.0,Bank Transfer,Delivered,2026-05-26,20/05/2026
ORD-20261978,2026-06-10,Pedro Garcia,Bagong Silang,Manila,Metro Manila,NCR,Nova Multigrain 78g,Snacks,3,30.0,90.0,Maya,Delivered,2026-06-19,10/06/2026
ORD-20261979,2026-02-10,Elena Cruz,Santo Nino,Angeles City,Pampanga,Central Luzon,Nissin Cup Noodles,Noodles & Canned Goods,19,20.0,380.0,COD,Delivered,2026-02-17,10/02/2026
ORD-20261980,2026-05-20,Manuel Ramos,Rizal,Tagbilaran,Bohol,Central Visayas,Nova Multigrain 78g,Snacks,15,30.0,450.0,COD,Delivered,2026-05-21,20/05/2026
ORD-20261981,2026-02-23,Manuel Villanueva,Bagumbayan,Tagbilaran,Bohol,Central Visayas,SkyFlakes Crackers,Snacks,3,15.0,45.0,Maya,Delivered,2026-03-02,23/02/2026
ORD-20261982,2026-02-03,Teresa Pascual,Bagong Silang,Tagum,Davao del Norte,Davao Region,Colgate Toothpaste 75ml,Personal Care,7,45.0,315.0,Cash,Delivered,2026-02-09,03/02/2026
ORD-20261983,2026-01-18,Fernando Pascual,Bagong Silang,Dasmarinas,Cavite,CALABARZON,Lucky Me Beef Sotanghon,Noodles & Canned Goods,15,13.0,195.0,Cash,Delivered,2026-01-19,18/01/2026
ORD-20261984,2026-04-18,Jose Reyes,Bagumbayan,Quezon City,Metro Manila,NCR,Sterling Notebook,School & Office Supplies,18,18.0,324.0,GCash,Returned,2026-04-22,18/04/2026
ORD-20261985,2026-05-28,Pedro Garcia,Bagong Silang,Manila,Metro Manila,NCR,Joy Dishwashing Liquid 250ml,Household Care,4,38.0,152.0,Cash,Delivered,2026-06-02,28/05/2026
ORD-20261986,2026-04-13,Rosa Aquino,Bagumbayan,Pasig,Metro Manila,NCR,Safeguard Soap Bar,Personal Care,3,28.0,84.0,Maya,Delivered,2026-04-15,13/04/2026
ORD-20261987,2026-05-08,Elena Garcia,Poblacion,Davao City,Davao del Sur,Davao Region,Head & Shoulders Sachet,Personal Care,16,7.0,112.0,GCash,Delivered,2026-05-16,08/05/2026
ORD-20261988,2026-01-18,Josefina Santos,Santo Nino,Tagum,Davao del Norte,Davao Region,Nescafe 3-in-1 Sachet,Beverages,13,8.0,104.0,COD,Cancelled,,18/01/2026
ORD-20261989,2026-05-09,Roberto Bautista,San Jose,Calamba,Laguna,CALABARZON,Colgate Toothpaste 75ml,Personal Care,1,45.0,45.0,GCash,Pending,,09/05/2026
ORD-20261990,2026-04-02,Maria Cruz,Santo Nino,Tagbilaran,Bohol,Central Visayas,Colgate Toothpaste 75ml,Personal Care,4,45.0,180.0,COD,Delivered,2026-04-08,02/04/2026
ORD-20261991,2026-04-06,Eduardo Santos,San Isidro,Pasig,Metro Manila,NCR,Zonrox Bleach 500ml,Household Care,13,32.0,416.0,Maya,Pending,,06/04/2026
ORD-20261992,2026-06-05,Roberto Aquino,San Antonio,Cebu City,Cebu,Central Visayas,SkyFlakes Crackers,Snacks,18,15.0,270.0,Maya,Cancelled,,05/06/2026
ORD-20261993,2026-05-25,Rosa Del Rosario,Bagumbayan,Pasig,Metro Manila,NCR,Boy Bawang 100g,Snacks,13,18.0,234.0,COD,Delivered,2026-05-28,25/05/2026
ORD-20261994,2026-02-16,Rosa Del Rosario,Bagumbayan,Pasig,Metro Manila,NCR,Nova Multigrain 78g,Snacks,10,30.0,300.0,GCash,Cancelled,,16/02/2026
ORD-20261995,2026-05-11,Maria Bautista,San Antonio,Mandaue,Cebu,Central Visayas,Colgate Toothpaste 75ml,Personal Care,5,45.0,225.0,GCash,Delivered,2026-05-17,11/05/2026
ORD-20261996,2026-04-26,Jose Castillo,Malinta,Bacolod,Negros Occidental,Western Visayas,Palmolive Shampoo Sachet,Personal Care,3,6.0,18.0,Bank Transfer,Cancelled,,26/04/2026
ORD-20261997,2026-01-04,Manuel Villanueva,Malinta,Tarlac City,Tarlac,Central Luzon,SkyFlakes Crackers,Snacks,12,15.0,180.0,COD,Delivered,2026-01-11,04/01/2026
ORD-20261998,2026-06-23,Fernando Ocampo,Del Pilar,Tagum,Davao del Norte,Davao Region,Lucky Me Pancit Canton Noodles,Noodles & Canned Goods,18,14.0,252.0,Cash,Delivered,2026-06-29,23/06/2026
ORD-20261999,2026-04-16,Manuel Ramos,Rizal,Tagbilaran,Bohol,Central Visayas,Joy Dishwashing Liquid 250ml,Household Care,7,38.0,266.0,Maya,Delivered,2026-04-22,16/04/2026
ORD-20262000,2026-02-24,Manuel Villanueva,Bagumbayan,Tagbilaran,Bohol,Central Visayas,Zonrox Bleach 500ml,Household Care,7,32.0,224.0,Maya,Cancelled,,24/02/2026
ORD-20262001,2026-04-21,Juan Flores,Rizal,Iloilo City,Iloilo,Western Visayas,SkyFlakes Crackers,Snacks,20,15.0,300.0,Cash,Delivered,2026-04-22,21/04/2026
ORD-20262002,2026-05-25,Pedro Pascual,San Isidro,Manila,Metro Manila,NCR,Nissin Cup Noodles,Noodles & Canned Goods,20,20.0,400.0,Cash,Delivered,2026-05-27,25/05/2026
ORD-20262003,2026-06-10,Corazon Torres,Bagumbayan,Cebu City,Cebu,Central Visayas,Boy Bawang 100g,Snacks,3,18.0,54.0,GCash,Returned,2026-06-19,10/06/2026
ORD-20262004,2026-04-04,Rosa Del Rosario,Bagumbayan,Pasig,Metro Manila,NCR,555 Sardines,Noodles & Canned Goods,5,22.0,110.0,Cash,Returned,2026-04-07,04/04/2026
ORD-20262005,2026-01-05,Fernando Pascual,Rizal,Quezon City,Metro Manila,NCR,Argentina Corned Beef,Noodles & Canned Goods,20,35.0,700.0,GCash,Delivered,2026-01-06,05/01/2026
ORD-20262006,2026-01-13,Corazon Villanueva,Rizal,Angeles City,Pampanga,Central Luzon,Zonrox Bleach 500ml,Household Care,13,32.0,416.0,Bank Transfer,Returned,2026-01-15,13/01/2026
ORD-20262007,2026-06-06,Jose Castillo,Malinta,Bacolod,Negros Occidental,Western Visayas,C2 Green Tea 500ml,Beverages,15,22.0,330.0,Cash,Delivered,2026-06-09,06/06/2026
ORD-20262008,2026-04-21,Manuel Villanueva,Malinta,Tarlac City,Tarlac,Central Luzon,Nescafe 3-in-1 Sachet,Beverages,4,8.0,32.0,Cash,Delivered,2026-04-28,21/04/2026
ORD-20262009,2026-06-04,Eduardo Ocampo,San Antonio,Tagum,Davao del Norte,Davao Region,Lucky Me Pancit Canton Noodles,Noodles & Canned Goods,6,14.0,84.0,COD,Delivered,2026-06-11,04/06/2026
ORD-20262010,2026-06-21,Roberto Bautista,San Jose,Calamba,Laguna,CALABARZON,Nescafe 3-in-1 Sachet,Beverages,5,8.0,40.0,GCash,Delivered,2026-06-28,21/06/2026
ORD-20262011,2026-01-10,Eduardo Mendoza,Bagong Silang,Batangas City,Batangas,CALABARZON,Lucky Me Beef Sotanghon,Noodles & Canned Goods,11,13.0,143.0,Maya,Delivered,2026-01-14,10/01/2026
ORD-20262012,2026-04-18,Jose Reyes,Rizal,Tagum,Davao del Norte,Davao Region,Argentina Corned Beef,Noodles & Canned Goods,12,35.0,420.0,COD,Pending,,18/04/2026
ORD-20262013,2026-03-23,Rosa Cruz,San Isidro,Tarlac City,Tarlac,Central Luzon,Coca-Cola 1.5L,Beverages,3,65.0,195.0,GCash,Delivered,2026-03-28,23/03/2026
ORD-20262014,2026-02-21,Pedro Del Rosario,Rizal,Pasig,Metro Manila,NCR,Surf Powder Sachet,Household Care,17,8.0,136.0,Bank Transfer,Delivered,2026-03-02,21/02/2026
ORD-20262015,2026-03-12,Ana Cruz,Poblacion,Quezon City,Metro Manila,NCR,Milo Sachet,Beverages,4,9.0,36.0,Cash,Delivered,2026-03-17,12/03/2026
ORD-20262016,2026-02-02,Fernando Garcia,Del Pilar,Iloilo City,Iloilo,Western Visayas,Yellow Pad Paper,School & Office Supplies,4,12.0,48.0,Cash,Delivered,2026-02-09,02/02/2026
ORD-20262017,2026-05-14,Josefina Flores,Bagumbayan,Iloilo City,Iloilo,Western Visayas,Lucky Me Pancit Canton Noodles,Noodles & Canned Goods,15,14.0,210.0,COD,Delivered,2026-05-21,14/05/2026
ORD-20262018,2026-06-10,Elena Cruz,Santo Nino,Angeles City,Pampanga,Central Luzon,Milo Sachet,Beverages,1,9.0,9.0,COD,Delivered,2026-06-15,10/06/2026
ORD-20262019,2026-02-16,Maria Santos,Poblacion,Tagum,Davao del Norte,Davao Region,Nissin Cup Noodles,Noodles & Canned Goods,7,20.0,140.0,Bank Transfer,Returned,2026-02-21,16/02/2026
ORD-20262020,2026-05-08,Ana Ramos,San Antonio,Malolos,Bulacan,Central Luzon,Joy Dishwashing Liquid 250ml,Household Care,15,38.0,570.0,COD,Returned,2026-05-13,08/05/2026
ORD-20262021,2026-04-02,Jose Ocampo,Malinta,Dasmarinas,Cavite,CALABARZON,C2 Green Tea 500ml,Beverages,8,22.0,176.0,GCash,Delivered,2026-04-05,02/04/2026
ORD-20262022,2026-01-30,Fernando Santos,San Antonio,Bacolod,Negros Occidental,Western Visayas,Joy Dishwashing Liquid 250ml,Household Care,16,38.0,608.0,GCash,Returned,2026-02-05,30/01/2026
ORD-20262023,2026-01-12,Jose Ocampo,Malinta,Dasmarinas,Cavite,CALABARZON,SkyFlakes Crackers,Snacks,12,15.0,180.0,GCash,Delivered,2026-01-22,12/01/2026
ORD-20262024,2026-04-26,Manuel Mendoza,Poblacion,Tagbilaran,Bohol,Central Visayas,Nescafe 3-in-1 Sachet,Beverages,11,8.0,88.0,COD,Delivered,2026-05-05,26/04/2026
ORD-20262025,2026-05-10,Ricardo Cruz,San Isidro,Calamba,Laguna,CALABARZON,Sta. Maria Crayons,School & Office Supplies,19,40.0,760.0,Maya,Delivered,2026-05-20,10/05/2026
ORD-20262026,2026-02-07,Juan Ramos,Bagumbayan,Manila,Metro Manila,NCR,555 Sardines,Noodles & Canned Goods,8,22.0,176.0,COD,Returned,2026-02-15,07/02/2026
ORD-20262027,2026-06-11,Pedro Pascual,San Isidro,Manila,Metro Manila,NCR,Sterling Notebook,School & Office Supplies,8,18.0,144.0,COD,Delivered,2026-06-16,11/06/2026
ORD-20262028,2026-03-17,Fernando Ramos,Santo Nino,Iloilo City,Iloilo,Western Visayas,Head & Shoulders Sachet,Personal Care,2,7.0,14.0,Cash,Cancelled,,17/03/2026
ORD-20262029,2026-04-14,Maria Villanueva,Bagong Silang,Malolos,Bulacan,Central Luzon,Piattos 85g,Snacks,18,32.0,576.0,COD,Delivered,2026-04-21,14/04/2026
ORD-20262030,2026-02-02,Ana Ramos,San Antonio,Malolos,Bulacan,Central Luzon,Piattos 85g,Snacks,2,32.0,64.0,GCash,Delivered,2026-02-11,02/02/2026
ORD-20262031,2026-04-25,Antonio Bautista,Rizal,Davao City,Davao del Sur,Davao Region,Head & Shoulders Sachet,Personal Care,14,7.0,98.0,Cash,Cancelled,,25/04/2026
ORD-20262032,2026-04-25,Jose Del Rosario,Rizal,Tagbilaran,Bohol,Central Visayas,Colgate Toothpaste 75ml,Personal Care,5,45.0,225.0,COD,Delivered,2026-05-02,25/04/2026
ORD-20262033,2026-01-08,Josefina Ramos,San Isidro,Cebu City,Cebu,Central Visayas,C2 Green Tea 500ml,Beverages,6,22.0,132.0,Cash,Returned,2026-01-15,08/01/2026
ORD-20262034,2026-01-21,Roberto Bautista,San Jose,Calamba,Laguna,CALABARZON,Nova Multigrain 78g,Snacks,10,30.0,300.0,GCash,Delivered,2026-01-25,21/01/2026
ORD-20262035,2026-06-25,Maria Santos,Bagumbayan,Bacolod,Negros Occidental,Western Visayas,Argentina Corned Beef,Noodles & Canned Goods,11,35.0,385.0,Cash,Delivered,2026-06-30,25/06/2026
ORD-20262036,2026-06-02,Teresa Mendoza,San Isidro,Cebu City,Cebu,Central Visayas,Sta. Maria Crayons,School & Office Supplies,5,40.0,200.0,Cash,Delivered,2026-06-04,02/06/2026
ORD-20262037,2026-03-31,Jose Garcia,San Antonio,Malolos,Bulacan,Central Luzon,Head & Shoulders Sachet,Personal Care,7,7.0,49.0,Maya,Delivered,2026-04-04,31/03/2026
ORD-20262038,2026-06-25,Josefina Castillo,Poblacion,Tagbilaran,Bohol,Central Visayas,Colgate Toothpaste 75ml,Personal Care,7,45.0,315.0,COD,Returned,2026-06-30,25/06/2026
ORD-20262039,2026-05-31,Maria Cruz,Del Pilar,Iloilo City,Iloilo,Western Visayas,Milo Sachet,Beverages,14,9.0,126.0,COD,Returned,2026-06-04,31/05/2026
ORD-20262040,2026-06-12,Teresa Castillo,Bagumbayan,Batangas City,Batangas,CALABARZON,Milo Sachet,Beverages,4,9.0,36.0,Bank Transfer,Cancelled,,12/06/2026
ORD-20262041,2026-01-26,Jose Reyes,Bagumbayan,Quezon City,Metro Manila,NCR,Coca-Cola 1.5L,Beverages,2,65.0,130.0,Cash,Delivered,2026-01-27,26/01/2026
ORD-20262042,2026-03-29,Antonio Aquino,Del Pilar,Dasmarinas,Cavite,CALABARZON,Yellow Pad Paper,School & Office Supplies,18,12.0,216.0,Cash,Delivered,2026-03-31,29/03/2026
ORD-20262043,2026-05-09,Roberto Aquino,San Antonio,Cebu City,Cebu,Central Visayas,Milo Sachet,Beverages,13,9.0,117.0,COD,Pending,,09/05/2026
ORD-20262044,2026-03-01,Josefina Reyes,Poblacion,Dasmarinas,Cavite,CALABARZON,Head & Shoulders Sachet,Personal Care,4,7.0,28.0,Cash,Pending,,01/03/2026
ORD-20262045,2026-06-29,Josefina Ocampo,San Antonio,Davao City,Davao del Sur,Davao Region,555 Sardines,Noodles & Canned Goods,2,22.0,44.0,GCash,Delivered,2026-07-09,29/06/2026
ORD-20262046,2026-01-25,Ana Villanueva,San Antonio,Tarlac City,Tarlac,Central Luzon,C2 Green Tea 500ml,Beverages,10,22.0,220.0,COD,Delivered,2026-02-02,25/01/2026
ORD-20262047,2026-01-18,Josefina Torres,San Isidro,Tagbilaran,Bohol,Central Visayas,Sta. Maria Crayons,School & Office Supplies,7,40.0,280.0,Cash,Delivered,2026-01-20,18/01/2026
ORD-20262048,2026-03-10,Manuel Reyes,Rizal,Quezon City,Metro Manila,NCR,Piattos 85g,Snacks,20,32.0,640.0,GCash,Delivered,2026-03-18,10/03/2026
ORD-20262049,2026-05-13,Josefina Santos,Rizal,Pasig,Metro Manila,NCR,C2 Green Tea 500ml,Beverages,15,22.0,330.0,Cash,Delivered,2026-05-20,13/05/2026
ORD-20262050,2026-04-18,Ana Cruz,Poblacion,Quezon City,Metro Manila,NCR,Sterling Notebook,School & Office Supplies,7,18.0,126.0,Maya,Cancelled,,18/04/2026
ORD-20262051,2026-04-08,Ricardo Pascual,Santo Nino,Tarlac City,Tarlac,Central Luzon,Palmolive Shampoo Sachet,Personal Care,19,6.0,114.0,COD,Delivered,2026-04-18,08/04/2026
ORD-20262052,2026-02-08,Manuel Mendoza,Poblacion,Mandaue,Cebu,Central Visayas,Nova Multigrain 78g,Snacks,10,30.0,300.0,GCash,Returned,2026-02-17,08/02/2026
ORD-20262053,2026-06-25,Carmen Mendoza,Santo Nino,Malolos,Bulacan,Central Luzon,Milo Sachet,Beverages,20,9.0,180.0,Maya,Cancelled,,25/06/2026
ORD-20262054,2026-03-24,Antonio Mendoza,San Isidro,Calamba,Laguna,CALABARZON,Lucky Me Pancit Canton Noodles,Noodles & Canned Goods,6,14.0,84.0,GCash,Delivered,2026-03-29,24/03/2026
ORD-20262055,2026-05-08,Josefina Bautista,Malinta,Calamba,Laguna,CALABARZON,Palmolive Shampoo Sachet,Personal Care,19,6.0,114.0,COD,Delivered,2026-05-11,08/05/2026
ORD-20262056,2026-06-10,Pedro Garcia,Bagong Silang,Manila,Metro Manila,NCR,Palmolive Shampoo Sachet,Personal Care,8,6.0,48.0,GCash,Delivered,2026-06-12,10/06/2026
ORD-20262057,2026-05-02,Ricardo Cruz,San Antonio,Manila,Metro Manila,NCR,555 Sardines,Noodles & Canned Goods,15,22.0,330.0,Cash,Cancelled,,02/05/2026
ORD-20262058,2026-05-18,Ricardo Cruz,San Isidro,Calamba,Laguna,CALABARZON,Coca-Cola 1.5L,Beverages,19,65.0,1235.0,GCash,Delivered,2026-05-28,18/05/2026
ORD-20262059,2026-06-28,Carmen Reyes,San Jose,Tagbilaran,Bohol,Central Visayas,Surf Powder Sachet,Household Care,17,8.0,136.0,COD,Delivered,2026-07-03,28/06/2026
ORD-20262060,2026-01-17,Josefina Cruz,San Antonio,Makati,Metro Manila,NCR,Yellow Pad Paper,School & Office Supplies,12,12.0,144.0,COD,Delivered,2026-01-23,17/01/2026
ORD-20262061,2026-02-05,Josefina Ocampo,San Antonio,Davao City,Davao del Sur,Davao Region,Coca-Cola 1.5L,Beverages,11,65.0,715.0,Maya,Cancelled,,05/02/2026
ORD-20262062,2026-03-01,Teresa Santos,Del Pilar,Davao City,Davao del Sur,Davao Region,Lucky Me Beef Sotanghon,Noodles & Canned Goods,9,13.0,117.0,Cash,Delivered,2026-03-06,01/03/2026
ORD-20262063,2026-02-01,Antonio Mendoza,San Isidro,Calamba,Laguna,CALABARZON,555 Sardines,Noodles & Canned Goods,14,22.0,308.0,Bank Transfer,Delivered,2026-02-06,01/02/2026
ORD-20262064,2026-06-07,Maria Cruz,Del Pilar,Iloilo City,Iloilo,Western Visayas,Argentina Corned Beef,Noodles & Canned Goods,19,35.0,665.0,Cash,Delivered,2026-06-13,07/06/2026
ORD-20262065,2026-01-11,Corazon Reyes,Malinta,Calamba,Laguna,CALABARZON,Nescafe 3-in-1 Sachet,Beverages,6,8.0,48.0,COD,Delivered,2026-01-20,11/01/2026
ORD-20262066,2026-06-14,Rosa Del Rosario,Bagumbayan,Pasig,Metro Manila,NCR,Lucky Me Pancit Canton Noodles,Noodles & Canned Goods,15,14.0,210.0,GCash,Delivered,2026-06-19,14/06/2026
ORD-20262067,2026-06-06,Roberto Del Rosario,San Isidro,Malolos,Bulacan,Central Luzon,Safeguard Soap Bar,Personal Care,15,28.0,420.0,Bank Transfer,Delivered,2026-06-15,06/06/2026
ORD-20262068,2026-01-28,Pedro Cruz,San Antonio,Cebu City,Cebu,Central Visayas,Argentina Corned Beef,Noodles & Canned Goods,8,35.0,280.0,COD,Delivered,2026-02-03,28/01/2026
ORD-20262069,2026-06-29,Manuel Ramos,Rizal,Tagbilaran,Bohol,Central Visayas,Boy Bawang 100g,Snacks,14,18.0,252.0,GCash,Delivered,2026-07-01,29/06/2026
ORD-20262070,2026-04-29,Ramon Mendoza,San Jose,Tagum,Davao del Norte,Davao Region,C2 Green Tea 500ml,Beverages,11,22.0,242.0,GCash,Delivered,2026-05-03,29/04/2026
ORD-20262071,2026-04-23,Pedro Garcia,Poblacion,Pasig,Metro Manila,NCR,Lucky Me Pancit Canton Noodles,Noodles & Canned Goods,4,14.0,56.0,COD,Delivered,2026-04-25,23/04/2026
ORD-20262072,2026-06-20,Elena Aquino,Santo Nino,Bacolod,Negros Occidental,Western Visayas,Sta. Maria Crayons,School & Office Supplies,17,40.0,680.0,COD,Returned,2026-06-21,20/06/2026
ORD-20262073,2026-05-16,Teresa Castillo,Bagumbayan,Batangas City,Batangas,CALABARZON,SkyFlakes Crackers,Snacks,12,15.0,180.0,COD,Delivered,2026-05-19,16/05/2026
ORD-20262074,2026-06-07,Jose Cruz,Santo Nino,Angeles City,Pampanga,Central Luzon,Colgate Toothpaste 75ml,Personal Care,13,45.0,585.0,Cash,Delivered,2026-06-13,07/06/2026
ORD-20262075,2026-02-13,Teresa Santos,Del Pilar,Davao City,Davao del Sur,Davao Region,Surf Powder Sachet,Household Care,19,8.0,152.0,GCash,Delivered,2026-02-19,13/02/2026
ORD-20262076,2026-04-19,Cristina Santos,Poblacion,Makati,Metro Manila,NCR,Domex Toilet Cleaner,Household Care,20,55.0,1100.0,Maya,Delivered,2026-04-28,19/04/2026
ORD-20262077,2026-02-27,Josefina Santos,Bagumbayan,Tagbilaran,Bohol,Central Visayas,Lucky Me Beef Sotanghon,Noodles & Canned Goods,16,13.0,208.0,Maya,Delivered,2026-03-09,27/02/2026
ORD-20262078,2026-02-19,Pedro Del Rosario,Rizal,Pasig,Metro Manila,NCR,Nova Multigrain 78g,Snacks,4,30.0,120.0,COD,Cancelled,,19/02/2026
ORD-20262079,2026-01-18,Manuel Mendoza,Poblacion,Mandaue,Cebu,Central Visayas,Palmolive Shampoo Sachet,Personal Care,5,6.0,30.0,GCash,Delivered,2026-01-22,18/01/2026
ORD-20262080,2026-06-16,Teresa Torres,Rizal,Mandaue,Cebu,Central Visayas,Lucky Me Beef Sotanghon,Noodles & Canned Goods,9,13.0,117.0,Cash,Delivered,2026-06-21,16/06/2026
ORD-20262081,2026-01-14,Maria Cruz,Del Pilar,Iloilo City,Iloilo,Western Visayas,Yellow Pad Paper,School & Office Supplies,10,12.0,120.0,GCash,Delivered,2026-01-24,14/01/2026
ORD-20262082,2026-04-20,Maria Mendoza,Del Pilar,Manila,Metro Manila,NCR,Sterling Notebook,School & Office Supplies,1,18.0,18.0,COD,Pending,,20/04/2026
ORD-20262083,2026-06-24,Ana Flores,Poblacion,Tagum,Davao del Norte,Davao Region,SkyFlakes Crackers,Snacks,8,15.0,120.0,Cash,Delivered,2026-06-28,24/06/2026
ORD-20262084,2026-03-22,Juan Villanueva,Bagumbayan,Pasig,Metro Manila,NCR,Milo Sachet,Beverages,2,9.0,18.0,COD,Delivered,2026-03-26,22/03/2026
ORD-20262085,2026-03-07,Josefina Torres,Malinta,Tagum,Davao del Norte,Davao Region,Boy Bawang 100g,Snacks,6,18.0,108.0,Cash,Delivered,2026-03-13,07/03/2026
ORD-20262086,2026-04-13,Teresa Santos,Del Pilar,Davao City,Davao del Sur,Davao Region,C2 Green Tea 500ml,Beverages,3,22.0,66.0,Cash,Delivered,2026-04-17,13/04/2026
ORD-20262087,2026-05-03,Pedro Santos,Del Pilar,Iloilo City,Iloilo,Western Visayas,Domex Toilet Cleaner,Household Care,2,55.0,110.0,COD,Delivered,2026-05-10,03/05/2026
ORD-20262088,2026-06-22,Pedro Reyes,Poblacion,Tarlac City,Tarlac,Central Luzon,Nissin Cup Noodles,Noodles & Canned Goods,14,20.0,280.0,GCash,Delivered,2026-06-28,22/06/2026
ORD-20262089,2026-04-07,Elena Cruz,Santo Nino,Angeles City,Pampanga,Central Luzon,555 Sardines,Noodles & Canned Goods,18,22.0,396.0,Cash,Delivered,2026-04-11,07/04/2026
ORD-20262090,2026-06-02,Eduardo Del Rosario,Santo Nino,Iloilo City,Iloilo,Western Visayas,Yellow Pad Paper,School & Office Supplies,6,12.0,72.0,COD,Delivered,2026-06-09,02/06/2026
ORD-20262091,2026-01-18,Ana Ramos,San Antonio,Malolos,Bulacan,Central Luzon,Boy Bawang 100g,Snacks,20,18.0,360.0,Cash,Delivered,2026-01-20,18/01/2026
ORD-20262092,2026-03-18,Carmen Flores,Del Pilar,Tarlac City,Tarlac,Central Luzon,Boy Bawang 100g,Snacks,1,18.0,18.0,Maya,Returned,2026-03-21,18/03/2026
ORD-20262093,2026-03-21,Luz Reyes,Poblacion,Dasmarinas,Cavite,CALABARZON,Sterling Notebook,School & Office Supplies,15,18.0,270.0,Cash,Delivered,2026-03-23,21/03/2026
ORD-20262094,2026-04-01,Ana Cruz,Poblacion,Quezon City,Metro Manila,NCR,Piattos 85g,Snacks,13,32.0,416.0,GCash,Delivered,2026-04-08,01/04/2026
ORD-20262095,2026-05-23,Josefina Santos,Santo Nino,Tagum,Davao del Norte,Davao Region,Piattos 85g,Snacks,10,32.0,320.0,GCash,Delivered,2026-05-29,23/05/2026
ORD-20262096,2026-03-04,Antonio Flores,Bagumbayan,Angeles City,Pampanga,Central Luzon,Lucky Me Pancit Canton Noodles,Noodles & Canned Goods,14,14.0,196.0,COD,Delivered,2026-03-11,04/03/2026
ORD-20262097,2026-02-13,Luz Torres,Rizal,Mandaue,Cebu,Central Visayas,ILUV Ballpen,School & Office Supplies,14,10.0,140.0,COD,Delivered,2026-02-18,13/02/2026
ORD-20262098,2026-02-24,Rosa Aquino,Bagumbayan,Pasig,Metro Manila,NCR,Domex Toilet Cleaner,Household Care,9,55.0,495.0,Cash,Returned,2026-02-25,24/02/2026
ORD-20262099,2026-06-27,Ricardo Cruz,San Isidro,Calamba,Laguna,CALABARZON,Nescafe 3-in-1 Sachet,Beverages,12,8.0,96.0,COD,Delivered,2026-07-02,27/06/2026
ORD-20262100,2026-03-31,Ana Ocampo,Bagumbayan,Mandaue,Cebu,Central Visayas,Palmolive Shampoo Sachet,Personal Care,15,6.0,90.0,Cash,Pending,,31/03/2026
ORD-20262101,2026-04-03,Pedro Ocampo,San Isidro,Manila,Metro Manila,NCR,Milo Sachet,Beverages,1,9.0,9.0,Maya,Delivered,2026-04-05,03/04/2026
ORD-20262102,2026-04-25,Luz Aquino,Bagong Silang,Tarlac City,Tarlac,Central Luzon,Sta. Maria Crayons,School & Office Supplies,18,40.0,720.0,COD,Delivered,2026-04-29,25/04/2026
ORD-20262103,2026-02-25,Eduardo Santos,San Isidro,Pasig,Metro Manila,NCR,Milo Sachet,Beverages,2,9.0,18.0,COD,Delivered,2026-03-03,25/02/2026
ORD-20262104,2026-01-31,Josefina Ocampo,San Antonio,Davao City,Davao del Sur,Davao Region,Argentina Corned Beef,Noodles & Canned Goods,5,35.0,175.0,Bank Transfer,Delivered,2026-02-04,31/01/2026
ORD-20262105,2026-01-28,Josefina Mendoza,San Antonio,Angeles City,Pampanga,Central Luzon,Head & Shoulders Sachet,Personal Care,8,7.0,56.0,Cash,Returned,2026-02-05,28/01/2026
ORD-20262106,2026-03-03,Eduardo Santos,San Isidro,Pasig,Metro Manila,NCR,SkyFlakes Crackers,Snacks,16,15.0,240.0,Cash,Delivered,2026-03-07,03/03/2026
ORD-20262107,2026-02-03,Ana Cruz,Poblacion,Quezon City,Metro Manila,NCR,CDO Corned Beef,Noodles & Canned Goods,8,33.0,264.0,COD,Delivered,2026-02-12,03/02/2026
ORD-20262108,2026-03-02,Josefina Pascual,San Jose,Tarlac City,Tarlac,Central Luzon,Nescafe 3-in-1 Sachet,Beverages,11,8.0,88.0,GCash,Delivered,2026-03-03,02/03/2026
ORD-20262109,2026-01-06,Pedro Pascual,San Isidro,Manila,Metro Manila,NCR,Argentina Corned Beef,Noodles & Canned Goods,20,35.0,700.0,COD,Delivered,2026-01-13,06/01/2026
ORD-20262110,2026-03-26,Manuel Santos,Del Pilar,Tagum,Davao del Norte,Davao Region,Head & Shoulders Sachet,Personal Care,1,7.0,7.0,GCash,Delivered,2026-04-04,26/03/2026
ORD-20262111,2026-02-15,Josefina Santos,San Jose,Bacolod,Negros Occidental,Western Visayas,Coca-Cola 1.5L,Beverages,19,65.0,1235.0,COD,Cancelled,,15/02/2026
ORD-20262112,2026-03-17,Roberto Bautista,San Jose,Calamba,Laguna,CALABARZON,Milo Sachet,Beverages,9,9.0,81.0,Cash,Delivered,2026-03-26,17/03/2026
ORD-20262113,2026-03-30,Cristina Ocampo,Rizal,Mandaue,Cebu,Central Visayas,C2 Green Tea 500ml,Beverages,14,22.0,308.0,GCash,Pending,,30/03/2026
ORD-20262114,2026-02-16,Ricardo Aquino,San Isidro,Cebu City,Cebu,Central Visayas,555 Sardines,Noodles & Canned Goods,15,22.0,330.0,Cash,Delivered,2026-02-19,16/02/2026
ORD-20262115,2026-03-20,Josefina Pascual,San Jose,Tarlac City,Tarlac,Central Luzon,Palmolive Shampoo Sachet,Personal Care,7,6.0,42.0,GCash,Delivered,2026-03-25,20/03/2026
ORD-20262116,2026-03-07,Elena Villanueva,Poblacion,Malolos,Bulacan,Central Luzon,Head & Shoulders Sachet,Personal Care,9,7.0,63.0,Cash,Delivered,2026-03-12,07/03/2026
ORD-20262117,2026-04-01,Jose Bautista,Del Pilar,Calamba,Laguna,CALABARZON,Sterling Notebook,School & Office Supplies,12,18.0,216.0,COD,Delivered,2026-04-06,01/04/2026
ORD-20262118,2026-03-04,Corazon Bautista,Bagong Silang,Davao City,Davao del Sur,Davao Region,Surf Powder Sachet,Household Care,12,8.0,96.0,GCash,Cancelled,,04/03/2026
ORD-20262119,2026-02-22,Jose Ocampo,Bagumbayan,Mandaue,Cebu,Central Visayas,Palmolive Shampoo Sachet,Personal Care,15,6.0,90.0,GCash,Returned,2026-03-02,22/02/2026
ORD-20262120,2026-02-02,Ramon Ocampo,Malinta,Davao City,Davao del Sur,Davao Region,Argentina Corned Beef,Noodles & Canned Goods,12,35.0,420.0,GCash,Delivered,2026-02-09,02/02/2026
ORD-20262121,2026-05-20,Josefina Cruz,Poblacion,Bacolod,Negros Occidental,Western Visayas,Joy Dishwashing Liquid 250ml,Household Care,16,38.0,608.0,COD,Delivered,2026-05-23,20/05/2026
ORD-20262122,2026-05-01,Cristina Flores,Del Pilar,Quezon City,Metro Manila,NCR,Head & Shoulders Sachet,Personal Care,13,7.0,91.0,GCash,Cancelled,,01/05/2026
ORD-20262123,2026-01-11,Pedro Pascual,San Isidro,Manila,Metro Manila,NCR,555 Sardines,Noodles & Canned Goods,4,22.0,88.0,GCash,Pending,,11/01/2026
ORD-20262124,2026-06-22,Teresa Del Rosario,San Jose,Malolos,Bulacan,Central Luzon,Boy Bawang 100g,Snacks,16,18.0,288.0,Cash,Delivered,2026-06-29,22/06/2026
ORD-20262125,2026-06-06,Josefina Ramos,San Isidro,Cebu City,Cebu,Central Visayas,Sterling Notebook,School & Office Supplies,9,18.0,162.0,Cash,Cancelled,,06/06/2026
ORD-20262126,2026-01-25,Jose Castillo,Del Pilar,Malolos,Bulacan,Central Luzon,Nova Multigrain 78g,Snacks,3,30.0,90.0,COD,Cancelled,,25/01/2026
ORD-20262127,2026-04-03,Pedro Ocampo,San Isidro,Manila,Metro Manila,NCR,Nova Multigrain 78g,Snacks,2,30.0,60.0,COD,Delivered,2026-04-09,03/04/2026
ORD-20262128,2026-03-03,Manuel Flores,San Antonio,Angeles City,Pampanga,Central Luzon,555 Sardines,Noodles & Canned Goods,19,22.0,418.0,COD,Delivered,2026-03-05,03/03/2026
ORD-20262129,2026-05-30,Carmen Pascual,Poblacion,Bacolod,Negros Occidental,Western Visayas,Argentina Corned Beef,Noodles & Canned Goods,20,35.0,700.0,GCash,Returned,2026-06-03,30/05/2026
ORD-20262130,2026-05-30,Juan Reyes,Poblacion,Quezon City,Metro Manila,NCR,Nissin Cup Noodles,Noodles & Canned Goods,2,20.0,40.0,COD,Delivered,2026-06-07,30/05/2026
ORD-20262131,2026-06-19,Cristina Castillo,Santo Nino,Mandaue,Cebu,Central Visayas,Zonrox Bleach 500ml,Household Care,15,32.0,480.0,GCash,Delivered,2026-06-24,19/06/2026
ORD-20262132,2026-01-28,Corazon Torres,Bagumbayan,Cebu City,Cebu,Central Visayas,Piattos 85g,Snacks,9,32.0,288.0,GCash,Delivered,2026-01-29,28/01/2026
ORD-20262133,2026-01-13,Cristina Garcia,Del Pilar,Dasmarinas,Cavite,CALABARZON,Sta. Maria Crayons,School & Office Supplies,16,40.0,640.0,GCash,Cancelled,,13/01/2026
ORD-20262134,2026-05-07,Fernando Ocampo,Del Pilar,Tagum,Davao del Norte,Davao Region,Lucky Me Pancit Canton Noodles,Noodles & Canned Goods,13,14.0,182.0,Cash,Delivered,2026-05-08,07/05/2026
ORD-20262135,2026-01-15,Fernando Santos,San Antonio,Bacolod,Negros Occidental,Western Visayas,Palmolive Shampoo Sachet,Personal Care,6,6.0,36.0,Cash,Delivered,2026-01-16,15/01/2026
ORD-20262136,2026-05-18,Jose Garcia,San Antonio,Malolos,Bulacan,Central Luzon,Coca-Cola 1.5L,Beverages,18,65.0,1170.0,GCash,Returned,2026-05-20,18/05/2026
ORD-20262137,2026-01-24,Corazon Villanueva,Rizal,Angeles City,Pampanga,Central Luzon,555 Sardines,Noodles & Canned Goods,14,22.0,308.0,GCash,Delivered,2026-01-30,24/01/2026
ORD-20262138,2026-06-20,Pedro Garcia,Bagong Silang,Manila,Metro Manila,NCR,Yellow Pad Paper,School & Office Supplies,20,12.0,240.0,GCash,Cancelled,,20/06/2026
ORD-20262139,2026-03-30,Jose Castillo,Malinta,Bacolod,Negros Occidental,Western Visayas,555 Sardines,Noodles & Canned Goods,5,22.0,110.0,GCash,Cancelled,,30/03/2026
ORD-20262140,2026-03-01,Manuel Santos,Del Pilar,Tagum,Davao del Norte,Davao Region,Coca-Cola 1.5L,Beverages,1,65.0,65.0,Maya,Cancelled,,01/03/2026
ORD-20262141,2026-02-26,Ricardo Ocampo,Bagong Silang,Quezon City,Metro Manila,NCR,Coca-Cola 1.5L,Beverages,1,65.0,65.0,Maya,Cancelled,,26/02/2026
ORD-20262142,2026-01-19,Maria Cruz,Del Pilar,Iloilo City,Iloilo,Western Visayas,Boy Bawang 100g,Snacks,13,18.0,234.0,Cash,Delivered,2026-01-21,19/01/2026
ORD-20262143,2026-04-21,Jose Flores,Bagumbayan,Bacolod,Negros Occidental,Western Visayas,Yellow Pad Paper,School & Office Supplies,17,12.0,204.0,COD,Delivered,2026-04-28,21/04/2026
ORD-20262144,2026-03-22,Fernando Mendoza,Santo Nino,Quezon City,Metro Manila,NCR,Argentina Corned Beef,Noodles & Canned Goods,18,35.0,630.0,Cash,Pending,,22/03/2026
ORD-20262145,2026-06-07,Teresa Pascual,Bagong Silang,Tagum,Davao del Norte,Davao Region,SkyFlakes Crackers,Snacks,19,15.0,285.0,GCash,Pending,,07/06/2026
ORD-20262146,2026-03-27,Manuel Flores,San Antonio,Angeles City,Pampanga,Central Luzon,Lucky Me Beef Sotanghon,Noodles & Canned Goods,10,13.0,130.0,COD,Cancelled,,27/03/2026
ORD-20262147,2026-05-18,Ricardo Cruz,San Antonio,Manila,Metro Manila,NCR,Sterling Notebook,School & Office Supplies,19,18.0,342.0,Maya,Delivered,2026-05-20,18/05/2026
ORD-20262148,2026-01-05,Josefina Pascual,Poblacion,Manila,Metro Manila,NCR,555 Sardines,Noodles & Canned Goods,19,22.0,418.0,Cash,Delivered,2026-01-11,05/01/2026
ORD-20262149,2026-06-08,Ricardo Flores,San Isidro,Iloilo City,Iloilo,Western Visayas,Joy Dishwashing Liquid 250ml,Household Care,15,38.0,570.0,Cash,Delivered,2026-06-12,08/06/2026
ORD-20262150,2026-04-30,Ana Villanueva,San Antonio,Tarlac City,Tarlac,Central Luzon,Zonrox Bleach 500ml,Household Care,15,32.0,480.0,Bank Transfer,Delivered,2026-05-03,30/04/2026
ORD-20262151,2026-05-29,Jose Reyes,Bagumbayan,Quezon City,Metro Manila,NCR,Argentina Corned Beef,Noodles & Canned Goods,18,35.0,630.0,Maya,Cancelled,,29/05/2026
ORD-20262152,2026-05-27,Cristina Ocampo,Rizal,Mandaue,Cebu,Central Visayas,Lucky Me Pancit Canton Noodles,Noodles & Canned Goods,20,14.0,280.0,Bank Transfer,Delivered,2026-06-03,27/05/2026
ORD-20262153,2026-03-02,Ana Torres,San Antonio,Pasig,Metro Manila,NCR,Sta. Maria Crayons,School & Office Supplies,16,40.0,640.0,Cash,Cancelled,,02/03/2026
ORD-20262154,2026-06-27,Ana Villanueva,San Antonio,Tarlac City,Tarlac,Central Luzon,Boy Bawang 100g,Snacks,15,18.0,270.0,Cash,Delivered,2026-07-03,27/06/2026
ORD-20262155,2026-02-17,Jose Torres,San Antonio,Dasmarinas,Cavite,CALABARZON,Nissin Cup Noodles,Noodles & Canned Goods,18,20.0,360.0,Cash,Delivered,2026-02-27,17/02/2026
ORD-20262156,2026-01-03,Pedro Garcia,Poblacion,Pasig,Metro Manila,NCR,Colgate Toothpaste 75ml,Personal Care,18,45.0,810.0,COD,Delivered,2026-01-08,03/01/2026
ORD-20262157,2026-06-27,Eduardo Mendoza,San Isidro,Tagum,Davao del Norte,Davao Region,Piattos 85g,Snacks,9,32.0,288.0,GCash,Delivered,2026-07-02,27/06/2026
ORD-20262158,2026-04-04,Antonio Flores,Del Pilar,Manila,Metro Manila,NCR,Zonrox Bleach 500ml,Household Care,17,32.0,544.0,COD,Delivered,2026-04-06,04/04/2026
ORD-20262159,2026-01-25,Elena Garcia,Poblacion,Davao City,Davao del Sur,Davao Region,Joy Dishwashing Liquid 250ml,Household Care,8,38.0,304.0,Bank Transfer,Delivered,2026-01-30,25/01/2026
ORD-20262160,2026-06-28,Juan Villanueva,Bagumbayan,Pasig,Metro Manila,NCR,Colgate Toothpaste 75ml,Personal Care,8,45.0,360.0,GCash,Pending,,28/06/2026
ORD-20262161,2026-03-12,Fernando Garcia,Bagong Silang,Tagbilaran,Bohol,Central Visayas,Lucky Me Beef Sotanghon,Noodles & Canned Goods,19,13.0,247.0,COD,Returned,2026-03-22,12/03/2026
ORD-20262162,2026-05-02,Jose Cruz,Santo Nino,Angeles City,Pampanga,Central Luzon,Yellow Pad Paper,School & Office Supplies,8,12.0,96.0,COD,Delivered,2026-05-04,02/05/2026
ORD-20262163,2026-04-11,Corazon Ramos,San Jose,Pasig,Metro Manila,NCR,555 Sardines,Noodles & Canned Goods,14,22.0,308.0,Bank Transfer,Delivered,2026-04-18,11/04/2026
ORD-20262164,2026-05-18,Josefina Torres,Malinta,Tagum,Davao del Norte,Davao Region,Sta. Maria Crayons,School & Office Supplies,15,40.0,600.0,GCash,Delivered,2026-05-26,18/05/2026
ORD-20262165,2026-01-31,Fernando Garcia,Bagong Silang,Tagbilaran,Bohol,Central Visayas,Safeguard Soap Bar,Personal Care,5,28.0,140.0,COD,Returned,2026-02-10,31/01/2026
ORD-20262166,2026-04-16,Corazon Bautista,Bagumbayan,Bacolod,Negros Occidental,Western Visayas,Lucky Me Beef Sotanghon,Noodles & Canned Goods,14,13.0,182.0,COD,Pending,,16/04/2026
ORD-20262167,2026-03-02,Josefina Santos,Santo Nino,Tagum,Davao del Norte,Davao Region,Lucky Me Beef Sotanghon,Noodles & Canned Goods,18,13.0,234.0,Cash,Delivered,2026-03-09,02/03/2026
ORD-20262168,2026-05-22,Cristina Santos,Poblacion,Makati,Metro Manila,NCR,Colgate Toothpaste 75ml,Personal Care,1,45.0,45.0,Maya,Delivered,2026-05-31,22/05/2026
ORD-20262169,2026-02-28,Carmen Pascual,Poblacion,Bacolod,Negros Occidental,Western Visayas,Argentina Corned Beef,Noodles & Canned Goods,16,35.0,560.0,GCash,Delivered,2026-03-07,28/02/2026
ORD-20262170,2026-02-27,Corazon Villanueva,Rizal,Angeles City,Pampanga,Central Luzon,Nova Multigrain 78g,Snacks,10,30.0,300.0,Maya,Delivered,2026-03-07,27/02/2026
ORD-20262171,2026-06-27,Juan Reyes,Poblacion,Quezon City,Metro Manila,NCR,CDO Corned Beef,Noodles & Canned Goods,16,33.0,528.0,COD,Delivered,2026-07-05,27/06/2026
ORD-20262172,2026-06-20,Pedro Torres,San Jose,Tarlac City,Tarlac,Central Luzon,Colgate Toothpaste 75ml,Personal Care,10,45.0,450.0,COD,Pending,,20/06/2026
ORD-20262173,2026-03-27,Antonio Bautista,Del Pilar,Tarlac City,Tarlac,Central Luzon,Domex Toilet Cleaner,Household Care,15,55.0,825.0,GCash,Delivered,2026-03-29,27/03/2026
ORD-20262174,2026-01-16,Jose Ocampo,Malinta,Dasmarinas,Cavite,CALABARZON,Boy Bawang 100g,Snacks,18,18.0,324.0,Maya,Delivered,2026-01-20,16/01/2026
ORD-20262175,2026-05-23,Cristina Torres,San Antonio,Quezon City,Metro Manila,NCR,Head & Shoulders Sachet,Personal Care,4,7.0,28.0,COD,Pending,,23/05/2026
ORD-20262176,2026-06-04,Jose Castillo,Del Pilar,Malolos,Bulacan,Central Luzon,555 Sardines,Noodles & Canned Goods,7,22.0,154.0,COD,Cancelled,,04/06/2026
ORD-20262177,2026-01-18,Cristina Pascual,Rizal,Davao City,Davao del Sur,Davao Region,Head & Shoulders Sachet,Personal Care,10,7.0,70.0,Cash,Pending,,18/01/2026
ORD-20262178,2026-03-21,Corazon Ramos,San Jose,Pasig,Metro Manila,NCR,Milo Sachet,Beverages,11,9.0,99.0,Cash,Delivered,2026-03-29,21/03/2026
ORD-20262179,2026-01-25,Rosa Pascual,San Isidro,Manila,Metro Manila,NCR,Nova Multigrain 78g,Snacks,12,30.0,360.0,Bank Transfer,Delivered,2026-01-29,25/01/2026
ORD-20262180,2026-05-01,Maria Mendoza,Del Pilar,Manila,Metro Manila,NCR,Surf Powder Sachet,Household Care,10,8.0,80.0,GCash,Delivered,2026-05-03,01/05/2026
ORD-20262181,2026-05-24,Fernando Ocampo,Del Pilar,Tagum,Davao del Norte,Davao Region,Colgate Toothpaste 75ml,Personal Care,3,45.0,135.0,COD,Delivered,2026-05-29,24/05/2026
ORD-20262182,2026-04-22,Corazon Villanueva,San Jose,Makati,Metro Manila,NCR,CDO Corned Beef,Noodles & Canned Goods,7,33.0,231.0,Maya,Cancelled,,22/04/2026
ORD-20262183,2026-02-04,Cristina Torres,San Antonio,Quezon City,Metro Manila,NCR,CDO Corned Beef,Noodles & Canned Goods,14,33.0,462.0,Cash,Delivered,2026-02-11,04/02/2026
ORD-20262184,2026-06-14,Roberto Flores,Malinta,Dasmarinas,Cavite,CALABARZON,ILUV Ballpen,School & Office Supplies,4,10.0,40.0,Cash,Delivered,2026-06-20,14/06/2026
ORD-20262185,2026-04-10,Jose Ocampo,Malinta,Dasmarinas,Cavite,CALABARZON,Boy Bawang 100g,Snacks,15,18.0,270.0,GCash,Cancelled,,10/04/2026
ORD-20262186,2026-02-09,Manuel Mendoza,Poblacion,Tagbilaran,Bohol,Central Visayas,Lucky Me Pancit Canton Noodles,Noodles & Canned Goods,11,14.0,154.0,COD,Delivered,2026-02-16,09/02/2026
ORD-20262187,2026-05-14,Corazon Ocampo,Malinta,Iloilo City,Iloilo,Western Visayas,C2 Green Tea 500ml,Beverages,14,22.0,308.0,Bank Transfer,Cancelled,,14/05/2026
ORD-20262188,2026-01-12,Elena Aquino,Malinta,Iloilo City,Iloilo,Western Visayas,C2 Green Tea 500ml,Beverages,5,22.0,110.0,Maya,Delivered,2026-01-17,12/01/2026
ORD-20262189,2026-06-13,Ricardo Flores,San Jose,Tagbilaran,Bohol,Central Visayas,Argentina Corned Beef,Noodles & Canned Goods,17,35.0,595.0,COD,Delivered,2026-06-17,13/06/2026
ORD-20262190,2026-06-05,Jose Torres,San Antonio,Dasmarinas,Cavite,CALABARZON,CDO Corned Beef,Noodles & Canned Goods,11,33.0,363.0,COD,Cancelled,,05/06/2026
ORD-20262191,2026-02-21,Jose Reyes,Rizal,Tagum,Davao del Norte,Davao Region,Sterling Notebook,School & Office Supplies,20,18.0,360.0,Cash,Delivered,2026-03-03,21/02/2026
ORD-20262192,2026-03-12,Antonio Flores,Del Pilar,Manila,Metro Manila,NCR,Coca-Cola 1.5L,Beverages,19,65.0,1235.0,Bank Transfer,Delivered,2026-03-17,12/03/2026
ORD-20262193,2026-05-16,Josefina Santos,San Jose,Bacolod,Negros Occidental,Western Visayas,Nescafe 3-in-1 Sachet,Beverages,10,8.0,80.0,COD,Delivered,2026-05-22,16/05/2026
ORD-20262194,2026-01-21,Josefina Reyes,Poblacion,Dasmarinas,Cavite,CALABARZON,Boy Bawang 100g,Snacks,2,18.0,36.0,GCash,Delivered,2026-01-27,21/01/2026
ORD-20262195,2026-06-11,Teresa Torres,Rizal,Mandaue,Cebu,Central Visayas,Nova Multigrain 78g,Snacks,7,30.0,210.0,GCash,Delivered,2026-06-13,11/06/2026
ORD-20262196,2026-03-14,Eduardo Santos,San Isidro,Pasig,Metro Manila,NCR,555 Sardines,Noodles & Canned Goods,9,22.0,198.0,COD,Pending,,14/03/2026
ORD-20262197,2026-05-17,Josefina Flores,Bagumbayan,Iloilo City,Iloilo,Western Visayas,Surf Powder Sachet,Household Care,19,8.0,152.0,GCash,Cancelled,,17/05/2026
ORD-20262198,2026-02-10,Antonio Castillo,Rizal,Angeles City,Pampanga,Central Luzon,Sterling Notebook,School & Office Supplies,15,18.0,270.0,Cash,Delivered,2026-02-20,10/02/2026
ORD-20262199,2026-02-16,Maria Castillo,Rizal,Tagum,Davao del Norte,Davao Region,Domex Toilet Cleaner,Household Care,7,55.0,385.0,Cash,Delivered,2026-02-25,16/02/2026
ORD-20262200,2026-04-27,Teresa Reyes,Poblacion,Calamba,Laguna,CALABARZON,Nissin Cup Noodles,Noodles & Canned Goods,11,20.0,220.0,GCash,Delivered,2026-05-07,27/04/2026
ORD-20262201,2026-01-01,Ricardo Pascual,Santo Nino,Tarlac City,Tarlac,Central Luzon,Nissin Cup Noodles,Noodles & Canned Goods,16,20.0,320.0,Maya,Returned,2026-01-08,01/01/2026
ORD-20262202,2026-05-16,Maria Flores,San Isidro,Makati,Metro Manila,NCR,Lucky Me Pancit Canton Noodles,Noodles & Canned Goods,10,14.0,140.0,Cash,Delivered,2026-05-21,16/05/2026
ORD-20262203,2026-04-14,Juan Villanueva,Bagumbayan,Pasig,Metro Manila,NCR,555 Sardines,Noodles & Canned Goods,1,22.0,22.0,Cash,Cancelled,,14/04/2026
ORD-20262204,2026-02-13,Fernando Villanueva,Bagumbayan,Bacolod,Negros Occidental,Western Visayas,Milo Sachet,Beverages,9,9.0,81.0,GCash,Delivered,2026-02-22,13/02/2026
ORD-20262205,2026-04-06,Elena Aquino,Santo Nino,Bacolod,Negros Occidental,Western Visayas,Zonrox Bleach 500ml,Household Care,15,32.0,480.0,Cash,Cancelled,,06/04/2026
ORD-20262206,2026-04-01,Pedro Aquino,Rizal,Malolos,Bulacan,Central Luzon,Argentina Corned Beef,Noodles & Canned Goods,5,35.0,175.0,Maya,Returned,2026-04-11,01/04/2026
ORD-20262207,2026-03-02,Pedro Garcia,Poblacion,Pasig,Metro Manila,NCR,Nova Multigrain 78g,Snacks,17,30.0,510.0,Bank Transfer,Pending,,02/03/2026
ORD-20262208,2026-06-28,Teresa Reyes,Rizal,Iloilo City,Iloilo,Western Visayas,Safeguard Soap Bar,Personal Care,20,28.0,560.0,Maya,Delivered,2026-06-30,28/06/2026
ORD-20262209,2026-04-27,Josefina Santos,Santo Nino,Tagum,Davao del Norte,Davao Region,Boy Bawang 100g,Snacks,5,18.0,90.0,Maya,Delivered,2026-05-07,27/04/2026
ORD-20262210,2026-04-06,Ana Del Rosario,Santo Nino,Manila,Metro Manila,NCR,Joy Dishwashing Liquid 250ml,Household Care,14,38.0,532.0,GCash,Delivered,2026-04-14,06/04/2026
ORD-20262211,2026-04-03,Ricardo Ocampo,San Jose,Pasig,Metro Manila,NCR,Nescafe 3-in-1 Sachet,Beverages,13,8.0,104.0,Bank Transfer,Delivered,2026-04-09,03/04/2026
ORD-20262212,2026-01-05,Ana Flores,Poblacion,Tagum,Davao del Norte,Davao Region,Yellow Pad Paper,School & Office Supplies,19,12.0,228.0,GCash,Delivered,2026-01-10,05/01/2026
ORD-20262213,2026-03-20,Eduardo Garcia,Poblacion,Tarlac City,Tarlac,Central Luzon,Argentina Corned Beef,Noodles & Canned Goods,4,35.0,140.0,Bank Transfer,Delivered,2026-03-24,20/03/2026
ORD-20262214,2026-04-03,Ricardo Ocampo,San Jose,Pasig,Metro Manila,NCR,Sterling Notebook,School & Office Supplies,19,18.0,342.0,Cash,Delivered,2026-04-05,03/04/2026
ORD-20262215,2026-06-07,Antonio Castillo,Rizal,Angeles City,Pampanga,Central Luzon,Zonrox Bleach 500ml,Household Care,20,32.0,640.0,Cash,Delivered,2026-06-10,07/06/2026
ORD-20262216,2026-03-19,Teresa Reyes,Rizal,Iloilo City,Iloilo,Western Visayas,Nova Multigrain 78g,Snacks,13,30.0,390.0,COD,Cancelled,,19/03/2026
ORD-20262217,2026-05-21,Ana Mendoza,Del Pilar,Tagum,Davao del Norte,Davao Region,Sta. Maria Crayons,School & Office Supplies,1,40.0,40.0,Cash,Returned,2026-05-28,21/05/2026
ORD-20262218,2026-01-16,Pedro Reyes,Bagumbayan,Tagum,Davao del Norte,Davao Region,Boy Bawang 100g,Snacks,6,18.0,108.0,Maya,Returned,2026-01-26,16/01/2026
ORD-20262219,2026-02-12,Pedro Torres,San Jose,Tarlac City,Tarlac,Central Luzon,Lucky Me Beef Sotanghon,Noodles & Canned Goods,18,13.0,234.0,COD,Returned,2026-02-13,12/02/2026
ORD-20262220,2026-04-18,Manuel Flores,Poblacion,Dasmarinas,Cavite,CALABARZON,Nescafe 3-in-1 Sachet,Beverages,4,8.0,32.0,Cash,Delivered,2026-04-24,18/04/2026
ORD-20262221,2026-03-24,Fernando Santos,San Antonio,Bacolod,Negros Occidental,Western Visayas,ILUV Ballpen,School & Office Supplies,15,10.0,150.0,Cash,Delivered,2026-03-30,24/03/2026
ORD-20262222,2026-06-27,Antonio Mendoza,San Isidro,Calamba,Laguna,CALABARZON,Piattos 85g,Snacks,5,32.0,160.0,GCash,Cancelled,,27/06/2026
ORD-20262223,2026-04-13,Maria Cruz,Del Pilar,Iloilo City,Iloilo,Western Visayas,C2 Green Tea 500ml,Beverages,12,22.0,264.0,COD,Returned,2026-04-18,13/04/2026
ORD-20262224,2026-02-27,Teresa Torres,San Antonio,Tagum,Davao del Norte,Davao Region,Joy Dishwashing Liquid 250ml,Household Care,9,38.0,342.0,GCash,Cancelled,,27/02/2026
ORD-20262225,2026-01-08,Josefina Torres,Malinta,Tagum,Davao del Norte,Davao Region,CDO Corned Beef,Noodles & Canned Goods,6,33.0,198.0,GCash,Delivered,2026-01-17,08/01/2026
ORD-20262226,2026-01-20,Carmen Flores,Del Pilar,Tarlac City,Tarlac,Central Luzon,Safeguard Soap Bar,Personal Care,16,28.0,448.0,GCash,Delivered,2026-01-26,20/01/2026
ORD-20262227,2026-01-17,Antonio Castillo,Rizal,Angeles City,Pampanga,Central Luzon,Yellow Pad Paper,School & Office Supplies,8,12.0,96.0,COD,Pending,,17/01/2026
ORD-20262228,2026-05-03,Manuel Villanueva,Bagumbayan,Tagbilaran,Bohol,Central Visayas,Colgate Toothpaste 75ml,Personal Care,14,45.0,630.0,GCash,Pending,,03/05/2026
ORD-20262229,2026-01-03,Carmen Pascual,Poblacion,Bacolod,Negros Occidental,Western Visayas,Yellow Pad Paper,School & Office Supplies,14,12.0,168.0,Cash,Pending,,03/01/2026
ORD-20262230,2026-01-25,Pedro Reyes,Poblacion,Tarlac City,Tarlac,Central Luzon,Palmolive Shampoo Sachet,Personal Care,8,6.0,48.0,GCash,Delivered,2026-01-28,25/01/2026
ORD-20262231,2026-02-21,Josefina Cruz,San Antonio,Makati,Metro Manila,NCR,Lucky Me Pancit Canton Noodles,Noodles & Canned Goods,13,14.0,182.0,COD,Pending,,21/02/2026
ORD-20262232,2026-05-06,Josefina Flores,Bagumbayan,Iloilo City,Iloilo,Western Visayas,Surf Powder Sachet,Household Care,5,8.0,40.0,GCash,Delivered,2026-05-11,06/05/2026
ORD-20262233,2026-01-14,Jose Reyes,Bagumbayan,Quezon City,Metro Manila,NCR,Argentina Corned Beef,Noodles & Canned Goods,19,35.0,665.0,Bank Transfer,Pending,,14/01/2026
ORD-20262234,2026-04-04,Rosa Del Rosario,Bagumbayan,Angeles City,Pampanga,Central Luzon,Nescafe 3-in-1 Sachet,Beverages,14,8.0,112.0,COD,Delivered,2026-04-14,04/04/2026
ORD-20262235,2026-02-26,Rosa Del Rosario,Bagumbayan,Angeles City,Pampanga,Central Luzon,Sta. Maria Crayons,School & Office Supplies,12,40.0,480.0,COD,Cancelled,,26/02/2026
ORD-20262236,2026-01-28,Teresa Reyes,Poblacion,Calamba,Laguna,CALABARZON,Joy Dishwashing Liquid 250ml,Household Care,19,38.0,722.0,COD,Delivered,2026-02-07,28/01/2026
ORD-20262237,2026-02-13,Jose Castillo,Del Pilar,Malolos,Bulacan,Central Luzon,Safeguard Soap Bar,Personal Care,20,28.0,560.0,COD,Pending,,13/02/2026
ORD-20262238,2026-05-17,Ricardo Aquino,San Isidro,Cebu City,Cebu,Central Visayas,Boy Bawang 100g,Snacks,18,18.0,324.0,Cash,Delivered,2026-05-18,17/05/2026
ORD-20262239,2026-03-28,Josefina Torres,Malinta,Tagum,Davao del Norte,Davao Region,Head & Shoulders Sachet,Personal Care,8,7.0,56.0,COD,Delivered,2026-04-03,28/03/2026
ORD-20262240,2026-02-16,Maria Villanueva,Malinta,Calamba,Laguna,CALABARZON,CDO Corned Beef,Noodles & Canned Goods,1,33.0,33.0,GCash,Delivered,2026-02-20,16/02/2026
ORD-20262241,2026-03-16,Juan Torres,Poblacion,Pasig,Metro Manila,NCR,Boy Bawang 100g,Snacks,7,18.0,126.0,GCash,Delivered,2026-03-18,16/03/2026
ORD-20262242,2026-01-12,Roberto Torres,Del Pilar,Tarlac City,Tarlac,Central Luzon,SkyFlakes Crackers,Snacks,5,15.0,75.0,Maya,Delivered,2026-01-19,12/01/2026
ORD-20262243,2026-02-26,Josefina Ocampo,San Antonio,Davao City,Davao del Sur,Davao Region,Lucky Me Pancit Canton Noodles,Noodles & Canned Goods,13,14.0,182.0,GCash,Delivered,2026-02-27,26/02/2026
ORD-20262244,2026-04-27,Elena Garcia,Poblacion,Davao City,Davao del Sur,Davao Region,Argentina Corned Beef,Noodles & Canned Goods,1,35.0,35.0,Cash,Delivered,2026-05-05,27/04/2026
ORD-20262245,2026-04-18,Ana Del Rosario,Santo Nino,Manila,Metro Manila,NCR,Sterling Notebook,School & Office Supplies,12,18.0,216.0,COD,Delivered,2026-04-26,18/04/2026
ORD-20262246,2026-04-14,Roberto Torres,Del Pilar,Tarlac City,Tarlac,Central Luzon,Lucky Me Beef Sotanghon,Noodles & Canned Goods,7,13.0,91.0,COD,Cancelled,,14/04/2026
ORD-20262247,2026-04-28,Teresa Castillo,Bagumbayan,Batangas City,Batangas,CALABARZON,Palmolive Shampoo Sachet,Personal Care,14,6.0,84.0,Maya,Cancelled,,28/04/2026
ORD-20262248,2026-05-28,Manuel Santos,Del Pilar,Mandaue,Cebu,Central Visayas,Safeguard Soap Bar,Personal Care,20,28.0,560.0,COD,Delivered,2026-06-05,28/05/2026
ORD-20262249,2026-01-17,Josefina Torres,Malinta,Tagum,Davao del Norte,Davao Region,Sta. Maria Crayons,School & Office Supplies,15,40.0,600.0,GCash,Pending,,17/01/2026
ORD-20262250,2026-01-20,Josefina Mendoza,San Antonio,Angeles City,Pampanga,Central Luzon,Joy Dishwashing Liquid 250ml,Household Care,15,38.0,570.0,COD,Delivered,2026-01-26,20/01/2026
ORD-20262251,2026-05-29,Corazon Torres,Bagumbayan,Cebu City,Cebu,Central Visayas,C2 Green Tea 500ml,Beverages,20,22.0,440.0,Cash,Delivered,2026-06-08,29/05/2026
ORD-20262252,2026-03-31,Rosa Reyes,Malinta,Iloilo City,Iloilo,Western Visayas,Head & Shoulders Sachet,Personal Care,17,7.0,119.0,COD,Delivered,2026-04-06,31/03/2026
ORD-20262253,2026-03-24,Pedro Garcia,Poblacion,Pasig,Metro Manila,NCR,Nissin Cup Noodles,Noodles & Canned Goods,17,20.0,340.0,Maya,Delivered,2026-04-01,24/03/2026
ORD-20262254,2026-03-28,Juan Bautista,San Jose,Angeles City,Pampanga,Central Luzon,Milo Sachet,Beverages,18,9.0,162.0,Cash,Cancelled,,28/03/2026
ORD-20262255,2026-04-15,Ricardo Cruz,San Antonio,Manila,Metro Manila,NCR,Argentina Corned Beef,Noodles & Canned Goods,20,35.0,700.0,GCash,Returned,2026-04-24,15/04/2026
ORD-20262256,2026-03-19,Juan Villanueva,Rizal,Iloilo City,Iloilo,Western Visayas,Yellow Pad Paper,School & Office Supplies,10,12.0,120.0,GCash,Delivered,2026-03-25,19/03/2026
ORD-20262257,2026-03-31,Roberto Ocampo,San Isidro,Iloilo City,Iloilo,Western Visayas,Yellow Pad Paper,School & Office Supplies,11,12.0,132.0,COD,Delivered,2026-04-01,31/03/2026
ORD-20262258,2026-02-05,Ricardo Cruz,San Isidro,Calamba,Laguna,CALABARZON,Yellow Pad Paper,School & Office Supplies,16,12.0,192.0,Maya,Delivered,2026-02-06,05/02/2026
ORD-20262259,2026-03-27,Elena Garcia,Poblacion,Davao City,Davao del Sur,Davao Region,Nescafe 3-in-1 Sachet,Beverages,6,8.0,48.0,Cash,Delivered,2026-03-30,27/03/2026
ORD-20262260,2026-03-26,Pedro Ocampo,San Isidro,Manila,Metro Manila,NCR,Argentina Corned Beef,Noodles & Canned Goods,2,35.0,70.0,Bank Transfer,Cancelled,,26/03/2026
ORD-20262261,2026-01-21,Ana Del Rosario,Santo Nino,Manila,Metro Manila,NCR,Argentina Corned Beef,Noodles & Canned Goods,9,35.0,315.0,GCash,Delivered,2026-01-22,21/01/2026
ORD-20262262,2026-01-15,Manuel Villanueva,Bagumbayan,Tagbilaran,Bohol,Central Visayas,SkyFlakes Crackers,Snacks,9,15.0,135.0,COD,Returned,2026-01-20,15/01/2026
ORD-20262263,2026-02-06,Eduardo Mendoza,Bagong Silang,Batangas City,Batangas,CALABARZON,ILUV Ballpen,School & Office Supplies,12,10.0,120.0,COD,Delivered,2026-02-08,06/02/2026
ORD-20262264,2026-02-18,Carmen Mendoza,Santo Nino,Malolos,Bulacan,Central Luzon,ILUV Ballpen,School & Office Supplies,3,10.0,30.0,COD,Pending,,18/02/2026
ORD-20262265,2026-03-18,Maria Castillo,San Antonio,Malolos,Bulacan,Central Luzon,Boy Bawang 100g,Snacks,16,18.0,288.0,Cash,Delivered,2026-03-20,18/03/2026
ORD-20262266,2026-05-09,Juan Villanueva,Rizal,Iloilo City,Iloilo,Western Visayas,Palmolive Shampoo Sachet,Personal Care,6,6.0,36.0,COD,Delivered,2026-05-15,09/05/2026
ORD-20262267,2026-05-20,Cristina Santos,Poblacion,Makati,Metro Manila,NCR,Yellow Pad Paper,School & Office Supplies,2,12.0,24.0,Cash,Delivered,2026-05-24,20/05/2026
ORD-20262268,2026-06-26,Ricardo Cruz,San Antonio,Manila,Metro Manila,NCR,Zonrox Bleach 500ml,Household Care,10,32.0,320.0,COD,Cancelled,,26/06/2026
ORD-20262269,2026-05-12,Eduardo Del Rosario,Santo Nino,Iloilo City,Iloilo,Western Visayas,Safeguard Soap Bar,Personal Care,1,28.0,28.0,Bank Transfer,Cancelled,,12/05/2026
ORD-20262270,2026-02-12,Carmen Pascual,Poblacion,Bacolod,Negros Occidental,Western Visayas,Nissin Cup Noodles,Noodles & Canned Goods,13,20.0,260.0,COD,Cancelled,,12/02/2026
ORD-20262271,2026-06-13,Josefina Cruz,San Antonio,Makati,Metro Manila,NCR,C2 Green Tea 500ml,Beverages,1,22.0,22.0,Maya,Cancelled,,13/06/2026
ORD-20262272,2026-01-06,Ricardo Flores,San Jose,Tagbilaran,Bohol,Central Visayas,Sterling Notebook,School & Office Supplies,10,18.0,180.0,COD,Delivered,2026-01-10,06/01/2026
ORD-20262273,2026-05-30,Ana Villanueva,San Antonio,Tarlac City,Tarlac,Central Luzon,Colgate Toothpaste 75ml,Personal Care,3,45.0,135.0,GCash,Delivered,2026-06-06,30/05/2026
ORD-20262274,2026-03-25,Cristina Castillo,Santo Nino,Mandaue,Cebu,Central Visayas,Head & Shoulders Sachet,Personal Care,3,7.0,21.0,Cash,Delivered,2026-03-27,25/03/2026
ORD-20262275,2026-03-11,Pedro Garcia,Poblacion,Pasig,Metro Manila,NCR,Piattos 85g,Snacks,9,32.0,288.0,GCash,Delivered,2026-03-18,11/03/2026
ORD-20262276,2026-04-20,Maria Santos,Poblacion,Tagum,Davao del Norte,Davao Region,CDO Corned Beef,Noodles & Canned Goods,7,33.0,231.0,COD,Pending,,20/04/2026
ORD-20262277,2026-03-11,Teresa Mendoza,San Isidro,Cebu City,Cebu,Central Visayas,Palmolive Shampoo Sachet,Personal Care,2,6.0,12.0,COD,Delivered,2026-03-17,11/03/2026
ORD-20262278,2026-05-07,Pedro Cruz,San Antonio,Cebu City,Cebu,Central Visayas,Piattos 85g,Snacks,15,32.0,480.0,GCash,Cancelled,,07/05/2026
ORD-20262279,2026-03-08,Elena Aquino,Malinta,Iloilo City,Iloilo,Western Visayas,Argentina Corned Beef,Noodles & Canned Goods,11,35.0,385.0,Cash,Delivered,2026-03-17,08/03/2026
ORD-20262280,2026-03-31,Fernando Pascual,Malinta,Malolos,Bulacan,Central Luzon,Sta. Maria Crayons,School & Office Supplies,18,40.0,720.0,Cash,Delivered,2026-04-07,31/03/2026
ORD-20262281,2026-03-17,Josefina Bautista,Malinta,Calamba,Laguna,CALABARZON,Head & Shoulders Sachet,Personal Care,7,7.0,49.0,COD,Cancelled,,17/03/2026
ORD-20262282,2026-01-13,Ricardo Ocampo,Bagong Silang,Quezon City,Metro Manila,NCR,C2 Green Tea 500ml,Beverages,20,22.0,440.0,COD,Cancelled,,13/01/2026
ORD-20262283,2026-02-08,Maria Bautista,San Antonio,Mandaue,Cebu,Central Visayas,Yellow Pad Paper,School & Office Supplies,6,12.0,72.0,Cash,Delivered,2026-02-11,08/02/2026
ORD-20262284,2026-03-11,Corazon Torres,Bagumbayan,Cebu City,Cebu,Central Visayas,Palmolive Shampoo Sachet,Personal Care,9,6.0,54.0,Cash,Delivered,2026-03-17,11/03/2026
ORD-20262285,2026-04-24,Rosa Del Rosario,Bagumbayan,Angeles City,Pampanga,Central Luzon,C2 Green Tea 500ml,Beverages,15,22.0,330.0,Cash,Delivered,2026-05-04,24/04/2026
ORD-20262286,2026-02-11,Rosa Del Rosario,Bagumbayan,Pasig,Metro Manila,NCR,Head & Shoulders Sachet,Personal Care,4,7.0,28.0,GCash,Returned,2026-02-17,11/02/2026
ORD-20262287,2026-06-09,Ana Cruz,Poblacion,Quezon City,Metro Manila,NCR,Safeguard Soap Bar,Personal Care,10,28.0,280.0,COD,Pending,,09/06/2026
ORD-20262288,2026-04-13,Josefina Castillo,Poblacion,Tagbilaran,Bohol,Central Visayas,Coca-Cola 1.5L,Beverages,10,65.0,650.0,COD,Delivered,2026-04-20,13/04/2026
ORD-20262289,2026-02-06,Antonio Castillo,Rizal,Angeles City,Pampanga,Central Luzon,Yellow Pad Paper,School & Office Supplies,15,12.0,180.0,COD,Pending,,06/02/2026
ORD-20262290,2026-04-06,Juan Ramos,Bagumbayan,Manila,Metro Manila,NCR,Domex Toilet Cleaner,Household Care,9,55.0,495.0,COD,Delivered,2026-04-07,06/04/2026
ORD-20262291,2026-03-31,Ana Cruz,Poblacion,Quezon City,Metro Manila,NCR,Safeguard Soap Bar,Personal Care,12,28.0,336.0,Maya,Delivered,2026-04-08,31/03/2026
ORD-20262292,2026-05-02,Luz Cruz,San Antonio,Makati,Metro Manila,NCR,Surf Powder Sachet,Household Care,16,8.0,128.0,Cash,Delivered,2026-05-07,02/05/2026
ORD-20262293,2026-02-06,Pedro Aquino,Rizal,Malolos,Bulacan,Central Luzon,Milo Sachet,Beverages,17,9.0,153.0,COD,Delivered,2026-02-09,06/02/2026
ORD-20262294,2026-04-22,Fernando Pascual,Rizal,Quezon City,Metro Manila,NCR,SkyFlakes Crackers,Snacks,20,15.0,300.0,Cash,Cancelled,,22/04/2026
ORD-20262295,2026-01-30,Pedro Castillo,Santo Nino,Cebu City,Cebu,Central Visayas,555 Sardines,Noodles & Canned Goods,7,22.0,154.0,COD,Cancelled,,30/01/2026
ORD-20262296,2026-04-10,Manuel Villanueva,Bagumbayan,Tagbilaran,Bohol,Central Visayas,Head & Shoulders Sachet,Personal Care,16,7.0,112.0,GCash,Delivered,2026-04-20,10/04/2026
ORD-20262297,2026-03-31,Jose Reyes,Bagumbayan,Quezon City,Metro Manila,NCR,Nissin Cup Noodles,Noodles & Canned Goods,13,20.0,260.0,COD,Pending,,31/03/2026
ORD-20262298,2026-03-23,Corazon Reyes,Malinta,Calamba,Laguna,CALABARZON,C2 Green Tea 500ml,Beverages,17,22.0,374.0,GCash,Pending,,23/03/2026
ORD-20262299,2026-05-15,Elena Torres,San Jose,Angeles City,Pampanga,Central Luzon,Zonrox Bleach 500ml,Household Care,9,32.0,288.0,COD,Delivered,2026-05-21,15/05/2026
ORD-20262300,2026-01-19,Maria Santos,Poblacion,Tagum,Davao del Norte,Davao Region,Head & Shoulders Sachet,Personal Care,18,7.0,126.0,GCash,Cancelled,,19/01/2026
ORD-20262301,2026-03-31,Juan Bautista,San Jose,Angeles City,Pampanga,Central Luzon,Lucky Me Pancit Canton Noodles,Noodles & Canned Goods,10,14.0,140.0,GCash,Returned,2026-04-08,31/03/2026
ORD-20262302,2026-03-01,Teresa Torres,San Antonio,Tagum,Davao del Norte,Davao Region,SkyFlakes Crackers,Snacks,8,15.0,120.0,GCash,Delivered,2026-03-08,01/03/2026
ORD-20262303,2026-05-22,Elena Garcia,Poblacion,Davao City,Davao del Sur,Davao Region,Head & Shoulders Sachet,Personal Care,8,7.0,56.0,Cash,Delivered,2026-05-29,22/05/2026
ORD-20262304,2026-03-28,Elena Ramos,Malinta,Tarlac City,Tarlac,Central Luzon,Zonrox Bleach 500ml,Household Care,9,32.0,288.0,Cash,Delivered,2026-04-01,28/03/2026
ORD-20262305,2026-02-25,Rosa Aquino,Bagumbayan,Pasig,Metro Manila,NCR,Head & Shoulders Sachet,Personal Care,1,7.0,7.0,Cash,Delivered,2026-02-27,25/02/2026
ORD-20262306,2026-06-07,Roberto Bautista,San Jose,Calamba,Laguna,CALABARZON,Boy Bawang 100g,Snacks,20,18.0,360.0,Cash,Returned,2026-06-10,07/06/2026
ORD-20262307,2026-02-01,Cristina Torres,San Antonio,Quezon City,Metro Manila,NCR,Sta. Maria Crayons,School & Office Supplies,10,40.0,400.0,Cash,Cancelled,,01/02/2026
ORD-20262308,2026-01-10,Ricardo Ocampo,San Jose,Pasig,Metro Manila,NCR,Zonrox Bleach 500ml,Household Care,1,32.0,32.0,COD,Delivered,2026-01-14,10/01/2026
ORD-20262309,2026-03-10,Antonio Mendoza,San Isidro,Calamba,Laguna,CALABARZON,Nescafe 3-in-1 Sachet,Beverages,20,8.0,160.0,Cash,Delivered,2026-03-12,10/03/2026
ORD-20262310,2026-05-14,Roberto Del Rosario,San Isidro,Malolos,Bulacan,Central Luzon,Palmolive Shampoo Sachet,Personal Care,7,6.0,42.0,COD,Returned,2026-05-22,14/05/2026
ORD-20262311,2026-04-21,Eduardo Mendoza,San Isidro,Cebu City,Cebu,Central Visayas,Nova Multigrain 78g,Snacks,17,30.0,510.0,Cash,Returned,2026-05-01,21/04/2026
ORD-20262312,2026-05-30,Elena Ramos,Malinta,Tarlac City,Tarlac,Central Luzon,SkyFlakes Crackers,Snacks,12,15.0,180.0,COD,Returned,2026-06-08,30/05/2026
ORD-20262313,2026-04-01,Pedro Aquino,Rizal,Malolos,Bulacan,Central Luzon,Sterling Notebook,School & Office Supplies,3,18.0,54.0,Cash,Delivered,2026-04-06,01/04/2026
ORD-20262314,2026-04-02,Josefina Torres,San Isidro,Tagbilaran,Bohol,Central Visayas,Piattos 85g,Snacks,9,32.0,288.0,COD,Delivered,2026-04-04,02/04/2026
ORD-20262315,2026-03-19,Ramon Mendoza,San Jose,Tagum,Davao del Norte,Davao Region,Sterling Notebook,School & Office Supplies,8,18.0,144.0,COD,Delivered,2026-03-20,19/03/2026
ORD-20262316,2026-06-24,Roberto Flores,Malinta,Dasmarinas,Cavite,CALABARZON,Yellow Pad Paper,School & Office Supplies,4,12.0,48.0,COD,Returned,2026-07-04,24/06/2026
ORD-20262317,2026-04-22,Corazon Reyes,Malinta,Calamba,Laguna,CALABARZON,Nova Multigrain 78g,Snacks,1,30.0,30.0,Cash,Delivered,2026-04-27,22/04/2026
ORD-20262318,2026-02-05,Ricardo Bautista,Del Pilar,Manila,Metro Manila,NCR,C2 Green Tea 500ml,Beverages,10,22.0,220.0,COD,Pending,,05/02/2026
ORD-20262319,2026-06-20,Luz Torres,Rizal,Mandaue,Cebu,Central Visayas,Palmolive Shampoo Sachet,Personal Care,19,6.0,114.0,GCash,Pending,,20/06/2026
ORD-20262320,2026-04-09,Cristina Pascual,Rizal,Davao City,Davao del Sur,Davao Region,Lucky Me Pancit Canton Noodles,Noodles & Canned Goods,16,14.0,224.0,COD,Delivered,2026-04-14,09/04/2026
ORD-20262321,2026-04-05,Ana Villanueva,San Antonio,Tarlac City,Tarlac,Central Luzon,C2 Green Tea 500ml,Beverages,18,22.0,396.0,GCash,Delivered,2026-04-09,05/04/2026
ORD-20262322,2026-06-08,Luz Pascual,Santo Nino,Cebu City,Cebu,Central Visayas,Nescafe 3-in-1 Sachet,Beverages,17,8.0,136.0,GCash,Delivered,2026-06-17,08/06/2026
ORD-20262323,2026-05-16,Luz Reyes,Poblacion,Dasmarinas,Cavite,CALABARZON,ILUV Ballpen,School & Office Supplies,4,10.0,40.0,COD,Delivered,2026-05-19,16/05/2026
ORD-20262324,2026-05-10,Maria Castillo,Rizal,Tagum,Davao del Norte,Davao Region,Joy Dishwashing Liquid 250ml,Household Care,8,38.0,304.0,Cash,Delivered,2026-05-20,10/05/2026
ORD-20262325,2026-04-26,Eduardo Aquino,Bagong Silang,Tarlac City,Tarlac,Central Luzon,Yellow Pad Paper,School & Office Supplies,10,12.0,120.0,Cash,Returned,2026-04-29,26/04/2026
ORD-20262326,2026-02-02,Rosa Pascual,San Isidro,Manila,Metro Manila,NCR,Palmolive Shampoo Sachet,Personal Care,10,6.0,60.0,Maya,Delivered,2026-02-03,02/02/2026
ORD-20262327,2026-06-08,Maria Santos,Bagumbayan,Bacolod,Negros Occidental,Western Visayas,Coca-Cola 1.5L,Beverages,18,65.0,1170.0,GCash,Cancelled,,08/06/2026
ORD-20262328,2026-06-28,Josefina Santos,San Jose,Bacolod,Negros Occidental,Western Visayas,Coca-Cola 1.5L,Beverages,19,65.0,1235.0,GCash,Delivered,2026-07-07,28/06/2026
ORD-20262329,2026-01-26,Roberto Bautista,Del Pilar,Tagum,Davao del Norte,Davao Region,Colgate Toothpaste 75ml,Personal Care,6,45.0,270.0,Cash,Delivered,2026-01-31,26/01/2026
ORD-20262330,2026-02-20,Luz Torres,Rizal,Mandaue,Cebu,Central Visayas,Zonrox Bleach 500ml,Household Care,14,32.0,448.0,Cash,Delivered,2026-02-23,20/02/2026
ORD-20262331,2026-06-17,Teresa Torres,San Antonio,Tagum,Davao del Norte,Davao Region,CDO Corned Beef,Noodles & Canned Goods,20,33.0,660.0,Cash,Delivered,2026-06-18,17/06/2026
ORD-20262332,2026-06-14,Pedro Ocampo,Santo Nino,Cebu City,Cebu,Central Visayas,Palmolive Shampoo Sachet,Personal Care,14,6.0,84.0,Cash,Delivered,2026-06-19,14/06/2026
ORD-20262333,2026-03-20,Josefina Torres,Malinta,Tagum,Davao del Norte,Davao Region,CDO Corned Beef,Noodles & Canned Goods,7,33.0,231.0,COD,Cancelled,,20/03/2026
ORD-20262334,2026-02-12,Josefina Bautista,Malinta,Calamba,Laguna,CALABARZON,Sta. Maria Crayons,School & Office Supplies,16,40.0,640.0,GCash,Delivered,2026-02-16,12/02/2026
ORD-20262335,2026-06-15,Rosa Aquino,Bagumbayan,Pasig,Metro Manila,NCR,CDO Corned Beef,Noodles & Canned Goods,1,33.0,33.0,Cash,Delivered,2026-06-21,15/06/2026
ORD-20262336,2026-04-04,Ana Villanueva,San Antonio,Tarlac City,Tarlac,Central Luzon,Lucky Me Beef Sotanghon,Noodles & Canned Goods,17,13.0,221.0,Cash,Delivered,2026-04-07,04/04/2026
ORD-20262337,2026-03-30,Maria Flores,San Isidro,Makati,Metro Manila,NCR,Colgate Toothpaste 75ml,Personal Care,20,45.0,900.0,GCash,Delivered,2026-04-06,30/03/2026
ORD-20262338,2026-03-30,Ricardo Garcia,Santo Nino,Batangas City,Batangas,CALABARZON,Joy Dishwashing Liquid 250ml,Household Care,17,38.0,646.0,COD,Delivered,2026-04-08,30/03/2026
ORD-20262339,2026-06-07,Fernando Pascual,Malinta,Malolos,Bulacan,Central Luzon,Coca-Cola 1.5L,Beverages,6,65.0,390.0,Cash,Delivered,2026-06-09,07/06/2026
ORD-20262340,2026-04-25,Antonio Santos,Del Pilar,Iloilo City,Iloilo,Western Visayas,Nissin Cup Noodles,Noodles & Canned Goods,1,20.0,20.0,GCash,Pending,,25/04/2026
ORD-20262341,2026-04-08,Rosa Aquino,Bagumbayan,Pasig,Metro Manila,NCR,SkyFlakes Crackers,Snacks,3,15.0,45.0,GCash,Delivered,2026-04-13,08/04/2026
ORD-20262342,2026-02-15,Manuel Reyes,Rizal,Quezon City,Metro Manila,NCR,Nescafe 3-in-1 Sachet,Beverages,2,8.0,16.0,COD,Pending,,15/02/2026
ORD-20262343,2026-06-17,Josefina Santos,Bagumbayan,Tagbilaran,Bohol,Central Visayas,Nescafe 3-in-1 Sachet,Beverages,1,8.0,8.0,GCash,Pending,,17/06/2026
ORD-20262344,2026-06-07,Pedro Cruz,San Antonio,Cebu City,Cebu,Central Visayas,Colgate Toothpaste 75ml,Personal Care,16,45.0,720.0,COD,Pending,,07/06/2026
ORD-20262345,2026-02-19,Carmen Pascual,Poblacion,Bacolod,Negros Occidental,Western Visayas,Domex Toilet Cleaner,Household Care,13,55.0,715.0,Cash,Delivered,2026-02-28,19/02/2026
ORD-20262346,2026-05-18,Corazon Reyes,Malinta,Calamba,Laguna,CALABARZON,ILUV Ballpen,School & Office Supplies,5,10.0,50.0,COD,Pending,,18/05/2026
ORD-20262347,2026-02-04,Ana Ramos,Bagumbayan,Tarlac City,Tarlac,Central Luzon,Nescafe 3-in-1 Sachet,Beverages,18,8.0,144.0,GCash,Delivered,2026-02-13,04/02/2026
ORD-20262348,2026-03-27,Ana Del Rosario,Santo Nino,Manila,Metro Manila,NCR,Domex Toilet Cleaner,Household Care,3,55.0,165.0,Bank Transfer,Delivered,2026-03-30,27/03/2026
ORD-20262349,2026-05-11,Eduardo Del Rosario,Bagong Silang,Malolos,Bulacan,Central Luzon,Zonrox Bleach 500ml,Household Care,18,32.0,576.0,Cash,Returned,2026-05-21,11/05/2026
ORD-20262350,2026-06-20,Ana Del Rosario,Santo Nino,Manila,Metro Manila,NCR,Milo Sachet,Beverages,13,9.0,117.0,COD,Delivered,2026-06-24,20/06/2026
ORD-20262351,2026-01-03,Corazon Ocampo,Malinta,Iloilo City,Iloilo,Western Visayas,555 Sardines,Noodles & Canned Goods,8,22.0,176.0,Cash,Delivered,2026-01-10,03/01/2026
ORD-20262352,2026-03-18,Pedro Ocampo,San Isidro,Manila,Metro Manila,NCR,SkyFlakes Crackers,Snacks,20,15.0,300.0,Cash,Returned,2026-03-21,18/03/2026
ORD-20262353,2026-02-28,Maria Cruz,Santo Nino,Tagbilaran,Bohol,Central Visayas,Yellow Pad Paper,School & Office Supplies,17,12.0,204.0,GCash,Delivered,2026-03-06,28/02/2026
ORD-20262354,2026-01-31,Pedro Ocampo,Santo Nino,Cebu City,Cebu,Central Visayas,Palmolive Shampoo Sachet,Personal Care,17,6.0,102.0,Cash,Delivered,2026-02-10,31/01/2026
ORD-20262355,2026-04-14,Ricardo Garcia,Santo Nino,Batangas City,Batangas,CALABARZON,Milo Sachet,Beverages,19,9.0,171.0,Maya,Delivered,2026-04-15,14/04/2026
ORD-20262356,2026-05-16,Roberto Torres,Del Pilar,Tarlac City,Tarlac,Central Luzon,Nova Multigrain 78g,Snacks,16,30.0,480.0,Cash,Delivered,2026-05-26,16/05/2026
ORD-20262357,2026-01-16,Pedro Aquino,Rizal,Malolos,Bulacan,Central Luzon,Boy Bawang 100g,Snacks,7,18.0,126.0,GCash,Delivered,2026-01-20,16/01/2026
ORD-20262358,2026-02-07,Antonio Santos,Del Pilar,Iloilo City,Iloilo,Western Visayas,Boy Bawang 100g,Snacks,4,18.0,72.0,Maya,Pending,,07/02/2026
ORD-20262359,2026-04-16,Carmen Villanueva,San Antonio,Tarlac City,Tarlac,Central Luzon,Domex Toilet Cleaner,Household Care,13,55.0,715.0,COD,Returned,2026-04-19,16/04/2026
ORD-20262360,2026-02-13,Juan Reyes,Poblacion,Quezon City,Metro Manila,NCR,Zonrox Bleach 500ml,Household Care,17,32.0,544.0,COD,Cancelled,,13/02/2026
ORD-20262361,2026-01-30,Eduardo Garcia,Poblacion,Tarlac City,Tarlac,Central Luzon,Nissin Cup Noodles,Noodles & Canned Goods,16,20.0,320.0,GCash,Delivered,2026-02-07,30/01/2026
ORD-20262362,2026-05-10,Pedro Cruz,Santo Nino,Manila,Metro Manila,NCR,Palmolive Shampoo Sachet,Personal Care,5,6.0,30.0,COD,Delivered,2026-05-18,10/05/2026
ORD-20262363,2026-04-14,Jose Torres,San Antonio,Dasmarinas,Cavite,CALABARZON,Zonrox Bleach 500ml,Household Care,1,32.0,32.0,COD,Delivered,2026-04-24,14/04/2026
ORD-20262364,2026-05-28,Maria Pascual,Bagumbayan,Tagum,Davao del Norte,Davao Region,Coca-Cola 1.5L,Beverages,3,65.0,195.0,GCash,Delivered,2026-06-03,28/05/2026
ORD-20262365,2026-03-03,Jose Reyes,Bagumbayan,Quezon City,Metro Manila,NCR,Colgate Toothpaste 75ml,Personal Care,4,45.0,180.0,Bank Transfer,Cancelled,,03/03/2026
ORD-20262366,2026-05-25,Antonio Cruz,Bagumbayan,Mandaue,Cebu,Central Visayas,Surf Powder Sachet,Household Care,9,8.0,72.0,Cash,Delivered,2026-05-30,25/05/2026
ORD-20262367,2026-04-22,Rosa Castillo,San Antonio,Angeles City,Pampanga,Central Luzon,SkyFlakes Crackers,Snacks,9,15.0,135.0,COD,Cancelled,,22/04/2026
ORD-20262368,2026-04-20,Maria Castillo,San Antonio,Malolos,Bulacan,Central Luzon,Zonrox Bleach 500ml,Household Care,18,32.0,576.0,Cash,Delivered,2026-04-28,20/04/2026
ORD-20262369,2026-02-26,Jose Torres,San Antonio,Dasmarinas,Cavite,CALABARZON,Head & Shoulders Sachet,Personal Care,17,7.0,119.0,COD,Delivered,2026-03-08,26/02/2026
ORD-20262370,2026-05-14,Jose Cruz,Santo Nino,Angeles City,Pampanga,Central Luzon,Palmolive Shampoo Sachet,Personal Care,10,6.0,60.0,GCash,Cancelled,,14/05/2026
ORD-20262371,2026-03-12,Teresa Reyes,Rizal,Iloilo City,Iloilo,Western Visayas,Piattos 85g,Snacks,15,32.0,480.0,COD,Delivered,2026-03-22,12/03/2026
ORD-20262372,2026-02-26,Maria Mendoza,Del Pilar,Manila,Metro Manila,NCR,Domex Toilet Cleaner,Household Care,4,55.0,220.0,COD,Delivered,2026-02-28,26/02/2026
ORD-20262373,2026-05-10,Teresa Villanueva,Santo Nino,Malolos,Bulacan,Central Luzon,Lucky Me Beef Sotanghon,Noodles & Canned Goods,14,13.0,182.0,Cash,Delivered,2026-05-20,10/05/2026
ORD-20262374,2026-06-25,Fernando Mendoza,Santo Nino,Quezon City,Metro Manila,NCR,Sta. Maria Crayons,School & Office Supplies,9,40.0,360.0,COD,Delivered,2026-06-29,25/06/2026
ORD-20262375,2026-06-05,Josefina Santos,Bagumbayan,Tagbilaran,Bohol,Central Visayas,Nissin Cup Noodles,Noodles & Canned Goods,3,20.0,60.0,Cash,Delivered,2026-06-06,05/06/2026
ORD-20262376,2026-06-22,Ricardo Ocampo,San Jose,Pasig,Metro Manila,NCR,Head & Shoulders Sachet,Personal Care,17,7.0,119.0,COD,Delivered,2026-07-01,22/06/2026
ORD-20262377,2026-03-10,Jose Ocampo,Malinta,Dasmarinas,Cavite,CALABARZON,Boy Bawang 100g,Snacks,4,18.0,72.0,Maya,Returned,2026-03-15,10/03/2026
ORD-20262378,2026-03-05,Carmen Flores,Del Pilar,Tarlac City,Tarlac,Central Luzon,Milo Sachet,Beverages,6,9.0,54.0,COD,Delivered,2026-03-06,05/03/2026
ORD-20262379,2026-06-25,Eduardo Santos,San Isidro,Pasig,Metro Manila,NCR,Argentina Corned Beef,Noodles & Canned Goods,14,35.0,490.0,COD,Cancelled,,25/06/2026
ORD-20262380,2026-01-08,Corazon Ocampo,Malinta,Iloilo City,Iloilo,Western Visayas,Piattos 85g,Snacks,12,32.0,384.0,COD,Delivered,2026-01-10,08/01/2026
ORD-20262381,2026-06-04,Carmen Mendoza,Santo Nino,Malolos,Bulacan,Central Luzon,Milo Sachet,Beverages,8,9.0,72.0,COD,Delivered,2026-06-14,04/06/2026
ORD-20262382,2026-01-15,Ana Torres,San Antonio,Pasig,Metro Manila,NCR,Nescafe 3-in-1 Sachet,Beverages,4,8.0,32.0,Cash,Delivered,2026-01-16,15/01/2026
ORD-20262383,2026-01-14,Maria Castillo,Rizal,Tagum,Davao del Norte,Davao Region,Lucky Me Pancit Canton Noodles,Noodles & Canned Goods,3,14.0,42.0,Cash,Cancelled,,14/01/2026
ORD-20262384,2026-05-06,Ramon Ocampo,Malinta,Davao City,Davao del Sur,Davao Region,Head & Shoulders Sachet,Personal Care,10,7.0,70.0,COD,Returned,2026-05-10,06/05/2026
ORD-20262385,2026-01-14,Pedro Reyes,Bagumbayan,Tagum,Davao del Norte,Davao Region,Sta. Maria Crayons,School & Office Supplies,20,40.0,800.0,Maya,Pending,,14/01/2026
ORD-20262386,2026-05-22,Josefina Pascual,Poblacion,Manila,Metro Manila,NCR,C2 Green Tea 500ml,Beverages,11,22.0,242.0,COD,Returned,2026-05-29,22/05/2026
ORD-20262387,2026-04-01,Ricardo Pascual,Santo Nino,Tarlac City,Tarlac,Central Luzon,Zonrox Bleach 500ml,Household Care,2,32.0,64.0,Cash,Delivered,2026-04-08,01/04/2026
ORD-20262388,2026-02-09,Roberto Santos,Del Pilar,Bacolod,Negros Occidental,Western Visayas,Nescafe 3-in-1 Sachet,Beverages,12,8.0,96.0,Maya,Delivered,2026-02-19,09/02/2026
ORD-20262389,2026-05-10,Roberto Garcia,Rizal,Manila,Metro Manila,NCR,Yellow Pad Paper,School & Office Supplies,7,12.0,84.0,GCash,Delivered,2026-05-19,10/05/2026
ORD-20262390,2026-05-02,Manuel Ramos,Rizal,Tagbilaran,Bohol,Central Visayas,Nescafe 3-in-1 Sachet,Beverages,12,8.0,96.0,COD,Delivered,2026-05-08,02/05/2026
ORD-20262391,2026-04-28,Pedro Reyes,Bagumbayan,Tagum,Davao del Norte,Davao Region,Sterling Notebook,School & Office Supplies,19,18.0,342.0,GCash,Delivered,2026-05-03,28/04/2026
ORD-20262392,2026-01-28,Fernando Mendoza,Santo Nino,Quezon City,Metro Manila,NCR,C2 Green Tea 500ml,Beverages,3,22.0,66.0,GCash,Delivered,2026-02-07,28/01/2026
ORD-20262393,2026-06-06,Josefina Reyes,Poblacion,Dasmarinas,Cavite,CALABARZON,Lucky Me Pancit Canton Noodles,Noodles & Canned Goods,19,14.0,266.0,GCash,Delivered,2026-06-09,06/06/2026
ORD-20262394,2026-06-10,Manuel Villanueva,Bagumbayan,Tagbilaran,Bohol,Central Visayas,Coca-Cola 1.5L,Beverages,3,65.0,195.0,COD,Delivered,2026-06-17,10/06/2026
ORD-20262395,2026-04-07,Jose Bautista,Del Pilar,Calamba,Laguna,CALABARZON,Zonrox Bleach 500ml,Household Care,13,32.0,416.0,COD,Delivered,2026-04-11,07/04/2026
ORD-20262396,2026-06-13,Jose Del Rosario,Rizal,Tagbilaran,Bohol,Central Visayas,Nova Multigrain 78g,Snacks,15,30.0,450.0,Cash,Cancelled,,13/06/2026
ORD-20262397,2026-03-21,Maria Villanueva,Malinta,Calamba,Laguna,CALABARZON,Zonrox Bleach 500ml,Household Care,2,32.0,64.0,COD,Delivered,2026-03-26,21/03/2026
ORD-20262398,2026-04-05,Rosa Del Rosario,Bagumbayan,Pasig,Metro Manila,NCR,Coca-Cola 1.5L,Beverages,8,65.0,520.0,GCash,Delivered,2026-04-11,05/04/2026
ORD-20262399,2026-06-23,Antonio Bautista,Rizal,Davao City,Davao del Sur,Davao Region,Coca-Cola 1.5L,Beverages,4,65.0,260.0,GCash,Delivered,2026-06-27,23/06/2026
ORD-20262400,2026-01-10,Elena Garcia,San Antonio,Mandaue,Cebu,Central Visayas,ILUV Ballpen,School & Office Supplies,18,10.0,180.0,Maya,Cancelled,,10/01/2026
ORD-20262401,2026-05-11,Josefina Santos,San Jose,Bacolod,Negros Occidental,Western Visayas,Sta. Maria Crayons,School & Office Supplies,5,40.0,200.0,Cash,Returned,2026-05-12,11/05/2026
ORD-20262402,2026-03-08,Antonio Aquino,Del Pilar,Dasmarinas,Cavite,CALABARZON,SkyFlakes Crackers,Snacks,15,15.0,225.0,Cash,Delivered,2026-03-14,08/03/2026
ORD-20262403,2026-03-20,Josefina Castillo,Poblacion,Tagbilaran,Bohol,Central Visayas,Head & Shoulders Sachet,Personal Care,3,7.0,21.0,COD,Delivered,2026-03-30,20/03/2026
ORD-20262404,2026-06-26,Fernando Garcia,Bagong Silang,Tagbilaran,Bohol,Central Visayas,ILUV Ballpen,School & Office Supplies,3,10.0,30.0,COD,Delivered,2026-07-02,26/06/2026
ORD-20262405,2026-01-26,Corazon Aquino,San Antonio,Tagum,Davao del Norte,Davao Region,Yellow Pad Paper,School & Office Supplies,11,12.0,132.0,Cash,Delivered,2026-02-02,26/01/2026
ORD-20262406,2026-05-01,Elena Torres,San Jose,Angeles City,Pampanga,Central Luzon,Head & Shoulders Sachet,Personal Care,17,7.0,119.0,COD,Delivered,2026-05-03,01/05/2026
ORD-20262407,2026-04-16,Antonio Bautista,Rizal,Davao City,Davao del Sur,Davao Region,Nescafe 3-in-1 Sachet,Beverages,20,8.0,160.0,Maya,Delivered,2026-04-17,16/04/2026
ORD-20262408,2026-04-20,Ana Del Rosario,Santo Nino,Manila,Metro Manila,NCR,Head & Shoulders Sachet,Personal Care,17,7.0,119.0,COD,Delivered,2026-04-24,20/04/2026
ORD-20262409,2026-02-12,Maria Bautista,San Antonio,Mandaue,Cebu,Central Visayas,Piattos 85g,Snacks,19,32.0,608.0,GCash,Delivered,2026-02-14,12/02/2026
ORD-20262410,2026-02-15,Manuel Mendoza,Poblacion,Mandaue,Cebu,Central Visayas,Joy Dishwashing Liquid 250ml,Household Care,7,38.0,266.0,GCash,Returned,2026-02-22,15/02/2026
ORD-20262411,2026-03-16,Cristina Castillo,Santo Nino,Mandaue,Cebu,Central Visayas,Colgate Toothpaste 75ml,Personal Care,19,45.0,855.0,Cash,Delivered,2026-03-21,16/03/2026
ORD-20262412,2026-04-08,Pedro Del Rosario,Rizal,Pasig,Metro Manila,NCR,Joy Dishwashing Liquid 250ml,Household Care,17,38.0,646.0,Cash,Delivered,2026-04-15,08/04/2026
ORD-20262413,2026-01-02,Maria Villanueva,Bagong Silang,Malolos,Bulacan,Central Luzon,Head & Shoulders Sachet,Personal Care,15,7.0,105.0,Cash,Delivered,2026-01-05,02/01/2026
ORD-20262414,2026-01-19,Pedro Pascual,San Isidro,Manila,Metro Manila,NCR,Yellow Pad Paper,School & Office Supplies,9,12.0,108.0,Maya,Delivered,2026-01-26,19/01/2026
ORD-20262415,2026-01-12,Josefina Ramos,San Isidro,Cebu City,Cebu,Central Visayas,Safeguard Soap Bar,Personal Care,17,28.0,476.0,GCash,Delivered,2026-01-20,12/01/2026
ORD-20262416,2026-01-12,Pedro Cruz,San Antonio,Cebu City,Cebu,Central Visayas,Head & Shoulders Sachet,Personal Care,5,7.0,35.0,COD,Cancelled,,12/01/2026
ORD-20262417,2026-02-20,Juan Del Rosario,Poblacion,Davao City,Davao del Sur,Davao Region,555 Sardines,Noodles & Canned Goods,10,22.0,220.0,Cash,Delivered,2026-02-21,20/02/2026
ORD-20262418,2026-02-24,Corazon Bautista,Bagumbayan,Bacolod,Negros Occidental,Western Visayas,Sterling Notebook,School & Office Supplies,4,18.0,72.0,COD,Cancelled,,24/02/2026
ORD-20262419,2026-03-11,Josefina Cruz,Poblacion,Bacolod,Negros Occidental,Western Visayas,Coca-Cola 1.5L,Beverages,7,65.0,455.0,Cash,Delivered,2026-03-19,11/03/2026
ORD-20262420,2026-05-02,Ricardo Flores,San Jose,Tagbilaran,Bohol,Central Visayas,Milo Sachet,Beverages,15,9.0,135.0,COD,Cancelled,,02/05/2026
ORD-20262421,2026-01-15,Rosa Reyes,Malinta,Iloilo City,Iloilo,Western Visayas,Nova Multigrain 78g,Snacks,20,30.0,600.0,GCash,Delivered,2026-01-25,15/01/2026
ORD-20262422,2026-06-08,Jose Reyes,Rizal,Tagum,Davao del Norte,Davao Region,Yellow Pad Paper,School & Office Supplies,17,12.0,204.0,Bank Transfer,Delivered,2026-06-17,08/06/2026
ORD-20262423,2026-03-07,Jose Reyes,Bagumbayan,Quezon City,Metro Manila,NCR,Palmolive Shampoo Sachet,Personal Care,12,6.0,72.0,Cash,Delivered,2026-03-13,07/03/2026
ORD-20262424,2026-05-13,Teresa Pascual,Bagong Silang,Tagum,Davao del Norte,Davao Region,Yellow Pad Paper,School & Office Supplies,7,12.0,84.0,Bank Transfer,Pending,,13/05/2026
ORD-20262425,2026-06-06,Pedro Cruz,San Antonio,Cebu City,Cebu,Central Visayas,Piattos 85g,Snacks,8,32.0,256.0,Cash,Delivered,2026-06-15,06/06/2026
ORD-20262426,2026-02-02,Pedro Torres,Bagong Silang,Cebu City,Cebu,Central Visayas,Lucky Me Pancit Canton Noodles,Noodles & Canned Goods,6,14.0,84.0,GCash,Delivered,2026-02-05,02/02/2026
ORD-20262427,2026-01-15,Pedro Ocampo,San Isidro,Manila,Metro Manila,NCR,SkyFlakes Crackers,Snacks,3,15.0,45.0,COD,Cancelled,,15/01/2026
ORD-20262428,2026-03-10,Ana Ramos,San Antonio,Malolos,Bulacan,Central Luzon,Joy Dishwashing Liquid 250ml,Household Care,5,38.0,190.0,COD,Delivered,2026-03-13,10/03/2026
ORD-20262429,2026-06-01,Fernando Santos,San Antonio,Bacolod,Negros Occidental,Western Visayas,555 Sardines,Noodles & Canned Goods,16,22.0,352.0,COD,Delivered,2026-06-06,01/06/2026
ORD-20262430,2026-01-31,Jose Castillo,Del Pilar,Malolos,Bulacan,Central Luzon,Milo Sachet,Beverages,14,9.0,126.0,Cash,Delivered,2026-02-04,31/01/2026
ORD-20262431,2026-06-08,Carmen Reyes,San Jose,Tagbilaran,Bohol,Central Visayas,Argentina Corned Beef,Noodles & Canned Goods,10,35.0,350.0,Cash,Pending,,08/06/2026
ORD-20262432,2026-06-30,Antonio Cruz,Bagumbayan,Mandaue,Cebu,Central Visayas,Surf Powder Sachet,Household Care,19,8.0,152.0,COD,Delivered,2026-07-08,30/06/2026
ORD-20262433,2026-01-02,Pedro Aquino,Rizal,Malolos,Bulacan,Central Luzon,Boy Bawang 100g,Snacks,11,18.0,198.0,Cash,Delivered,2026-01-06,02/01/2026
ORD-20262434,2026-04-11,Manuel Flores,San Antonio,Angeles City,Pampanga,Central Luzon,Piattos 85g,Snacks,18,32.0,576.0,GCash,Delivered,2026-04-16,11/04/2026
ORD-20262435,2026-02-16,Pedro Reyes,Bagumbayan,Tagum,Davao del Norte,Davao Region,CDO Corned Beef,Noodles & Canned Goods,5,33.0,165.0,Cash,Delivered,2026-02-26,16/02/2026
ORD-20262436,2026-01-22,Ricardo Flores,San Isidro,Iloilo City,Iloilo,Western Visayas,555 Sardines,Noodles & Canned Goods,1,22.0,22.0,GCash,Delivered,2026-01-26,22/01/2026
ORD-20262437,2026-03-22,Pedro Torres,San Isidro,Dasmarinas,Cavite,CALABARZON,Head & Shoulders Sachet,Personal Care,18,7.0,126.0,COD,Cancelled,,22/03/2026
ORD-20262438,2026-04-27,Ricardo Aquino,San Isidro,Cebu City,Cebu,Central Visayas,Colgate Toothpaste 75ml,Personal Care,5,45.0,225.0,Cash,Delivered,2026-05-07,27/04/2026
ORD-20262439,2026-03-15,Ana Flores,Poblacion,Tagum,Davao del Norte,Davao Region,Zonrox Bleach 500ml,Household Care,13,32.0,416.0,Maya,Delivered,2026-03-16,15/03/2026
ORD-20262440,2026-02-15,Antonio Castillo,Rizal,Angeles City,Pampanga,Central Luzon,Nescafe 3-in-1 Sachet,Beverages,7,8.0,56.0,Cash,Delivered,2026-02-25,15/02/2026
ORD-20262441,2026-02-03,Juan Villanueva,Rizal,Iloilo City,Iloilo,Western Visayas,Nescafe 3-in-1 Sachet,Beverages,5,8.0,40.0,COD,Delivered,2026-02-12,03/02/2026
ORD-20262442,2026-05-20,Josefina Bautista,Malinta,Calamba,Laguna,CALABARZON,Piattos 85g,Snacks,9,32.0,288.0,COD,Delivered,2026-05-25,20/05/2026
ORD-20262443,2026-04-18,Roberto Torres,Del Pilar,Tarlac City,Tarlac,Central Luzon,Piattos 85g,Snacks,5,32.0,160.0,Cash,Delivered,2026-04-23,18/04/2026
ORD-20262444,2026-03-21,Ricardo Aquino,San Isidro,Cebu City,Cebu,Central Visayas,Sterling Notebook,School & Office Supplies,12,18.0,216.0,Maya,Delivered,2026-03-27,21/03/2026
ORD-20262445,2026-04-26,Luz Reyes,Poblacion,Dasmarinas,Cavite,CALABARZON,Lucky Me Beef Sotanghon,Noodles & Canned Goods,13,13.0,169.0,Cash,Delivered,2026-05-06,26/04/2026
ORD-20262446,2026-05-04,Manuel Villanueva,Bagumbayan,Tagbilaran,Bohol,Central Visayas,ILUV Ballpen,School & Office Supplies,6,10.0,60.0,COD,Delivered,2026-05-05,04/05/2026
ORD-20262447,2026-02-13,Pedro Cruz,Santo Nino,Manila,Metro Manila,NCR,CDO Corned Beef,Noodles & Canned Goods,8,33.0,264.0,COD,Pending,,13/02/2026
ORD-20262448,2026-02-17,Corazon Villanueva,San Isidro,Makati,Metro Manila,NCR,Coca-Cola 1.5L,Beverages,1,65.0,65.0,Bank Transfer,Delivered,2026-02-22,17/02/2026
ORD-20262449,2026-04-04,Rosa Aquino,Bagumbayan,Pasig,Metro Manila,NCR,Argentina Corned Beef,Noodles & Canned Goods,9,35.0,315.0,GCash,Delivered,2026-04-14,04/04/2026
ORD-20262450,2026-06-06,Josefina Santos,Bagumbayan,Tagbilaran,Bohol,Central Visayas,Nissin Cup Noodles,Noodles & Canned Goods,15,20.0,300.0,Bank Transfer,Delivered,2026-06-14,06/06/2026
ORD-20262451,2026-03-03,Ricardo Flores,San Jose,Tagbilaran,Bohol,Central Visayas,Joy Dishwashing Liquid 250ml,Household Care,10,38.0,380.0,Maya,Delivered,2026-03-11,03/03/2026
ORD-20262452,2026-01-14,Juan Bautista,San Jose,Angeles City,Pampanga,Central Luzon,Yellow Pad Paper,School & Office Supplies,3,12.0,36.0,Maya,Pending,,14/01/2026
ORD-20262453,2026-01-22,Juan Flores,Rizal,Iloilo City,Iloilo,Western Visayas,Piattos 85g,Snacks,17,32.0,544.0,Cash,Delivered,2026-02-01,22/01/2026
ORD-20262454,2026-03-13,Jose Garcia,San Antonio,Malolos,Bulacan,Central Luzon,555 Sardines,Noodles & Canned Goods,12,22.0,264.0,COD,Delivered,2026-03-17,13/03/2026
ORD-20262455,2026-05-13,Josefina Bautista,Malinta,Calamba,Laguna,CALABARZON,Colgate Toothpaste 75ml,Personal Care,7,45.0,315.0,GCash,Cancelled,,13/05/2026
ORD-20262456,2026-03-31,Elena Aquino,Santo Nino,Bacolod,Negros Occidental,Western Visayas,Coca-Cola 1.5L,Beverages,12,65.0,780.0,Cash,Delivered,2026-04-01,31/03/2026
ORD-20262457,2026-01-12,Teresa Villanueva,Santo Nino,Malolos,Bulacan,Central Luzon,CDO Corned Beef,Noodles & Canned Goods,11,33.0,363.0,GCash,Pending,,12/01/2026
ORD-20262458,2026-01-26,Corazon Aquino,San Antonio,Tagum,Davao del Norte,Davao Region,Argentina Corned Beef,Noodles & Canned Goods,16,35.0,560.0,Cash,Delivered,2026-01-29,26/01/2026
ORD-20262459,2026-04-21,Manuel Villanueva,Bagumbayan,Tagbilaran,Bohol,Central Visayas,Nova Multigrain 78g,Snacks,6,30.0,180.0,GCash,Delivered,2026-04-29,21/04/2026
ORD-20262460,2026-03-04,Pedro Ocampo,San Isidro,Manila,Metro Manila,NCR,Milo Sachet,Beverages,15,9.0,135.0,Cash,Delivered,2026-03-11,04/03/2026
ORD-20262461,2026-03-08,Eduardo Bautista,San Jose,Cebu City,Cebu,Central Visayas,Coca-Cola 1.5L,Beverages,7,65.0,455.0,COD,Delivered,2026-03-18,08/03/2026
ORD-20262462,2026-04-18,Ana Cruz,Poblacion,Quezon City,Metro Manila,NCR,Lucky Me Pancit Canton Noodles,Noodles & Canned Goods,19,14.0,266.0,GCash,Delivered,2026-04-19,18/04/2026
ORD-20262463,2026-05-17,Cristina Flores,Del Pilar,Quezon City,Metro Manila,NCR,Lucky Me Pancit Canton Noodles,Noodles & Canned Goods,12,14.0,168.0,COD,Delivered,2026-05-18,17/05/2026
ORD-20262464,2026-02-05,Jose Flores,Bagumbayan,Bacolod,Negros Occidental,Western Visayas,Head & Shoulders Sachet,Personal Care,11,7.0,77.0,Maya,Pending,,05/02/2026
ORD-20262465,2026-06-06,Teresa Del Rosario,San Jose,Malolos,Bulacan,Central Luzon,Colgate Toothpaste 75ml,Personal Care,1,45.0,45.0,COD,Cancelled,,06/06/2026
ORD-20262466,2026-03-09,Pedro Torres,Bagong Silang,Cebu City,Cebu,Central Visayas,Palmolive Shampoo Sachet,Personal Care,18,6.0,108.0,Maya,Pending,,09/03/2026
ORD-20262467,2026-02-18,Luz Ocampo,San Antonio,Bacolod,Negros Occidental,Western Visayas,Argentina Corned Beef,Noodles & Canned Goods,14,35.0,490.0,COD,Cancelled,,18/02/2026
ORD-20262468,2026-03-18,Pedro Santos,Del Pilar,Iloilo City,Iloilo,Western Visayas,Joy Dishwashing Liquid 250ml,Household Care,1,38.0,38.0,Maya,Cancelled,,18/03/2026
ORD-20262469,2026-06-07,Roberto Del Rosario,San Isidro,Malolos,Bulacan,Central Luzon,ILUV Ballpen,School & Office Supplies,8,10.0,80.0,COD,Delivered,2026-06-16,07/06/2026
ORD-20262470,2026-02-11,Pedro Ocampo,San Isidro,Manila,Metro Manila,NCR,C2 Green Tea 500ml,Beverages,10,22.0,220.0,GCash,Delivered,2026-02-18,11/02/2026
ORD-20262471,2026-04-13,Elena Villanueva,Poblacion,Malolos,Bulacan,Central Luzon,C2 Green Tea 500ml,Beverages,7,22.0,154.0,Cash,Delivered,2026-04-22,13/04/2026
ORD-20262472,2026-05-20,Manuel Reyes,Rizal,Quezon City,Metro Manila,NCR,CDO Corned Beef,Noodles & Canned Goods,14,33.0,462.0,COD,Delivered,2026-05-22,20/05/2026
ORD-20262473,2026-02-20,Jose Garcia,San Antonio,Malolos,Bulacan,Central Luzon,Palmolive Shampoo Sachet,Personal Care,15,6.0,90.0,Maya,Returned,2026-03-01,20/02/2026
ORD-20262474,2026-05-01,Jose Cruz,Santo Nino,Angeles City,Pampanga,Central Luzon,Zonrox Bleach 500ml,Household Care,4,32.0,128.0,GCash,Delivered,2026-05-02,01/05/2026
ORD-20262475,2026-04-12,Pedro Santos,Del Pilar,Iloilo City,Iloilo,Western Visayas,C2 Green Tea 500ml,Beverages,18,22.0,396.0,Cash,Delivered,2026-04-22,12/04/2026
ORD-20262476,2026-02-10,Manuel Mendoza,Poblacion,Mandaue,Cebu,Central Visayas,Lucky Me Beef Sotanghon,Noodles & Canned Goods,6,13.0,78.0,Cash,Delivered,2026-02-16,10/02/2026
ORD-20262477,2026-05-01,Pedro Torres,San Isidro,Dasmarinas,Cavite,CALABARZON,SkyFlakes Crackers,Snacks,15,15.0,225.0,COD,Delivered,2026-05-02,01/05/2026
ORD-20262478,2026-05-04,Rosa Del Rosario,Bagumbayan,Pasig,Metro Manila,NCR,Surf Powder Sachet,Household Care,8,8.0,64.0,GCash,Returned,2026-05-09,04/05/2026
ORD-20262479,2026-06-06,Eduardo Del Rosario,Santo Nino,Iloilo City,Iloilo,Western Visayas,ILUV Ballpen,School & Office Supplies,5,10.0,50.0,COD,Delivered,2026-06-07,06/06/2026
ORD-20262480,2026-01-11,Roberto Torres,Del Pilar,Tarlac City,Tarlac,Central Luzon,Yellow Pad Paper,School & Office Supplies,12,12.0,144.0,COD,Cancelled,,11/01/2026
ORD-20262481,2026-03-03,Josefina Bautista,Malinta,Calamba,Laguna,CALABARZON,Argentina Corned Beef,Noodles & Canned Goods,20,35.0,700.0,Bank Transfer,Delivered,2026-03-05,03/03/2026
ORD-20262482,2026-05-17,Juan Reyes,Poblacion,Quezon City,Metro Manila,NCR,Coca-Cola 1.5L,Beverages,18,65.0,1170.0,Maya,Cancelled,,17/05/2026
ORD-20262483,2026-04-09,Cristina Flores,Del Pilar,Quezon City,Metro Manila,NCR,SkyFlakes Crackers,Snacks,16,15.0,240.0,Cash,Cancelled,,09/04/2026
ORD-20262484,2026-03-23,Pedro Cruz,San Antonio,Cebu City,Cebu,Central Visayas,Domex Toilet Cleaner,Household Care,7,55.0,385.0,COD,Delivered,2026-04-02,23/03/2026
ORD-20262485,2026-01-30,Eduardo Bautista,San Jose,Cebu City,Cebu,Central Visayas,Sta. Maria Crayons,School & Office Supplies,6,40.0,240.0,Bank Transfer,Pending,,30/01/2026
ORD-20262486,2026-02-24,Pedro Garcia,Poblacion,Pasig,Metro Manila,NCR,555 Sardines,Noodles & Canned Goods,3,22.0,66.0,Cash,Delivered,2026-03-03,24/02/2026
ORD-20262487,2026-05-25,Josefina Cruz,San Antonio,Makati,Metro Manila,NCR,Nissin Cup Noodles,Noodles & Canned Goods,16,20.0,320.0,Cash,Delivered,2026-06-01,25/05/2026
ORD-20262488,2026-03-07,Ricardo Ocampo,Bagong Silang,Quezon City,Metro Manila,NCR,Sterling Notebook,School & Office Supplies,20,18.0,360.0,GCash,Delivered,2026-03-16,07/03/2026
ORD-20262489,2026-05-31,Ricardo Ocampo,San Jose,Pasig,Metro Manila,NCR,Piattos 85g,Snacks,7,32.0,224.0,COD,Delivered,2026-06-03,31/05/2026
ORD-20262490,2026-03-22,Rosa Aquino,Bagumbayan,Pasig,Metro Manila,NCR,Nescafe 3-in-1 Sachet,Beverages,2,8.0,16.0,Cash,Delivered,2026-03-30,22/03/2026
ORD-20262491,2026-02-03,Antonio Santos,San Isidro,Bacolod,Negros Occidental,Western Visayas,Sta. Maria Crayons,School & Office Supplies,6,40.0,240.0,Bank Transfer,Pending,,03/02/2026
ORD-20262492,2026-02-11,Josefina Flores,Bagumbayan,Iloilo City,Iloilo,Western Visayas,Zonrox Bleach 500ml,Household Care,12,32.0,384.0,COD,Delivered,2026-02-18,11/02/2026
ORD-20262493,2026-02-10,Ana Ramos,San Antonio,Malolos,Bulacan,Central Luzon,Boy Bawang 100g,Snacks,4,18.0,72.0,Maya,Pending,,10/02/2026
ORD-20262494,2026-03-28,Pedro Santos,Del Pilar,Iloilo City,Iloilo,Western Visayas,Sta. Maria Crayons,School & Office Supplies,16,40.0,640.0,Bank Transfer,Returned,2026-04-06,28/03/2026
ORD-20262495,2026-05-02,Corazon Ramos,San Jose,Pasig,Metro Manila,NCR,Safeguard Soap Bar,Personal Care,3,28.0,84.0,Cash,Returned,2026-05-09,02/05/2026
ORD-20262496,2026-01-28,Antonio Bautista,Del Pilar,Tarlac City,Tarlac,Central Luzon,Coca-Cola 1.5L,Beverages,12,65.0,780.0,COD,Returned,2026-02-03,28/01/2026
ORD-20262497,2026-04-11,Manuel Flores,San Antonio,Angeles City,Pampanga,Central Luzon,C2 Green Tea 500ml,Beverages,20,22.0,440.0,Cash,Delivered,2026-04-13,11/04/2026
ORD-20262498,2026-03-21,Rosa Del Rosario,Bagumbayan,Angeles City,Pampanga,Central Luzon,SkyFlakes Crackers,Snacks,17,15.0,255.0,COD,Delivered,2026-03-29,21/03/2026
ORD-20262499,2026-03-16,Roberto Santos,Del Pilar,Bacolod,Negros Occidental,Western Visayas,SkyFlakes Crackers,Snacks,5,15.0,75.0,Cash,Delivered,2026-03-19,16/03/2026
ORD-20262500,2026-01-15,Cristina Santos,Poblacion,Makati,Metro Manila,NCR,Palmolive Shampoo Sachet,Personal Care,10,6.0,60.0,GCash,Pending,,15/01/2026
ORD-20262501,2026-01-25,Josefina Pascual,Poblacion,Manila,Metro Manila,NCR,Milo Sachet,Beverages,3,9.0,27.0,COD,Cancelled,,25/01/2026
ORD-20262502,2026-05-22,Jose Flores,Bagumbayan,Bacolod,Negros Occidental,Western Visayas,SkyFlakes Crackers,Snacks,14,15.0,210.0,COD,Delivered,2026-05-24,22/05/2026
ORD-20262503,2026-06-28,Elena Aquino,Malinta,Iloilo City,Iloilo,Western Visayas,Domex Toilet Cleaner,Household Care,3,55.0,165.0,COD,Delivered,2026-07-01,28/06/2026
ORD-20262504,2026-03-17,Eduardo Pascual,Bagong Silang,Tarlac City,Tarlac,Central Luzon,Yellow Pad Paper,School & Office Supplies,11,12.0,132.0,GCash,Delivered,2026-03-25,17/03/2026
ORD-20262505,2026-06-02,Josefina Pascual,Poblacion,Manila,Metro Manila,NCR,Sterling Notebook,School & Office Supplies,11,18.0,198.0,GCash,Cancelled,,02/06/2026
ORD-20262506,2026-02-16,Manuel Mendoza,Poblacion,Tagbilaran,Bohol,Central Visayas,Joy Dishwashing Liquid 250ml,Household Care,6,38.0,228.0,Maya,Delivered,2026-02-17,16/02/2026
ORD-20262507,2026-01-19,Ricardo Pascual,Santo Nino,Tarlac City,Tarlac,Central Luzon,Sta. Maria Crayons,School & Office Supplies,12,40.0,480.0,Cash,Delivered,2026-01-28,19/01/2026
ORD-20262508,2026-03-14,Pedro Torres,Bagong Silang,Cebu City,Cebu,Central Visayas,Milo Sachet,Beverages,4,9.0,36.0,Cash,Delivered,2026-03-23,14/03/2026
ORD-20262509,2026-06-18,Antonio Aquino,Del Pilar,Dasmarinas,Cavite,CALABARZON,CDO Corned Beef,Noodles & Canned Goods,13,33.0,429.0,GCash,Delivered,2026-06-21,18/06/2026
ORD-20262510,2026-03-23,Juan Ramos,Bagumbayan,Manila,Metro Manila,NCR,Domex Toilet Cleaner,Household Care,16,55.0,880.0,Maya,Pending,,23/03/2026
ORD-20262511,2026-03-10,Manuel Villanueva,Malinta,Tarlac City,Tarlac,Central Luzon,Argentina Corned Beef,Noodles & Canned Goods,1,35.0,35.0,Cash,Delivered,2026-03-19,10/03/2026
ORD-20262512,2026-02-06,Corazon Bautista,Bagumbayan,Bacolod,Negros Occidental,Western Visayas,CDO Corned Beef,Noodles & Canned Goods,10,33.0,330.0,COD,Returned,2026-02-09,06/02/2026
ORD-20262513,2026-06-08,Rosa Del Rosario,Bagumbayan,Pasig,Metro Manila,NCR,C2 Green Tea 500ml,Beverages,6,22.0,132.0,Maya,Returned,2026-06-13,08/06/2026
ORD-20262514,2026-06-09,Teresa Mendoza,San Isidro,Cebu City,Cebu,Central Visayas,Lucky Me Pancit Canton Noodles,Noodles & Canned Goods,17,14.0,238.0,GCash,Delivered,2026-06-11,09/06/2026
ORD-20262515,2026-01-17,Ramon Santos,Rizal,Dasmarinas,Cavite,CALABARZON,Safeguard Soap Bar,Personal Care,11,28.0,308.0,Cash,Delivered,2026-01-25,17/01/2026
ORD-20262516,2026-02-09,Corazon Torres,Bagumbayan,Cebu City,Cebu,Central Visayas,555 Sardines,Noodles & Canned Goods,1,22.0,22.0,Cash,Delivered,2026-02-16,09/02/2026
ORD-20262517,2026-03-20,Josefina Santos,Rizal,Pasig,Metro Manila,NCR,555 Sardines,Noodles & Canned Goods,19,22.0,418.0,Cash,Delivered,2026-03-23,20/03/2026
ORD-20262518,2026-05-19,Pedro Garcia,Poblacion,Pasig,Metro Manila,NCR,Sterling Notebook,School & Office Supplies,11,18.0,198.0,GCash,Delivered,2026-05-25,19/05/2026
ORD-20262519,2026-01-17,Ricardo Bautista,Bagong Silang,Tagum,Davao del Norte,Davao Region,SkyFlakes Crackers,Snacks,9,15.0,135.0,COD,Delivered,2026-01-19,17/01/2026
ORD-20262520,2026-05-09,Jose Reyes,Rizal,Tagum,Davao del Norte,Davao Region,ILUV Ballpen,School & Office Supplies,10,10.0,100.0,Cash,Delivered,2026-05-15,09/05/2026
ORD-20262521,2026-04-17,Ramon Ocampo,Malinta,Davao City,Davao del Sur,Davao Region,Nescafe 3-in-1 Sachet,Beverages,1,8.0,8.0,Cash,Cancelled,,17/04/2026
ORD-20262522,2026-03-08,Antonio Bautista,Del Pilar,Tarlac City,Tarlac,Central Luzon,Palmolive Shampoo Sachet,Personal Care,7,6.0,42.0,Bank Transfer,Delivered,2026-03-16,08/03/2026
ORD-20262523,2026-03-13,Maria Castillo,San Antonio,Malolos,Bulacan,Central Luzon,Domex Toilet Cleaner,Household Care,12,55.0,660.0,GCash,Delivered,2026-03-18,13/03/2026
ORD-20262524,2026-05-16,Corazon Aquino,San Antonio,Tagum,Davao del Norte,Davao Region,Zonrox Bleach 500ml,Household Care,1,32.0,32.0,Cash,Delivered,2026-05-23,16/05/2026
ORD-20262525,2026-05-26,Ricardo Bautista,Bagong Silang,Tagum,Davao del Norte,Davao Region,Palmolive Shampoo Sachet,Personal Care,16,6.0,96.0,Bank Transfer,Delivered,2026-05-29,26/05/2026
ORD-20262526,2026-02-18,Pedro Garcia,Poblacion,Pasig,Metro Manila,NCR,ILUV Ballpen,School & Office Supplies,19,10.0,190.0,COD,Delivered,2026-02-28,18/02/2026
ORD-20262527,2026-06-28,Juan Villanueva,Rizal,Iloilo City,Iloilo,Western Visayas,Lucky Me Beef Sotanghon,Noodles & Canned Goods,10,13.0,130.0,Maya,Delivered,2026-06-29,28/06/2026
ORD-20262528,2026-06-29,Luz Torres,Rizal,Mandaue,Cebu,Central Visayas,Palmolive Shampoo Sachet,Personal Care,9,6.0,54.0,COD,Delivered,2026-07-08,29/06/2026
ORD-20262529,2026-03-30,Antonio Santos,Del Pilar,Iloilo City,Iloilo,Western Visayas,ILUV Ballpen,School & Office Supplies,14,10.0,140.0,Maya,Delivered,2026-03-31,30/03/2026
ORD-20262530,2026-05-09,Antonio Santos,San Isidro,Bacolod,Negros Occidental,Western Visayas,Milo Sachet,Beverages,18,9.0,162.0,GCash,Delivered,2026-05-18,09/05/2026
ORD-20262531,2026-05-31,Juan Torres,Poblacion,Pasig,Metro Manila,NCR,C2 Green Tea 500ml,Beverages,1,22.0,22.0,GCash,Delivered,2026-06-09,31/05/2026
ORD-20262532,2026-01-06,Jose Ocampo,Malinta,Dasmarinas,Cavite,CALABARZON,Boy Bawang 100g,Snacks,14,18.0,252.0,Maya,Delivered,2026-01-15,06/01/2026
ORD-20262533,2026-06-30,Fernando Pascual,Rizal,Quezon City,Metro Manila,NCR,Head & Shoulders Sachet,Personal Care,3,7.0,21.0,COD,Delivered,2026-07-10,30/06/2026
ORD-20262534,2026-04-21,Manuel Santos,Del Pilar,Mandaue,Cebu,Central Visayas,Colgate Toothpaste 75ml,Personal Care,19,45.0,855.0,COD,Delivered,2026-04-23,21/04/2026
ORD-20262535,2026-04-25,Antonio Aquino,Del Pilar,Dasmarinas,Cavite,CALABARZON,Safeguard Soap Bar,Personal Care,5,28.0,140.0,Cash,Delivered,2026-04-29,25/04/2026
ORD-20262536,2026-02-25,Pedro Torres,San Jose,Tarlac City,Tarlac,Central Luzon,Nova Multigrain 78g,Snacks,16,30.0,480.0,COD,Returned,2026-03-04,25/02/2026
ORD-20262537,2026-05-16,Fernando Villanueva,Bagumbayan,Bacolod,Negros Occidental,Western Visayas,Boy Bawang 100g,Snacks,11,18.0,198.0,COD,Pending,,16/05/2026
ORD-20262538,2026-06-04,Juan Del Rosario,Poblacion,Davao City,Davao del Sur,Davao Region,Domex Toilet Cleaner,Household Care,20,55.0,1100.0,Maya,Delivered,2026-06-10,04/06/2026
ORD-20262539,2026-03-18,Jose Ocampo,Bagumbayan,Mandaue,Cebu,Central Visayas,Joy Dishwashing Liquid 250ml,Household Care,1,38.0,38.0,Cash,Delivered,2026-03-26,18/03/2026
ORD-20262540,2026-06-14,Juan Villanueva,Rizal,Iloilo City,Iloilo,Western Visayas,Nescafe 3-in-1 Sachet,Beverages,8,8.0,64.0,Cash,Pending,,14/06/2026
ORD-20262541,2026-05-19,Carmen Mendoza,Santo Nino,Malolos,Bulacan,Central Luzon,Argentina Corned Beef,Noodles & Canned Goods,15,35.0,525.0,GCash,Delivered,2026-05-28,19/05/2026
ORD-20262542,2026-06-29,Juan Bautista,San Jose,Angeles City,Pampanga,Central Luzon,Domex Toilet Cleaner,Household Care,3,55.0,165.0,GCash,Cancelled,,29/06/2026
ORD-20262543,2026-03-31,Juan Villanueva,Rizal,Iloilo City,Iloilo,Western Visayas,Zonrox Bleach 500ml,Household Care,4,32.0,128.0,COD,Delivered,2026-04-04,31/03/2026
ORD-20262544,2026-05-09,Ana Del Rosario,Santo Nino,Manila,Metro Manila,NCR,Safeguard Soap Bar,Personal Care,20,28.0,560.0,Cash,Delivered,2026-05-14,09/05/2026
ORD-20262545,2026-02-04,Josefina Mendoza,San Antonio,Angeles City,Pampanga,Central Luzon,Sterling Notebook,School & Office Supplies,16,18.0,288.0,Cash,Returned,2026-02-08,04/02/2026
ORD-20262546,2026-04-02,Teresa Reyes,Poblacion,Calamba,Laguna,CALABARZON,ILUV Ballpen,School & Office Supplies,4,10.0,40.0,Maya,Cancelled,,02/04/2026
ORD-20262547,2026-04-23,Juan Villanueva,Rizal,Iloilo City,Iloilo,Western Visayas,Safeguard Soap Bar,Personal Care,18,28.0,504.0,Cash,Delivered,2026-05-02,23/04/2026
ORD-20262548,2026-05-20,Teresa Villanueva,Santo Nino,Malolos,Bulacan,Central Luzon,Domex Toilet Cleaner,Household Care,17,55.0,935.0,GCash,Pending,,20/05/2026
ORD-20262549,2026-02-12,Roberto Del Rosario,San Isidro,Malolos,Bulacan,Central Luzon,Nissin Cup Noodles,Noodles & Canned Goods,19,20.0,380.0,Cash,Delivered,2026-02-16,12/02/2026
ORD-20262550,2026-02-11,Jose Reyes,Bagumbayan,Quezon City,Metro Manila,NCR,C2 Green Tea 500ml,Beverages,20,22.0,440.0,GCash,Delivered,2026-02-19,11/02/2026
ORD-20262551,2026-05-21,Pedro Garcia,Poblacion,Pasig,Metro Manila,NCR,C2 Green Tea 500ml,Beverages,6,22.0,132.0,Cash,Delivered,2026-05-25,21/05/2026
ORD-20262552,2026-06-23,Eduardo Ocampo,San Antonio,Tagum,Davao del Norte,Davao Region,Nescafe 3-in-1 Sachet,Beverages,5,8.0,40.0,Cash,Delivered,2026-06-27,23/06/2026
ORD-20262553,2026-05-29,Carmen Pascual,Poblacion,Bacolod,Negros Occidental,Western Visayas,Piattos 85g,Snacks,20,32.0,640.0,COD,Delivered,2026-06-07,29/05/2026
ORD-20262554,2026-01-27,Jose Ocampo,Bagumbayan,Mandaue,Cebu,Central Visayas,Palmolive Shampoo Sachet,Personal Care,20,6.0,120.0,Maya,Pending,,27/01/2026
ORD-20262555,2026-03-23,Josefina Santos,Bagumbayan,Tagbilaran,Bohol,Central Visayas,C2 Green Tea 500ml,Beverages,2,22.0,44.0,Cash,Delivered,2026-03-28,23/03/2026
ORD-20262556,2026-02-06,Carmen Flores,Del Pilar,Tarlac City,Tarlac,Central Luzon,Domex Toilet Cleaner,Household Care,12,55.0,660.0,Cash,Returned,2026-02-09,06/02/2026
ORD-20262557,2026-01-09,Antonio Santos,San Isidro,Bacolod,Negros Occidental,Western Visayas,Argentina Corned Beef,Noodles & Canned Goods,7,35.0,245.0,GCash,Delivered,2026-01-19,09/01/2026
ORD-20262558,2026-03-30,Pedro Reyes,Bagumbayan,Tagum,Davao del Norte,Davao Region,Nova Multigrain 78g,Snacks,5,30.0,150.0,COD,Delivered,2026-04-07,30/03/2026
ORD-20262559,2026-03-17,Antonio Flores,Bagumbayan,Angeles City,Pampanga,Central Luzon,ILUV Ballpen,School & Office Supplies,4,10.0,40.0,Cash,Delivered,2026-03-24,17/03/2026
ORD-20262560,2026-02-02,Eduardo Del Rosario,Bagong Silang,Malolos,Bulacan,Central Luzon,Colgate Toothpaste 75ml,Personal Care,9,45.0,405.0,GCash,Delivered,2026-02-05,02/02/2026
ORD-20262561,2026-04-20,Teresa Pascual,Bagong Silang,Tagum,Davao del Norte,Davao Region,Zonrox Bleach 500ml,Household Care,3,32.0,96.0,Maya,Delivered,2026-04-24,20/04/2026
ORD-20262562,2026-05-12,Elena Cruz,Santo Nino,Angeles City,Pampanga,Central Luzon,Piattos 85g,Snacks,8,32.0,256.0,COD,Delivered,2026-05-19,12/05/2026
ORD-20262563,2026-05-12,Antonio Mendoza,San Isidro,Calamba,Laguna,CALABARZON,Joy Dishwashing Liquid 250ml,Household Care,5,38.0,190.0,Maya,Pending,,12/05/2026
ORD-20262564,2026-02-15,Fernando Pascual,Malinta,Malolos,Bulacan,Central Luzon,555 Sardines,Noodles & Canned Goods,13,22.0,286.0,Cash,Delivered,2026-02-17,15/02/2026
ORD-20262565,2026-05-08,Jose Flores,Bagumbayan,Bacolod,Negros Occidental,Western Visayas,Argentina Corned Beef,Noodles & Canned Goods,4,35.0,140.0,Cash,Delivered,2026-05-16,08/05/2026
ORD-20262566,2026-06-24,Maria Santos,Poblacion,Tagum,Davao del Norte,Davao Region,Safeguard Soap Bar,Personal Care,2,28.0,56.0,GCash,Delivered,2026-06-29,24/06/2026
ORD-20262567,2026-06-05,Roberto Santos,Del Pilar,Bacolod,Negros Occidental,Western Visayas,Nescafe 3-in-1 Sachet,Beverages,4,8.0,32.0,COD,Delivered,2026-06-15,05/06/2026
ORD-20262568,2026-03-21,Juan Flores,Rizal,Iloilo City,Iloilo,Western Visayas,Argentina Corned Beef,Noodles & Canned Goods,18,35.0,630.0,Cash,Delivered,2026-03-28,21/03/2026
ORD-20262569,2026-04-29,Roberto Bautista,San Jose,Calamba,Laguna,CALABARZON,Domex Toilet Cleaner,Household Care,4,55.0,220.0,Maya,Pending,,29/04/2026
ORD-20262570,2026-06-15,Rosa Del Rosario,Bagumbayan,Angeles City,Pampanga,Central Luzon,Argentina Corned Beef,Noodles & Canned Goods,1,35.0,35.0,COD,Delivered,2026-06-19,15/06/2026
ORD-20262571,2026-06-21,Eduardo Mendoza,San Isidro,Tagum,Davao del Norte,Davao Region,SkyFlakes Crackers,Snacks,5,15.0,75.0,Cash,Delivered,2026-06-22,21/06/2026
ORD-20262572,2026-02-23,Josefina Santos,Rizal,Pasig,Metro Manila,NCR,Sta. Maria Crayons,School & Office Supplies,3,40.0,120.0,COD,Delivered,2026-03-05,23/02/2026
ORD-20262573,2026-04-05,Cristina Pascual,Rizal,Davao City,Davao del Sur,Davao Region,Milo Sachet,Beverages,7,9.0,63.0,COD,Delivered,2026-04-09,05/04/2026
ORD-20262574,2026-05-07,Maria Castillo,Rizal,Tagum,Davao del Norte,Davao Region,Safeguard Soap Bar,Personal Care,8,28.0,224.0,Cash,Delivered,2026-05-12,07/05/2026
ORD-20262575,2026-01-23,Teresa Reyes,Poblacion,Calamba,Laguna,CALABARZON,Colgate Toothpaste 75ml,Personal Care,20,45.0,900.0,Cash,Delivered,2026-02-01,23/01/2026
ORD-20262576,2026-05-05,Maria Cruz,Santo Nino,Tagbilaran,Bohol,Central Visayas,Head & Shoulders Sachet,Personal Care,13,7.0,91.0,Cash,Delivered,2026-05-06,05/05/2026
ORD-20262577,2026-03-12,Manuel Mendoza,Poblacion,Tagbilaran,Bohol,Central Visayas,CDO Corned Beef,Noodles & Canned Goods,20,33.0,660.0,COD,Delivered,2026-03-15,12/03/2026
ORD-20262578,2026-02-27,Josefina Castillo,Poblacion,Tagbilaran,Bohol,Central Visayas,Head & Shoulders Sachet,Personal Care,5,7.0,35.0,Maya,Delivered,2026-03-06,27/02/2026
ORD-20262579,2026-01-11,Eduardo Garcia,Poblacion,Tarlac City,Tarlac,Central Luzon,Argentina Corned Beef,Noodles & Canned Goods,9,35.0,315.0,COD,Delivered,2026-01-12,11/01/2026
ORD-20262580,2026-05-02,Eduardo Mendoza,Bagong Silang,Batangas City,Batangas,CALABARZON,Nissin Cup Noodles,Noodles & Canned Goods,7,20.0,140.0,Cash,Delivered,2026-05-03,02/05/2026
ORD-20262581,2026-04-23,Corazon Bautista,Bagong Silang,Davao City,Davao del Sur,Davao Region,Joy Dishwashing Liquid 250ml,Household Care,12,38.0,456.0,Cash,Delivered,2026-04-25,23/04/2026
ORD-20262582,2026-03-28,Jose Ocampo,Malinta,Dasmarinas,Cavite,CALABARZON,Nova Multigrain 78g,Snacks,19,30.0,570.0,GCash,Cancelled,,28/03/2026
ORD-20262583,2026-01-05,Jose Del Rosario,Rizal,Tagbilaran,Bohol,Central Visayas,CDO Corned Beef,Noodles & Canned Goods,16,33.0,528.0,Maya,Delivered,2026-01-06,05/01/2026
ORD-20262584,2026-04-20,Jose Ocampo,Malinta,Dasmarinas,Cavite,CALABARZON,Palmolive Shampoo Sachet,Personal Care,7,6.0,42.0,COD,Delivered,2026-04-24,20/04/2026
ORD-20262585,2026-02-25,Teresa Reyes,Rizal,Iloilo City,Iloilo,Western Visayas,Yellow Pad Paper,School & Office Supplies,14,12.0,168.0,COD,Delivered,2026-02-28,25/02/2026
ORD-20262586,2026-01-19,Corazon Ramos,San Jose,Pasig,Metro Manila,NCR,Nescafe 3-in-1 Sachet,Beverages,3,8.0,24.0,GCash,Cancelled,,19/01/2026
ORD-20262587,2026-06-23,Pedro Garcia,Bagong Silang,Manila,Metro Manila,NCR,555 Sardines,Noodles & Canned Goods,6,22.0,132.0,GCash,Delivered,2026-07-03,23/06/2026
ORD-20262588,2026-03-03,Jose Castillo,Malinta,Bacolod,Negros Occidental,Western Visayas,Colgate Toothpaste 75ml,Personal Care,16,45.0,720.0,Bank Transfer,Pending,,03/03/2026
ORD-20262589,2026-03-07,Maria Santos,Bagumbayan,Bacolod,Negros Occidental,Western Visayas,Colgate Toothpaste 75ml,Personal Care,14,45.0,630.0,GCash,Delivered,2026-03-11,07/03/2026
ORD-20262590,2026-04-03,Cristina Flores,Del Pilar,Quezon City,Metro Manila,NCR,Lucky Me Pancit Canton Noodles,Noodles & Canned Goods,2,14.0,28.0,GCash,Delivered,2026-04-07,03/04/2026
ORD-20262591,2026-04-02,Fernando Mendoza,Santo Nino,Quezon City,Metro Manila,NCR,Coca-Cola 1.5L,Beverages,20,65.0,1300.0,GCash,Cancelled,,02/04/2026
ORD-20262592,2026-02-14,Antonio Mendoza,San Isidro,Calamba,Laguna,CALABARZON,Safeguard Soap Bar,Personal Care,13,28.0,364.0,Bank Transfer,Delivered,2026-02-19,14/02/2026
ORD-20262593,2026-01-26,Eduardo Del Rosario,Bagong Silang,Malolos,Bulacan,Central Luzon,Lucky Me Pancit Canton Noodles,Noodles & Canned Goods,20,14.0,280.0,COD,Delivered,2026-02-01,26/01/2026
ORD-20262594,2026-01-14,Maria Cruz,Santo Nino,Tagbilaran,Bohol,Central Visayas,Sterling Notebook,School & Office Supplies,17,18.0,306.0,Cash,Delivered,2026-01-19,14/01/2026
ORD-20262595,2026-02-19,Corazon Aquino,San Antonio,Tagum,Davao del Norte,Davao Region,Coca-Cola 1.5L,Beverages,17,65.0,1105.0,COD,Delivered,2026-02-23,19/02/2026
ORD-20262596,2026-05-23,Cristina Castillo,Santo Nino,Mandaue,Cebu,Central Visayas,Colgate Toothpaste 75ml,Personal Care,11,45.0,495.0,Maya,Delivered,2026-06-01,23/05/2026
ORD-20262597,2026-05-07,Jose Garcia,San Antonio,Malolos,Bulacan,Central Luzon,555 Sardines,Noodles & Canned Goods,13,22.0,286.0,Bank Transfer,Cancelled,,07/05/2026
ORD-20262598,2026-02-28,Pedro Ocampo,Santo Nino,Cebu City,Cebu,Central Visayas,Colgate Toothpaste 75ml,Personal Care,7,45.0,315.0,Cash,Delivered,2026-03-03,28/02/2026
ORD-20262599,2026-03-20,Ricardo Aquino,San Isidro,Cebu City,Cebu,Central Visayas,555 Sardines,Noodles & Canned Goods,19,22.0,418.0,COD,Delivered,2026-03-25,20/03/2026
ORD-20262600,2026-01-13,Fernando Pascual,Bagong Silang,Dasmarinas,Cavite,CALABARZON,Palmolive Shampoo Sachet,Personal Care,14,6.0,84.0,COD,Returned,2026-01-23,13/01/2026
ORD-20262601,2026-01-29,Manuel Flores,Poblacion,Dasmarinas,Cavite,CALABARZON,Domex Toilet Cleaner,Household Care,12,55.0,660.0,COD,Delivered,2026-02-02,29/01/2026
ORD-20262602,2026-01-16,Jose Reyes,Bagumbayan,Quezon City,Metro Manila,NCR,Sta. Maria Crayons,School & Office Supplies,14,40.0,560.0,Cash,Delivered,2026-01-17,16/01/2026
ORD-20262603,2026-03-31,Maria Cruz,Santo Nino,Tagbilaran,Bohol,Central Visayas,Lucky Me Pancit Canton Noodles,Noodles & Canned Goods,13,14.0,182.0,Cash,Delivered,2026-04-05,31/03/2026
ORD-20262604,2026-01-07,Jose Reyes,Rizal,Tagum,Davao del Norte,Davao Region,Colgate Toothpaste 75ml,Personal Care,5,45.0,225.0,Cash,Delivered,2026-01-11,07/01/2026
ORD-20262605,2026-03-16,Jose Castillo,Del Pilar,Malolos,Bulacan,Central Luzon,C2 Green Tea 500ml,Beverages,12,22.0,264.0,Cash,Cancelled,,16/03/2026
ORD-20262606,2026-05-22,Luz Aquino,Bagong Silang,Tarlac City,Tarlac,Central Luzon,SkyFlakes Crackers,Snacks,5,15.0,75.0,COD,Delivered,2026-05-24,22/05/2026
ORD-20262607,2026-06-14,Ana Mendoza,Del Pilar,Tagum,Davao del Norte,Davao Region,Milo Sachet,Beverages,17,9.0,153.0,GCash,Delivered,2026-06-18,14/06/2026
ORD-20262608,2026-02-08,Elena Villanueva,Poblacion,Malolos,Bulacan,Central Luzon,Argentina Corned Beef,Noodles & Canned Goods,17,35.0,595.0,Cash,Delivered,2026-02-11,08/02/2026
ORD-20262609,2026-02-25,Luz Pascual,Santo Nino,Cebu City,Cebu,Central Visayas,Nova Multigrain 78g,Snacks,6,30.0,180.0,Maya,Delivered,2026-03-04,25/02/2026
ORD-20262610,2026-01-18,Manuel Villanueva,Bagumbayan,Tagbilaran,Bohol,Central Visayas,Argentina Corned Beef,Noodles & Canned Goods,20,35.0,700.0,COD,Delivered,2026-01-26,18/01/2026
ORD-20262611,2026-04-04,Josefina Santos,Rizal,Pasig,Metro Manila,NCR,Sterling Notebook,School & Office Supplies,18,18.0,324.0,COD,Delivered,2026-04-11,04/04/2026
ORD-20262612,2026-05-11,Ramon Santos,Rizal,Dasmarinas,Cavite,CALABARZON,Lucky Me Pancit Canton Noodles,Noodles & Canned Goods,5,14.0,70.0,COD,Delivered,2026-05-19,11/05/2026
ORD-20262613,2026-03-21,Fernando Santos,San Antonio,Bacolod,Negros Occidental,Western Visayas,ILUV Ballpen,School & Office Supplies,12,10.0,120.0,Cash,Returned,2026-03-25,21/03/2026
ORD-20262614,2026-03-03,Antonio Mendoza,San Isidro,Calamba,Laguna,CALABARZON,Lucky Me Beef Sotanghon,Noodles & Canned Goods,14,13.0,182.0,COD,Delivered,2026-03-13,03/03/2026
ORD-20262615,2026-03-15,Elena Garcia,San Antonio,Mandaue,Cebu,Central Visayas,Yellow Pad Paper,School & Office Supplies,12,12.0,144.0,Cash,Delivered,2026-03-23,15/03/2026
ORD-20262616,2026-05-31,Pedro Cruz,San Antonio,Cebu City,Cebu,Central Visayas,SkyFlakes Crackers,Snacks,1,15.0,15.0,COD,Delivered,2026-06-03,31/05/2026
ORD-20262617,2026-04-13,Eduardo Garcia,Poblacion,Tarlac City,Tarlac,Central Luzon,555 Sardines,Noodles & Canned Goods,5,22.0,110.0,COD,Delivered,2026-04-20,13/04/2026
ORD-20262618,2026-03-19,Antonio Cruz,Bagumbayan,Mandaue,Cebu,Central Visayas,Head & Shoulders Sachet,Personal Care,1,7.0,7.0,COD,Delivered,2026-03-23,19/03/2026
ORD-20262619,2026-05-21,Eduardo Del Rosario,Bagong Silang,Malolos,Bulacan,Central Luzon,Sterling Notebook,School & Office Supplies,11,18.0,198.0,COD,Delivered,2026-05-31,21/05/2026
ORD-20262620,2026-05-15,Manuel Aquino,Malinta,Bacolod,Negros Occidental,Western Visayas,SkyFlakes Crackers,Snacks,17,15.0,255.0,Maya,Returned,2026-05-23,15/05/2026
ORD-20262621,2026-04-05,Fernando Garcia,Del Pilar,Iloilo City,Iloilo,Western Visayas,C2 Green Tea 500ml,Beverages,18,22.0,396.0,COD,Delivered,2026-04-08,05/04/2026
ORD-20262622,2026-04-12,Roberto Torres,Del Pilar,Tarlac City,Tarlac,Central Luzon,Nescafe 3-in-1 Sachet,Beverages,15,8.0,120.0,COD,Delivered,2026-04-16,12/04/2026
ORD-20262623,2026-05-24,Manuel Santos,Del Pilar,Tagum,Davao del Norte,Davao Region,ILUV Ballpen,School & Office Supplies,8,10.0,80.0,Cash,Delivered,2026-06-03,24/05/2026
ORD-20262624,2026-01-19,Luz Cruz,San Antonio,Makati,Metro Manila,NCR,Surf Powder Sachet,Household Care,1,8.0,8.0,Cash,Delivered,2026-01-24,19/01/2026
ORD-20262625,2026-01-31,Josefina Pascual,Poblacion,Manila,Metro Manila,NCR,Boy Bawang 100g,Snacks,14,18.0,252.0,Cash,Delivered,2026-02-06,31/01/2026
ORD-20262626,2026-02-20,Carmen Flores,Del Pilar,Tarlac City,Tarlac,Central Luzon,Lucky Me Pancit Canton Noodles,Noodles & Canned Goods,2,14.0,28.0,COD,Delivered,2026-02-24,20/02/2026
ORD-20262627,2026-01-22,Maria Bautista,San Antonio,Mandaue,Cebu,Central Visayas,Palmolive Shampoo Sachet,Personal Care,6,6.0,36.0,COD,Delivered,2026-02-01,22/01/2026
ORD-20262628,2026-04-03,Manuel Mendoza,Poblacion,Tagbilaran,Bohol,Central Visayas,Safeguard Soap Bar,Personal Care,8,28.0,224.0,Cash,Delivered,2026-04-04,03/04/2026
ORD-20262629,2026-06-09,Roberto Ocampo,San Isidro,Iloilo City,Iloilo,Western Visayas,Palmolive Shampoo Sachet,Personal Care,9,6.0,54.0,GCash,Pending,,09/06/2026
ORD-20262630,2026-01-04,Teresa Pascual,Bagong Silang,Tagum,Davao del Norte,Davao Region,Colgate Toothpaste 75ml,Personal Care,5,45.0,225.0,GCash,Cancelled,,04/01/2026
ORD-20262631,2026-04-10,Ramon Mendoza,San Jose,Tagum,Davao del Norte,Davao Region,555 Sardines,Noodles & Canned Goods,12,22.0,264.0,Maya,Pending,,10/04/2026
ORD-20262632,2026-04-10,Maria Villanueva,Bagong Silang,Malolos,Bulacan,Central Luzon,Colgate Toothpaste 75ml,Personal Care,1,45.0,45.0,Cash,Delivered,2026-04-12,10/04/2026
ORD-20262633,2026-06-15,Pedro Torres,San Jose,Tarlac City,Tarlac,Central Luzon,Coca-Cola 1.5L,Beverages,6,65.0,390.0,GCash,Delivered,2026-06-24,15/06/2026
ORD-20262634,2026-03-31,Josefina Castillo,Poblacion,Tagbilaran,Bohol,Central Visayas,Palmolive Shampoo Sachet,Personal Care,13,6.0,78.0,COD,Delivered,2026-04-01,31/03/2026
ORD-20262635,2026-06-04,Ana Torres,San Antonio,Pasig,Metro Manila,NCR,C2 Green Tea 500ml,Beverages,20,22.0,440.0,COD,Cancelled,,04/06/2026
ORD-20262636,2026-01-07,Roberto Bautista,Del Pilar,Tagum,Davao del Norte,Davao Region,Nova Multigrain 78g,Snacks,6,30.0,180.0,Maya,Pending,,07/01/2026
ORD-20262637,2026-04-19,Cristina Santos,Poblacion,Makati,Metro Manila,NCR,Head & Shoulders Sachet,Personal Care,4,7.0,28.0,Maya,Delivered,2026-04-28,19/04/2026
ORD-20262638,2026-06-20,Juan Del Rosario,Poblacion,Davao City,Davao del Sur,Davao Region,Argentina Corned Beef,Noodles & Canned Goods,13,35.0,455.0,COD,Delivered,2026-06-30,20/06/2026
ORD-20262639,2026-06-03,Antonio Bautista,Del Pilar,Tarlac City,Tarlac,Central Luzon,Sta. Maria Crayons,School & Office Supplies,13,40.0,520.0,Cash,Cancelled,,03/06/2026
ORD-20262640,2026-05-18,Ana Flores,Poblacion,Tagum,Davao del Norte,Davao Region,555 Sardines,Noodles & Canned Goods,2,22.0,44.0,Bank Transfer,Delivered,2026-05-20,18/05/2026
ORD-20262641,2026-06-08,Antonio Cruz,Bagumbayan,Mandaue,Cebu,Central Visayas,Nissin Cup Noodles,Noodles & Canned Goods,14,20.0,280.0,Cash,Delivered,2026-06-11,08/06/2026
ORD-20262642,2026-03-04,Rosa Del Rosario,Bagumbayan,Pasig,Metro Manila,NCR,555 Sardines,Noodles & Canned Goods,17,22.0,374.0,Bank Transfer,Delivered,2026-03-12,04/03/2026
ORD-20262643,2026-05-10,Ramon Ocampo,Malinta,Davao City,Davao del Sur,Davao Region,Boy Bawang 100g,Snacks,7,18.0,126.0,GCash,Delivered,2026-05-20,10/05/2026
ORD-20262644,2026-01-04,Elena Cruz,Santo Nino,Angeles City,Pampanga,Central Luzon,Sta. Maria Crayons,School & Office Supplies,16,40.0,640.0,Cash,Delivered,2026-01-10,04/01/2026
ORD-20262645,2026-05-04,Pedro Pascual,San Isidro,Manila,Metro Manila,NCR,Nissin Cup Noodles,Noodles & Canned Goods,2,20.0,40.0,COD,Delivered,2026-05-11,04/05/2026
ORD-20262646,2026-01-13,Pedro Del Rosario,Rizal,Pasig,Metro Manila,NCR,Coca-Cola 1.5L,Beverages,1,65.0,65.0,Maya,Delivered,2026-01-23,13/01/2026
ORD-20262647,2026-03-20,Luz Castillo,Bagumbayan,Calamba,Laguna,CALABARZON,SkyFlakes Crackers,Snacks,8,15.0,120.0,COD,Returned,2026-03-23,20/03/2026
ORD-20262648,2026-06-10,Elena Garcia,Poblacion,Davao City,Davao del Sur,Davao Region,Surf Powder Sachet,Household Care,18,8.0,144.0,Cash,Pending,,10/06/2026
ORD-20262649,2026-01-24,Josefina Reyes,Poblacion,Dasmarinas,Cavite,CALABARZON,Nissin Cup Noodles,Noodles & Canned Goods,5,20.0,100.0,GCash,Delivered,2026-01-25,24/01/2026
ORD-20262650,2026-05-02,Antonio Santos,Del Pilar,Iloilo City,Iloilo,Western Visayas,Palmolive Shampoo Sachet,Personal Care,3,6.0,18.0,COD,Delivered,2026-05-03,02/05/2026
ORD-20262651,2026-01-24,Luz Aquino,Bagong Silang,Tarlac City,Tarlac,Central Luzon,Colgate Toothpaste 75ml,Personal Care,17,45.0,765.0,GCash,Delivered,2026-02-01,24/01/2026
ORD-20262652,2026-01-06,Elena Aquino,Santo Nino,Bacolod,Negros Occidental,Western Visayas,Nova Multigrain 78g,Snacks,11,30.0,330.0,Bank Transfer,Delivered,2026-01-08,06/01/2026
ORD-20262653,2026-03-21,Fernando Santos,San Antonio,Bacolod,Negros Occidental,Western Visayas,CDO Corned Beef,Noodles & Canned Goods,10,33.0,330.0,COD,Delivered,2026-03-27,21/03/2026
ORD-20262654,2026-04-14,Elena Garcia,San Antonio,Mandaue,Cebu,Central Visayas,Milo Sachet,Beverages,20,9.0,180.0,GCash,Delivered,2026-04-21,14/04/2026
ORD-20262655,2026-04-18,Teresa Pascual,Bagong Silang,Tagum,Davao del Norte,Davao Region,Lucky Me Pancit Canton Noodles,Noodles & Canned Goods,6,14.0,84.0,GCash,Delivered,2026-04-25,18/04/2026
ORD-20262656,2026-04-30,Eduardo Bautista,San Jose,Cebu City,Cebu,Central Visayas,Colgate Toothpaste 75ml,Personal Care,17,45.0,765.0,COD,Delivered,2026-05-09,30/04/2026
ORD-20262657,2026-03-21,Corazon Bautista,Bagumbayan,Bacolod,Negros Occidental,Western Visayas,Piattos 85g,Snacks,8,32.0,256.0,GCash,Delivered,2026-03-26,21/03/2026
ORD-20262658,2026-04-06,Ricardo Flores,San Jose,Tagbilaran,Bohol,Central Visayas,Domex Toilet Cleaner,Household Care,18,55.0,990.0,GCash,Delivered,2026-04-11,06/04/2026
ORD-20262659,2026-01-03,Rosa Aquino,Bagumbayan,Pasig,Metro Manila,NCR,Palmolive Shampoo Sachet,Personal Care,18,6.0,108.0,GCash,Cancelled,,03/01/2026
ORD-20262660,2026-03-26,Pedro Garcia,Bagong Silang,Manila,Metro Manila,NCR,555 Sardines,Noodles & Canned Goods,19,22.0,418.0,COD,Delivered,2026-04-01,26/03/2026
ORD-20262661,2026-05-20,Juan Del Rosario,Poblacion,Davao City,Davao del Sur,Davao Region,Milo Sachet,Beverages,6,9.0,54.0,Cash,Returned,2026-05-30,20/05/2026
ORD-20262662,2026-04-29,Pedro Reyes,Poblacion,Tarlac City,Tarlac,Central Luzon,ILUV Ballpen,School & Office Supplies,17,10.0,170.0,COD,Delivered,2026-05-09,29/04/2026
ORD-20262663,2026-06-11,Maria Cruz,Santo Nino,Tagbilaran,Bohol,Central Visayas,Coca-Cola 1.5L,Beverages,2,65.0,130.0,COD,Cancelled,,11/06/2026
ORD-20262664,2026-03-16,Ana Villanueva,San Antonio,Tarlac City,Tarlac,Central Luzon,Lucky Me Beef Sotanghon,Noodles & Canned Goods,10,13.0,130.0,COD,Delivered,2026-03-18,16/03/2026
ORD-20262665,2026-01-04,Josefina Santos,Bagumbayan,Tagbilaran,Bohol,Central Visayas,CDO Corned Beef,Noodles & Canned Goods,10,33.0,330.0,COD,Delivered,2026-01-14,04/01/2026
ORD-20262666,2026-01-27,Pedro Garcia,Bagong Silang,Manila,Metro Manila,NCR,Domex Toilet Cleaner,Household Care,16,55.0,880.0,Cash,Delivered,2026-02-04,27/01/2026
ORD-20262667,2026-04-09,Ramon Ocampo,Malinta,Davao City,Davao del Sur,Davao Region,Head & Shoulders Sachet,Personal Care,19,7.0,133.0,COD,Delivered,2026-04-13,09/04/2026
ORD-20262668,2026-01-21,Teresa Pascual,Bagong Silang,Tagum,Davao del Norte,Davao Region,Coca-Cola 1.5L,Beverages,17,65.0,1105.0,Cash,Delivered,2026-01-29,21/01/2026
ORD-20262669,2026-04-24,Fernando Ocampo,Del Pilar,Tagum,Davao del Norte,Davao Region,Joy Dishwashing Liquid 250ml,Household Care,20,38.0,760.0,GCash,Cancelled,,24/04/2026
ORD-20262670,2026-01-18,Luz Castillo,Bagumbayan,Calamba,Laguna,CALABARZON,Sta. Maria Crayons,School & Office Supplies,8,40.0,320.0,Cash,Pending,,18/01/2026
ORD-20262671,2026-06-12,Eduardo Del Rosario,Bagong Silang,Malolos,Bulacan,Central Luzon,SkyFlakes Crackers,Snacks,16,15.0,240.0,COD,Delivered,2026-06-20,12/06/2026
ORD-20262672,2026-05-02,Cristina Torres,San Antonio,Quezon City,Metro Manila,NCR,Lucky Me Beef Sotanghon,Noodles & Canned Goods,20,13.0,260.0,GCash,Delivered,2026-05-10,02/05/2026
ORD-20262673,2026-01-21,Fernando Garcia,Bagong Silang,Tagbilaran,Bohol,Central Visayas,Palmolive Shampoo Sachet,Personal Care,6,6.0,36.0,COD,Cancelled,,21/01/2026
ORD-20262674,2026-05-14,Elena Torres,San Jose,Angeles City,Pampanga,Central Luzon,Domex Toilet Cleaner,Household Care,18,55.0,990.0,GCash,Delivered,2026-05-19,14/05/2026
ORD-20262675,2026-05-05,Teresa Castillo,Bagumbayan,Batangas City,Batangas,CALABARZON,Yellow Pad Paper,School & Office Supplies,1,12.0,12.0,Maya,Delivered,2026-05-13,05/05/2026
ORD-20262676,2026-05-22,Juan Flores,Rizal,Iloilo City,Iloilo,Western Visayas,ILUV Ballpen,School & Office Supplies,13,10.0,130.0,COD,Returned,2026-05-30,22/05/2026
ORD-20262677,2026-05-17,Cristina Santos,Poblacion,Makati,Metro Manila,NCR,555 Sardines,Noodles & Canned Goods,8,22.0,176.0,GCash,Delivered,2026-05-23,17/05/2026
ORD-20262678,2026-03-20,Josefina Santos,Bagumbayan,Tagbilaran,Bohol,Central Visayas,Surf Powder Sachet,Household Care,1,8.0,8.0,GCash,Pending,,20/03/2026
ORD-20262679,2026-03-06,Roberto Torres,Del Pilar,Tarlac City,Tarlac,Central Luzon,Palmolive Shampoo Sachet,Personal Care,8,6.0,48.0,COD,Returned,2026-03-08,06/03/2026
ORD-20262680,2026-03-10,Ricardo Pascual,Santo Nino,Tarlac City,Tarlac,Central Luzon,Nova Multigrain 78g,Snacks,8,30.0,240.0,GCash,Cancelled,,10/03/2026
ORD-20262681,2026-03-19,Cristina Torres,San Antonio,Quezon City,Metro Manila,NCR,Sta. Maria Crayons,School & Office Supplies,14,40.0,560.0,GCash,Delivered,2026-03-28,19/03/2026
ORD-20262682,2026-03-20,Pedro Reyes,Poblacion,Tarlac City,Tarlac,Central Luzon,Nova Multigrain 78g,Snacks,10,30.0,300.0,Bank Transfer,Pending,,20/03/2026
ORD-20262683,2026-03-05,Ricardo Cruz,San Antonio,Manila,Metro Manila,NCR,CDO Corned Beef,Noodles & Canned Goods,17,33.0,561.0,Cash,Delivered,2026-03-07,05/03/2026
ORD-20262684,2026-03-03,Jose Reyes,Rizal,Tagum,Davao del Norte,Davao Region,Lucky Me Beef Sotanghon,Noodles & Canned Goods,20,13.0,260.0,GCash,Delivered,2026-03-04,03/03/2026
ORD-20262685,2026-02-05,Pedro Pascual,San Isidro,Manila,Metro Manila,NCR,555 Sardines,Noodles & Canned Goods,6,22.0,132.0,Bank Transfer,Delivered,2026-02-15,05/02/2026
ORD-20262686,2026-01-08,Antonio Cruz,Bagumbayan,Mandaue,Cebu,Central Visayas,Nissin Cup Noodles,Noodles & Canned Goods,10,20.0,200.0,Cash,Delivered,2026-01-09,08/01/2026
ORD-20262687,2026-02-10,Cristina Santos,Poblacion,Makati,Metro Manila,NCR,Milo Sachet,Beverages,14,9.0,126.0,Maya,Delivered,2026-02-15,10/02/2026
ORD-20262688,2026-06-03,Pedro Ocampo,San Isidro,Manila,Metro Manila,NCR,Domex Toilet Cleaner,Household Care,10,55.0,550.0,COD,Delivered,2026-06-11,03/06/2026
ORD-20262689,2026-03-14,Cristina Garcia,Del Pilar,Dasmarinas,Cavite,CALABARZON,Lucky Me Beef Sotanghon,Noodles & Canned Goods,18,13.0,234.0,COD,Returned,2026-03-22,14/03/2026
ORD-20262690,2026-05-31,Teresa Santos,Del Pilar,Davao City,Davao del Sur,Davao Region,Nissin Cup Noodles,Noodles & Canned Goods,8,20.0,160.0,GCash,Delivered,2026-06-08,31/05/2026
ORD-20262691,2026-06-30,Josefina Mendoza,San Antonio,Angeles City,Pampanga,Central Luzon,CDO Corned Beef,Noodles & Canned Goods,13,33.0,429.0,GCash,Pending,,30/06/2026
ORD-20262692,2026-05-25,Juan Villanueva,Bagumbayan,Pasig,Metro Manila,NCR,C2 Green Tea 500ml,Beverages,2,22.0,44.0,Cash,Cancelled,,25/05/2026
ORD-20262693,2026-01-10,Ana Cruz,Poblacion,Quezon City,Metro Manila,NCR,CDO Corned Beef,Noodles & Canned Goods,5,33.0,165.0,Maya,Delivered,2026-01-17,10/01/2026
ORD-20262694,2026-05-29,Elena Aquino,Santo Nino,Bacolod,Negros Occidental,Western Visayas,SkyFlakes Crackers,Snacks,7,15.0,105.0,Cash,Returned,2026-06-05,29/05/2026
ORD-20262695,2026-06-27,Ana Torres,San Antonio,Pasig,Metro Manila,NCR,Zonrox Bleach 500ml,Household Care,13,32.0,416.0,GCash,Delivered,2026-07-07,27/06/2026
ORD-20262696,2026-03-13,Ramon Ocampo,Malinta,Davao City,Davao del Sur,Davao Region,Lucky Me Pancit Canton Noodles,Noodles & Canned Goods,17,14.0,238.0,Maya,Delivered,2026-03-15,13/03/2026
ORD-20262697,2026-05-18,Manuel Reyes,Rizal,Quezon City,Metro Manila,NCR,SkyFlakes Crackers,Snacks,20,15.0,300.0,GCash,Delivered,2026-05-19,18/05/2026
ORD-20262698,2026-06-20,Josefina Bautista,Malinta,Calamba,Laguna,CALABARZON,Palmolive Shampoo Sachet,Personal Care,15,6.0,90.0,GCash,Delivered,2026-06-21,20/06/2026
ORD-20262699,2026-06-12,Teresa Pascual,Bagong Silang,Tagum,Davao del Norte,Davao Region,Palmolive Shampoo Sachet,Personal Care,10,6.0,60.0,Cash,Delivered,2026-06-17,12/06/2026
ORD-20262700,2026-01-15,Ana Flores,Poblacion,Tagum,Davao del Norte,Davao Region,Surf Powder Sachet,Household Care,20,8.0,160.0,GCash,Delivered,2026-01-17,15/01/2026
ORD-20262701,2026-05-03,Fernando Pascual,Rizal,Quezon City,Metro Manila,NCR,Lucky Me Pancit Canton Noodles,Noodles & Canned Goods,16,14.0,224.0,GCash,Delivered,2026-05-08,03/05/2026
ORD-20262702,2026-06-18,Eduardo Del Rosario,Bagong Silang,Malolos,Bulacan,Central Luzon,Domex Toilet Cleaner,Household Care,4,55.0,220.0,Maya,Pending,,18/06/2026
ORD-20262703,2026-02-22,Pedro Pascual,San Isidro,Manila,Metro Manila,NCR,Colgate Toothpaste 75ml,Personal Care,6,45.0,270.0,GCash,Delivered,2026-03-03,22/02/2026
ORD-20262704,2026-03-03,Rosa Del Rosario,Bagumbayan,Angeles City,Pampanga,Central Luzon,Head & Shoulders Sachet,Personal Care,6,7.0,42.0,COD,Cancelled,,03/03/2026
ORD-20262705,2026-03-30,Cristina Flores,Del Pilar,Quezon City,Metro Manila,NCR,Yellow Pad Paper,School & Office Supplies,20,12.0,240.0,Maya,Delivered,2026-04-06,30/03/2026
ORD-20262706,2026-06-24,Roberto Flores,Malinta,Dasmarinas,Cavite,CALABARZON,Safeguard Soap Bar,Personal Care,12,28.0,336.0,Cash,Cancelled,,24/06/2026
ORD-20262707,2026-02-02,Ricardo Cruz,San Isidro,Calamba,Laguna,CALABARZON,Joy Dishwashing Liquid 250ml,Household Care,2,38.0,76.0,COD,Delivered,2026-02-05,02/02/2026
ORD-20262708,2026-01-08,Corazon Villanueva,San Jose,Makati,Metro Manila,NCR,Zonrox Bleach 500ml,Household Care,12,32.0,384.0,Cash,Delivered,2026-01-17,08/01/2026
ORD-20262709,2026-03-24,Rosa Del Rosario,Bagumbayan,Pasig,Metro Manila,NCR,Nova Multigrain 78g,Snacks,17,30.0,510.0,COD,Cancelled,,24/03/2026
ORD-20262710,2026-05-01,Pedro Garcia,Poblacion,Pasig,Metro Manila,NCR,Milo Sachet,Beverages,8,9.0,72.0,Maya,Delivered,2026-05-07,01/05/2026
ORD-20262711,2026-02-08,Corazon Torres,Bagumbayan,Cebu City,Cebu,Central Visayas,CDO Corned Beef,Noodles & Canned Goods,2,33.0,66.0,COD,Delivered,2026-02-12,08/02/2026
ORD-20262712,2026-05-02,Eduardo Garcia,Poblacion,Tarlac City,Tarlac,Central Luzon,Head & Shoulders Sachet,Personal Care,17,7.0,119.0,Cash,Delivered,2026-05-07,02/05/2026
ORD-20262713,2026-02-27,Maria Castillo,San Antonio,Malolos,Bulacan,Central Luzon,Milo Sachet,Beverages,15,9.0,135.0,Cash,Cancelled,,27/02/2026
ORD-20262714,2026-01-01,Cristina Castillo,Santo Nino,Mandaue,Cebu,Central Visayas,Colgate Toothpaste 75ml,Personal Care,19,45.0,855.0,COD,Returned,2026-01-07,01/01/2026
ORD-20262715,2026-02-21,Manuel Flores,Poblacion,Dasmarinas,Cavite,CALABARZON,Lucky Me Pancit Canton Noodles,Noodles & Canned Goods,1,14.0,14.0,COD,Delivered,2026-02-22,21/02/2026
ORD-20262716,2026-02-10,Jose Ocampo,Malinta,Dasmarinas,Cavite,CALABARZON,Coca-Cola 1.5L,Beverages,5,65.0,325.0,GCash,Cancelled,,10/02/2026
ORD-20262717,2026-04-24,Josefina Mendoza,San Antonio,Angeles City,Pampanga,Central Luzon,555 Sardines,Noodles & Canned Goods,15,22.0,330.0,Cash,Delivered,2026-04-29,24/04/2026
ORD-20262718,2026-05-10,Josefina Reyes,Poblacion,Dasmarinas,Cavite,CALABARZON,Lucky Me Beef Sotanghon,Noodles & Canned Goods,12,13.0,156.0,Cash,Delivered,2026-05-20,10/05/2026
ORD-20262719,2026-06-29,Roberto Bautista,San Jose,Calamba,Laguna,CALABARZON,Palmolive Shampoo Sachet,Personal Care,12,6.0,72.0,GCash,Cancelled,,29/06/2026
ORD-20262720,2026-02-16,Ana Ramos,Bagumbayan,Tarlac City,Tarlac,Central Luzon,Surf Powder Sachet,Household Care,2,8.0,16.0,Cash,Cancelled,,16/02/2026
ORD-20262721,2026-01-05,Pedro Torres,San Isidro,Dasmarinas,Cavite,CALABARZON,Joy Dishwashing Liquid 250ml,Household Care,8,38.0,304.0,COD,Delivered,2026-01-11,05/01/2026
ORD-20262722,2026-06-13,Cristina Ocampo,Rizal,Mandaue,Cebu,Central Visayas,Lucky Me Beef Sotanghon,Noodles & Canned Goods,7,13.0,91.0,COD,Delivered,2026-06-17,13/06/2026
ORD-20262723,2026-04-10,Pedro Torres,Bagong Silang,Cebu City,Cebu,Central Visayas,Joy Dishwashing Liquid 250ml,Household Care,2,38.0,76.0,Cash,Delivered,2026-04-17,10/04/2026
ORD-20262724,2026-04-29,Carmen Villanueva,San Antonio,Tarlac City,Tarlac,Central Luzon,Nissin Cup Noodles,Noodles & Canned Goods,10,20.0,200.0,Bank Transfer,Cancelled,,29/04/2026
ORD-20262725,2026-06-16,Eduardo Aquino,Bagong Silang,Tarlac City,Tarlac,Central Luzon,Colgate Toothpaste 75ml,Personal Care,8,45.0,360.0,Cash,Pending,,16/06/2026
ORD-20262726,2026-03-12,Jose Torres,San Antonio,Dasmarinas,Cavite,CALABARZON,Nissin Cup Noodles,Noodles & Canned Goods,13,20.0,260.0,COD,Delivered,2026-03-14,12/03/2026
ORD-20262727,2026-06-04,Teresa Castillo,Bagumbayan,Batangas City,Batangas,CALABARZON,SkyFlakes Crackers,Snacks,1,15.0,15.0,Cash,Delivered,2026-06-12,04/06/2026
ORD-20262728,2026-06-24,Ramon Mendoza,San Jose,Tagum,Davao del Norte,Davao Region,CDO Corned Beef,Noodles & Canned Goods,2,33.0,66.0,Cash,Returned,2026-06-26,24/06/2026
ORD-20262729,2026-01-19,Luz Cruz,San Antonio,Makati,Metro Manila,NCR,Piattos 85g,Snacks,11,32.0,352.0,COD,Cancelled,,19/01/2026
ORD-20262730,2026-06-17,Luz Reyes,Poblacion,Dasmarinas,Cavite,CALABARZON,Nova Multigrain 78g,Snacks,17,30.0,510.0,Bank Transfer,Delivered,2026-06-27,17/06/2026
ORD-20262731,2026-04-21,Corazon Villanueva,Rizal,Angeles City,Pampanga,Central Luzon,Nescafe 3-in-1 Sachet,Beverages,17,8.0,136.0,COD,Delivered,2026-04-22,21/04/2026
ORD-20262732,2026-03-23,Jose Flores,Bagumbayan,Bacolod,Negros Occidental,Western Visayas,Yellow Pad Paper,School & Office Supplies,19,12.0,228.0,Cash,Cancelled,,23/03/2026
ORD-20262733,2026-01-07,Ana Torres,San Antonio,Pasig,Metro Manila,NCR,Piattos 85g,Snacks,7,32.0,224.0,COD,Delivered,2026-01-12,07/01/2026
ORD-20262734,2026-05-01,Elena Garcia,Poblacion,Davao City,Davao del Sur,Davao Region,Nescafe 3-in-1 Sachet,Beverages,11,8.0,88.0,GCash,Returned,2026-05-06,01/05/2026
ORD-20262735,2026-05-02,Elena Ramos,Malinta,Tarlac City,Tarlac,Central Luzon,Argentina Corned Beef,Noodles & Canned Goods,11,35.0,385.0,COD,Delivered,2026-05-03,02/05/2026
ORD-20262736,2026-04-02,Eduardo Mendoza,Bagong Silang,Batangas City,Batangas,CALABARZON,Lucky Me Beef Sotanghon,Noodles & Canned Goods,16,13.0,208.0,Cash,Delivered,2026-04-07,02/04/2026
ORD-20262737,2026-04-01,Corazon Villanueva,Rizal,Angeles City,Pampanga,Central Luzon,Lucky Me Pancit Canton Noodles,Noodles & Canned Goods,14,14.0,196.0,GCash,Delivered,2026-04-02,01/04/2026
ORD-20262738,2026-06-12,Josefina Pascual,Poblacion,Manila,Metro Manila,NCR,Safeguard Soap Bar,Personal Care,1,28.0,28.0,Cash,Delivered,2026-06-20,12/06/2026
ORD-20262739,2026-05-21,Ricardo Flores,San Jose,Tagbilaran,Bohol,Central Visayas,Nescafe 3-in-1 Sachet,Beverages,7,8.0,56.0,COD,Delivered,2026-05-28,21/05/2026
ORD-20262740,2026-05-31,Rosa Castillo,San Antonio,Angeles City,Pampanga,Central Luzon,Nova Multigrain 78g,Snacks,4,30.0,120.0,COD,Returned,2026-06-07,31/05/2026
ORD-20262741,2026-04-06,Antonio Flores,Del Pilar,Manila,Metro Manila,NCR,Zonrox Bleach 500ml,Household Care,15,32.0,480.0,GCash,Cancelled,,06/04/2026
ORD-20262742,2026-04-06,Ramon Ocampo,Malinta,Davao City,Davao del Sur,Davao Region,Head & Shoulders Sachet,Personal Care,4,7.0,28.0,Cash,Delivered,2026-04-09,06/04/2026
ORD-20262743,2026-01-03,Jose Del Rosario,Rizal,Tagbilaran,Bohol,Central Visayas,Palmolive Shampoo Sachet,Personal Care,5,6.0,30.0,COD,Cancelled,,03/01/2026
ORD-20262744,2026-06-04,Pedro Torres,Bagong Silang,Cebu City,Cebu,Central Visayas,Boy Bawang 100g,Snacks,16,18.0,288.0,COD,Cancelled,,04/06/2026
ORD-20262745,2026-02-01,Teresa Torres,San Antonio,Tagum,Davao del Norte,Davao Region,Yellow Pad Paper,School & Office Supplies,15,12.0,180.0,GCash,Delivered,2026-02-04,01/02/2026
ORD-20262746,2026-05-31,Teresa Reyes,Rizal,Iloilo City,Iloilo,Western Visayas,Zonrox Bleach 500ml,Household Care,15,32.0,480.0,GCash,Delivered,2026-06-01,31/05/2026
ORD-20262747,2026-06-29,Carmen Flores,Del Pilar,Tarlac City,Tarlac,Central Luzon,Safeguard Soap Bar,Personal Care,15,28.0,420.0,Cash,Pending,,29/06/2026
ORD-20262748,2026-01-10,Ricardo Cruz,San Isidro,Calamba,Laguna,CALABARZON,Yellow Pad Paper,School & Office Supplies,9,12.0,108.0,Cash,Delivered,2026-01-18,10/01/2026
ORD-20262749,2026-04-18,Ana Ramos,San Antonio,Malolos,Bulacan,Central Luzon,Yellow Pad Paper,School & Office Supplies,10,12.0,120.0,Cash,Returned,2026-04-27,18/04/2026
ORD-20262750,2026-04-18,Fernando Garcia,Del Pilar,Iloilo City,Iloilo,Western Visayas,Palmolive Shampoo Sachet,Personal Care,12,6.0,72.0,GCash,Delivered,2026-04-28,18/04/2026
ORD-20262751,2026-01-17,Eduardo Bautista,San Jose,Cebu City,Cebu,Central Visayas,Safeguard Soap Bar,Personal Care,6,28.0,168.0,Cash,Delivered,2026-01-21,17/01/2026
ORD-20262752,2026-03-14,Jose Castillo,Del Pilar,Malolos,Bulacan,Central Luzon,Piattos 85g,Snacks,14,32.0,448.0,Cash,Delivered,2026-03-20,14/03/2026
ORD-20262753,2026-02-24,Carmen Mendoza,Santo Nino,Malolos,Bulacan,Central Luzon,555 Sardines,Noodles & Canned Goods,8,22.0,176.0,Cash,Delivered,2026-03-02,24/02/2026
ORD-20262754,2026-04-19,Pedro Garcia,Bagong Silang,Manila,Metro Manila,NCR,Colgate Toothpaste 75ml,Personal Care,20,45.0,900.0,Cash,Cancelled,,19/04/2026
ORD-20262755,2026-03-15,Teresa Villanueva,San Antonio,Iloilo City,Iloilo,Western Visayas,Safeguard Soap Bar,Personal Care,12,28.0,336.0,COD,Delivered,2026-03-24,15/03/2026
ORD-20262756,2026-05-29,Corazon Aquino,San Antonio,Tagum,Davao del Norte,Davao Region,Nova Multigrain 78g,Snacks,11,30.0,330.0,COD,Cancelled,,29/05/2026
ORD-20262757,2026-01-15,Maria Santos,Poblacion,Tagum,Davao del Norte,Davao Region,Lucky Me Beef Sotanghon,Noodles & Canned Goods,19,13.0,247.0,Cash,Returned,2026-01-18,15/01/2026
ORD-20262758,2026-05-14,Fernando Pascual,Malinta,Malolos,Bulacan,Central Luzon,Surf Powder Sachet,Household Care,6,8.0,48.0,Maya,Delivered,2026-05-20,14/05/2026
ORD-20262759,2026-04-20,Fernando Pascual,Bagong Silang,Dasmarinas,Cavite,CALABARZON,Domex Toilet Cleaner,Household Care,5,55.0,275.0,Cash,Delivered,2026-04-23,20/04/2026
ORD-20262760,2026-06-21,Elena Torres,San Jose,Angeles City,Pampanga,Central Luzon,Argentina Corned Beef,Noodles & Canned Goods,17,35.0,595.0,Cash,Delivered,2026-06-24,21/06/2026
ORD-20262761,2026-04-26,Juan Torres,Poblacion,Pasig,Metro Manila,NCR,Argentina Corned Beef,Noodles & Canned Goods,7,35.0,245.0,COD,Delivered,2026-05-06,26/04/2026
ORD-20262762,2026-05-11,Corazon Torres,Bagumbayan,Cebu City,Cebu,Central Visayas,Nescafe 3-in-1 Sachet,Beverages,7,8.0,56.0,Cash,Delivered,2026-05-12,11/05/2026
ORD-20262763,2026-06-15,Juan Reyes,Poblacion,Quezon City,Metro Manila,NCR,Safeguard Soap Bar,Personal Care,3,28.0,84.0,COD,Cancelled,,15/06/2026
ORD-20262764,2026-06-04,Manuel Reyes,Rizal,Quezon City,Metro Manila,NCR,CDO Corned Beef,Noodles & Canned Goods,13,33.0,429.0,Cash,Delivered,2026-06-09,04/06/2026
ORD-20262765,2026-04-06,Teresa Torres,Rizal,Mandaue,Cebu,Central Visayas,ILUV Ballpen,School & Office Supplies,3,10.0,30.0,Cash,Delivered,2026-04-08,06/04/2026
ORD-20262766,2026-01-07,Luz Ocampo,San Antonio,Bacolod,Negros Occidental,Western Visayas,Zonrox Bleach 500ml,Household Care,13,32.0,416.0,COD,Delivered,2026-01-14,07/01/2026
ORD-20262767,2026-04-16,Antonio Santos,San Isidro,Bacolod,Negros Occidental,Western Visayas,Nova Multigrain 78g,Snacks,2,30.0,60.0,Cash,Delivered,2026-04-26,16/04/2026
ORD-20262768,2026-03-17,Manuel Flores,Poblacion,Dasmarinas,Cavite,CALABARZON,555 Sardines,Noodles & Canned Goods,19,22.0,418.0,GCash,Cancelled,,17/03/2026
ORD-20262769,2026-05-02,Corazon Torres,Bagumbayan,Cebu City,Cebu,Central Visayas,Palmolive Shampoo Sachet,Personal Care,8,6.0,48.0,Cash,Delivered,2026-05-06,02/05/2026
ORD-20262770,2026-02-18,Carmen Pascual,Poblacion,Bacolod,Negros Occidental,Western Visayas,Palmolive Shampoo Sachet,Personal Care,5,6.0,30.0,Cash,Delivered,2026-02-24,18/02/2026
ORD-20262771,2026-06-10,Maria Cruz,Del Pilar,Iloilo City,Iloilo,Western Visayas,Piattos 85g,Snacks,15,32.0,480.0,COD,Cancelled,,10/06/2026
ORD-20262772,2026-06-16,Rosa Castillo,San Antonio,Angeles City,Pampanga,Central Luzon,Boy Bawang 100g,Snacks,8,18.0,144.0,Cash,Delivered,2026-06-20,16/06/2026
ORD-20262773,2026-03-02,Pedro Reyes,Bagumbayan,Tagum,Davao del Norte,Davao Region,SkyFlakes Crackers,Snacks,16,15.0,240.0,COD,Delivered,2026-03-12,02/03/2026
ORD-20262774,2026-06-06,Cristina Castillo,Santo Nino,Mandaue,Cebu,Central Visayas,Zonrox Bleach 500ml,Household Care,14,32.0,448.0,GCash,Delivered,2026-06-16,06/06/2026
ORD-20262775,2026-03-31,Pedro Torres,San Isidro,Dasmarinas,Cavite,CALABARZON,Lucky Me Pancit Canton Noodles,Noodles & Canned Goods,15,14.0,210.0,GCash,Delivered,2026-04-01,31/03/2026
ORD-20262776,2026-01-24,Luz Reyes,Poblacion,Dasmarinas,Cavite,CALABARZON,555 Sardines,Noodles & Canned Goods,3,22.0,66.0,Cash,Pending,,24/01/2026
ORD-20262777,2026-01-31,Roberto Flores,Malinta,Dasmarinas,Cavite,CALABARZON,ILUV Ballpen,School & Office Supplies,5,10.0,50.0,GCash,Delivered,2026-02-07,31/01/2026
ORD-20262778,2026-02-06,Pedro Reyes,Poblacion,Tarlac City,Tarlac,Central Luzon,Surf Powder Sachet,Household Care,6,8.0,48.0,COD,Delivered,2026-02-10,06/02/2026
ORD-20262779,2026-01-07,Ana Cruz,Poblacion,Quezon City,Metro Manila,NCR,ILUV Ballpen,School & Office Supplies,12,10.0,120.0,GCash,Pending,,07/01/2026
ORD-20262780,2026-02-19,Pedro Ocampo,Santo Nino,Cebu City,Cebu,Central Visayas,Joy Dishwashing Liquid 250ml,Household Care,8,38.0,304.0,GCash,Pending,,19/02/2026
ORD-20262781,2026-01-14,Fernando Pascual,Malinta,Malolos,Bulacan,Central Luzon,Coca-Cola 1.5L,Beverages,2,65.0,130.0,GCash,Delivered,2026-01-17,14/01/2026
ORD-20262782,2026-03-18,Fernando Villanueva,Bagumbayan,Bacolod,Negros Occidental,Western Visayas,Zonrox Bleach 500ml,Household Care,20,32.0,640.0,GCash,Returned,2026-03-27,18/03/2026
ORD-20262783,2026-02-15,Ramon Santos,Rizal,Dasmarinas,Cavite,CALABARZON,Nova Multigrain 78g,Snacks,6,30.0,180.0,COD,Delivered,2026-02-18,15/02/2026
ORD-20262784,2026-02-17,Fernando Pascual,Malinta,Malolos,Bulacan,Central Luzon,Argentina Corned Beef,Noodles & Canned Goods,2,35.0,70.0,COD,Delivered,2026-02-27,17/02/2026
ORD-20262785,2026-03-30,Corazon Villanueva,Rizal,Angeles City,Pampanga,Central Luzon,Sta. Maria Crayons,School & Office Supplies,18,40.0,720.0,COD,Delivered,2026-04-03,30/03/2026
ORD-20262786,2026-02-17,Juan Villanueva,Rizal,Iloilo City,Iloilo,Western Visayas,Head & Shoulders Sachet,Personal Care,7,7.0,49.0,GCash,Delivered,2026-02-21,17/02/2026
ORD-20262787,2026-06-30,Pedro Reyes,Bagumbayan,Tagum,Davao del Norte,Davao Region,Coca-Cola 1.5L,Beverages,18,65.0,1170.0,GCash,Delivered,2026-07-04,30/06/2026
ORD-20262788,2026-05-20,Carmen Villanueva,San Antonio,Tarlac City,Tarlac,Central Luzon,Argentina Corned Beef,Noodles & Canned Goods,15,35.0,525.0,Maya,Delivered,2026-05-21,20/05/2026
ORD-20262789,2026-05-24,Teresa Villanueva,San Antonio,Iloilo City,Iloilo,Western Visayas,Zonrox Bleach 500ml,Household Care,8,32.0,256.0,COD,Delivered,2026-06-02,24/05/2026
ORD-20262790,2026-02-22,Jose Castillo,Malinta,Bacolod,Negros Occidental,Western Visayas,Coca-Cola 1.5L,Beverages,9,65.0,585.0,Maya,Delivered,2026-02-26,22/02/2026
ORD-20262791,2026-01-30,Josefina Torres,Malinta,Tagum,Davao del Norte,Davao Region,Zonrox Bleach 500ml,Household Care,17,32.0,544.0,Bank Transfer,Delivered,2026-02-02,30/01/2026
ORD-20262792,2026-05-09,Jose Ocampo,Bagumbayan,Mandaue,Cebu,Central Visayas,Joy Dishwashing Liquid 250ml,Household Care,4,38.0,152.0,COD,Delivered,2026-05-10,09/05/2026
ORD-20262793,2026-02-06,Manuel Villanueva,Malinta,Tarlac City,Tarlac,Central Luzon,CDO Corned Beef,Noodles & Canned Goods,20,33.0,660.0,GCash,Delivered,2026-02-09,06/02/2026
ORD-20262794,2026-01-20,Elena Aquino,Santo Nino,Bacolod,Negros Occidental,Western Visayas,Zonrox Bleach 500ml,Household Care,7,32.0,224.0,Cash,Delivered,2026-01-22,20/01/2026
ORD-20262795,2026-03-08,Pedro Aquino,Rizal,Malolos,Bulacan,Central Luzon,Head & Shoulders Sachet,Personal Care,17,7.0,119.0,Maya,Delivered,2026-03-10,08/03/2026
ORD-20262796,2026-05-25,Antonio Mendoza,San Isidro,Calamba,Laguna,CALABARZON,555 Sardines,Noodles & Canned Goods,16,22.0,352.0,GCash,Delivered,2026-06-03,25/05/2026
ORD-20262797,2026-06-07,Roberto Flores,Malinta,Dasmarinas,Cavite,CALABARZON,Sterling Notebook,School & Office Supplies,9,18.0,162.0,Cash,Delivered,2026-06-11,07/06/2026
ORD-20262798,2026-03-12,Josefina Ocampo,San Antonio,Davao City,Davao del Sur,Davao Region,Surf Powder Sachet,Household Care,15,8.0,120.0,GCash,Delivered,2026-03-22,12/03/2026
ORD-20262799,2026-01-07,Carmen Pascual,Poblacion,Bacolod,Negros Occidental,Western Visayas,Nova Multigrain 78g,Snacks,17,30.0,510.0,COD,Delivered,2026-01-16,07/01/2026
ORD-20262800,2026-03-30,Josefina Flores,Bagumbayan,Iloilo City,Iloilo,Western Visayas,Safeguard Soap Bar,Personal Care,5,28.0,140.0,GCash,Delivered,2026-04-04,30/03/2026
ORD-20262801,2026-03-15,Cristina Ocampo,Rizal,Mandaue,Cebu,Central Visayas,Argentina Corned Beef,Noodles & Canned Goods,9,35.0,315.0,Maya,Delivered,2026-03-22,15/03/2026
ORD-20262802,2026-01-18,Luz Torres,Rizal,Mandaue,Cebu,Central Visayas,Nova Multigrain 78g,Snacks,14,30.0,420.0,GCash,Delivered,2026-01-28,18/01/2026
ORD-20262803,2026-04-30,Fernando Pascual,Rizal,Quezon City,Metro Manila,NCR,Safeguard Soap Bar,Personal Care,10,28.0,280.0,COD,Cancelled,,30/04/2026
ORD-20262804,2026-05-11,Teresa Santos,Del Pilar,Davao City,Davao del Sur,Davao Region,Piattos 85g,Snacks,9,32.0,288.0,Maya,Delivered,2026-05-12,11/05/2026
ORD-20262805,2026-01-15,Pedro Cruz,Santo Nino,Manila,Metro Manila,NCR,C2 Green Tea 500ml,Beverages,8,22.0,176.0,COD,Returned,2026-01-24,15/01/2026
ORD-20262806,2026-01-01,Maria Flores,San Isidro,Makati,Metro Manila,NCR,C2 Green Tea 500ml,Beverages,7,22.0,154.0,GCash,Returned,2026-01-05,01/01/2026
ORD-20262807,2026-01-13,Ricardo Ocampo,San Jose,Pasig,Metro Manila,NCR,Surf Powder Sachet,Household Care,4,8.0,32.0,COD,Returned,2026-01-17,13/01/2026
ORD-20262808,2026-06-20,Pedro Garcia,Poblacion,Pasig,Metro Manila,NCR,Sterling Notebook,School & Office Supplies,2,18.0,36.0,COD,Delivered,2026-06-27,20/06/2026
ORD-20262809,2026-03-07,Ricardo Flores,San Isidro,Iloilo City,Iloilo,Western Visayas,Milo Sachet,Beverages,14,9.0,126.0,GCash,Delivered,2026-03-12,07/03/2026
ORD-20262810,2026-03-24,Manuel Villanueva,Bagumbayan,Tagbilaran,Bohol,Central Visayas,Head & Shoulders Sachet,Personal Care,3,7.0,21.0,GCash,Delivered,2026-03-29,24/03/2026
ORD-20262811,2026-04-29,Jose Reyes,Bagumbayan,Quezon City,Metro Manila,NCR,Lucky Me Pancit Canton Noodles,Noodles & Canned Goods,4,14.0,56.0,COD,Delivered,2026-04-30,29/04/2026
ORD-20262812,2026-05-16,Elena Torres,San Jose,Angeles City,Pampanga,Central Luzon,Argentina Corned Beef,Noodles & Canned Goods,4,35.0,140.0,COD,Delivered,2026-05-19,16/05/2026
ORD-20262813,2026-01-07,Roberto Torres,Del Pilar,Tarlac City,Tarlac,Central Luzon,Nescafe 3-in-1 Sachet,Beverages,17,8.0,136.0,GCash,Delivered,2026-01-12,07/01/2026
ORD-20262814,2026-03-25,Cristina Pascual,Rizal,Davao City,Davao del Sur,Davao Region,Yellow Pad Paper,School & Office Supplies,4,12.0,48.0,Cash,Delivered,2026-04-01,25/03/2026
ORD-20262815,2026-06-03,Pedro Garcia,Poblacion,Pasig,Metro Manila,NCR,Boy Bawang 100g,Snacks,14,18.0,252.0,Cash,Delivered,2026-06-08,03/06/2026
ORD-20262816,2026-03-01,Fernando Pascual,Malinta,Malolos,Bulacan,Central Luzon,555 Sardines,Noodles & Canned Goods,2,22.0,44.0,COD,Delivered,2026-03-10,01/03/2026
ORD-20262817,2026-04-25,Pedro Ocampo,Santo Nino,Cebu City,Cebu,Central Visayas,Lucky Me Pancit Canton Noodles,Noodles & Canned Goods,18,14.0,252.0,Cash,Delivered,2026-04-26,25/04/2026
ORD-20262818,2026-03-14,Elena Torres,San Jose,Angeles City,Pampanga,Central Luzon,Zonrox Bleach 500ml,Household Care,18,32.0,576.0,COD,Delivered,2026-03-15,14/03/2026
ORD-20262819,2026-01-18,Eduardo Pascual,Bagong Silang,Tarlac City,Tarlac,Central Luzon,Sterling Notebook,School & Office Supplies,13,18.0,234.0,COD,Cancelled,,18/01/2026
ORD-20262820,2026-03-11,Pedro Torres,Bagong Silang,Cebu City,Cebu,Central Visayas,Safeguard Soap Bar,Personal Care,12,28.0,336.0,COD,Returned,2026-03-14,11/03/2026
ORD-20262821,2026-06-23,Juan Villanueva,Rizal,Iloilo City,Iloilo,Western Visayas,SkyFlakes Crackers,Snacks,13,15.0,195.0,COD,Delivered,2026-06-27,23/06/2026
ORD-20262822,2026-06-12,Pedro Ocampo,Santo Nino,Cebu City,Cebu,Central Visayas,Lucky Me Beef Sotanghon,Noodles & Canned Goods,16,13.0,208.0,Cash,Pending,,12/06/2026
ORD-20262823,2026-02-13,Jose Reyes,Rizal,Tagum,Davao del Norte,Davao Region,Nissin Cup Noodles,Noodles & Canned Goods,13,20.0,260.0,Bank Transfer,Cancelled,,13/02/2026
ORD-20262824,2026-05-10,Corazon Torres,Bagumbayan,Cebu City,Cebu,Central Visayas,Boy Bawang 100g,Snacks,19,18.0,342.0,GCash,Delivered,2026-05-13,10/05/2026
ORD-20262825,2026-06-04,Manuel Santos,Del Pilar,Tagum,Davao del Norte,Davao Region,Colgate Toothpaste 75ml,Personal Care,16,45.0,720.0,Cash,Cancelled,,04/06/2026
ORD-20262826,2026-02-03,Ana Torres,San Antonio,Pasig,Metro Manila,NCR,Nova Multigrain 78g,Snacks,10,30.0,300.0,Maya,Delivered,2026-02-10,03/02/2026
ORD-20262827,2026-05-10,Eduardo Mendoza,San Isidro,Tagum,Davao del Norte,Davao Region,Lucky Me Beef Sotanghon,Noodles & Canned Goods,20,13.0,260.0,Maya,Delivered,2026-05-16,10/05/2026
ORD-20262828,2026-01-16,Rosa Reyes,Malinta,Iloilo City,Iloilo,Western Visayas,Boy Bawang 100g,Snacks,10,18.0,180.0,Cash,Delivered,2026-01-22,16/01/2026
ORD-20262829,2026-06-01,Teresa Del Rosario,San Jose,Malolos,Bulacan,Central Luzon,Surf Powder Sachet,Household Care,16,8.0,128.0,Cash,Pending,,01/06/2026
ORD-20262830,2026-01-11,Cristina Ocampo,Rizal,Mandaue,Cebu,Central Visayas,SkyFlakes Crackers,Snacks,12,15.0,180.0,GCash,Returned,2026-01-12,11/01/2026
ORD-20262831,2026-01-19,Luz Ocampo,San Antonio,Bacolod,Negros Occidental,Western Visayas,Yellow Pad Paper,School & Office Supplies,10,12.0,120.0,GCash,Delivered,2026-01-20,19/01/2026
ORD-20262832,2026-01-30,Pedro Reyes,Bagumbayan,Tagum,Davao del Norte,Davao Region,CDO Corned Beef,Noodles & Canned Goods,6,33.0,198.0,GCash,Delivered,2026-02-01,30/01/2026
ORD-20262833,2026-02-27,Manuel Villanueva,Bagumbayan,Tagbilaran,Bohol,Central Visayas,C2 Green Tea 500ml,Beverages,9,22.0,198.0,COD,Delivered,2026-03-08,27/02/2026
ORD-20262834,2026-05-21,Cristina Ocampo,Rizal,Mandaue,Cebu,Central Visayas,ILUV Ballpen,School & Office Supplies,3,10.0,30.0,Bank Transfer,Delivered,2026-05-28,21/05/2026
ORD-20262835,2026-04-15,Manuel Reyes,Rizal,Quezon City,Metro Manila,NCR,Nova Multigrain 78g,Snacks,9,30.0,270.0,Cash,Delivered,2026-04-18,15/04/2026
ORD-20262836,2026-05-13,Pedro Reyes,Poblacion,Tarlac City,Tarlac,Central Luzon,Nescafe 3-in-1 Sachet,Beverages,5,8.0,40.0,COD,Delivered,2026-05-14,13/05/2026
ORD-20262837,2026-06-25,Jose Del Rosario,Rizal,Tagbilaran,Bohol,Central Visayas,Boy Bawang 100g,Snacks,17,18.0,306.0,Cash,Delivered,2026-07-03,25/06/2026
ORD-20262838,2026-04-22,Corazon Ramos,San Jose,Pasig,Metro Manila,NCR,Nova Multigrain 78g,Snacks,7,30.0,210.0,COD,Delivered,2026-04-23,22/04/2026
ORD-20262839,2026-05-16,Luz Ocampo,San Antonio,Bacolod,Negros Occidental,Western Visayas,Coca-Cola 1.5L,Beverages,4,65.0,260.0,GCash,Delivered,2026-05-17,16/05/2026
ORD-20262840,2026-05-05,Roberto Flores,Malinta,Dasmarinas,Cavite,CALABARZON,SkyFlakes Crackers,Snacks,13,15.0,195.0,Cash,Returned,2026-05-11,05/05/2026
ORD-20262841,2026-04-22,Ricardo Aquino,San Isidro,Cebu City,Cebu,Central Visayas,CDO Corned Beef,Noodles & Canned Goods,9,33.0,297.0,Cash,Delivered,2026-05-02,22/04/2026
ORD-20262842,2026-06-16,Teresa Santos,Del Pilar,Davao City,Davao del Sur,Davao Region,Argentina Corned Beef,Noodles & Canned Goods,5,35.0,175.0,Cash,Cancelled,,16/06/2026
ORD-20262843,2026-03-08,Luz Torres,Rizal,Mandaue,Cebu,Central Visayas,CDO Corned Beef,Noodles & Canned Goods,6,33.0,198.0,GCash,Delivered,2026-03-09,08/03/2026
ORD-20262844,2026-05-30,Elena Torres,Malinta,Tarlac City,Tarlac,Central Luzon,Nescafe 3-in-1 Sachet,Beverages,3,8.0,24.0,COD,Delivered,2026-06-05,30/05/2026
ORD-20262845,2026-01-05,Pedro Reyes,Poblacion,Tarlac City,Tarlac,Central Luzon,Joy Dishwashing Liquid 250ml,Household Care,5,38.0,190.0,Cash,Delivered,2026-01-13,05/01/2026
ORD-20262846,2026-06-10,Josefina Santos,San Jose,Bacolod,Negros Occidental,Western Visayas,Piattos 85g,Snacks,7,32.0,224.0,Cash,Cancelled,,10/06/2026
ORD-20262847,2026-06-07,Jose Cruz,Santo Nino,Angeles City,Pampanga,Central Luzon,Piattos 85g,Snacks,13,32.0,416.0,Cash,Delivered,2026-06-15,07/06/2026
ORD-20262848,2026-05-01,Antonio Flores,Bagumbayan,Angeles City,Pampanga,Central Luzon,Safeguard Soap Bar,Personal Care,13,28.0,364.0,Cash,Delivered,2026-05-03,01/05/2026
ORD-20262849,2026-01-20,Manuel Ramos,Rizal,Tagbilaran,Bohol,Central Visayas,SkyFlakes Crackers,Snacks,9,15.0,135.0,Cash,Delivered,2026-01-22,20/01/2026
ORD-20262850,2026-06-16,Pedro Torres,San Isidro,Dasmarinas,Cavite,CALABARZON,Lucky Me Pancit Canton Noodles,Noodles & Canned Goods,9,14.0,126.0,GCash,Delivered,2026-06-17,16/06/2026
ORD-20262851,2026-03-06,Antonio Cruz,Bagumbayan,Mandaue,Cebu,Central Visayas,C2 Green Tea 500ml,Beverages,14,22.0,308.0,COD,Cancelled,,06/03/2026
ORD-20262852,2026-02-07,Pedro Aquino,Rizal,Malolos,Bulacan,Central Luzon,Domex Toilet Cleaner,Household Care,8,55.0,440.0,COD,Delivered,2026-02-17,07/02/2026
ORD-20262853,2026-04-10,Carmen Mendoza,Santo Nino,Malolos,Bulacan,Central Luzon,C2 Green Tea 500ml,Beverages,16,22.0,352.0,COD,Delivered,2026-04-18,10/04/2026
ORD-20262854,2026-06-23,Josefina Torres,Malinta,Tagum,Davao del Norte,Davao Region,CDO Corned Beef,Noodles & Canned Goods,6,33.0,198.0,GCash,Delivered,2026-07-01,23/06/2026
ORD-20262855,2026-02-19,Corazon Ocampo,Malinta,Iloilo City,Iloilo,Western Visayas,C2 Green Tea 500ml,Beverages,14,22.0,308.0,GCash,Pending,,19/02/2026
ORD-20262856,2026-05-25,Luz Ocampo,San Antonio,Bacolod,Negros Occidental,Western Visayas,Boy Bawang 100g,Snacks,6,18.0,108.0,Maya,Delivered,2026-05-29,25/05/2026
ORD-20262857,2026-04-14,Ana Torres,San Antonio,Pasig,Metro Manila,NCR,Zonrox Bleach 500ml,Household Care,10,32.0,320.0,GCash,Delivered,2026-04-24,14/04/2026
ORD-20262858,2026-04-22,Elena Aquino,Malinta,Iloilo City,Iloilo,Western Visayas,Surf Powder Sachet,Household Care,18,8.0,144.0,COD,Delivered,2026-04-26,22/04/2026
ORD-20262859,2026-04-03,Luz Pascual,Santo Nino,Cebu City,Cebu,Central Visayas,Safeguard Soap Bar,Personal Care,10,28.0,280.0,Cash,Delivered,2026-04-09,03/04/2026
ORD-20262860,2026-02-27,Roberto Bautista,San Jose,Calamba,Laguna,CALABARZON,Nescafe 3-in-1 Sachet,Beverages,14,8.0,112.0,Cash,Delivered,2026-02-28,27/02/2026
ORD-20262861,2026-05-17,Antonio Bautista,Del Pilar,Tarlac City,Tarlac,Central Luzon,Lucky Me Beef Sotanghon,Noodles & Canned Goods,11,13.0,143.0,GCash,Delivered,2026-05-19,17/05/2026
ORD-20262862,2026-05-23,Jose Torres,San Antonio,Dasmarinas,Cavite,CALABARZON,C2 Green Tea 500ml,Beverages,17,22.0,374.0,Cash,Delivered,2026-05-26,23/05/2026
ORD-20262863,2026-01-16,Maria Villanueva,Malinta,Calamba,Laguna,CALABARZON,Lucky Me Beef Sotanghon,Noodles & Canned Goods,6,13.0,78.0,Bank Transfer,Cancelled,,16/01/2026
ORD-20262864,2026-04-17,Ricardo Aquino,San Isidro,Cebu City,Cebu,Central Visayas,Head & Shoulders Sachet,Personal Care,19,7.0,133.0,GCash,Pending,,17/04/2026
ORD-20262865,2026-04-08,Jose Reyes,Bagumbayan,Quezon City,Metro Manila,NCR,Nova Multigrain 78g,Snacks,17,30.0,510.0,COD,Delivered,2026-04-18,08/04/2026
ORD-20262866,2026-05-02,Elena Cruz,Santo Nino,Angeles City,Pampanga,Central Luzon,Joy Dishwashing Liquid 250ml,Household Care,19,38.0,722.0,GCash,Delivered,2026-05-05,02/05/2026
ORD-20262867,2026-02-03,Roberto Bautista,San Jose,Calamba,Laguna,CALABARZON,Argentina Corned Beef,Noodles & Canned Goods,3,35.0,105.0,Cash,Delivered,2026-02-06,03/02/2026
ORD-20262868,2026-01-27,Pedro Ocampo,Santo Nino,Cebu City,Cebu,Central Visayas,Surf Powder Sachet,Household Care,7,8.0,56.0,Cash,Delivered,2026-02-02,27/01/2026
ORD-20262869,2026-05-07,Josefina Santos,Bagumbayan,Tagbilaran,Bohol,Central Visayas,Lucky Me Pancit Canton Noodles,Noodles & Canned Goods,20,14.0,280.0,Cash,Delivered,2026-05-14,07/05/2026
ORD-20262870,2026-05-01,Pedro Castillo,Santo Nino,Cebu City,Cebu,Central Visayas,Sterling Notebook,School & Office Supplies,1,18.0,18.0,GCash,Delivered,2026-05-09,01/05/2026
ORD-20262871,2026-04-09,Ricardo Pascual,Santo Nino,Tarlac City,Tarlac,Central Luzon,Coca-Cola 1.5L,Beverages,13,65.0,845.0,GCash,Delivered,2026-04-13,09/04/2026
ORD-20262872,2026-03-04,Roberto Torres,Del Pilar,Tarlac City,Tarlac,Central Luzon,SkyFlakes Crackers,Snacks,7,15.0,105.0,COD,Delivered,2026-03-13,04/03/2026
ORD-20262873,2026-06-05,Ricardo Bautista,Bagong Silang,Tagum,Davao del Norte,Davao Region,Zonrox Bleach 500ml,Household Care,20,32.0,640.0,GCash,Delivered,2026-06-14,05/06/2026
ORD-20262874,2026-04-07,Manuel Villanueva,Malinta,Tarlac City,Tarlac,Central Luzon,Piattos 85g,Snacks,20,32.0,640.0,Bank Transfer,Delivered,2026-04-12,07/04/2026
ORD-20262875,2026-01-15,Corazon Villanueva,San Jose,Makati,Metro Manila,NCR,CDO Corned Beef,Noodles & Canned Goods,14,33.0,462.0,GCash,Returned,2026-01-24,15/01/2026
ORD-20262876,2026-01-25,Rosa Del Rosario,Bagumbayan,Angeles City,Pampanga,Central Luzon,Nescafe 3-in-1 Sachet,Beverages,19,8.0,152.0,GCash,Delivered,2026-02-02,25/01/2026
ORD-20262877,2026-01-18,Elena Torres,Malinta,Tarlac City,Tarlac,Central Luzon,Milo Sachet,Beverages,11,9.0,99.0,Cash,Delivered,2026-01-24,18/01/2026
ORD-20262878,2026-01-08,Elena Aquino,Malinta,Iloilo City,Iloilo,Western Visayas,Safeguard Soap Bar,Personal Care,10,28.0,280.0,Cash,Returned,2026-01-14,08/01/2026
ORD-20262879,2026-03-21,Antonio Santos,Del Pilar,Iloilo City,Iloilo,Western Visayas,Coca-Cola 1.5L,Beverages,7,65.0,455.0,Bank Transfer,Delivered,2026-03-25,21/03/2026
ORD-20262880,2026-05-17,Pedro Torres,San Jose,Tarlac City,Tarlac,Central Luzon,C2 Green Tea 500ml,Beverages,5,22.0,110.0,COD,Delivered,2026-05-19,17/05/2026
ORD-20262881,2026-06-20,Maria Mendoza,Del Pilar,Manila,Metro Manila,NCR,Piattos 85g,Snacks,3,32.0,96.0,COD,Cancelled,,20/06/2026
ORD-20262882,2026-03-08,Pedro Torres,Bagong Silang,Cebu City,Cebu,Central Visayas,Head & Shoulders Sachet,Personal Care,7,7.0,49.0,GCash,Delivered,2026-03-09,08/03/2026
ORD-20262883,2026-04-06,Corazon Torres,Bagumbayan,Cebu City,Cebu,Central Visayas,Surf Powder Sachet,Household Care,5,8.0,40.0,Cash,Delivered,2026-04-15,06/04/2026
ORD-20262884,2026-04-23,Roberto Ocampo,San Isidro,Iloilo City,Iloilo,Western Visayas,Lucky Me Pancit Canton Noodles,Noodles & Canned Goods,1,14.0,14.0,COD,Delivered,2026-04-24,23/04/2026
ORD-20262885,2026-03-25,Manuel Reyes,Rizal,Quezon City,Metro Manila,NCR,Nissin Cup Noodles,Noodles & Canned Goods,9,20.0,180.0,COD,Delivered,2026-03-29,25/03/2026
ORD-20262886,2026-06-26,Pedro Torres,San Jose,Tarlac City,Tarlac,Central Luzon,CDO Corned Beef,Noodles & Canned Goods,4,33.0,132.0,GCash,Delivered,2026-07-04,26/06/2026
ORD-20262887,2026-04-30,Corazon Ramos,San Jose,Pasig,Metro Manila,NCR,Palmolive Shampoo Sachet,Personal Care,3,6.0,18.0,COD,Delivered,2026-05-06,30/04/2026
ORD-20262888,2026-02-26,Juan Villanueva,Rizal,Iloilo City,Iloilo,Western Visayas,Lucky Me Pancit Canton Noodles,Noodles & Canned Goods,19,14.0,266.0,Cash,Delivered,2026-03-05,26/02/2026
ORD-20262889,2026-05-10,Ana Ramos,Bagumbayan,Tarlac City,Tarlac,Central Luzon,ILUV Ballpen,School & Office Supplies,19,10.0,190.0,GCash,Delivered,2026-05-14,10/05/2026
ORD-20262890,2026-04-30,Eduardo Mendoza,San Isidro,Cebu City,Cebu,Central Visayas,Surf Powder Sachet,Household Care,20,8.0,160.0,COD,Delivered,2026-05-06,30/04/2026
ORD-20262891,2026-05-03,Fernando Pascual,Bagong Silang,Dasmarinas,Cavite,CALABARZON,Zonrox Bleach 500ml,Household Care,8,32.0,256.0,GCash,Delivered,2026-05-04,03/05/2026
ORD-20262892,2026-04-06,Jose Castillo,Malinta,Bacolod,Negros Occidental,Western Visayas,CDO Corned Beef,Noodles & Canned Goods,10,33.0,330.0,COD,Cancelled,,06/04/2026
ORD-20262893,2026-01-11,Ana Cruz,Poblacion,Quezon City,Metro Manila,NCR,555 Sardines,Noodles & Canned Goods,6,22.0,132.0,Cash,Delivered,2026-01-13,11/01/2026
ORD-20262894,2026-01-25,Teresa Villanueva,Santo Nino,Malolos,Bulacan,Central Luzon,555 Sardines,Noodles & Canned Goods,17,22.0,374.0,Maya,Delivered,2026-01-31,25/01/2026
ORD-20262895,2026-03-28,Fernando Garcia,Bagong Silang,Tagbilaran,Bohol,Central Visayas,Head & Shoulders Sachet,Personal Care,4,7.0,28.0,COD,Delivered,2026-04-01,28/03/2026
ORD-20262896,2026-02-26,Roberto Bautista,San Jose,Calamba,Laguna,CALABARZON,Head & Shoulders Sachet,Personal Care,2,7.0,14.0,Maya,Returned,2026-03-07,26/02/2026
ORD-20262897,2026-01-30,Manuel Flores,Poblacion,Dasmarinas,Cavite,CALABARZON,C2 Green Tea 500ml,Beverages,4,22.0,88.0,Cash,Returned,2026-02-01,30/01/2026
ORD-20262898,2026-03-29,Ramon Ocampo,Malinta,Davao City,Davao del Sur,Davao Region,Palmolive Shampoo Sachet,Personal Care,11,6.0,66.0,GCash,Returned,2026-04-07,29/03/2026
ORD-20262899,2026-03-13,Roberto Bautista,San Jose,Calamba,Laguna,CALABARZON,Nescafe 3-in-1 Sachet,Beverages,9,8.0,72.0,Cash,Delivered,2026-03-23,13/03/2026
ORD-20262900,2026-05-09,Juan Ramos,Bagumbayan,Manila,Metro Manila,NCR,Coca-Cola 1.5L,Beverages,2,65.0,130.0,COD,Delivered,2026-05-12,09/05/2026
ORD-20262901,2026-05-20,Pedro Del Rosario,Rizal,Pasig,Metro Manila,NCR,Milo Sachet,Beverages,20,9.0,180.0,Cash,Delivered,2026-05-22,20/05/2026
ORD-20262902,2026-03-14,Antonio Santos,Del Pilar,Iloilo City,Iloilo,Western Visayas,Palmolive Shampoo Sachet,Personal Care,15,6.0,90.0,COD,Delivered,2026-03-19,14/03/2026
ORD-20262903,2026-04-10,Juan Bautista,San Jose,Angeles City,Pampanga,Central Luzon,Coca-Cola 1.5L,Beverages,12,65.0,780.0,COD,Returned,2026-04-19,10/04/2026
ORD-20262904,2026-03-28,Eduardo Mendoza,San Isidro,Tagum,Davao del Norte,Davao Region,Zonrox Bleach 500ml,Household Care,10,32.0,320.0,COD,Delivered,2026-04-03,28/03/2026
ORD-20262905,2026-02-25,Cristina Garcia,Del Pilar,Dasmarinas,Cavite,CALABARZON,ILUV Ballpen,School & Office Supplies,20,10.0,200.0,Maya,Pending,,25/02/2026
ORD-20262906,2026-05-17,Juan Torres,Poblacion,Pasig,Metro Manila,NCR,Sterling Notebook,School & Office Supplies,16,18.0,288.0,GCash,Delivered,2026-05-18,17/05/2026
ORD-20262907,2026-06-03,Manuel Santos,Del Pilar,Mandaue,Cebu,Central Visayas,Joy Dishwashing Liquid 250ml,Household Care,1,38.0,38.0,GCash,Delivered,2026-06-10,03/06/2026
ORD-20262908,2026-03-30,Fernando Ramos,Santo Nino,Iloilo City,Iloilo,Western Visayas,Piattos 85g,Snacks,10,32.0,320.0,Cash,Delivered,2026-04-08,30/03/2026
ORD-20262909,2026-04-15,Teresa Reyes,Rizal,Iloilo City,Iloilo,Western Visayas,555 Sardines,Noodles & Canned Goods,17,22.0,374.0,COD,Delivered,2026-04-17,15/04/2026
ORD-20262910,2026-04-13,Eduardo Del Rosario,Santo Nino,Iloilo City,Iloilo,Western Visayas,Milo Sachet,Beverages,20,9.0,180.0,GCash,Delivered,2026-04-14,13/04/2026
ORD-20262911,2026-05-21,Manuel Flores,San Antonio,Angeles City,Pampanga,Central Luzon,Joy Dishwashing Liquid 250ml,Household Care,20,38.0,760.0,COD,Delivered,2026-05-25,21/05/2026
ORD-20262912,2026-05-01,Ricardo Aquino,San Isidro,Cebu City,Cebu,Central Visayas,Surf Powder Sachet,Household Care,6,8.0,48.0,Cash,Delivered,2026-05-05,01/05/2026
ORD-20262913,2026-01-15,Teresa Torres,San Antonio,Tagum,Davao del Norte,Davao Region,Sta. Maria Crayons,School & Office Supplies,6,40.0,240.0,COD,Returned,2026-01-16,15/01/2026
ORD-20262914,2026-04-25,Pedro Reyes,Poblacion,Tarlac City,Tarlac,Central Luzon,Argentina Corned Beef,Noodles & Canned Goods,20,35.0,700.0,Bank Transfer,Returned,2026-04-29,25/04/2026
ORD-20262915,2026-03-26,Josefina Pascual,San Jose,Tarlac City,Tarlac,Central Luzon,Sterling Notebook,School & Office Supplies,10,18.0,180.0,COD,Delivered,2026-03-27,26/03/2026
ORD-20262916,2026-06-28,Fernando Pascual,Malinta,Malolos,Bulacan,Central Luzon,Argentina Corned Beef,Noodles & Canned Goods,11,35.0,385.0,COD,Delivered,2026-07-01,28/06/2026
ORD-20262917,2026-02-22,Ricardo Bautista,Del Pilar,Manila,Metro Manila,NCR,Nova Multigrain 78g,Snacks,13,30.0,390.0,Bank Transfer,Pending,,22/02/2026
ORD-20262918,2026-05-12,Manuel Santos,Del Pilar,Mandaue,Cebu,Central Visayas,Domex Toilet Cleaner,Household Care,12,55.0,660.0,GCash,Delivered,2026-05-18,12/05/2026
ORD-20262919,2026-06-22,Eduardo Aquino,Bagong Silang,Tarlac City,Tarlac,Central Luzon,Coca-Cola 1.5L,Beverages,8,65.0,520.0,Maya,Delivered,2026-06-27,22/06/2026
ORD-20262920,2026-05-27,Maria Flores,San Isidro,Makati,Metro Manila,NCR,Piattos 85g,Snacks,2,32.0,64.0,Cash,Pending,,27/05/2026
ORD-20262921,2026-04-09,Elena Garcia,San Antonio,Mandaue,Cebu,Central Visayas,Nescafe 3-in-1 Sachet,Beverages,8,8.0,64.0,GCash,Delivered,2026-04-19,09/04/2026
ORD-20262922,2026-03-27,Corazon Bautista,Bagumbayan,Bacolod,Negros Occidental,Western Visayas,555 Sardines,Noodles & Canned Goods,8,22.0,176.0,Cash,Returned,2026-04-01,27/03/2026
ORD-20262923,2026-04-20,Antonio Castillo,Rizal,Angeles City,Pampanga,Central Luzon,CDO Corned Beef,Noodles & Canned Goods,20,33.0,660.0,Bank Transfer,Delivered,2026-04-21,20/04/2026
ORD-20262924,2026-02-06,Josefina Santos,Bagumbayan,Tagbilaran,Bohol,Central Visayas,Nova Multigrain 78g,Snacks,16,30.0,480.0,Cash,Delivered,2026-02-10,06/02/2026
ORD-20262925,2026-04-24,Maria Castillo,San Antonio,Malolos,Bulacan,Central Luzon,Palmolive Shampoo Sachet,Personal Care,9,6.0,54.0,COD,Delivered,2026-05-02,24/04/2026
ORD-20262926,2026-02-27,Rosa Castillo,San Antonio,Angeles City,Pampanga,Central Luzon,SkyFlakes Crackers,Snacks,3,15.0,45.0,Cash,Delivered,2026-03-08,27/02/2026
ORD-20262927,2026-02-03,Maria Bautista,San Antonio,Mandaue,Cebu,Central Visayas,Nescafe 3-in-1 Sachet,Beverages,15,8.0,120.0,Cash,Delivered,2026-02-09,03/02/2026
ORD-20262928,2026-04-26,Fernando Ramos,Santo Nino,Iloilo City,Iloilo,Western Visayas,Safeguard Soap Bar,Personal Care,11,28.0,308.0,Cash,Delivered,2026-05-01,26/04/2026
ORD-20262929,2026-03-03,Roberto Bautista,San Jose,Calamba,Laguna,CALABARZON,Zonrox Bleach 500ml,Household Care,9,32.0,288.0,COD,Pending,,03/03/2026
ORD-20262930,2026-01-26,Cristina Flores,Del Pilar,Quezon City,Metro Manila,NCR,Coca-Cola 1.5L,Beverages,16,65.0,1040.0,GCash,Delivered,2026-01-30,26/01/2026
ORD-20262931,2026-06-22,Ricardo Garcia,Santo Nino,Batangas City,Batangas,CALABARZON,555 Sardines,Noodles & Canned Goods,18,22.0,396.0,Cash,Delivered,2026-06-30,22/06/2026
ORD-20262932,2026-06-29,Cristina Santos,Poblacion,Makati,Metro Manila,NCR,Nescafe 3-in-1 Sachet,Beverages,18,8.0,144.0,GCash,Delivered,2026-07-03,29/06/2026
ORD-20262933,2026-05-30,Pedro Santos,Del Pilar,Iloilo City,Iloilo,Western Visayas,555 Sardines,Noodles & Canned Goods,18,22.0,396.0,GCash,Delivered,2026-06-06,30/05/2026
ORD-20262934,2026-02-27,Cristina Santos,Poblacion,Makati,Metro Manila,NCR,Sterling Notebook,School & Office Supplies,14,18.0,252.0,Maya,Returned,2026-03-07,27/02/2026
ORD-20262935,2026-04-03,Pedro Aquino,Rizal,Malolos,Bulacan,Central Luzon,Safeguard Soap Bar,Personal Care,16,28.0,448.0,GCash,Delivered,2026-04-06,03/04/2026
ORD-20262936,2026-02-23,Josefina Pascual,Poblacion,Manila,Metro Manila,NCR,Milo Sachet,Beverages,16,9.0,144.0,GCash,Delivered,2026-02-24,23/02/2026
ORD-20262937,2026-04-04,Maria Villanueva,Bagong Silang,Malolos,Bulacan,Central Luzon,Milo Sachet,Beverages,14,9.0,126.0,COD,Delivered,2026-04-07,04/04/2026
ORD-20262938,2026-03-13,Josefina Pascual,Poblacion,Manila,Metro Manila,NCR,Palmolive Shampoo Sachet,Personal Care,19,6.0,114.0,COD,Delivered,2026-03-21,13/03/2026
ORD-20262939,2026-04-11,Manuel Santos,Del Pilar,Tagum,Davao del Norte,Davao Region,Nescafe 3-in-1 Sachet,Beverages,8,8.0,64.0,Maya,Returned,2026-04-19,11/04/2026
ORD-20262940,2026-01-31,Elena Garcia,Poblacion,Davao City,Davao del Sur,Davao Region,Nescafe 3-in-1 Sachet,Beverages,15,8.0,120.0,Cash,Delivered,2026-02-06,31/01/2026
ORD-20262941,2026-05-06,Juan Torres,Poblacion,Pasig,Metro Manila,NCR,Argentina Corned Beef,Noodles & Canned Goods,20,35.0,700.0,COD,Delivered,2026-05-07,06/05/2026
ORD-20262942,2026-01-01,Josefina Mendoza,San Antonio,Angeles City,Pampanga,Central Luzon,Boy Bawang 100g,Snacks,18,18.0,324.0,COD,Delivered,2026-01-09,01/01/2026
ORD-20262943,2026-05-08,Josefina Pascual,San Jose,Tarlac City,Tarlac,Central Luzon,Lucky Me Pancit Canton Noodles,Noodles & Canned Goods,9,14.0,126.0,COD,Pending,,08/05/2026
ORD-20262944,2026-01-13,Pedro Reyes,Bagumbayan,Tagum,Davao del Norte,Davao Region,SkyFlakes Crackers,Snacks,13,15.0,195.0,Maya,Delivered,2026-01-16,13/01/2026
ORD-20262945,2026-01-15,Carmen Flores,Del Pilar,Davao City,Davao del Sur,Davao Region,Sta. Maria Crayons,School & Office Supplies,18,40.0,720.0,GCash,Delivered,2026-01-22,15/01/2026
ORD-20262946,2026-01-20,Maria Castillo,San Antonio,Malolos,Bulacan,Central Luzon,Domex Toilet Cleaner,Household Care,12,55.0,660.0,COD,Delivered,2026-01-27,20/01/2026
ORD-20262947,2026-01-28,Teresa Reyes,Rizal,Iloilo City,Iloilo,Western Visayas,Lucky Me Pancit Canton Noodles,Noodles & Canned Goods,2,14.0,28.0,GCash,Delivered,2026-02-06,28/01/2026
ORD-20262948,2026-04-05,Roberto Del Rosario,San Isidro,Malolos,Bulacan,Central Luzon,C2 Green Tea 500ml,Beverages,16,22.0,352.0,GCash,Pending,,05/04/2026
ORD-20262949,2026-05-02,Manuel Reyes,Rizal,Quezon City,Metro Manila,NCR,Head & Shoulders Sachet,Personal Care,4,7.0,28.0,Cash,Cancelled,,02/05/2026
ORD-20262950,2026-06-14,Pedro Torres,San Isidro,Dasmarinas,Cavite,CALABARZON,Lucky Me Pancit Canton Noodles,Noodles & Canned Goods,10,14.0,140.0,Maya,Delivered,2026-06-19,14/06/2026
ORD-20262951,2026-02-13,Ramon Santos,Rizal,Dasmarinas,Cavite,CALABARZON,Boy Bawang 100g,Snacks,2,18.0,36.0,COD,Pending,,13/02/2026
ORD-20262952,2026-05-09,Maria Cruz,Santo Nino,Tagbilaran,Bohol,Central Visayas,Sterling Notebook,School & Office Supplies,10,18.0,180.0,COD,Delivered,2026-05-18,09/05/2026
ORD-20262953,2026-02-17,Jose Flores,Bagumbayan,Bacolod,Negros Occidental,Western Visayas,Nova Multigrain 78g,Snacks,12,30.0,360.0,COD,Delivered,2026-02-20,17/02/2026
ORD-20262954,2026-03-25,Teresa Mendoza,San Isidro,Cebu City,Cebu,Central Visayas,Nissin Cup Noodles,Noodles & Canned Goods,18,20.0,360.0,COD,Delivered,2026-04-03,25/03/2026
ORD-20262955,2026-06-09,Ana Ocampo,Bagumbayan,Mandaue,Cebu,Central Visayas,Yellow Pad Paper,School & Office Supplies,12,12.0,144.0,Bank Transfer,Delivered,2026-06-18,09/06/2026
ORD-20262956,2026-02-09,Antonio Bautista,Del Pilar,Tarlac City,Tarlac,Central Luzon,C2 Green Tea 500ml,Beverages,2,22.0,44.0,COD,Delivered,2026-02-14,09/02/2026
ORD-20262957,2026-01-23,Carmen Reyes,San Jose,Tagbilaran,Bohol,Central Visayas,Yellow Pad Paper,School & Office Supplies,19,12.0,228.0,Bank Transfer,Delivered,2026-01-30,23/01/2026
ORD-20262958,2026-05-25,Carmen Reyes,San Jose,Tagbilaran,Bohol,Central Visayas,Boy Bawang 100g,Snacks,14,18.0,252.0,Cash,Delivered,2026-05-28,25/05/2026
ORD-20262959,2026-04-01,Rosa Cruz,San Isidro,Tarlac City,Tarlac,Central Luzon,Coca-Cola 1.5L,Beverages,3,65.0,195.0,GCash,Pending,,01/04/2026
ORD-20262960,2026-04-18,Rosa Del Rosario,Bagumbayan,Angeles City,Pampanga,Central Luzon,Head & Shoulders Sachet,Personal Care,16,7.0,112.0,GCash,Delivered,2026-04-25,18/04/2026
ORD-20262961,2026-05-24,Roberto Flores,Malinta,Dasmarinas,Cavite,CALABARZON,Piattos 85g,Snacks,17,32.0,544.0,Cash,Delivered,2026-05-27,24/05/2026
ORD-20262962,2026-04-17,Fernando Pascual,Bagong Silang,Dasmarinas,Cavite,CALABARZON,555 Sardines,Noodles & Canned Goods,15,22.0,330.0,Cash,Delivered,2026-04-27,17/04/2026
ORD-20262963,2026-04-21,Carmen Pascual,Poblacion,Bacolod,Negros Occidental,Western Visayas,Head & Shoulders Sachet,Personal Care,3,7.0,21.0,COD,Delivered,2026-04-22,21/04/2026
ORD-20262964,2026-05-05,Ana Cruz,Poblacion,Quezon City,Metro Manila,NCR,Palmolive Shampoo Sachet,Personal Care,8,6.0,48.0,Maya,Delivered,2026-05-10,05/05/2026
ORD-20262965,2026-05-30,Manuel Aquino,Malinta,Bacolod,Negros Occidental,Western Visayas,Boy Bawang 100g,Snacks,20,18.0,360.0,GCash,Delivered,2026-06-07,30/05/2026
ORD-20262966,2026-02-25,Teresa Reyes,Rizal,Iloilo City,Iloilo,Western Visayas,CDO Corned Beef,Noodles & Canned Goods,2,33.0,66.0,GCash,Delivered,2026-03-06,25/02/2026
ORD-20262967,2026-03-25,Rosa Pascual,San Isidro,Manila,Metro Manila,NCR,Nescafe 3-in-1 Sachet,Beverages,10,8.0,80.0,GCash,Delivered,2026-04-03,25/03/2026
ORD-20262968,2026-03-05,Ricardo Cruz,San Isidro,Calamba,Laguna,CALABARZON,Colgate Toothpaste 75ml,Personal Care,2,45.0,90.0,Maya,Delivered,2026-03-15,05/03/2026
ORD-20262969,2026-06-30,Luz Pascual,Santo Nino,Cebu City,Cebu,Central Visayas,Argentina Corned Beef,Noodles & Canned Goods,10,35.0,350.0,COD,Cancelled,,30/06/2026
ORD-20262970,2026-05-07,Cristina Garcia,Del Pilar,Dasmarinas,Cavite,CALABARZON,Head & Shoulders Sachet,Personal Care,5,7.0,35.0,Cash,Delivered,2026-05-09,07/05/2026
ORD-20262971,2026-02-23,Jose Castillo,Del Pilar,Malolos,Bulacan,Central Luzon,ILUV Ballpen,School & Office Supplies,20,10.0,200.0,GCash,Pending,,23/02/2026
ORD-20262972,2026-05-31,Maria Castillo,Rizal,Tagum,Davao del Norte,Davao Region,555 Sardines,Noodles & Canned Goods,7,22.0,154.0,Cash,Delivered,2026-06-08,31/05/2026
ORD-20262973,2026-02-24,Manuel Villanueva,Bagumbayan,Tagbilaran,Bohol,Central Visayas,Argentina Corned Beef,Noodles & Canned Goods,3,35.0,105.0,COD,Delivered,2026-02-28,24/02/2026
ORD-20262974,2026-06-20,Cristina Garcia,Del Pilar,Dasmarinas,Cavite,CALABARZON,Boy Bawang 100g,Snacks,3,18.0,54.0,Cash,Cancelled,,20/06/2026
ORD-20262975,2026-04-04,Jose Santos,San Jose,Cebu City,Cebu,Central Visayas,SkyFlakes Crackers,Snacks,10,15.0,150.0,Cash,Delivered,2026-04-11,04/04/2026
ORD-20262976,2026-03-17,Josefina Santos,Rizal,Pasig,Metro Manila,NCR,Boy Bawang 100g,Snacks,5,18.0,90.0,Cash,Returned,2026-03-19,17/03/2026
ORD-20262977,2026-01-05,Luz Aquino,Bagong Silang,Tarlac City,Tarlac,Central Luzon,Yellow Pad Paper,School & Office Supplies,6,12.0,72.0,COD,Pending,,05/01/2026
ORD-20262978,2026-02-05,Manuel Santos,Del Pilar,Mandaue,Cebu,Central Visayas,Nova Multigrain 78g,Snacks,15,30.0,450.0,GCash,Delivered,2026-02-09,05/02/2026
ORD-20262979,2026-01-08,Maria Santos,Bagumbayan,Bacolod,Negros Occidental,Western Visayas,CDO Corned Beef,Noodles & Canned Goods,13,33.0,429.0,COD,Returned,2026-01-11,08/01/2026
ORD-20262980,2026-04-16,Eduardo Mendoza,San Isidro,Cebu City,Cebu,Central Visayas,Sterling Notebook,School & Office Supplies,17,18.0,306.0,Maya,Delivered,2026-04-23,16/04/2026
ORD-20262981,2026-02-12,Elena Aquino,Malinta,Iloilo City,Iloilo,Western Visayas,Safeguard Soap Bar,Personal Care,20,28.0,560.0,Cash,Pending,,12/02/2026
ORD-20262982,2026-02-17,Teresa Pascual,Bagong Silang,Tagum,Davao del Norte,Davao Region,Nova Multigrain 78g,Snacks,14,30.0,420.0,Maya,Cancelled,,17/02/2026
ORD-20262983,2026-01-13,Cristina Castillo,Santo Nino,Mandaue,Cebu,Central Visayas,Piattos 85g,Snacks,19,32.0,608.0,COD,Returned,2026-01-15,13/01/2026
ORD-20262984,2026-04-19,Josefina Torres,Malinta,Tagum,Davao del Norte,Davao Region,Yellow Pad Paper,School & Office Supplies,10,12.0,120.0,COD,Pending,,19/04/2026
ORD-20262985,2026-01-20,Corazon Villanueva,San Jose,Makati,Metro Manila,NCR,Domex Toilet Cleaner,Household Care,15,55.0,825.0,Cash,Returned,2026-01-29,20/01/2026
ORD-20262986,2026-03-02,Luz Cruz,San Antonio,Makati,Metro Manila,NCR,ILUV Ballpen,School & Office Supplies,12,10.0,120.0,Maya,Delivered,2026-03-12,02/03/2026
ORD-20262987,2026-06-26,Manuel Santos,Del Pilar,Mandaue,Cebu,Central Visayas,555 Sardines,Noodles & Canned Goods,7,22.0,154.0,GCash,Delivered,2026-07-03,26/06/2026
ORD-20262988,2026-04-18,Luz Reyes,Poblacion,Dasmarinas,Cavite,CALABARZON,Nissin Cup Noodles,Noodles & Canned Goods,20,20.0,400.0,Cash,Delivered,2026-04-23,18/04/2026
ORD-20262989,2026-03-17,Fernando Pascual,Malinta,Malolos,Bulacan,Central Luzon,Joy Dishwashing Liquid 250ml,Household Care,7,38.0,266.0,Maya,Delivered,2026-03-22,17/03/2026
ORD-20262990,2026-04-27,Pedro Torres,San Isidro,Dasmarinas,Cavite,CALABARZON,Yellow Pad Paper,School & Office Supplies,9,12.0,108.0,Cash,Delivered,2026-04-30,27/04/2026
ORD-20262991,2026-05-11,Roberto Aquino,San Antonio,Cebu City,Cebu,Central Visayas,Lucky Me Pancit Canton Noodles,Noodles & Canned Goods,20,14.0,280.0,Cash,Cancelled,,11/05/2026
ORD-20262992,2026-03-26,Manuel Villanueva,Malinta,Tarlac City,Tarlac,Central Luzon,Sterling Notebook,School & Office Supplies,6,18.0,108.0,GCash,Delivered,2026-03-31,26/03/2026
ORD-20262993,2026-06-16,Ricardo Flores,San Jose,Tagbilaran,Bohol,Central Visayas,CDO Corned Beef,Noodles & Canned Goods,16,33.0,528.0,COD,Pending,,16/06/2026
ORD-20262994,2026-03-10,Josefina Ocampo,San Antonio,Davao City,Davao del Sur,Davao Region,Boy Bawang 100g,Snacks,15,18.0,270.0,COD,Delivered,2026-03-11,10/03/2026
ORD-20262995,2026-03-13,Corazon Bautista,Bagumbayan,Bacolod,Negros Occidental,Western Visayas,Sterling Notebook,School & Office Supplies,5,18.0,90.0,COD,Returned,2026-03-23,13/03/2026
ORD-20262996,2026-03-10,Roberto Flores,Malinta,Dasmarinas,Cavite,CALABARZON,Head & Shoulders Sachet,Personal Care,19,7.0,133.0,COD,Delivered,2026-03-19,10/03/2026
ORD-20262997,2026-06-28,Carmen Pascual,Poblacion,Bacolod,Negros Occidental,Western Visayas,Lucky Me Pancit Canton Noodles,Noodles & Canned Goods,4,14.0,56.0,Maya,Delivered,2026-07-05,28/06/2026
ORD-20262998,2026-02-14,Luz Aquino,Bagong Silang,Tarlac City,Tarlac,Central Luzon,C2 Green Tea 500ml,Beverages,9,22.0,198.0,Cash,Returned,2026-02-23,14/02/2026
ORD-20262999,2026-06-19,Manuel Santos,Del Pilar,Mandaue,Cebu,Central Visayas,SkyFlakes Crackers,Snacks,13,15.0,195.0,Cash,Delivered,2026-06-22,19/06/2026
ORD-20263000,2026-06-26,Antonio Aquino,Del Pilar,Dasmarinas,Cavite,CALABARZON,Milo Sachet,Beverages,1,9.0,9.0,GCash,Delivered,2026-07-06,26/06/2026
ORD-20263001,2026-01-08,Teresa Santos,Del Pilar,Davao City,Davao del Sur,Davao Region,Safeguard Soap Bar,Personal Care,18,28.0,504.0,Maya,Delivered,2026-01-15,08/01/2026
ORD-20263002,2026-06-01,Elena Villanueva,Poblacion,Malolos,Bulacan,Central Luzon,Nescafe 3-in-1 Sachet,Beverages,20,8.0,160.0,GCash,Pending,,01/06/2026
ORD-20263003,2026-06-23,Manuel Flores,San Antonio,Angeles City,Pampanga,Central Luzon,Colgate Toothpaste 75ml,Personal Care,4,45.0,180.0,GCash,Delivered,2026-07-01,23/06/2026
ORD-20263004,2026-05-08,Ricardo Aquino,San Isidro,Cebu City,Cebu,Central Visayas,Joy Dishwashing Liquid 250ml,Household Care,1,38.0,38.0,Cash,Delivered,2026-05-09,08/05/2026
ORD-20263005,2026-05-24,Jose Flores,Bagumbayan,Bacolod,Negros Occidental,Western Visayas,SkyFlakes Crackers,Snacks,6,15.0,90.0,GCash,Delivered,2026-05-25,24/05/2026
ORD-20263006,2026-04-14,Antonio Santos,San Isidro,Bacolod,Negros Occidental,Western Visayas,Lucky Me Beef Sotanghon,Noodles & Canned Goods,9,13.0,117.0,COD,Delivered,2026-04-18,14/04/2026
ORD-20263007,2026-01-20,Eduardo Ocampo,San Antonio,Tagum,Davao del Norte,Davao Region,Nescafe 3-in-1 Sachet,Beverages,12,8.0,96.0,GCash,Delivered,2026-01-23,20/01/2026
ORD-20263008,2026-03-04,Teresa Torres,Rizal,Mandaue,Cebu,Central Visayas,SkyFlakes Crackers,Snacks,6,15.0,90.0,Cash,Returned,2026-03-08,04/03/2026
ORD-20263009,2026-02-09,Carmen Mendoza,Santo Nino,Malolos,Bulacan,Central Luzon,Zonrox Bleach 500ml,Household Care,19,32.0,608.0,COD,Pending,,09/02/2026
ORD-20263010,2026-04-12,Elena Garcia,Poblacion,Davao City,Davao del Sur,Davao Region,Lucky Me Beef Sotanghon,Noodles & Canned Goods,17,13.0,221.0,COD,Pending,,12/04/2026
ORD-20263011,2026-01-08,Maria Pascual,Bagumbayan,Tagum,Davao del Norte,Davao Region,Domex Toilet Cleaner,Household Care,11,55.0,605.0,Bank Transfer,Delivered,2026-01-15,08/01/2026
ORD-20263012,2026-03-28,Josefina Flores,Bagumbayan,Iloilo City,Iloilo,Western Visayas,CDO Corned Beef,Noodles & Canned Goods,14,33.0,462.0,COD,Delivered,2026-04-05,28/03/2026
ORD-20263013,2026-01-14,Jose Flores,Bagumbayan,Bacolod,Negros Occidental,Western Visayas,Nova Multigrain 78g,Snacks,12,30.0,360.0,Cash,Delivered,2026-01-23,14/01/2026
ORD-20263014,2026-02-25,Manuel Flores,Poblacion,Dasmarinas,Cavite,CALABARZON,Safeguard Soap Bar,Personal Care,15,28.0,420.0,Maya,Cancelled,,25/02/2026
ORD-20263015,2026-02-09,Manuel Mendoza,Poblacion,Tagbilaran,Bohol,Central Visayas,Nova Multigrain 78g,Snacks,10,30.0,300.0,COD,Delivered,2026-02-12,09/02/2026
ORD-20263016,2026-06-15,Juan Villanueva,Bagumbayan,Pasig,Metro Manila,NCR,Nescafe 3-in-1 Sachet,Beverages,3,8.0,24.0,COD,Delivered,2026-06-16,15/06/2026
ORD-20263017,2026-01-27,Jose Cruz,Santo Nino,Angeles City,Pampanga,Central Luzon,Lucky Me Beef Sotanghon,Noodles & Canned Goods,3,13.0,39.0,Cash,Delivered,2026-01-31,27/01/2026
ORD-20263018,2026-02-25,Carmen Flores,Del Pilar,Tarlac City,Tarlac,Central Luzon,Nissin Cup Noodles,Noodles & Canned Goods,18,20.0,360.0,GCash,Delivered,2026-02-26,25/02/2026
ORD-20263019,2026-02-13,Elena Torres,San Jose,Angeles City,Pampanga,Central Luzon,Palmolive Shampoo Sachet,Personal Care,13,6.0,78.0,Cash,Pending,,13/02/2026
ORD-20263020,2026-03-30,Teresa Reyes,Poblacion,Calamba,Laguna,CALABARZON,Piattos 85g,Snacks,13,32.0,416.0,GCash,Delivered,2026-04-04,30/03/2026
ORD-20263021,2026-04-29,Jose Ocampo,Malinta,Dasmarinas,Cavite,CALABARZON,Head & Shoulders Sachet,Personal Care,20,7.0,140.0,COD,Returned,2026-05-08,29/04/2026
ORD-20263022,2026-04-16,Manuel Villanueva,Bagumbayan,Tagbilaran,Bohol,Central Visayas,Yellow Pad Paper,School & Office Supplies,7,12.0,84.0,COD,Delivered,2026-04-17,16/04/2026
ORD-20263023,2026-06-27,Manuel Villanueva,Bagumbayan,Tagbilaran,Bohol,Central Visayas,C2 Green Tea 500ml,Beverages,12,22.0,264.0,Maya,Pending,,27/06/2026
ORD-20263024,2026-03-18,Roberto Bautista,San Jose,Calamba,Laguna,CALABARZON,Nescafe 3-in-1 Sachet,Beverages,8,8.0,64.0,COD,Delivered,2026-03-21,18/03/2026
ORD-20263025,2026-02-21,Eduardo Ocampo,San Antonio,Tagum,Davao del Norte,Davao Region,Lucky Me Pancit Canton Noodles,Noodles & Canned Goods,14,14.0,196.0,GCash,Cancelled,,21/02/2026
ORD-20263026,2026-02-21,Jose Reyes,Rizal,Tagum,Davao del Norte,Davao Region,Coca-Cola 1.5L,Beverages,8,65.0,520.0,COD,Pending,,21/02/2026
ORD-20263027,2026-04-27,Maria Castillo,San Antonio,Malolos,Bulacan,Central Luzon,Nissin Cup Noodles,Noodles & Canned Goods,13,20.0,260.0,Cash,Delivered,2026-04-29,27/04/2026
ORD-20263028,2026-05-23,Luz Reyes,Poblacion,Dasmarinas,Cavite,CALABARZON,Milo Sachet,Beverages,17,9.0,153.0,Cash,Delivered,2026-06-02,23/05/2026
ORD-20263029,2026-05-25,Roberto Bautista,Del Pilar,Tagum,Davao del Norte,Davao Region,Lucky Me Pancit Canton Noodles,Noodles & Canned Goods,16,14.0,224.0,COD,Delivered,2026-06-04,25/05/2026
ORD-20263030,2026-04-26,Corazon Villanueva,Rizal,Angeles City,Pampanga,Central Luzon,C2 Green Tea 500ml,Beverages,17,22.0,374.0,GCash,Pending,,26/04/2026
ORD-20263031,2026-02-24,Rosa Del Rosario,Bagumbayan,Pasig,Metro Manila,NCR,Nescafe 3-in-1 Sachet,Beverages,18,8.0,144.0,COD,Delivered,2026-03-01,24/02/2026
ORD-20263032,2026-02-22,Eduardo Del Rosario,Bagong Silang,Malolos,Bulacan,Central Luzon,Safeguard Soap Bar,Personal Care,8,28.0,224.0,COD,Delivered,2026-03-02,22/02/2026
ORD-20263033,2026-05-07,Josefina Flores,Bagumbayan,Iloilo City,Iloilo,Western Visayas,Yellow Pad Paper,School & Office Supplies,3,12.0,36.0,GCash,Cancelled,,07/05/2026
ORD-20263034,2026-05-20,Cristina Ocampo,Rizal,Mandaue,Cebu,Central Visayas,Colgate Toothpaste 75ml,Personal Care,6,45.0,270.0,GCash,Delivered,2026-05-23,20/05/2026
ORD-20263035,2026-04-05,Jose Garcia,San Antonio,Malolos,Bulacan,Central Luzon,Zonrox Bleach 500ml,Household Care,11,32.0,352.0,Cash,Cancelled,,05/04/2026
ORD-20263036,2026-01-07,Pedro Cruz,Santo Nino,Manila,Metro Manila,NCR,Boy Bawang 100g,Snacks,5,18.0,90.0,GCash,Delivered,2026-01-12,07/01/2026
ORD-20263037,2026-02-26,Ricardo Aquino,San Isidro,Cebu City,Cebu,Central Visayas,Nescafe 3-in-1 Sachet,Beverages,4,8.0,32.0,GCash,Delivered,2026-03-06,26/02/2026
ORD-20263038,2026-06-19,Carmen Reyes,San Jose,Tagbilaran,Bohol,Central Visayas,Nescafe 3-in-1 Sachet,Beverages,16,8.0,128.0,COD,Delivered,2026-06-27,19/06/2026
ORD-20263039,2026-04-02,Pedro Torres,San Isidro,Dasmarinas,Cavite,CALABARZON,Coca-Cola 1.5L,Beverages,3,65.0,195.0,Cash,Delivered,2026-04-11,02/04/2026
ORD-20263040,2026-01-12,Roberto Ocampo,San Isidro,Iloilo City,Iloilo,Western Visayas,Boy Bawang 100g,Snacks,5,18.0,90.0,Cash,Delivered,2026-01-13,12/01/2026
ORD-20263041,2026-02-10,Fernando Pascual,Malinta,Malolos,Bulacan,Central Luzon,Joy Dishwashing Liquid 250ml,Household Care,12,38.0,456.0,COD,Delivered,2026-02-16,10/02/2026
ORD-20263042,2026-06-12,Ana Flores,Poblacion,Tagum,Davao del Norte,Davao Region,Yellow Pad Paper,School & Office Supplies,8,12.0,96.0,COD,Pending,,12/06/2026
ORD-20263043,2026-06-25,Maria Villanueva,Bagong Silang,Malolos,Bulacan,Central Luzon,Zonrox Bleach 500ml,Household Care,12,32.0,384.0,GCash,Pending,,25/06/2026
ORD-20263044,2026-03-28,Eduardo Pascual,Bagong Silang,Tarlac City,Tarlac,Central Luzon,Piattos 85g,Snacks,5,32.0,160.0,Cash,Delivered,2026-04-01,28/03/2026
ORD-20263045,2026-04-30,Carmen Reyes,San Jose,Tagbilaran,Bohol,Central Visayas,Nescafe 3-in-1 Sachet,Beverages,18,8.0,144.0,GCash,Returned,2026-05-08,30/04/2026
ORD-20263046,2026-04-08,Antonio Santos,San Isidro,Bacolod,Negros Occidental,Western Visayas,Head & Shoulders Sachet,Personal Care,17,7.0,119.0,GCash,Delivered,2026-04-11,08/04/2026
ORD-20263047,2026-02-03,Fernando Mendoza,Santo Nino,Quezon City,Metro Manila,NCR,555 Sardines,Noodles & Canned Goods,6,22.0,132.0,Cash,Pending,,03/02/2026
ORD-20263048,2026-01-15,Jose Bautista,Del Pilar,Calamba,Laguna,CALABARZON,Zonrox Bleach 500ml,Household Care,19,32.0,608.0,Cash,Delivered,2026-01-23,15/01/2026
ORD-20263049,2026-03-09,Josefina Torres,San Isidro,Tagbilaran,Bohol,Central Visayas,Joy Dishwashing Liquid 250ml,Household Care,3,38.0,114.0,COD,Delivered,2026-03-10,09/03/2026
ORD-20263050,2026-02-03,Ana Torres,San Antonio,Pasig,Metro Manila,NCR,Argentina Corned Beef,Noodles & Canned Goods,8,35.0,280.0,GCash,Pending,,03/02/2026
ORD-20263051,2026-04-22,Ricardo Cruz,San Isidro,Calamba,Laguna,CALABARZON,Yellow Pad Paper,School & Office Supplies,7,12.0,84.0,COD,Delivered,2026-04-27,22/04/2026
ORD-20263052,2026-02-10,Manuel Santos,Del Pilar,Tagum,Davao del Norte,Davao Region,Nova Multigrain 78g,Snacks,6,30.0,180.0,COD,Cancelled,,10/02/2026
ORD-20263053,2026-01-07,Josefina Castillo,Poblacion,Tagbilaran,Bohol,Central Visayas,Nissin Cup Noodles,Noodles & Canned Goods,20,20.0,400.0,COD,Delivered,2026-01-14,07/01/2026
ORD-20263054,2026-05-01,Pedro Castillo,Santo Nino,Cebu City,Cebu,Central Visayas,Colgate Toothpaste 75ml,Personal Care,6,45.0,270.0,COD,Delivered,2026-05-06,01/05/2026
ORD-20263055,2026-05-04,Teresa Mendoza,San Isidro,Cebu City,Cebu,Central Visayas,Joy Dishwashing Liquid 250ml,Household Care,2,38.0,76.0,COD,Delivered,2026-05-06,04/05/2026
ORD-20263056,2026-02-05,Maria Cruz,Del Pilar,Iloilo City,Iloilo,Western Visayas,Nova Multigrain 78g,Snacks,9,30.0,270.0,Cash,Pending,,05/02/2026
ORD-20263057,2026-01-26,Pedro Cruz,Santo Nino,Manila,Metro Manila,NCR,Head & Shoulders Sachet,Personal Care,12,7.0,84.0,COD,Delivered,2026-01-31,26/01/2026
ORD-20263058,2026-05-24,Josefina Santos,Bagumbayan,Tagbilaran,Bohol,Central Visayas,Palmolive Shampoo Sachet,Personal Care,20,6.0,120.0,GCash,Delivered,2026-05-30,24/05/2026
ORD-20263059,2026-03-25,Manuel Villanueva,Malinta,Tarlac City,Tarlac,Central Luzon,Zonrox Bleach 500ml,Household Care,11,32.0,352.0,Cash,Returned,2026-03-31,25/03/2026
ORD-20263060,2026-01-07,Elena Villanueva,Poblacion,Malolos,Bulacan,Central Luzon,CDO Corned Beef,Noodles & Canned Goods,8,33.0,264.0,COD,Delivered,2026-01-10,07/01/2026
ORD-20263061,2026-06-03,Elena Torres,San Jose,Angeles City,Pampanga,Central Luzon,Domex Toilet Cleaner,Household Care,9,55.0,495.0,COD,Pending,,03/06/2026
ORD-20263062,2026-02-16,Teresa Mendoza,San Isidro,Cebu City,Cebu,Central Visayas,SkyFlakes Crackers,Snacks,8,15.0,120.0,GCash,Delivered,2026-02-17,16/02/2026
ORD-20263063,2026-01-03,Juan Reyes,Poblacion,Quezon City,Metro Manila,NCR,Sta. Maria Crayons,School & Office Supplies,5,40.0,200.0,Cash,Cancelled,,03/01/2026
ORD-20263064,2026-03-07,Ana Ocampo,Bagumbayan,Mandaue,Cebu,Central Visayas,Domex Toilet Cleaner,Household Care,17,55.0,935.0,GCash,Delivered,2026-03-15,07/03/2026
ORD-20263065,2026-04-04,Carmen Mendoza,Santo Nino,Malolos,Bulacan,Central Luzon,CDO Corned Beef,Noodles & Canned Goods,14,33.0,462.0,Cash,Cancelled,,04/04/2026
ORD-20263066,2026-05-27,Fernando Villanueva,Bagumbayan,Bacolod,Negros Occidental,Western Visayas,Coca-Cola 1.5L,Beverages,7,65.0,455.0,GCash,Delivered,2026-06-01,27/05/2026
ORD-20263067,2026-06-27,Manuel Villanueva,Bagumbayan,Tagbilaran,Bohol,Central Visayas,Joy Dishwashing Liquid 250ml,Household Care,9,38.0,342.0,Cash,Delivered,2026-07-02,27/06/2026
ORD-20263068,2026-03-12,Maria Villanueva,Bagong Silang,Malolos,Bulacan,Central Luzon,Head & Shoulders Sachet,Personal Care,5,7.0,35.0,GCash,Returned,2026-03-21,12/03/2026
ORD-20263069,2026-01-20,Jose Torres,San Antonio,Dasmarinas,Cavite,CALABARZON,Milo Sachet,Beverages,7,9.0,63.0,Bank Transfer,Delivered,2026-01-21,20/01/2026
ORD-20263070,2026-01-30,Antonio Flores,Del Pilar,Manila,Metro Manila,NCR,SkyFlakes Crackers,Snacks,9,15.0,135.0,COD,Delivered,2026-02-04,30/01/2026
ORD-20263071,2026-05-08,Rosa Aquino,Bagumbayan,Pasig,Metro Manila,NCR,Nescafe 3-in-1 Sachet,Beverages,1,8.0,8.0,COD,Delivered,2026-05-14,08/05/2026
ORD-20263072,2026-06-10,Fernando Garcia,Del Pilar,Iloilo City,Iloilo,Western Visayas,Palmolive Shampoo Sachet,Personal Care,14,6.0,84.0,Cash,Delivered,2026-06-18,10/06/2026
ORD-20263073,2026-05-26,Eduardo Pascual,Bagong Silang,Tarlac City,Tarlac,Central Luzon,Colgate Toothpaste 75ml,Personal Care,20,45.0,900.0,GCash,Returned,2026-06-05,26/05/2026
ORD-20263074,2026-01-18,Eduardo Del Rosario,Santo Nino,Iloilo City,Iloilo,Western Visayas,Domex Toilet Cleaner,Household Care,2,55.0,110.0,GCash,Delivered,2026-01-21,18/01/2026
ORD-20263075,2026-06-15,Corazon Villanueva,San Jose,Makati,Metro Manila,NCR,Yellow Pad Paper,School & Office Supplies,12,12.0,144.0,GCash,Delivered,2026-06-21,15/06/2026
ORD-20263076,2026-05-11,Ricardo Flores,San Isidro,Iloilo City,Iloilo,Western Visayas,Sterling Notebook,School & Office Supplies,12,18.0,216.0,COD,Cancelled,,11/05/2026
ORD-20263077,2026-02-14,Rosa Del Rosario,Bagumbayan,Angeles City,Pampanga,Central Luzon,Colgate Toothpaste 75ml,Personal Care,10,45.0,450.0,Cash,Delivered,2026-02-20,14/02/2026
ORD-20263078,2026-04-17,Manuel Mendoza,Poblacion,Tagbilaran,Bohol,Central Visayas,Sta. Maria Crayons,School & Office Supplies,17,40.0,680.0,Cash,Delivered,2026-04-21,17/04/2026
ORD-20263079,2026-02-26,Ricardo Flores,San Isidro,Iloilo City,Iloilo,Western Visayas,Head & Shoulders Sachet,Personal Care,12,7.0,84.0,Cash,Returned,2026-03-06,26/02/2026
ORD-20263080,2026-03-17,Josefina Santos,San Jose,Bacolod,Negros Occidental,Western Visayas,Nescafe 3-in-1 Sachet,Beverages,3,8.0,24.0,Maya,Delivered,2026-03-20,17/03/2026
ORD-20263081,2026-01-07,Fernando Pascual,Rizal,Quezon City,Metro Manila,NCR,Piattos 85g,Snacks,10,32.0,320.0,GCash,Cancelled,,07/01/2026
ORD-20263082,2026-01-04,Ana Ramos,San Antonio,Malolos,Bulacan,Central Luzon,CDO Corned Beef,Noodles & Canned Goods,1,33.0,33.0,GCash,Delivered,2026-01-05,04/01/2026
ORD-20263083,2026-06-02,Elena Garcia,San Antonio,Mandaue,Cebu,Central Visayas,555 Sardines,Noodles & Canned Goods,5,22.0,110.0,Cash,Delivered,2026-06-05,02/06/2026
ORD-20263084,2026-01-30,Jose Castillo,Malinta,Bacolod,Negros Occidental,Western Visayas,SkyFlakes Crackers,Snacks,1,15.0,15.0,Maya,Delivered,2026-01-31,30/01/2026
ORD-20263085,2026-05-11,Pedro Santos,Del Pilar,Iloilo City,Iloilo,Western Visayas,Colgate Toothpaste 75ml,Personal Care,20,45.0,900.0,Bank Transfer,Pending,,11/05/2026
ORD-20263086,2026-01-20,Ramon Santos,Rizal,Dasmarinas,Cavite,CALABARZON,Coca-Cola 1.5L,Beverages,6,65.0,390.0,Bank Transfer,Delivered,2026-01-27,20/01/2026
ORD-20263087,2026-01-06,Eduardo Pascual,Bagong Silang,Tarlac City,Tarlac,Central Luzon,555 Sardines,Noodles & Canned Goods,2,22.0,44.0,Maya,Delivered,2026-01-15,06/01/2026
ORD-20263088,2026-02-20,Luz Reyes,San Jose,Tarlac City,Tarlac,Central Luzon,Zonrox Bleach 500ml,Household Care,2,32.0,64.0,Maya,Delivered,2026-02-24,20/02/2026
ORD-20263089,2026-03-03,Pedro Garcia,Bagong Silang,Manila,Metro Manila,NCR,Surf Powder Sachet,Household Care,2,8.0,16.0,Cash,Delivered,2026-03-11,03/03/2026
ORD-20263090,2026-03-14,Josefina Torres,San Isidro,Tagbilaran,Bohol,Central Visayas,Boy Bawang 100g,Snacks,8,18.0,144.0,COD,Delivered,2026-03-23,14/03/2026
ORD-20263091,2026-03-05,Jose Ocampo,Bagumbayan,Mandaue,Cebu,Central Visayas,CDO Corned Beef,Noodles & Canned Goods,3,33.0,99.0,COD,Delivered,2026-03-06,05/03/2026
ORD-20263092,2026-04-01,Manuel Flores,Poblacion,Dasmarinas,Cavite,CALABARZON,Sterling Notebook,School & Office Supplies,14,18.0,252.0,Cash,Delivered,2026-04-09,01/04/2026
ORD-20263093,2026-05-01,Teresa Reyes,Poblacion,Calamba,Laguna,CALABARZON,Yellow Pad Paper,School & Office Supplies,1,12.0,12.0,GCash,Delivered,2026-05-07,01/05/2026
ORD-20263094,2026-06-22,Jose Del Rosario,Rizal,Tagbilaran,Bohol,Central Visayas,Head & Shoulders Sachet,Personal Care,8,7.0,56.0,Cash,Cancelled,,22/06/2026
ORD-20263095,2026-05-31,Luz Castillo,Bagumbayan,Calamba,Laguna,CALABARZON,CDO Corned Beef,Noodles & Canned Goods,4,33.0,132.0,Cash,Delivered,2026-06-04,31/05/2026
ORD-20263096,2026-01-26,Ana Ramos,San Antonio,Malolos,Bulacan,Central Luzon,Argentina Corned Beef,Noodles & Canned Goods,15,35.0,525.0,Maya,Delivered,2026-01-29,26/01/2026
ORD-20263097,2026-05-04,Pedro Aquino,Rizal,Malolos,Bulacan,Central Luzon,Nissin Cup Noodles,Noodles & Canned Goods,13,20.0,260.0,Cash,Delivered,2026-05-09,04/05/2026
ORD-20263098,2026-03-17,Eduardo Mendoza,Bagong Silang,Batangas City,Batangas,CALABARZON,Head & Shoulders Sachet,Personal Care,10,7.0,70.0,GCash,Delivered,2026-03-27,17/03/2026
ORD-20263099,2026-04-25,Rosa Reyes,Malinta,Iloilo City,Iloilo,Western Visayas,Sterling Notebook,School & Office Supplies,20,18.0,360.0,COD,Delivered,2026-04-30,25/04/2026
ORD-20263100,2026-03-31,Fernando Pascual,Bagong Silang,Dasmarinas,Cavite,CALABARZON,Piattos 85g,Snacks,12,32.0,384.0,Maya,Cancelled,,31/03/2026
ORD-20263101,2026-04-10,Carmen Villanueva,San Antonio,Tarlac City,Tarlac,Central Luzon,SkyFlakes Crackers,Snacks,19,15.0,285.0,GCash,Delivered,2026-04-20,10/04/2026
ORD-20263102,2026-02-03,Fernando Garcia,Del Pilar,Iloilo City,Iloilo,Western Visayas,C2 Green Tea 500ml,Beverages,3,22.0,66.0,Maya,Delivered,2026-02-09,03/02/2026
ORD-20263103,2026-02-24,Teresa Reyes,Rizal,Iloilo City,Iloilo,Western Visayas,Coca-Cola 1.5L,Beverages,9,65.0,585.0,COD,Returned,2026-02-26,24/02/2026
ORD-20263104,2026-02-03,Ana Mendoza,Del Pilar,Tagum,Davao del Norte,Davao Region,Lucky Me Pancit Canton Noodles,Noodles & Canned Goods,19,14.0,266.0,Cash,Delivered,2026-02-10,03/02/2026
ORD-20263105,2026-02-13,Ricardo Ocampo,Bagong Silang,Quezon City,Metro Manila,NCR,Nova Multigrain 78g,Snacks,13,30.0,390.0,Bank Transfer,Delivered,2026-02-19,13/02/2026
ORD-20263106,2026-05-13,Manuel Santos,Del Pilar,Tagum,Davao del Norte,Davao Region,Coca-Cola 1.5L,Beverages,15,65.0,975.0,GCash,Delivered,2026-05-15,13/05/2026
ORD-20263107,2026-01-15,Elena Aquino,Santo Nino,Bacolod,Negros Occidental,Western Visayas,Sta. Maria Crayons,School & Office Supplies,2,40.0,80.0,COD,Delivered,2026-01-19,15/01/2026
ORD-20263108,2026-04-06,Corazon Bautista,Bagong Silang,Davao City,Davao del Sur,Davao Region,SkyFlakes Crackers,Snacks,11,15.0,165.0,GCash,Returned,2026-04-07,06/04/2026
ORD-20263109,2026-01-29,Josefina Cruz,San Antonio,Makati,Metro Manila,NCR,Nissin Cup Noodles,Noodles & Canned Goods,6,20.0,120.0,COD,Delivered,2026-02-07,29/01/2026
ORD-20263110,2026-04-26,Rosa Castillo,San Antonio,Angeles City,Pampanga,Central Luzon,C2 Green Tea 500ml,Beverages,12,22.0,264.0,Cash,Delivered,2026-05-04,26/04/2026
ORD-20263111,2026-06-02,Luz Torres,Rizal,Mandaue,Cebu,Central Visayas,Zonrox Bleach 500ml,Household Care,2,32.0,64.0,Bank Transfer,Delivered,2026-06-08,02/06/2026
ORD-20263112,2026-01-30,Ricardo Bautista,Bagong Silang,Tagum,Davao del Norte,Davao Region,Yellow Pad Paper,School & Office Supplies,15,12.0,180.0,GCash,Delivered,2026-02-04,30/01/2026
ORD-20263113,2026-05-24,Antonio Flores,Bagumbayan,Angeles City,Pampanga,Central Luzon,Piattos 85g,Snacks,18,32.0,576.0,Cash,Delivered,2026-05-30,24/05/2026
ORD-20263114,2026-06-28,Pedro Cruz,Santo Nino,Manila,Metro Manila,NCR,555 Sardines,Noodles & Canned Goods,3,22.0,66.0,GCash,Delivered,2026-07-06,28/06/2026
ORD-20263115,2026-06-17,Teresa Villanueva,San Antonio,Iloilo City,Iloilo,Western Visayas,Boy Bawang 100g,Snacks,13,18.0,234.0,Cash,Delivered,2026-06-18,17/06/2026
ORD-20263116,2026-06-27,Antonio Bautista,Rizal,Davao City,Davao del Sur,Davao Region,555 Sardines,Noodles & Canned Goods,15,22.0,330.0,GCash,Delivered,2026-06-28,27/06/2026
ORD-20263117,2026-02-06,Eduardo Del Rosario,Santo Nino,Iloilo City,Iloilo,Western Visayas,ILUV Ballpen,School & Office Supplies,4,10.0,40.0,GCash,Delivered,2026-02-15,06/02/2026
ORD-20263118,2026-02-13,Maria Castillo,San Antonio,Malolos,Bulacan,Central Luzon,Milo Sachet,Beverages,19,9.0,171.0,Cash,Delivered,2026-02-20,13/02/2026
ORD-20263119,2026-04-15,Pedro Pascual,San Isidro,Manila,Metro Manila,NCR,Domex Toilet Cleaner,Household Care,10,55.0,550.0,COD,Pending,,15/04/2026
ORD-20263120,2026-03-18,Corazon Villanueva,San Isidro,Makati,Metro Manila,NCR,C2 Green Tea 500ml,Beverages,13,22.0,286.0,Cash,Delivered,2026-03-27,18/03/2026
ORD-20263121,2026-01-16,Ricardo Aquino,San Isidro,Cebu City,Cebu,Central Visayas,CDO Corned Beef,Noodles & Canned Goods,19,33.0,627.0,Cash,Delivered,2026-01-25,16/01/2026
ORD-20263122,2026-04-02,Teresa Torres,Rizal,Mandaue,Cebu,Central Visayas,Colgate Toothpaste 75ml,Personal Care,4,45.0,180.0,COD,Delivered,2026-04-10,02/04/2026
ORD-20263123,2026-05-06,Antonio Santos,San Isidro,Bacolod,Negros Occidental,Western Visayas,Milo Sachet,Beverages,3,9.0,27.0,GCash,Delivered,2026-05-15,06/05/2026
ORD-20263124,2026-05-12,Fernando Garcia,Bagong Silang,Tagbilaran,Bohol,Central Visayas,Sta. Maria Crayons,School & Office Supplies,13,40.0,520.0,GCash,Cancelled,,12/05/2026
ORD-20263125,2026-06-16,Pedro Santos,Del Pilar,Iloilo City,Iloilo,Western Visayas,Sta. Maria Crayons,School & Office Supplies,5,40.0,200.0,COD,Delivered,2026-06-23,16/06/2026
ORD-20263126,2026-02-19,Carmen Mendoza,Santo Nino,Malolos,Bulacan,Central Luzon,Nissin Cup Noodles,Noodles & Canned Goods,14,20.0,280.0,Cash,Delivered,2026-02-26,19/02/2026
ORD-20263127,2026-06-01,Josefina Ocampo,San Antonio,Davao City,Davao del Sur,Davao Region,Palmolive Shampoo Sachet,Personal Care,8,6.0,48.0,COD,Pending,,01/06/2026
ORD-20263128,2026-04-28,Ana Flores,Poblacion,Tagum,Davao del Norte,Davao Region,CDO Corned Beef,Noodles & Canned Goods,3,33.0,99.0,COD,Delivered,2026-04-30,28/04/2026
ORD-20263129,2026-01-02,Eduardo Garcia,Poblacion,Tarlac City,Tarlac,Central Luzon,Head & Shoulders Sachet,Personal Care,19,7.0,133.0,Maya,Delivered,2026-01-10,02/01/2026
ORD-20263130,2026-04-14,Teresa Villanueva,Santo Nino,Malolos,Bulacan,Central Luzon,CDO Corned Beef,Noodles & Canned Goods,7,33.0,231.0,COD,Delivered,2026-04-23,14/04/2026
ORD-20263131,2026-04-05,Ana Cruz,Poblacion,Quezon City,Metro Manila,NCR,Colgate Toothpaste 75ml,Personal Care,6,45.0,270.0,GCash,Pending,,05/04/2026
ORD-20263132,2026-01-07,Juan Torres,Poblacion,Pasig,Metro Manila,NCR,Domex Toilet Cleaner,Household Care,3,55.0,165.0,Cash,Delivered,2026-01-08,07/01/2026
ORD-20263133,2026-04-20,Josefina Castillo,Poblacion,Tagbilaran,Bohol,Central Visayas,Head & Shoulders Sachet,Personal Care,7,7.0,49.0,COD,Cancelled,,20/04/2026
ORD-20263134,2026-05-20,Fernando Villanueva,Bagumbayan,Bacolod,Negros Occidental,Western Visayas,Lucky Me Beef Sotanghon,Noodles & Canned Goods,20,13.0,260.0,GCash,Delivered,2026-05-29,20/05/2026
ORD-20263135,2026-06-13,Jose Santos,San Jose,Cebu City,Cebu,Central Visayas,Coca-Cola 1.5L,Beverages,19,65.0,1235.0,Bank Transfer,Cancelled,,13/06/2026
ORD-20263136,2026-04-08,Eduardo Ocampo,San Antonio,Tagum,Davao del Norte,Davao Region,Coca-Cola 1.5L,Beverages,16,65.0,1040.0,GCash,Delivered,2026-04-18,08/04/2026
ORD-20263137,2026-04-22,Pedro Cruz,Santo Nino,Manila,Metro Manila,NCR,Colgate Toothpaste 75ml,Personal Care,2,45.0,90.0,GCash,Delivered,2026-05-02,22/04/2026
ORD-20263138,2026-05-09,Elena Ramos,Malinta,Tarlac City,Tarlac,Central Luzon,Yellow Pad Paper,School & Office Supplies,18,12.0,216.0,Maya,Delivered,2026-05-16,09/05/2026
ORD-20263139,2026-06-21,Pedro Reyes,Bagumbayan,Tagum,Davao del Norte,Davao Region,Argentina Corned Beef,Noodles & Canned Goods,15,35.0,525.0,Maya,Delivered,2026-06-27,21/06/2026
ORD-20263140,2026-02-25,Eduardo Ocampo,San Antonio,Tagum,Davao del Norte,Davao Region,Argentina Corned Beef,Noodles & Canned Goods,3,35.0,105.0,GCash,Delivered,2026-02-28,25/02/2026
ORD-20263141,2026-01-29,Cristina Pascual,Rizal,Davao City,Davao del Sur,Davao Region,Nova Multigrain 78g,Snacks,10,30.0,300.0,Cash,Cancelled,,29/01/2026
ORD-20263142,2026-06-19,Carmen Reyes,San Jose,Tagbilaran,Bohol,Central Visayas,Milo Sachet,Beverages,12,9.0,108.0,GCash,Returned,2026-06-28,19/06/2026
ORD-20263143,2026-03-10,Juan Villanueva,Bagumbayan,Pasig,Metro Manila,NCR,Yellow Pad Paper,School & Office Supplies,1,12.0,12.0,COD,Returned,2026-03-11,10/03/2026
ORD-20263144,2026-05-15,Rosa Pascual,San Isidro,Manila,Metro Manila,NCR,Yellow Pad Paper,School & Office Supplies,5,12.0,60.0,COD,Delivered,2026-05-19,15/05/2026
ORD-20263145,2026-04-09,Josefina Santos,Rizal,Pasig,Metro Manila,NCR,Safeguard Soap Bar,Personal Care,17,28.0,476.0,GCash,Pending,,09/04/2026
ORD-20263146,2026-02-01,Josefina Torres,San Isidro,Tagbilaran,Bohol,Central Visayas,Lucky Me Beef Sotanghon,Noodles & Canned Goods,5,13.0,65.0,Cash,Cancelled,,01/02/2026
ORD-20263147,2026-05-19,Ricardo Aquino,San Isidro,Cebu City,Cebu,Central Visayas,555 Sardines,Noodles & Canned Goods,5,22.0,110.0,COD,Delivered,2026-05-29,19/05/2026
ORD-20263148,2026-05-23,Carmen Reyes,San Jose,Tagbilaran,Bohol,Central Visayas,555 Sardines,Noodles & Canned Goods,11,22.0,242.0,COD,Delivered,2026-05-26,23/05/2026
ORD-20263149,2026-03-25,Roberto Bautista,Del Pilar,Tagum,Davao del Norte,Davao Region,Lucky Me Pancit Canton Noodles,Noodles & Canned Goods,17,14.0,238.0,Maya,Delivered,2026-03-27,25/03/2026
ORD-20263150,2026-01-16,Teresa Castillo,Bagumbayan,Batangas City,Batangas,CALABARZON,Sterling Notebook,School & Office Supplies,18,18.0,324.0,Bank Transfer,Pending,,16/01/2026
ORD-20263151,2026-01-27,Josefina Castillo,Poblacion,Tagbilaran,Bohol,Central Visayas,Surf Powder Sachet,Household Care,17,8.0,136.0,GCash,Delivered,2026-01-30,27/01/2026
ORD-20263152,2026-04-28,Jose Bautista,Del Pilar,Calamba,Laguna,CALABARZON,555 Sardines,Noodles & Canned Goods,5,22.0,110.0,COD,Delivered,2026-05-07,28/04/2026
ORD-20263153,2026-05-23,Teresa Castillo,Bagumbayan,Batangas City,Batangas,CALABARZON,Boy Bawang 100g,Snacks,9,18.0,162.0,Cash,Delivered,2026-05-24,23/05/2026
ORD-20263154,2026-03-26,Corazon Ocampo,Malinta,Iloilo City,Iloilo,Western Visayas,Nescafe 3-in-1 Sachet,Beverages,8,8.0,64.0,GCash,Cancelled,,26/03/2026
ORD-20263155,2026-01-12,Manuel Reyes,Rizal,Quezon City,Metro Manila,NCR,Surf Powder Sachet,Household Care,14,8.0,112.0,Maya,Delivered,2026-01-13,12/01/2026
ORD-20263156,2026-05-23,Fernando Villanueva,Bagumbayan,Bacolod,Negros Occidental,Western Visayas,Piattos 85g,Snacks,12,32.0,384.0,Cash,Delivered,2026-05-25,23/05/2026
ORD-20263157,2026-01-18,Antonio Flores,Bagumbayan,Angeles City,Pampanga,Central Luzon,Safeguard Soap Bar,Personal Care,6,28.0,168.0,GCash,Delivered,2026-01-28,18/01/2026
ORD-20263158,2026-01-11,Ricardo Pascual,Santo Nino,Tarlac City,Tarlac,Central Luzon,Nova Multigrain 78g,Snacks,11,30.0,330.0,COD,Pending,,11/01/2026
ORD-20263159,2026-01-13,Cristina Ocampo,Rizal,Mandaue,Cebu,Central Visayas,SkyFlakes Crackers,Snacks,13,15.0,195.0,GCash,Delivered,2026-01-22,13/01/2026
ORD-20263160,2026-02-10,Elena Garcia,San Antonio,Mandaue,Cebu,Central Visayas,Sterling Notebook,School & Office Supplies,14,18.0,252.0,Cash,Delivered,2026-02-15,10/02/2026
ORD-20263161,2026-02-25,Ricardo Cruz,San Isidro,Calamba,Laguna,CALABARZON,CDO Corned Beef,Noodles & Canned Goods,14,33.0,462.0,COD,Delivered,2026-03-05,25/02/2026
ORD-20263162,2026-05-11,Jose Reyes,Rizal,Tagum,Davao del Norte,Davao Region,Surf Powder Sachet,Household Care,6,8.0,48.0,Cash,Delivered,2026-05-18,11/05/2026
ORD-20263163,2026-01-26,Elena Torres,Malinta,Tarlac City,Tarlac,Central Luzon,Safeguard Soap Bar,Personal Care,17,28.0,476.0,COD,Delivered,2026-02-02,26/01/2026
ORD-20263164,2026-01-31,Ana Cruz,Santo Nino,Manila,Metro Manila,NCR,ILUV Ballpen,School & Office Supplies,6,10.0,60.0,Bank Transfer,Delivered,2026-02-08,31/01/2026
ORD-20263165,2026-06-19,Juan Ramos,Bagumbayan,Manila,Metro Manila,NCR,555 Sardines,Noodles & Canned Goods,20,22.0,440.0,COD,Delivered,2026-06-24,19/06/2026
ORD-20263166,2026-02-24,Fernando Ramos,Santo Nino,Iloilo City,Iloilo,Western Visayas,555 Sardines,Noodles & Canned Goods,11,22.0,242.0,Maya,Delivered,2026-03-02,24/02/2026
ORD-20263167,2026-06-21,Rosa Cruz,San Isidro,Tarlac City,Tarlac,Central Luzon,Sterling Notebook,School & Office Supplies,14,18.0,252.0,GCash,Delivered,2026-06-24,21/06/2026
ORD-20263168,2026-03-06,Maria Mendoza,Del Pilar,Manila,Metro Manila,NCR,Colgate Toothpaste 75ml,Personal Care,2,45.0,90.0,COD,Delivered,2026-03-10,06/03/2026
ORD-20263169,2026-03-10,Josefina Cruz,San Antonio,Makati,Metro Manila,NCR,Zonrox Bleach 500ml,Household Care,11,32.0,352.0,COD,Delivered,2026-03-17,10/03/2026
ORD-20263170,2026-04-05,Jose Torres,San Antonio,Dasmarinas,Cavite,CALABARZON,Coca-Cola 1.5L,Beverages,14,65.0,910.0,GCash,Pending,,05/04/2026
ORD-20263171,2026-02-23,Teresa Torres,Rizal,Mandaue,Cebu,Central Visayas,C2 Green Tea 500ml,Beverages,5,22.0,110.0,COD,Delivered,2026-02-26,23/02/2026
ORD-20263172,2026-02-06,Pedro Pascual,San Isidro,Manila,Metro Manila,NCR,CDO Corned Beef,Noodles & Canned Goods,18,33.0,594.0,Cash,Delivered,2026-02-08,06/02/2026
ORD-20263173,2026-01-04,Eduardo Mendoza,San Isidro,Tagum,Davao del Norte,Davao Region,Nissin Cup Noodles,Noodles & Canned Goods,15,20.0,300.0,GCash,Delivered,2026-01-10,04/01/2026
ORD-20263174,2026-05-04,Josefina Pascual,Poblacion,Manila,Metro Manila,NCR,SkyFlakes Crackers,Snacks,11,15.0,165.0,GCash,Cancelled,,04/05/2026
ORD-20263175,2026-03-13,Fernando Pascual,Malinta,Malolos,Bulacan,Central Luzon,Colgate Toothpaste 75ml,Personal Care,19,45.0,855.0,Cash,Pending,,13/03/2026
ORD-20263176,2026-03-10,Antonio Mendoza,San Isidro,Calamba,Laguna,CALABARZON,Milo Sachet,Beverages,5,9.0,45.0,Maya,Delivered,2026-03-18,10/03/2026
ORD-20263177,2026-01-15,Maria Santos,Bagumbayan,Bacolod,Negros Occidental,Western Visayas,Boy Bawang 100g,Snacks,17,18.0,306.0,GCash,Delivered,2026-01-21,15/01/2026
ORD-20263178,2026-02-17,Pedro Garcia,Poblacion,Pasig,Metro Manila,NCR,Milo Sachet,Beverages,6,9.0,54.0,Cash,Delivered,2026-02-24,17/02/2026
ORD-20263179,2026-06-01,Eduardo Aquino,Bagong Silang,Tarlac City,Tarlac,Central Luzon,Zonrox Bleach 500ml,Household Care,5,32.0,160.0,Cash,Delivered,2026-06-03,01/06/2026
ORD-20263180,2026-02-22,Antonio Bautista,Rizal,Davao City,Davao del Sur,Davao Region,Milo Sachet,Beverages,14,9.0,126.0,Cash,Delivered,2026-02-23,22/02/2026
ORD-20263181,2026-05-15,Juan Ramos,Bagumbayan,Manila,Metro Manila,NCR,Nissin Cup Noodles,Noodles & Canned Goods,18,20.0,360.0,COD,Delivered,2026-05-22,15/05/2026
ORD-20263182,2026-01-16,Fernando Ramos,Santo Nino,Iloilo City,Iloilo,Western Visayas,Safeguard Soap Bar,Personal Care,19,28.0,532.0,COD,Delivered,2026-01-18,16/01/2026
ORD-20263183,2026-02-07,Josefina Santos,Santo Nino,Tagum,Davao del Norte,Davao Region,Nissin Cup Noodles,Noodles & Canned Goods,13,20.0,260.0,Cash,Delivered,2026-02-09,07/02/2026
ORD-20263184,2026-06-12,Jose Ocampo,Malinta,Dasmarinas,Cavite,CALABARZON,Surf Powder Sachet,Household Care,17,8.0,136.0,COD,Delivered,2026-06-13,12/06/2026
ORD-20263185,2026-05-16,Fernando Garcia,Bagong Silang,Tagbilaran,Bohol,Central Visayas,Joy Dishwashing Liquid 250ml,Household Care,10,38.0,380.0,GCash,Delivered,2026-05-21,16/05/2026
ORD-20263186,2026-01-01,Corazon Torres,Bagumbayan,Cebu City,Cebu,Central Visayas,Nova Multigrain 78g,Snacks,1,30.0,30.0,Maya,Delivered,2026-01-08,01/01/2026
ORD-20263187,2026-02-21,Jose Flores,Bagumbayan,Bacolod,Negros Occidental,Western Visayas,Piattos 85g,Snacks,10,32.0,320.0,COD,Cancelled,,21/02/2026
ORD-20263188,2026-03-09,Ricardo Ocampo,Bagong Silang,Quezon City,Metro Manila,NCR,Lucky Me Pancit Canton Noodles,Noodles & Canned Goods,12,14.0,168.0,COD,Delivered,2026-03-19,09/03/2026
ORD-20263189,2026-01-20,Pedro Santos,Del Pilar,Iloilo City,Iloilo,Western Visayas,Joy Dishwashing Liquid 250ml,Household Care,15,38.0,570.0,Cash,Pending,,20/01/2026
ORD-20263190,2026-06-06,Ricardo Aquino,San Isidro,Cebu City,Cebu,Central Visayas,Head & Shoulders Sachet,Personal Care,7,7.0,49.0,Cash,Delivered,2026-06-08,06/06/2026
ORD-20263191,2026-06-29,Luz Cruz,San Antonio,Makati,Metro Manila,NCR,Nova Multigrain 78g,Snacks,3,30.0,90.0,COD,Delivered,2026-07-01,29/06/2026
ORD-20263192,2026-03-21,Cristina Flores,Del Pilar,Quezon City,Metro Manila,NCR,Coca-Cola 1.5L,Beverages,3,65.0,195.0,Maya,Cancelled,,21/03/2026
ORD-20263193,2026-03-29,Pedro Torres,San Isidro,Dasmarinas,Cavite,CALABARZON,Argentina Corned Beef,Noodles & Canned Goods,4,35.0,140.0,GCash,Cancelled,,29/03/2026
ORD-20263194,2026-06-20,Maria Pascual,Bagumbayan,Tagum,Davao del Norte,Davao Region,Nova Multigrain 78g,Snacks,9,30.0,270.0,Cash,Delivered,2026-06-23,20/06/2026
ORD-20263195,2026-03-18,Teresa Castillo,Bagumbayan,Batangas City,Batangas,CALABARZON,C2 Green Tea 500ml,Beverages,12,22.0,264.0,COD,Cancelled,,18/03/2026
ORD-20263196,2026-05-10,Luz Reyes,San Jose,Tarlac City,Tarlac,Central Luzon,Palmolive Shampoo Sachet,Personal Care,8,6.0,48.0,COD,Pending,,10/05/2026
ORD-20263197,2026-03-20,Pedro Del Rosario,Rizal,Pasig,Metro Manila,NCR,555 Sardines,Noodles & Canned Goods,18,22.0,396.0,COD,Delivered,2026-03-23,20/03/2026
ORD-20263198,2026-01-02,Manuel Mendoza,Poblacion,Mandaue,Cebu,Central Visayas,Boy Bawang 100g,Snacks,5,18.0,90.0,Cash,Cancelled,,02/01/2026
ORD-20263199,2026-02-20,Antonio Santos,Del Pilar,Iloilo City,Iloilo,Western Visayas,Boy Bawang 100g,Snacks,16,18.0,288.0,COD,Delivered,2026-02-27,20/02/2026
ORD-20263200,2026-06-25,Cristina Castillo,Santo Nino,Mandaue,Cebu,Central Visayas,Head & Shoulders Sachet,Personal Care,12,7.0,84.0,COD,Delivered,2026-07-01,25/06/2026
ORD-20263201,2026-06-17,Corazon Bautista,Bagong Silang,Davao City,Davao del Sur,Davao Region,Yellow Pad Paper,School & Office Supplies,14,12.0,168.0,COD,Delivered,2026-06-20,17/06/2026
ORD-20263202,2026-02-10,Rosa Aquino,Bagumbayan,Pasig,Metro Manila,NCR,Palmolive Shampoo Sachet,Personal Care,20,6.0,120.0,GCash,Cancelled,,10/02/2026
ORD-20263203,2026-02-23,Ricardo Cruz,San Antonio,Manila,Metro Manila,NCR,Lucky Me Beef Sotanghon,Noodles & Canned Goods,11,13.0,143.0,Bank Transfer,Delivered,2026-03-04,23/02/2026
ORD-20263204,2026-06-28,Fernando Santos,San Antonio,Bacolod,Negros Occidental,Western Visayas,ILUV Ballpen,School & Office Supplies,13,10.0,130.0,Cash,Delivered,2026-06-29,28/06/2026
ORD-20263205,2026-06-17,Teresa Mendoza,San Isidro,Cebu City,Cebu,Central Visayas,Milo Sachet,Beverages,14,9.0,126.0,Maya,Delivered,2026-06-26,17/06/2026
ORD-20263206,2026-03-05,Luz Reyes,Poblacion,Dasmarinas,Cavite,CALABARZON,SkyFlakes Crackers,Snacks,16,15.0,240.0,Cash,Delivered,2026-03-14,05/03/2026
ORD-20263207,2026-04-21,Juan Bautista,San Jose,Angeles City,Pampanga,Central Luzon,C2 Green Tea 500ml,Beverages,20,22.0,440.0,GCash,Delivered,2026-04-26,21/04/2026
ORD-20263208,2026-03-15,Teresa Reyes,Poblacion,Calamba,Laguna,CALABARZON,SkyFlakes Crackers,Snacks,11,15.0,165.0,COD,Returned,2026-03-25,15/03/2026
ORD-20263209,2026-04-22,Manuel Villanueva,Malinta,Tarlac City,Tarlac,Central Luzon,Boy Bawang 100g,Snacks,20,18.0,360.0,Maya,Delivered,2026-04-28,22/04/2026
ORD-20263210,2026-03-11,Elena Aquino,Malinta,Iloilo City,Iloilo,Western Visayas,Nissin Cup Noodles,Noodles & Canned Goods,4,20.0,80.0,GCash,Cancelled,,11/03/2026
ORD-20263211,2026-02-17,Ramon Santos,Rizal,Dasmarinas,Cavite,CALABARZON,Piattos 85g,Snacks,3,32.0,96.0,GCash,Returned,2026-02-20,17/02/2026
ORD-20263212,2026-04-16,Elena Aquino,Malinta,Iloilo City,Iloilo,Western Visayas,ILUV Ballpen,School & Office Supplies,4,10.0,40.0,Maya,Delivered,2026-04-22,16/04/2026
ORD-20263213,2026-05-07,Juan Villanueva,Rizal,Iloilo City,Iloilo,Western Visayas,Sterling Notebook,School & Office Supplies,19,18.0,342.0,Cash,Delivered,2026-05-14,07/05/2026
ORD-20263214,2026-06-04,Eduardo Garcia,Poblacion,Tarlac City,Tarlac,Central Luzon,Safeguard Soap Bar,Personal Care,7,28.0,196.0,Cash,Delivered,2026-06-13,04/06/2026
ORD-20263215,2026-05-04,Eduardo Garcia,Poblacion,Tarlac City,Tarlac,Central Luzon,Yellow Pad Paper,School & Office Supplies,14,12.0,168.0,Maya,Delivered,2026-05-08,04/05/2026
ORD-20263216,2026-05-24,Carmen Flores,Del Pilar,Davao City,Davao del Sur,Davao Region,Zonrox Bleach 500ml,Household Care,16,32.0,512.0,GCash,Cancelled,,24/05/2026
ORD-20263217,2026-05-21,Josefina Pascual,San Jose,Tarlac City,Tarlac,Central Luzon,Yellow Pad Paper,School & Office Supplies,1,12.0,12.0,COD,Delivered,2026-05-30,21/05/2026
ORD-20263218,2026-03-03,Josefina Ocampo,San Antonio,Davao City,Davao del Sur,Davao Region,Nova Multigrain 78g,Snacks,6,30.0,180.0,GCash,Delivered,2026-03-10,03/03/2026
ORD-20263219,2026-01-16,Teresa Villanueva,San Antonio,Iloilo City,Iloilo,Western Visayas,Head & Shoulders Sachet,Personal Care,17,7.0,119.0,COD,Delivered,2026-01-19,16/01/2026
ORD-20263220,2026-02-13,Josefina Torres,Malinta,Tagum,Davao del Norte,Davao Region,Joy Dishwashing Liquid 250ml,Household Care,17,38.0,646.0,Maya,Delivered,2026-02-23,13/02/2026
ORD-20263221,2026-06-01,Roberto Flores,Malinta,Dasmarinas,Cavite,CALABARZON,Nova Multigrain 78g,Snacks,16,30.0,480.0,GCash,Returned,2026-06-08,01/06/2026
ORD-20263222,2026-06-10,Eduardo Ocampo,San Antonio,Tagum,Davao del Norte,Davao Region,Palmolive Shampoo Sachet,Personal Care,18,6.0,108.0,COD,Delivered,2026-06-20,10/06/2026
ORD-20263223,2026-02-28,Carmen Villanueva,San Antonio,Tarlac City,Tarlac,Central Luzon,Piattos 85g,Snacks,15,32.0,480.0,GCash,Delivered,2026-03-06,28/02/2026
ORD-20263224,2026-03-23,Josefina Torres,San Isidro,Tagbilaran,Bohol,Central Visayas,Safeguard Soap Bar,Personal Care,20,28.0,560.0,Cash,Delivered,2026-03-25,23/03/2026
ORD-20263225,2026-01-26,Teresa Pascual,Bagong Silang,Tagum,Davao del Norte,Davao Region,Argentina Corned Beef,Noodles & Canned Goods,16,35.0,560.0,Bank Transfer,Delivered,2026-02-01,26/01/2026
ORD-20263226,2026-04-08,Maria Cruz,Del Pilar,Iloilo City,Iloilo,Western Visayas,Lucky Me Beef Sotanghon,Noodles & Canned Goods,4,13.0,52.0,COD,Returned,2026-04-17,08/04/2026
ORD-20263227,2026-03-16,Teresa Torres,San Antonio,Tagum,Davao del Norte,Davao Region,Nissin Cup Noodles,Noodles & Canned Goods,8,20.0,160.0,GCash,Delivered,2026-03-17,16/03/2026
ORD-20263228,2026-04-26,Jose Castillo,Malinta,Bacolod,Negros Occidental,Western Visayas,Colgate Toothpaste 75ml,Personal Care,7,45.0,315.0,Maya,Delivered,2026-04-29,26/04/2026
ORD-20263229,2026-03-19,Jose Reyes,Rizal,Tagum,Davao del Norte,Davao Region,CDO Corned Beef,Noodles & Canned Goods,7,33.0,231.0,Cash,Pending,,19/03/2026
ORD-20263230,2026-06-17,Pedro Castillo,Santo Nino,Cebu City,Cebu,Central Visayas,Domex Toilet Cleaner,Household Care,20,55.0,1100.0,Cash,Delivered,2026-06-21,17/06/2026
ORD-20263231,2026-03-16,Roberto Torres,Del Pilar,Tarlac City,Tarlac,Central Luzon,Domex Toilet Cleaner,Household Care,7,55.0,385.0,Maya,Delivered,2026-03-21,16/03/2026
ORD-20263232,2026-05-31,Josefina Pascual,Poblacion,Manila,Metro Manila,NCR,Sterling Notebook,School & Office Supplies,6,18.0,108.0,Cash,Cancelled,,31/05/2026
ORD-20263233,2026-01-15,Antonio Flores,Bagumbayan,Angeles City,Pampanga,Central Luzon,Zonrox Bleach 500ml,Household Care,8,32.0,256.0,GCash,Pending,,15/01/2026
ORD-20263234,2026-05-01,Fernando Garcia,Bagong Silang,Tagbilaran,Bohol,Central Visayas,Argentina Corned Beef,Noodles & Canned Goods,19,35.0,665.0,Cash,Cancelled,,01/05/2026
ORD-20263235,2026-04-21,Juan Flores,Rizal,Iloilo City,Iloilo,Western Visayas,Colgate Toothpaste 75ml,Personal Care,8,45.0,360.0,Bank Transfer,Delivered,2026-04-22,21/04/2026
ORD-20263236,2026-03-18,Teresa Mendoza,San Isidro,Cebu City,Cebu,Central Visayas,Palmolive Shampoo Sachet,Personal Care,13,6.0,78.0,COD,Delivered,2026-03-25,18/03/2026
ORD-20263237,2026-02-14,Fernando Santos,San Antonio,Bacolod,Negros Occidental,Western Visayas,Nissin Cup Noodles,Noodles & Canned Goods,12,20.0,240.0,COD,Delivered,2026-02-18,14/02/2026
ORD-20263238,2026-01-19,Pedro Del Rosario,Rizal,Pasig,Metro Manila,NCR,ILUV Ballpen,School & Office Supplies,16,10.0,160.0,Bank Transfer,Delivered,2026-01-20,19/01/2026
ORD-20263239,2026-04-03,Juan Torres,Poblacion,Pasig,Metro Manila,NCR,Lucky Me Beef Sotanghon,Noodles & Canned Goods,20,13.0,260.0,COD,Delivered,2026-04-13,03/04/2026
ORD-20263240,2026-02-25,Jose Reyes,Rizal,Tagum,Davao del Norte,Davao Region,Boy Bawang 100g,Snacks,6,18.0,108.0,Bank Transfer,Delivered,2026-02-28,25/02/2026
ORD-20263241,2026-04-20,Fernando Mendoza,Santo Nino,Quezon City,Metro Manila,NCR,Surf Powder Sachet,Household Care,6,8.0,48.0,GCash,Delivered,2026-04-23,20/04/2026
ORD-20263242,2026-03-05,Manuel Ramos,Rizal,Tagbilaran,Bohol,Central Visayas,555 Sardines,Noodles & Canned Goods,11,22.0,242.0,Cash,Delivered,2026-03-07,05/03/2026
ORD-20263243,2026-06-13,Josefina Santos,Rizal,Pasig,Metro Manila,NCR,Lucky Me Pancit Canton Noodles,Noodles & Canned Goods,1,14.0,14.0,Cash,Delivered,2026-06-19,13/06/2026
ORD-20263244,2026-03-30,Juan Torres,Poblacion,Pasig,Metro Manila,NCR,Nova Multigrain 78g,Snacks,17,30.0,510.0,Cash,Cancelled,,30/03/2026
ORD-20263245,2026-02-10,Teresa Reyes,Poblacion,Calamba,Laguna,CALABARZON,Nova Multigrain 78g,Snacks,8,30.0,240.0,GCash,Delivered,2026-02-12,10/02/2026
ORD-20263246,2026-06-08,Roberto Flores,Malinta,Dasmarinas,Cavite,CALABARZON,555 Sardines,Noodles & Canned Goods,17,22.0,374.0,GCash,Returned,2026-06-12,08/06/2026
ORD-20263247,2026-01-23,Cristina Flores,Del Pilar,Quezon City,Metro Manila,NCR,Colgate Toothpaste 75ml,Personal Care,2,45.0,90.0,GCash,Returned,2026-01-28,23/01/2026
ORD-20263248,2026-04-02,Eduardo Garcia,Poblacion,Tarlac City,Tarlac,Central Luzon,Yellow Pad Paper,School & Office Supplies,17,12.0,204.0,Cash,Delivered,2026-04-08,02/04/2026
ORD-20263249,2026-03-04,Carmen Villanueva,San Antonio,Tarlac City,Tarlac,Central Luzon,Lucky Me Beef Sotanghon,Noodles & Canned Goods,20,13.0,260.0,COD,Delivered,2026-03-08,04/03/2026
ORD-20263250,2026-02-23,Carmen Reyes,San Jose,Tagbilaran,Bohol,Central Visayas,CDO Corned Beef,Noodles & Canned Goods,5,33.0,165.0,COD,Delivered,2026-02-28,23/02/2026
ORD-20263251,2026-02-14,Teresa Villanueva,Santo Nino,Malolos,Bulacan,Central Luzon,Joy Dishwashing Liquid 250ml,Household Care,20,38.0,760.0,GCash,Pending,,14/02/2026
ORD-20263252,2026-04-19,Josefina Ocampo,San Antonio,Davao City,Davao del Sur,Davao Region,Zonrox Bleach 500ml,Household Care,12,32.0,384.0,Cash,Delivered,2026-04-29,19/04/2026
ORD-20263253,2026-05-15,Cristina Garcia,Del Pilar,Dasmarinas,Cavite,CALABARZON,Sterling Notebook,School & Office Supplies,5,18.0,90.0,COD,Delivered,2026-05-22,15/05/2026
ORD-20263254,2026-05-07,Juan Ramos,Bagumbayan,Manila,Metro Manila,NCR,Zonrox Bleach 500ml,Household Care,1,32.0,32.0,Cash,Delivered,2026-05-11,07/05/2026
ORD-20263255,2026-03-04,Ramon Santos,Rizal,Dasmarinas,Cavite,CALABARZON,Argentina Corned Beef,Noodles & Canned Goods,20,35.0,700.0,Cash,Delivered,2026-03-10,04/03/2026
ORD-20263256,2026-02-13,Josefina Flores,Bagumbayan,Iloilo City,Iloilo,Western Visayas,Nova Multigrain 78g,Snacks,2,30.0,60.0,Maya,Delivered,2026-02-18,13/02/2026
ORD-20263257,2026-02-10,Ricardo Bautista,Bagong Silang,Tagum,Davao del Norte,Davao Region,Yellow Pad Paper,School & Office Supplies,16,12.0,192.0,Cash,Cancelled,,10/02/2026
ORD-20263258,2026-01-10,Juan Del Rosario,Poblacion,Davao City,Davao del Sur,Davao Region,Safeguard Soap Bar,Personal Care,1,28.0,28.0,COD,Delivered,2026-01-15,10/01/2026
ORD-20263259,2026-04-25,Manuel Mendoza,Poblacion,Tagbilaran,Bohol,Central Visayas,SkyFlakes Crackers,Snacks,20,15.0,300.0,COD,Cancelled,,25/04/2026
ORD-20263260,2026-04-09,Eduardo Mendoza,San Isidro,Cebu City,Cebu,Central Visayas,555 Sardines,Noodles & Canned Goods,19,22.0,418.0,GCash,Delivered,2026-04-16,09/04/2026
ORD-20263261,2026-06-28,Pedro Cruz,San Antonio,Cebu City,Cebu,Central Visayas,Nescafe 3-in-1 Sachet,Beverages,11,8.0,88.0,Maya,Delivered,2026-07-05,28/06/2026
ORD-20263262,2026-04-28,Cristina Castillo,Santo Nino,Mandaue,Cebu,Central Visayas,SkyFlakes Crackers,Snacks,3,15.0,45.0,Cash,Delivered,2026-05-07,28/04/2026
ORD-20263263,2026-04-08,Pedro Del Rosario,Rizal,Pasig,Metro Manila,NCR,Nissin Cup Noodles,Noodles & Canned Goods,12,20.0,240.0,Cash,Cancelled,,08/04/2026
ORD-20263264,2026-05-09,Ramon Mendoza,San Jose,Tagum,Davao del Norte,Davao Region,Nescafe 3-in-1 Sachet,Beverages,18,8.0,144.0,Cash,Delivered,2026-05-16,09/05/2026
ORD-20263265,2026-06-01,Juan Reyes,Poblacion,Quezon City,Metro Manila,NCR,Domex Toilet Cleaner,Household Care,15,55.0,825.0,Bank Transfer,Cancelled,,01/06/2026
ORD-20263266,2026-03-20,Maria Bautista,San Antonio,Mandaue,Cebu,Central Visayas,Surf Powder Sachet,Household Care,12,8.0,96.0,COD,Delivered,2026-03-22,20/03/2026
ORD-20263267,2026-06-01,Elena Villanueva,Poblacion,Malolos,Bulacan,Central Luzon,Nescafe 3-in-1 Sachet,Beverages,16,8.0,128.0,GCash,Delivered,2026-06-09,01/06/2026
ORD-20263268,2026-04-27,Eduardo Mendoza,San Isidro,Tagum,Davao del Norte,Davao Region,555 Sardines,Noodles & Canned Goods,11,22.0,242.0,GCash,Delivered,2026-05-03,27/04/2026
ORD-20263269,2026-03-12,Manuel Santos,Del Pilar,Mandaue,Cebu,Central Visayas,Sterling Notebook,School & Office Supplies,7,18.0,126.0,Cash,Delivered,2026-03-16,12/03/2026
ORD-20263270,2026-02-03,Roberto Santos,Del Pilar,Bacolod,Negros Occidental,Western Visayas,Lucky Me Beef Sotanghon,Noodles & Canned Goods,11,13.0,143.0,Maya,Delivered,2026-02-12,03/02/2026
ORD-20263271,2026-03-29,Corazon Bautista,Bagong Silang,Davao City,Davao del Sur,Davao Region,ILUV Ballpen,School & Office Supplies,9,10.0,90.0,COD,Delivered,2026-04-04,29/03/2026
ORD-20263272,2026-02-11,Roberto Flores,Malinta,Dasmarinas,Cavite,CALABARZON,Domex Toilet Cleaner,Household Care,7,55.0,385.0,Cash,Returned,2026-02-21,11/02/2026
ORD-20263273,2026-05-01,Ricardo Pascual,Santo Nino,Tarlac City,Tarlac,Central Luzon,Safeguard Soap Bar,Personal Care,17,28.0,476.0,COD,Pending,,01/05/2026
ORD-20263274,2026-04-16,Luz Reyes,Poblacion,Dasmarinas,Cavite,CALABARZON,Piattos 85g,Snacks,18,32.0,576.0,COD,Delivered,2026-04-26,16/04/2026
ORD-20263275,2026-05-20,Maria Cruz,Del Pilar,Iloilo City,Iloilo,Western Visayas,Nova Multigrain 78g,Snacks,20,30.0,600.0,Maya,Delivered,2026-05-24,20/05/2026
ORD-20263276,2026-01-30,Corazon Bautista,Bagumbayan,Bacolod,Negros Occidental,Western Visayas,SkyFlakes Crackers,Snacks,9,15.0,135.0,GCash,Returned,2026-02-02,30/01/2026
ORD-20263277,2026-05-10,Josefina Santos,San Jose,Bacolod,Negros Occidental,Western Visayas,Joy Dishwashing Liquid 250ml,Household Care,1,38.0,38.0,COD,Delivered,2026-05-15,10/05/2026
ORD-20263278,2026-01-07,Roberto Del Rosario,San Isidro,Malolos,Bulacan,Central Luzon,ILUV Ballpen,School & Office Supplies,7,10.0,70.0,COD,Delivered,2026-01-09,07/01/2026
ORD-20263279,2026-06-03,Antonio Cruz,Bagumbayan,Mandaue,Cebu,Central Visayas,Coca-Cola 1.5L,Beverages,3,65.0,195.0,Cash,Delivered,2026-06-06,03/06/2026
ORD-20263280,2026-05-05,Ana Villanueva,San Antonio,Tarlac City,Tarlac,Central Luzon,Sta. Maria Crayons,School & Office Supplies,10,40.0,400.0,Cash,Cancelled,,05/05/2026
ORD-20263281,2026-01-06,Teresa Villanueva,San Antonio,Iloilo City,Iloilo,Western Visayas,Zonrox Bleach 500ml,Household Care,7,32.0,224.0,Cash,Delivered,2026-01-14,06/01/2026
ORD-20263282,2026-06-17,Eduardo Mendoza,Bagong Silang,Batangas City,Batangas,CALABARZON,Nescafe 3-in-1 Sachet,Beverages,4,8.0,32.0,Maya,Cancelled,,17/06/2026
ORD-20263283,2026-01-23,Josefina Reyes,Poblacion,Dasmarinas,Cavite,CALABARZON,Nescafe 3-in-1 Sachet,Beverages,12,8.0,96.0,COD,Delivered,2026-01-24,23/01/2026
ORD-20263284,2026-03-26,Jose Garcia,San Antonio,Malolos,Bulacan,Central Luzon,Lucky Me Beef Sotanghon,Noodles & Canned Goods,20,13.0,260.0,COD,Delivered,2026-03-27,26/03/2026
ORD-20263285,2026-05-07,Ana Cruz,Santo Nino,Manila,Metro Manila,NCR,CDO Corned Beef,Noodles & Canned Goods,15,33.0,495.0,COD,Delivered,2026-05-14,07/05/2026
ORD-20263286,2026-06-14,Juan Villanueva,Rizal,Iloilo City,Iloilo,Western Visayas,Nova Multigrain 78g,Snacks,5,30.0,150.0,GCash,Delivered,2026-06-21,14/06/2026
ORD-20263287,2026-05-10,Carmen Flores,Del Pilar,Davao City,Davao del Sur,Davao Region,SkyFlakes Crackers,Snacks,7,15.0,105.0,Maya,Cancelled,,10/05/2026
ORD-20263288,2026-05-08,Ricardo Aquino,San Isidro,Cebu City,Cebu,Central Visayas,Piattos 85g,Snacks,11,32.0,352.0,GCash,Cancelled,,08/05/2026
ORD-20263289,2026-03-10,Luz Cruz,San Antonio,Makati,Metro Manila,NCR,Piattos 85g,Snacks,9,32.0,288.0,GCash,Returned,2026-03-12,10/03/2026
ORD-20263290,2026-02-15,Jose Torres,San Antonio,Dasmarinas,Cavite,CALABARZON,Surf Powder Sachet,Household Care,17,8.0,136.0,Cash,Pending,,15/02/2026
ORD-20263291,2026-05-07,Jose Ocampo,Bagumbayan,Mandaue,Cebu,Central Visayas,Lucky Me Beef Sotanghon,Noodles & Canned Goods,8,13.0,104.0,COD,Pending,,07/05/2026
ORD-20263292,2026-02-09,Roberto Santos,Del Pilar,Bacolod,Negros Occidental,Western Visayas,C2 Green Tea 500ml,Beverages,20,22.0,440.0,Cash,Delivered,2026-02-13,09/02/2026
ORD-20263293,2026-02-11,Maria Cruz,Del Pilar,Iloilo City,Iloilo,Western Visayas,Milo Sachet,Beverages,5,9.0,45.0,Cash,Pending,,11/02/2026
ORD-20263294,2026-04-04,Ramon Ocampo,Malinta,Davao City,Davao del Sur,Davao Region,Zonrox Bleach 500ml,Household Care,11,32.0,352.0,COD,Cancelled,,04/04/2026
ORD-20263295,2026-01-06,Rosa Aquino,Bagumbayan,Pasig,Metro Manila,NCR,Joy Dishwashing Liquid 250ml,Household Care,7,38.0,266.0,COD,Delivered,2026-01-12,06/01/2026
ORD-20263296,2026-06-20,Ricardo Flores,San Isidro,Iloilo City,Iloilo,Western Visayas,Lucky Me Pancit Canton Noodles,Noodles & Canned Goods,13,14.0,182.0,Bank Transfer,Returned,2026-06-22,20/06/2026
ORD-20263297,2026-01-31,Cristina Ocampo,Rizal,Mandaue,Cebu,Central Visayas,Domex Toilet Cleaner,Household Care,8,55.0,440.0,Maya,Delivered,2026-02-04,31/01/2026
ORD-20263298,2026-06-14,Rosa Cruz,San Isidro,Tarlac City,Tarlac,Central Luzon,C2 Green Tea 500ml,Beverages,2,22.0,44.0,COD,Delivered,2026-06-19,14/06/2026
ORD-20263299,2026-03-24,Luz Castillo,Bagumbayan,Calamba,Laguna,CALABARZON,Piattos 85g,Snacks,7,32.0,224.0,COD,Delivered,2026-03-30,24/03/2026
ORD-20263300,2026-02-20,Maria Castillo,San Antonio,Malolos,Bulacan,Central Luzon,Sterling Notebook,School & Office Supplies,4,18.0,72.0,Cash,Delivered,2026-02-22,20/02/2026
ORD-20263301,2026-02-18,Ricardo Ocampo,San Jose,Pasig,Metro Manila,NCR,Nescafe 3-in-1 Sachet,Beverages,14,8.0,112.0,COD,Delivered,2026-02-25,18/02/2026
ORD-20263302,2026-06-14,Pedro Torres,Bagong Silang,Cebu City,Cebu,Central Visayas,Joy Dishwashing Liquid 250ml,Household Care,6,38.0,228.0,GCash,Delivered,2026-06-21,14/06/2026
ORD-20263303,2026-03-25,Eduardo Ocampo,San Antonio,Tagum,Davao del Norte,Davao Region,Head & Shoulders Sachet,Personal Care,17,7.0,119.0,GCash,Pending,,25/03/2026
ORD-20263304,2026-03-31,Cristina Torres,San Antonio,Quezon City,Metro Manila,NCR,Nova Multigrain 78g,Snacks,17,30.0,510.0,COD,Delivered,2026-04-05,31/03/2026
ORD-20263305,2026-05-28,Juan Reyes,Poblacion,Quezon City,Metro Manila,NCR,C2 Green Tea 500ml,Beverages,18,22.0,396.0,COD,Delivered,2026-06-02,28/05/2026
ORD-20263306,2026-06-08,Rosa Aquino,Bagumbayan,Pasig,Metro Manila,NCR,Sterling Notebook,School & Office Supplies,3,18.0,54.0,COD,Pending,,08/06/2026
ORD-20263307,2026-03-01,Fernando Pascual,Rizal,Quezon City,Metro Manila,NCR,Lucky Me Beef Sotanghon,Noodles & Canned Goods,16,13.0,208.0,COD,Delivered,2026-03-06,01/03/2026
ORD-20263308,2026-02-17,Jose Santos,San Jose,Cebu City,Cebu,Central Visayas,ILUV Ballpen,School & Office Supplies,1,10.0,10.0,Cash,Delivered,2026-02-18,17/02/2026
ORD-20263309,2026-01-23,Ana Del Rosario,Santo Nino,Manila,Metro Manila,NCR,Coca-Cola 1.5L,Beverages,8,65.0,520.0,COD,Returned,2026-01-28,23/01/2026
ORD-20263310,2026-01-18,Fernando Pascual,Rizal,Quezon City,Metro Manila,NCR,C2 Green Tea 500ml,Beverages,4,22.0,88.0,Cash,Delivered,2026-01-24,18/01/2026
ORD-20263311,2026-06-07,Corazon Villanueva,San Isidro,Makati,Metro Manila,NCR,Safeguard Soap Bar,Personal Care,11,28.0,308.0,COD,Delivered,2026-06-14,07/06/2026
ORD-20263312,2026-02-03,Fernando Pascual,Rizal,Quezon City,Metro Manila,NCR,Piattos 85g,Snacks,13,32.0,416.0,GCash,Returned,2026-02-08,03/02/2026
ORD-20263313,2026-02-06,Ricardo Flores,San Isidro,Iloilo City,Iloilo,Western Visayas,CDO Corned Beef,Noodles & Canned Goods,7,33.0,231.0,GCash,Pending,,06/02/2026
ORD-20263314,2026-03-06,Eduardo Aquino,Bagong Silang,Tarlac City,Tarlac,Central Luzon,Boy Bawang 100g,Snacks,20,18.0,360.0,Maya,Delivered,2026-03-16,06/03/2026
ORD-20263315,2026-03-25,Manuel Flores,Poblacion,Dasmarinas,Cavite,CALABARZON,Domex Toilet Cleaner,Household Care,3,55.0,165.0,Cash,Delivered,2026-04-03,25/03/2026
ORD-20263316,2026-06-28,Antonio Castillo,Rizal,Angeles City,Pampanga,Central Luzon,Colgate Toothpaste 75ml,Personal Care,6,45.0,270.0,Cash,Cancelled,,28/06/2026
ORD-20263317,2026-04-11,Corazon Torres,Bagumbayan,Cebu City,Cebu,Central Visayas,Domex Toilet Cleaner,Household Care,5,55.0,275.0,GCash,Cancelled,,11/04/2026
ORD-20263318,2026-05-08,Teresa Santos,Del Pilar,Davao City,Davao del Sur,Davao Region,Lucky Me Pancit Canton Noodles,Noodles & Canned Goods,12,14.0,168.0,Maya,Delivered,2026-05-13,08/05/2026
ORD-20263319,2026-04-15,Cristina Santos,Poblacion,Makati,Metro Manila,NCR,Milo Sachet,Beverages,12,9.0,108.0,Maya,Delivered,2026-04-22,15/04/2026
ORD-20263320,2026-03-24,Josefina Ocampo,San Antonio,Davao City,Davao del Sur,Davao Region,Yellow Pad Paper,School & Office Supplies,5,12.0,60.0,COD,Delivered,2026-03-30,24/03/2026
ORD-20263321,2026-04-10,Ana Torres,San Antonio,Pasig,Metro Manila,NCR,Sta. Maria Crayons,School & Office Supplies,12,40.0,480.0,COD,Delivered,2026-04-14,10/04/2026
ORD-20263322,2026-06-05,Antonio Castillo,Rizal,Angeles City,Pampanga,Central Luzon,Boy Bawang 100g,Snacks,13,18.0,234.0,COD,Returned,2026-06-09,05/06/2026
ORD-20263323,2026-06-23,Pedro Garcia,Poblacion,Pasig,Metro Manila,NCR,Head & Shoulders Sachet,Personal Care,8,7.0,56.0,COD,Delivered,2026-07-01,23/06/2026
ORD-20263324,2026-02-12,Corazon Bautista,Bagong Silang,Davao City,Davao del Sur,Davao Region,Piattos 85g,Snacks,9,32.0,288.0,Cash,Delivered,2026-02-13,12/02/2026
ORD-20263325,2026-06-21,Corazon Reyes,Malinta,Calamba,Laguna,CALABARZON,Sta. Maria Crayons,School & Office Supplies,5,40.0,200.0,GCash,Delivered,2026-06-26,21/06/2026
ORD-20263326,2026-06-03,Manuel Reyes,Rizal,Quezon City,Metro Manila,NCR,C2 Green Tea 500ml,Beverages,8,22.0,176.0,COD,Delivered,2026-06-13,03/06/2026
ORD-20263327,2026-06-27,Teresa Torres,San Antonio,Tagum,Davao del Norte,Davao Region,Surf Powder Sachet,Household Care,13,8.0,104.0,Maya,Delivered,2026-07-06,27/06/2026
ORD-20263328,2026-03-29,Cristina Ocampo,Rizal,Mandaue,Cebu,Central Visayas,SkyFlakes Crackers,Snacks,6,15.0,90.0,COD,Delivered,2026-04-08,29/03/2026
ORD-20263329,2026-05-31,Elena Garcia,San Antonio,Mandaue,Cebu,Central Visayas,Palmolive Shampoo Sachet,Personal Care,4,6.0,24.0,COD,Pending,,31/05/2026
ORD-20263330,2026-06-09,Cristina Castillo,Santo Nino,Mandaue,Cebu,Central Visayas,Argentina Corned Beef,Noodles & Canned Goods,12,35.0,420.0,Maya,Delivered,2026-06-16,09/06/2026
ORD-20263331,2026-04-02,Josefina Pascual,San Jose,Tarlac City,Tarlac,Central Luzon,Joy Dishwashing Liquid 250ml,Household Care,19,38.0,722.0,COD,Delivered,2026-04-05,02/04/2026
ORD-20263332,2026-06-04,Teresa Reyes,Poblacion,Calamba,Laguna,CALABARZON,C2 Green Tea 500ml,Beverages,16,22.0,352.0,Maya,Delivered,2026-06-06,04/06/2026
ORD-20263333,2026-04-02,Ricardo Flores,San Isidro,Iloilo City,Iloilo,Western Visayas,ILUV Ballpen,School & Office Supplies,3,10.0,30.0,GCash,Delivered,2026-04-03,02/04/2026
ORD-20263334,2026-03-14,Antonio Castillo,Rizal,Angeles City,Pampanga,Central Luzon,Sterling Notebook,School & Office Supplies,6,18.0,108.0,Bank Transfer,Delivered,2026-03-16,14/03/2026
ORD-20263335,2026-05-21,Maria Villanueva,Bagong Silang,Malolos,Bulacan,Central Luzon,Coca-Cola 1.5L,Beverages,10,65.0,650.0,Maya,Delivered,2026-05-30,21/05/2026
ORD-20263336,2026-03-21,Carmen Pascual,Poblacion,Bacolod,Negros Occidental,Western Visayas,CDO Corned Beef,Noodles & Canned Goods,20,33.0,660.0,COD,Cancelled,,21/03/2026
ORD-20263337,2026-01-14,Maria Bautista,San Antonio,Mandaue,Cebu,Central Visayas,Nissin Cup Noodles,Noodles & Canned Goods,15,20.0,300.0,COD,Delivered,2026-01-19,14/01/2026
ORD-20263338,2026-01-28,Ana Ramos,San Antonio,Malolos,Bulacan,Central Luzon,Nova Multigrain 78g,Snacks,2,30.0,60.0,GCash,Delivered,2026-01-30,28/01/2026
ORD-20263339,2026-05-12,Manuel Santos,Del Pilar,Mandaue,Cebu,Central Visayas,SkyFlakes Crackers,Snacks,7,15.0,105.0,COD,Delivered,2026-05-17,12/05/2026
ORD-20263340,2026-02-10,Eduardo Mendoza,San Isidro,Tagum,Davao del Norte,Davao Region,SkyFlakes Crackers,Snacks,4,15.0,60.0,GCash,Delivered,2026-02-18,10/02/2026
ORD-20263341,2026-06-12,Pedro Garcia,Bagong Silang,Manila,Metro Manila,NCR,Nissin Cup Noodles,Noodles & Canned Goods,3,20.0,60.0,Maya,Delivered,2026-06-14,12/06/2026
ORD-20263342,2026-04-28,Juan Villanueva,Bagumbayan,Pasig,Metro Manila,NCR,SkyFlakes Crackers,Snacks,20,15.0,300.0,Cash,Pending,,28/04/2026
ORD-20263343,2026-03-10,Josefina Cruz,Poblacion,Bacolod,Negros Occidental,Western Visayas,CDO Corned Beef,Noodles & Canned Goods,8,33.0,264.0,Cash,Delivered,2026-03-15,10/03/2026
ORD-20263344,2026-01-22,Corazon Aquino,San Antonio,Tagum,Davao del Norte,Davao Region,Nova Multigrain 78g,Snacks,8,30.0,240.0,GCash,Delivered,2026-01-24,22/01/2026
ORD-20263345,2026-02-03,Luz Garcia,San Isidro,Tagum,Davao del Norte,Davao Region,Head & Shoulders Sachet,Personal Care,16,7.0,112.0,COD,Delivered,2026-02-04,03/02/2026
ORD-20263346,2026-04-11,Jose Torres,San Antonio,Dasmarinas,Cavite,CALABARZON,Boy Bawang 100g,Snacks,19,18.0,342.0,Maya,Delivered,2026-04-20,11/04/2026
ORD-20263347,2026-06-12,Eduardo Mendoza,San Isidro,Tagum,Davao del Norte,Davao Region,Lucky Me Beef Sotanghon,Noodles & Canned Goods,1,13.0,13.0,Maya,Delivered,2026-06-14,12/06/2026
ORD-20263348,2026-04-19,Corazon Villanueva,San Jose,Makati,Metro Manila,NCR,555 Sardines,Noodles & Canned Goods,3,22.0,66.0,COD,Delivered,2026-04-26,19/04/2026
ORD-20263349,2026-02-05,Luz Reyes,Poblacion,Dasmarinas,Cavite,CALABARZON,Palmolive Shampoo Sachet,Personal Care,19,6.0,114.0,COD,Returned,2026-02-14,05/02/2026
ORD-20263350,2026-05-02,Rosa Aquino,Bagumbayan,Pasig,Metro Manila,NCR,Argentina Corned Beef,Noodles & Canned Goods,14,35.0,490.0,COD,Delivered,2026-05-08,02/05/2026
ORD-20263351,2026-05-11,Josefina Santos,Bagumbayan,Tagbilaran,Bohol,Central Visayas,Argentina Corned Beef,Noodles & Canned Goods,12,35.0,420.0,Cash,Delivered,2026-05-14,11/05/2026
ORD-20263352,2026-06-12,Corazon Bautista,Bagong Silang,Davao City,Davao del Sur,Davao Region,CDO Corned Beef,Noodles & Canned Goods,18,33.0,594.0,Cash,Delivered,2026-06-20,12/06/2026
ORD-20263353,2026-02-03,Josefina Reyes,Poblacion,Dasmarinas,Cavite,CALABARZON,Nissin Cup Noodles,Noodles & Canned Goods,8,20.0,160.0,Cash,Delivered,2026-02-07,03/02/2026
ORD-20263354,2026-06-30,Roberto Del Rosario,San Isidro,Malolos,Bulacan,Central Luzon,Nova Multigrain 78g,Snacks,3,30.0,90.0,GCash,Delivered,2026-07-04,30/06/2026
ORD-20263355,2026-02-10,Juan Reyes,Poblacion,Quezon City,Metro Manila,NCR,Piattos 85g,Snacks,20,32.0,640.0,GCash,Delivered,2026-02-14,10/02/2026
ORD-20263356,2026-03-01,Roberto Garcia,Rizal,Manila,Metro Manila,NCR,Surf Powder Sachet,Household Care,10,8.0,80.0,COD,Delivered,2026-03-05,01/03/2026
ORD-20263357,2026-06-19,Teresa Reyes,Rizal,Iloilo City,Iloilo,Western Visayas,Sterling Notebook,School & Office Supplies,18,18.0,324.0,Maya,Delivered,2026-06-27,19/06/2026
ORD-20263358,2026-06-06,Corazon Torres,Bagumbayan,Cebu City,Cebu,Central Visayas,SkyFlakes Crackers,Snacks,20,15.0,300.0,COD,Delivered,2026-06-12,06/06/2026
ORD-20263359,2026-05-31,Teresa Reyes,Poblacion,Calamba,Laguna,CALABARZON,Boy Bawang 100g,Snacks,10,18.0,180.0,Cash,Cancelled,,31/05/2026
ORD-20263360,2026-04-11,Corazon Bautista,Bagumbayan,Bacolod,Negros Occidental,Western Visayas,Nescafe 3-in-1 Sachet,Beverages,17,8.0,136.0,COD,Returned,2026-04-14,11/04/2026
ORD-20263361,2026-02-23,Ramon Ocampo,Malinta,Davao City,Davao del Sur,Davao Region,Palmolive Shampoo Sachet,Personal Care,3,6.0,18.0,Cash,Pending,,23/02/2026
ORD-20263362,2026-02-20,Rosa Reyes,Malinta,Iloilo City,Iloilo,Western Visayas,Nova Multigrain 78g,Snacks,13,30.0,390.0,Cash,Delivered,2026-02-27,20/02/2026
ORD-20263363,2026-02-23,Ramon Mendoza,San Jose,Tagum,Davao del Norte,Davao Region,Argentina Corned Beef,Noodles & Canned Goods,8,35.0,280.0,COD,Delivered,2026-02-27,23/02/2026
ORD-20263364,2026-03-28,Fernando Garcia,Del Pilar,Iloilo City,Iloilo,Western Visayas,Nova Multigrain 78g,Snacks,18,30.0,540.0,COD,Delivered,2026-04-04,28/03/2026
ORD-20263365,2026-02-04,Jose Reyes,Bagumbayan,Quezon City,Metro Manila,NCR,ILUV Ballpen,School & Office Supplies,7,10.0,70.0,Cash,Returned,2026-02-09,04/02/2026
ORD-20263366,2026-01-28,Roberto Bautista,San Jose,Calamba,Laguna,CALABARZON,Piattos 85g,Snacks,14,32.0,448.0,Cash,Cancelled,,28/01/2026
ORD-20263367,2026-02-12,Pedro Torres,Bagong Silang,Cebu City,Cebu,Central Visayas,Sta. Maria Crayons,School & Office Supplies,3,40.0,120.0,GCash,Pending,,12/02/2026
ORD-20263368,2026-01-06,Ricardo Pascual,Santo Nino,Tarlac City,Tarlac,Central Luzon,Surf Powder Sachet,Household Care,8,8.0,64.0,Bank Transfer,Delivered,2026-01-13,06/01/2026
ORD-20263369,2026-01-31,Luz Reyes,Poblacion,Dasmarinas,Cavite,CALABARZON,Domex Toilet Cleaner,Household Care,5,55.0,275.0,Cash,Delivered,2026-02-04,31/01/2026
ORD-20263370,2026-04-05,Antonio Cruz,Bagumbayan,Mandaue,Cebu,Central Visayas,ILUV Ballpen,School & Office Supplies,11,10.0,110.0,COD,Delivered,2026-04-10,05/04/2026
ORD-20263371,2026-05-20,Fernando Garcia,Del Pilar,Iloilo City,Iloilo,Western Visayas,Argentina Corned Beef,Noodles & Canned Goods,13,35.0,455.0,COD,Delivered,2026-05-23,20/05/2026
ORD-20263372,2026-04-03,Juan Bautista,San Jose,Angeles City,Pampanga,Central Luzon,CDO Corned Beef,Noodles & Canned Goods,6,33.0,198.0,COD,Delivered,2026-04-10,03/04/2026
ORD-20263373,2026-05-20,Jose Bautista,Del Pilar,Calamba,Laguna,CALABARZON,Palmolive Shampoo Sachet,Personal Care,2,6.0,12.0,COD,Pending,,20/05/2026
ORD-20263374,2026-06-17,Josefina Santos,Rizal,Pasig,Metro Manila,NCR,Lucky Me Pancit Canton Noodles,Noodles & Canned Goods,14,14.0,196.0,Cash,Delivered,2026-06-18,17/06/2026
ORD-20263375,2026-02-10,Ricardo Aquino,San Isidro,Cebu City,Cebu,Central Visayas,C2 Green Tea 500ml,Beverages,12,22.0,264.0,GCash,Delivered,2026-02-16,10/02/2026
ORD-20263376,2026-06-01,Ricardo Bautista,Del Pilar,Manila,Metro Manila,NCR,SkyFlakes Crackers,Snacks,20,15.0,300.0,Cash,Returned,2026-06-03,01/06/2026
ORD-20263377,2026-05-08,Maria Castillo,Rizal,Tagum,Davao del Norte,Davao Region,Domex Toilet Cleaner,Household Care,3,55.0,165.0,GCash,Cancelled,,08/05/2026
ORD-20263378,2026-05-26,Corazon Ramos,San Jose,Pasig,Metro Manila,NCR,Piattos 85g,Snacks,10,32.0,320.0,Bank Transfer,Pending,,26/05/2026
ORD-20263379,2026-04-24,Maria Castillo,Rizal,Tagum,Davao del Norte,Davao Region,ILUV Ballpen,School & Office Supplies,10,10.0,100.0,Cash,Delivered,2026-04-29,24/04/2026
ORD-20263380,2026-02-02,Maria Santos,Poblacion,Tagum,Davao del Norte,Davao Region,Nova Multigrain 78g,Snacks,3,30.0,90.0,Bank Transfer,Delivered,2026-02-10,02/02/2026
ORD-20263381,2026-04-09,Carmen Pascual,Poblacion,Bacolod,Negros Occidental,Western Visayas,Boy Bawang 100g,Snacks,19,18.0,342.0,GCash,Delivered,2026-04-16,09/04/2026
ORD-20263382,2026-03-27,Luz Reyes,Poblacion,Dasmarinas,Cavite,CALABARZON,Yellow Pad Paper,School & Office Supplies,20,12.0,240.0,Cash,Delivered,2026-04-01,27/03/2026
ORD-20263383,2026-03-09,Luz Ocampo,San Antonio,Bacolod,Negros Occidental,Western Visayas,Nova Multigrain 78g,Snacks,5,30.0,150.0,GCash,Delivered,2026-03-14,09/03/2026
ORD-20263384,2026-01-14,Teresa Castillo,Bagumbayan,Batangas City,Batangas,CALABARZON,Nova Multigrain 78g,Snacks,1,30.0,30.0,GCash,Returned,2026-01-18,14/01/2026
ORD-20263385,2026-03-19,Eduardo Aquino,Bagong Silang,Tarlac City,Tarlac,Central Luzon,Nova Multigrain 78g,Snacks,8,30.0,240.0,Cash,Delivered,2026-03-23,19/03/2026
ORD-20263386,2026-06-12,Ana Villanueva,San Antonio,Tarlac City,Tarlac,Central Luzon,ILUV Ballpen,School & Office Supplies,6,10.0,60.0,Cash,Delivered,2026-06-20,12/06/2026
ORD-20263387,2026-06-05,Ricardo Bautista,Del Pilar,Manila,Metro Manila,NCR,CDO Corned Beef,Noodles & Canned Goods,9,33.0,297.0,Maya,Delivered,2026-06-06,05/06/2026
ORD-20263388,2026-05-25,Luz Ocampo,San Antonio,Bacolod,Negros Occidental,Western Visayas,Milo Sachet,Beverages,1,9.0,9.0,COD,Delivered,2026-06-03,25/05/2026
ORD-20263389,2026-04-22,Eduardo Mendoza,Bagong Silang,Batangas City,Batangas,CALABARZON,Milo Sachet,Beverages,20,9.0,180.0,COD,Cancelled,,22/04/2026
ORD-20263390,2026-01-15,Pedro Torres,San Jose,Tarlac City,Tarlac,Central Luzon,SkyFlakes Crackers,Snacks,14,15.0,210.0,Cash,Returned,2026-01-21,15/01/2026
ORD-20263391,2026-04-25,Pedro Aquino,Rizal,Malolos,Bulacan,Central Luzon,Nissin Cup Noodles,Noodles & Canned Goods,9,20.0,180.0,Cash,Delivered,2026-05-03,25/04/2026
ORD-20263392,2026-02-19,Josefina Cruz,Poblacion,Bacolod,Negros Occidental,Western Visayas,C2 Green Tea 500ml,Beverages,17,22.0,374.0,Cash,Pending,,19/02/2026
ORD-20263393,2026-06-09,Eduardo Del Rosario,Santo Nino,Iloilo City,Iloilo,Western Visayas,Colgate Toothpaste 75ml,Personal Care,14,45.0,630.0,Maya,Pending,,09/06/2026
ORD-20263394,2026-05-19,Teresa Del Rosario,San Jose,Malolos,Bulacan,Central Luzon,Piattos 85g,Snacks,2,32.0,64.0,COD,Delivered,2026-05-20,19/05/2026
ORD-20263395,2026-01-11,Manuel Mendoza,Poblacion,Mandaue,Cebu,Central Visayas,Safeguard Soap Bar,Personal Care,3,28.0,84.0,COD,Delivered,2026-01-21,11/01/2026
ORD-20263396,2026-05-29,Corazon Villanueva,San Isidro,Makati,Metro Manila,NCR,555 Sardines,Noodles & Canned Goods,18,22.0,396.0,GCash,Delivered,2026-05-30,29/05/2026
ORD-20263397,2026-05-07,Eduardo Mendoza,San Isidro,Tagum,Davao del Norte,Davao Region,Sterling Notebook,School & Office Supplies,7,18.0,126.0,Cash,Delivered,2026-05-13,07/05/2026
ORD-20263398,2026-02-23,Juan Del Rosario,Poblacion,Davao City,Davao del Sur,Davao Region,Zonrox Bleach 500ml,Household Care,11,32.0,352.0,GCash,Delivered,2026-03-01,23/02/2026
ORD-20263399,2026-05-09,Maria Pascual,Bagumbayan,Tagum,Davao del Norte,Davao Region,ILUV Ballpen,School & Office Supplies,13,10.0,130.0,COD,Cancelled,,09/05/2026
ORD-20263400,2026-03-08,Eduardo Del Rosario,Bagong Silang,Malolos,Bulacan,Central Luzon,Sterling Notebook,School & Office Supplies,9,18.0,162.0,COD,Delivered,2026-03-11,08/03/2026
ORD-20263401,2026-06-07,Manuel Mendoza,Poblacion,Mandaue,Cebu,Central Visayas,Joy Dishwashing Liquid 250ml,Household Care,18,38.0,684.0,GCash,Delivered,2026-06-09,07/06/2026
ORD-20263402,2026-06-26,Cristina Castillo,Santo Nino,Mandaue,Cebu,Central Visayas,Joy Dishwashing Liquid 250ml,Household Care,7,38.0,266.0,Cash,Delivered,2026-07-03,26/06/2026
ORD-20263403,2026-06-10,Josefina Santos,Rizal,Pasig,Metro Manila,NCR,Boy Bawang 100g,Snacks,8,18.0,144.0,GCash,Delivered,2026-06-15,10/06/2026
ORD-20263404,2026-02-17,Pedro Aquino,Rizal,Malolos,Bulacan,Central Luzon,Domex Toilet Cleaner,Household Care,17,55.0,935.0,Cash,Delivered,2026-02-27,17/02/2026
ORD-20263405,2026-06-25,Pedro Garcia,Bagong Silang,Manila,Metro Manila,NCR,Piattos 85g,Snacks,15,32.0,480.0,COD,Delivered,2026-07-04,25/06/2026
ORD-20263406,2026-06-29,Jose Torres,San Antonio,Dasmarinas,Cavite,CALABARZON,Coca-Cola 1.5L,Beverages,18,65.0,1170.0,Bank Transfer,Delivered,2026-07-09,29/06/2026
ORD-20263407,2026-03-24,Teresa Reyes,Poblacion,Calamba,Laguna,CALABARZON,Lucky Me Beef Sotanghon,Noodles & Canned Goods,20,13.0,260.0,Cash,Delivered,2026-03-26,24/03/2026
ORD-20263408,2026-05-29,Manuel Aquino,Malinta,Bacolod,Negros Occidental,Western Visayas,Lucky Me Pancit Canton Noodles,Noodles & Canned Goods,6,14.0,84.0,COD,Delivered,2026-06-04,29/05/2026
ORD-20263409,2026-05-29,Corazon Torres,Bagumbayan,Cebu City,Cebu,Central Visayas,Palmolive Shampoo Sachet,Personal Care,4,6.0,24.0,COD,Cancelled,,29/05/2026
ORD-20263410,2026-02-17,Elena Ramos,Malinta,Tarlac City,Tarlac,Central Luzon,Lucky Me Beef Sotanghon,Noodles & Canned Goods,11,13.0,143.0,Bank Transfer,Cancelled,,17/02/2026
ORD-20263411,2026-04-24,Pedro Santos,Del Pilar,Iloilo City,Iloilo,Western Visayas,Domex Toilet Cleaner,Household Care,7,55.0,385.0,COD,Delivered,2026-05-03,24/04/2026
ORD-20263412,2026-04-05,Cristina Torres,San Antonio,Quezon City,Metro Manila,NCR,Surf Powder Sachet,Household Care,20,8.0,160.0,Cash,Delivered,2026-04-13,05/04/2026
ORD-20263413,2026-02-16,Pedro Ocampo,San Isidro,Manila,Metro Manila,NCR,Zonrox Bleach 500ml,Household Care,20,32.0,640.0,COD,Cancelled,,16/02/2026
ORD-20263414,2026-02-22,Josefina Torres,San Isidro,Tagbilaran,Bohol,Central Visayas,Boy Bawang 100g,Snacks,17,18.0,306.0,Cash,Delivered,2026-03-02,22/02/2026
ORD-20263415,2026-02-03,Josefina Bautista,Malinta,Calamba,Laguna,CALABARZON,Milo Sachet,Beverages,3,9.0,27.0,COD,Delivered,2026-02-08,03/02/2026
ORD-20263416,2026-06-16,Rosa Del Rosario,Bagumbayan,Pasig,Metro Manila,NCR,Coca-Cola 1.5L,Beverages,7,65.0,455.0,Bank Transfer,Pending,,16/06/2026
ORD-20263417,2026-04-10,Corazon Reyes,Malinta,Calamba,Laguna,CALABARZON,Palmolive Shampoo Sachet,Personal Care,6,6.0,36.0,GCash,Delivered,2026-04-18,10/04/2026
ORD-20263418,2026-01-03,Corazon Bautista,Bagong Silang,Davao City,Davao del Sur,Davao Region,Joy Dishwashing Liquid 250ml,Household Care,19,38.0,722.0,Maya,Pending,,03/01/2026
ORD-20263419,2026-06-17,Teresa Reyes,Rizal,Iloilo City,Iloilo,Western Visayas,Safeguard Soap Bar,Personal Care,15,28.0,420.0,Maya,Delivered,2026-06-23,17/06/2026
ORD-20263420,2026-02-02,Corazon Torres,Bagumbayan,Cebu City,Cebu,Central Visayas,Sterling Notebook,School & Office Supplies,11,18.0,198.0,Maya,Cancelled,,02/02/2026
ORD-20263421,2026-04-12,Elena Torres,Malinta,Tarlac City,Tarlac,Central Luzon,Head & Shoulders Sachet,Personal Care,13,7.0,91.0,COD,Delivered,2026-04-20,12/04/2026
ORD-20263422,2026-02-21,Jose Ocampo,Bagumbayan,Mandaue,Cebu,Central Visayas,Nissin Cup Noodles,Noodles & Canned Goods,5,20.0,100.0,Cash,Delivered,2026-03-02,21/02/2026
ORD-20263423,2026-03-07,Teresa Villanueva,San Antonio,Iloilo City,Iloilo,Western Visayas,Sta. Maria Crayons,School & Office Supplies,3,40.0,120.0,COD,Cancelled,,07/03/2026
ORD-20263424,2026-05-21,Carmen Pascual,Poblacion,Bacolod,Negros Occidental,Western Visayas,Sterling Notebook,School & Office Supplies,17,18.0,306.0,COD,Cancelled,,21/05/2026
ORD-20263425,2026-01-30,Josefina Flores,Bagumbayan,Iloilo City,Iloilo,Western Visayas,Head & Shoulders Sachet,Personal Care,5,7.0,35.0,Cash,Delivered,2026-02-09,30/01/2026
ORD-20263426,2026-04-12,Maria Villanueva,Bagong Silang,Malolos,Bulacan,Central Luzon,CDO Corned Beef,Noodles & Canned Goods,19,33.0,627.0,Cash,Delivered,2026-04-14,12/04/2026
ORD-20263427,2026-02-02,Antonio Bautista,Del Pilar,Tarlac City,Tarlac,Central Luzon,555 Sardines,Noodles & Canned Goods,10,22.0,220.0,GCash,Cancelled,,02/02/2026
ORD-20263428,2026-01-23,Pedro Reyes,Bagumbayan,Tagum,Davao del Norte,Davao Region,Lucky Me Pancit Canton Noodles,Noodles & Canned Goods,12,14.0,168.0,Cash,Returned,2026-02-01,23/01/2026
ORD-20263429,2026-05-10,Carmen Flores,Del Pilar,Tarlac City,Tarlac,Central Luzon,Yellow Pad Paper,School & Office Supplies,10,12.0,120.0,Maya,Delivered,2026-05-11,10/05/2026
ORD-20263430,2026-03-22,Pedro Cruz,San Antonio,Cebu City,Cebu,Central Visayas,Lucky Me Pancit Canton Noodles,Noodles & Canned Goods,13,14.0,182.0,GCash,Delivered,2026-03-26,22/03/2026
ORD-20263431,2026-02-18,Pedro Cruz,Santo Nino,Manila,Metro Manila,NCR,555 Sardines,Noodles & Canned Goods,6,22.0,132.0,Maya,Delivered,2026-02-27,18/02/2026
ORD-20263432,2026-06-17,Elena Aquino,Santo Nino,Bacolod,Negros Occidental,Western Visayas,Coca-Cola 1.5L,Beverages,8,65.0,520.0,Cash,Delivered,2026-06-20,17/06/2026
ORD-20263433,2026-06-28,Rosa Reyes,Malinta,Iloilo City,Iloilo,Western Visayas,ILUV Ballpen,School & Office Supplies,18,10.0,180.0,Cash,Returned,2026-07-02,28/06/2026
ORD-20263434,2026-05-24,Rosa Castillo,San Antonio,Angeles City,Pampanga,Central Luzon,Sta. Maria Crayons,School & Office Supplies,12,40.0,480.0,Cash,Delivered,2026-05-25,24/05/2026
ORD-20263435,2026-04-29,Jose Garcia,San Antonio,Malolos,Bulacan,Central Luzon,CDO Corned Beef,Noodles & Canned Goods,7,33.0,231.0,Maya,Delivered,2026-05-06,29/04/2026
ORD-20263436,2026-05-09,Josefina Ramos,San Isidro,Cebu City,Cebu,Central Visayas,Head & Shoulders Sachet,Personal Care,18,7.0,126.0,GCash,Delivered,2026-05-10,09/05/2026
ORD-20263437,2026-01-22,Jose Castillo,Malinta,Bacolod,Negros Occidental,Western Visayas,Safeguard Soap Bar,Personal Care,12,28.0,336.0,COD,Returned,2026-01-31,22/01/2026
ORD-20263438,2026-06-25,Jose Torres,San Antonio,Dasmarinas,Cavite,CALABARZON,Boy Bawang 100g,Snacks,12,18.0,216.0,Cash,Pending,,25/06/2026
ORD-20263439,2026-05-01,Ana Mendoza,Del Pilar,Tagum,Davao del Norte,Davao Region,Nova Multigrain 78g,Snacks,18,30.0,540.0,Cash,Returned,2026-05-06,01/05/2026
ORD-20263440,2026-04-01,Cristina Pascual,Rizal,Davao City,Davao del Sur,Davao Region,Head & Shoulders Sachet,Personal Care,5,7.0,35.0,Cash,Delivered,2026-04-02,01/04/2026
ORD-20263441,2026-04-22,Ramon Santos,Rizal,Dasmarinas,Cavite,CALABARZON,Piattos 85g,Snacks,12,32.0,384.0,Maya,Delivered,2026-04-30,22/04/2026
ORD-20263442,2026-02-06,Corazon Reyes,Malinta,Calamba,Laguna,CALABARZON,ILUV Ballpen,School & Office Supplies,12,10.0,120.0,GCash,Pending,,06/02/2026
ORD-20263443,2026-06-19,Pedro Del Rosario,Rizal,Pasig,Metro Manila,NCR,Yellow Pad Paper,School & Office Supplies,1,12.0,12.0,GCash,Cancelled,,19/06/2026
ORD-20263444,2026-01-22,Antonio Aquino,Del Pilar,Dasmarinas,Cavite,CALABARZON,Domex Toilet Cleaner,Household Care,15,55.0,825.0,COD,Delivered,2026-02-01,22/01/2026
ORD-20263445,2026-05-05,Teresa Villanueva,San Antonio,Iloilo City,Iloilo,Western Visayas,Nova Multigrain 78g,Snacks,7,30.0,210.0,COD,Returned,2026-05-11,05/05/2026
ORD-20263446,2026-06-20,Maria Villanueva,Bagong Silang,Malolos,Bulacan,Central Luzon,C2 Green Tea 500ml,Beverages,5,22.0,110.0,Maya,Delivered,2026-06-24,20/06/2026
ORD-20263447,2026-02-14,Teresa Castillo,Bagumbayan,Batangas City,Batangas,CALABARZON,Palmolive Shampoo Sachet,Personal Care,15,6.0,90.0,Cash,Returned,2026-02-17,14/02/2026
ORD-20263448,2026-05-04,Roberto Bautista,San Jose,Calamba,Laguna,CALABARZON,Surf Powder Sachet,Household Care,2,8.0,16.0,COD,Delivered,2026-05-12,04/05/2026
ORD-20263449,2026-02-27,Maria Flores,San Isidro,Makati,Metro Manila,NCR,Lucky Me Pancit Canton Noodles,Noodles & Canned Goods,9,14.0,126.0,Bank Transfer,Delivered,2026-03-03,27/02/2026
ORD-20263450,2026-06-17,Luz Reyes,San Jose,Tarlac City,Tarlac,Central Luzon,Milo Sachet,Beverages,8,9.0,72.0,COD,Delivered,2026-06-25,17/06/2026
ORD-20263451,2026-06-18,Fernando Ocampo,Del Pilar,Tagum,Davao del Norte,Davao Region,Lucky Me Pancit Canton Noodles,Noodles & Canned Goods,13,14.0,182.0,Cash,Pending,,18/06/2026
ORD-20263452,2026-03-14,Elena Aquino,Santo Nino,Bacolod,Negros Occidental,Western Visayas,Colgate Toothpaste 75ml,Personal Care,19,45.0,855.0,GCash,Delivered,2026-03-15,14/03/2026
ORD-20263453,2026-04-28,Josefina Ramos,San Isidro,Cebu City,Cebu,Central Visayas,Sterling Notebook,School & Office Supplies,6,18.0,108.0,Cash,Delivered,2026-05-08,28/04/2026
ORD-20263454,2026-02-14,Jose Cruz,Santo Nino,Angeles City,Pampanga,Central Luzon,Colgate Toothpaste 75ml,Personal Care,2,45.0,90.0,GCash,Delivered,2026-02-15,14/02/2026
ORD-20263455,2026-01-21,Pedro Garcia,Poblacion,Pasig,Metro Manila,NCR,CDO Corned Beef,Noodles & Canned Goods,18,33.0,594.0,Bank Transfer,Delivered,2026-01-25,21/01/2026
ORD-20263456,2026-06-17,Antonio Castillo,Rizal,Angeles City,Pampanga,Central Luzon,Nescafe 3-in-1 Sachet,Beverages,3,8.0,24.0,GCash,Delivered,2026-06-27,17/06/2026
ORD-20263457,2026-02-17,Antonio Flores,Del Pilar,Manila,Metro Manila,NCR,Nescafe 3-in-1 Sachet,Beverages,11,8.0,88.0,COD,Pending,,17/02/2026
ORD-20263458,2026-05-11,Ana Villanueva,San Antonio,Tarlac City,Tarlac,Central Luzon,Surf Powder Sachet,Household Care,7,8.0,56.0,Cash,Cancelled,,11/05/2026
ORD-20263459,2026-05-30,Ricardo Pascual,Santo Nino,Tarlac City,Tarlac,Central Luzon,Nova Multigrain 78g,Snacks,5,30.0,150.0,GCash,Cancelled,,30/05/2026
ORD-20263460,2026-04-19,Pedro Ocampo,Santo Nino,Cebu City,Cebu,Central Visayas,Boy Bawang 100g,Snacks,15,18.0,270.0,COD,Delivered,2026-04-27,19/04/2026
ORD-20263461,2026-05-01,Manuel Reyes,Rizal,Quezon City,Metro Manila,NCR,Head & Shoulders Sachet,Personal Care,7,7.0,49.0,GCash,Delivered,2026-05-04,01/05/2026
ORD-20263462,2026-05-19,Teresa Del Rosario,San Jose,Malolos,Bulacan,Central Luzon,C2 Green Tea 500ml,Beverages,5,22.0,110.0,GCash,Returned,2026-05-26,19/05/2026
ORD-20263463,2026-06-11,Fernando Mendoza,Santo Nino,Quezon City,Metro Manila,NCR,Nescafe 3-in-1 Sachet,Beverages,11,8.0,88.0,COD,Pending,,11/06/2026
ORD-20263464,2026-01-22,Fernando Garcia,Bagong Silang,Tagbilaran,Bohol,Central Visayas,Boy Bawang 100g,Snacks,8,18.0,144.0,GCash,Delivered,2026-01-28,22/01/2026
ORD-20263465,2026-02-18,Ana Villanueva,San Antonio,Tarlac City,Tarlac,Central Luzon,Lucky Me Beef Sotanghon,Noodles & Canned Goods,6,13.0,78.0,Maya,Delivered,2026-02-20,18/02/2026
ORD-20263466,2026-06-24,Manuel Flores,Poblacion,Dasmarinas,Cavite,CALABARZON,Colgate Toothpaste 75ml,Personal Care,15,45.0,675.0,Cash,Delivered,2026-07-01,24/06/2026
ORD-20263467,2026-04-09,Ana Torres,San Antonio,Pasig,Metro Manila,NCR,Lucky Me Pancit Canton Noodles,Noodles & Canned Goods,3,14.0,42.0,GCash,Cancelled,,09/04/2026
ORD-20263468,2026-04-11,Fernando Santos,San Antonio,Bacolod,Negros Occidental,Western Visayas,Palmolive Shampoo Sachet,Personal Care,11,6.0,66.0,Maya,Cancelled,,11/04/2026
ORD-20263469,2026-04-03,Ana Del Rosario,Santo Nino,Manila,Metro Manila,NCR,Nescafe 3-in-1 Sachet,Beverages,6,8.0,48.0,COD,Returned,2026-04-12,03/04/2026
ORD-20263470,2026-02-07,Antonio Mendoza,San Isidro,Calamba,Laguna,CALABARZON,Nissin Cup Noodles,Noodles & Canned Goods,19,20.0,380.0,Bank Transfer,Delivered,2026-02-15,07/02/2026
ORD-20263471,2026-03-11,Luz Ocampo,San Antonio,Bacolod,Negros Occidental,Western Visayas,Nissin Cup Noodles,Noodles & Canned Goods,1,20.0,20.0,COD,Delivered,2026-03-14,11/03/2026
ORD-20263472,2026-04-03,Maria Santos,Poblacion,Tagum,Davao del Norte,Davao Region,Sta. Maria Crayons,School & Office Supplies,8,40.0,320.0,Maya,Delivered,2026-04-08,03/04/2026
ORD-20263473,2026-05-19,Jose Bautista,Del Pilar,Calamba,Laguna,CALABARZON,Domex Toilet Cleaner,Household Care,12,55.0,660.0,Cash,Cancelled,,19/05/2026
ORD-20263474,2026-03-30,Rosa Cruz,San Isidro,Tarlac City,Tarlac,Central Luzon,Lucky Me Beef Sotanghon,Noodles & Canned Goods,16,13.0,208.0,GCash,Delivered,2026-04-04,30/03/2026
ORD-20263475,2026-02-23,Fernando Garcia,Bagong Silang,Tagbilaran,Bohol,Central Visayas,C2 Green Tea 500ml,Beverages,11,22.0,242.0,COD,Delivered,2026-03-01,23/02/2026
ORD-20263476,2026-03-15,Rosa Cruz,San Isidro,Tarlac City,Tarlac,Central Luzon,Argentina Corned Beef,Noodles & Canned Goods,14,35.0,490.0,Cash,Delivered,2026-03-21,15/03/2026
ORD-20263477,2026-04-06,Roberto Del Rosario,San Isidro,Malolos,Bulacan,Central Luzon,Colgate Toothpaste 75ml,Personal Care,17,45.0,765.0,COD,Returned,2026-04-11,06/04/2026
ORD-20263478,2026-06-19,Maria Villanueva,Malinta,Calamba,Laguna,CALABARZON,Coca-Cola 1.5L,Beverages,8,65.0,520.0,Maya,Delivered,2026-06-22,19/06/2026
ORD-20263479,2026-03-31,Manuel Flores,Poblacion,Dasmarinas,Cavite,CALABARZON,Argentina Corned Beef,Noodles & Canned Goods,8,35.0,280.0,Cash,Pending,,31/03/2026
ORD-20263480,2026-03-05,Manuel Flores,San Antonio,Angeles City,Pampanga,Central Luzon,Safeguard Soap Bar,Personal Care,8,28.0,224.0,GCash,Delivered,2026-03-11,05/03/2026
ORD-20263481,2026-01-31,Corazon Bautista,Bagong Silang,Davao City,Davao del Sur,Davao Region,Nescafe 3-in-1 Sachet,Beverages,2,8.0,16.0,COD,Delivered,2026-02-05,31/01/2026
ORD-20263482,2026-06-30,Teresa Torres,San Antonio,Tagum,Davao del Norte,Davao Region,Milo Sachet,Beverages,4,9.0,36.0,GCash,Delivered,2026-07-07,30/06/2026
ORD-20263483,2026-05-02,Corazon Ocampo,Malinta,Iloilo City,Iloilo,Western Visayas,Head & Shoulders Sachet,Personal Care,1,7.0,7.0,Bank Transfer,Cancelled,,02/05/2026
ORD-20263484,2026-06-13,Carmen Reyes,San Jose,Tagbilaran,Bohol,Central Visayas,Sta. Maria Crayons,School & Office Supplies,1,40.0,40.0,GCash,Delivered,2026-06-22,13/06/2026
ORD-20263485,2026-02-07,Jose Reyes,Rizal,Tagum,Davao del Norte,Davao Region,SkyFlakes Crackers,Snacks,18,15.0,270.0,Cash,Delivered,2026-02-12,07/02/2026
ORD-20263486,2026-03-18,Josefina Ramos,San Isidro,Cebu City,Cebu,Central Visayas,Head & Shoulders Sachet,Personal Care,1,7.0,7.0,COD,Cancelled,,18/03/2026
ORD-20263487,2026-01-15,Roberto Ocampo,San Isidro,Iloilo City,Iloilo,Western Visayas,Yellow Pad Paper,School & Office Supplies,18,12.0,216.0,Maya,Delivered,2026-01-22,15/01/2026
ORD-20263488,2026-06-13,Maria Pascual,Bagumbayan,Tagum,Davao del Norte,Davao Region,Safeguard Soap Bar,Personal Care,16,28.0,448.0,COD,Delivered,2026-06-18,13/06/2026
ORD-20263489,2026-02-14,Maria Cruz,Santo Nino,Tagbilaran,Bohol,Central Visayas,Nova Multigrain 78g,Snacks,3,30.0,90.0,Maya,Delivered,2026-02-20,14/02/2026
ORD-20263490,2026-05-22,Maria Villanueva,Malinta,Calamba,Laguna,CALABARZON,Head & Shoulders Sachet,Personal Care,3,7.0,21.0,Cash,Returned,2026-06-01,22/05/2026
ORD-20263491,2026-06-15,Ana Ramos,Bagumbayan,Tarlac City,Tarlac,Central Luzon,Lucky Me Beef Sotanghon,Noodles & Canned Goods,8,13.0,104.0,Cash,Pending,,15/06/2026
ORD-20263492,2026-02-26,Ana Flores,Poblacion,Tagum,Davao del Norte,Davao Region,Lucky Me Pancit Canton Noodles,Noodles & Canned Goods,1,14.0,14.0,COD,Delivered,2026-03-01,26/02/2026
ORD-20263493,2026-05-16,Cristina Santos,Poblacion,Makati,Metro Manila,NCR,Domex Toilet Cleaner,Household Care,13,55.0,715.0,COD,Delivered,2026-05-19,16/05/2026
ORD-20263494,2026-05-13,Jose Ocampo,Bagumbayan,Mandaue,Cebu,Central Visayas,Coca-Cola 1.5L,Beverages,7,65.0,455.0,Maya,Delivered,2026-05-22,13/05/2026
ORD-20263495,2026-04-27,Eduardo Bautista,San Jose,Cebu City,Cebu,Central Visayas,Nescafe 3-in-1 Sachet,Beverages,11,8.0,88.0,Cash,Pending,,27/04/2026
ORD-20263496,2026-06-11,Jose Bautista,Del Pilar,Calamba,Laguna,CALABARZON,Argentina Corned Beef,Noodles & Canned Goods,3,35.0,105.0,GCash,Cancelled,,11/06/2026
ORD-20263497,2026-01-02,Pedro Castillo,Santo Nino,Cebu City,Cebu,Central Visayas,Yellow Pad Paper,School & Office Supplies,18,12.0,216.0,Cash,Returned,2026-01-06,02/01/2026
ORD-20263498,2026-03-13,Elena Cruz,Santo Nino,Angeles City,Pampanga,Central Luzon,Surf Powder Sachet,Household Care,7,8.0,56.0,COD,Cancelled,,13/03/2026
ORD-20263499,2026-02-11,Antonio Aquino,Del Pilar,Dasmarinas,Cavite,CALABARZON,Coca-Cola 1.5L,Beverages,9,65.0,585.0,Cash,Delivered,2026-02-16,11/02/2026
ORD-20263500,2026-02-02,Ricardo Aquino,San Isidro,Cebu City,Cebu,Central Visayas,Nescafe 3-in-1 Sachet,Beverages,13,8.0,104.0,GCash,Delivered,2026-02-09,02/02/2026
ORD-20263501,2026-04-14,Elena Aquino,Santo Nino,Bacolod,Negros Occidental,Western Visayas,Lucky Me Pancit Canton Noodles,Noodles & Canned Goods,7,14.0,98.0,Bank Transfer,Delivered,2026-04-22,14/04/2026
ORD-20263502,2026-04-02,Corazon Aquino,San Antonio,Tagum,Davao del Norte,Davao Region,Boy Bawang 100g,Snacks,5,18.0,90.0,GCash,Delivered,2026-04-03,02/04/2026
ORD-20263503,2026-04-24,Rosa Pascual,San Isidro,Manila,Metro Manila,NCR,Nescafe 3-in-1 Sachet,Beverages,19,8.0,152.0,Bank Transfer,Cancelled,,24/04/2026
ORD-20263504,2026-05-07,Eduardo Garcia,Poblacion,Tarlac City,Tarlac,Central Luzon,Colgate Toothpaste 75ml,Personal Care,6,45.0,270.0,COD,Pending,,07/05/2026
ORD-20263505,2026-02-24,Jose Flores,Bagumbayan,Bacolod,Negros Occidental,Western Visayas,CDO Corned Beef,Noodles & Canned Goods,5,33.0,165.0,Cash,Delivered,2026-03-02,24/02/2026
ORD-20263506,2026-02-25,Pedro Reyes,Poblacion,Tarlac City,Tarlac,Central Luzon,SkyFlakes Crackers,Snacks,6,15.0,90.0,Maya,Returned,2026-03-01,25/02/2026
ORD-20263507,2026-06-24,Luz Aquino,Bagong Silang,Tarlac City,Tarlac,Central Luzon,555 Sardines,Noodles & Canned Goods,2,22.0,44.0,Maya,Delivered,2026-07-02,24/06/2026
ORD-20263508,2026-04-26,Pedro Santos,Del Pilar,Iloilo City,Iloilo,Western Visayas,Nova Multigrain 78g,Snacks,10,30.0,300.0,GCash,Delivered,2026-04-29,26/04/2026
ORD-20263509,2026-06-01,Eduardo Bautista,San Jose,Cebu City,Cebu,Central Visayas,Nova Multigrain 78g,Snacks,12,30.0,360.0,Cash,Delivered,2026-06-10,01/06/2026
ORD-20263510,2026-06-13,Pedro Cruz,San Antonio,Cebu City,Cebu,Central Visayas,Yellow Pad Paper,School & Office Supplies,7,12.0,84.0,GCash,Delivered,2026-06-15,13/06/2026
ORD-20263511,2026-01-22,Corazon Villanueva,San Isidro,Makati,Metro Manila,NCR,555 Sardines,Noodles & Canned Goods,5,22.0,110.0,Cash,Returned,2026-01-25,22/01/2026
ORD-20263512,2026-06-03,Fernando Ocampo,Del Pilar,Tagum,Davao del Norte,Davao Region,CDO Corned Beef,Noodles & Canned Goods,7,33.0,231.0,GCash,Delivered,2026-06-08,03/06/2026
ORD-20263513,2026-01-25,Roberto Flores,Malinta,Dasmarinas,Cavite,CALABARZON,Boy Bawang 100g,Snacks,11,18.0,198.0,COD,Delivered,2026-01-30,25/01/2026
ORD-20263514,2026-03-27,Teresa Castillo,Bagumbayan,Batangas City,Batangas,CALABARZON,Lucky Me Pancit Canton Noodles,Noodles & Canned Goods,15,14.0,210.0,COD,Cancelled,,27/03/2026
ORD-20263515,2026-06-04,Antonio Bautista,Rizal,Davao City,Davao del Sur,Davao Region,Nescafe 3-in-1 Sachet,Beverages,19,8.0,152.0,Cash,Delivered,2026-06-09,04/06/2026
ORD-20263516,2026-05-05,Ana Ramos,Bagumbayan,Tarlac City,Tarlac,Central Luzon,Nissin Cup Noodles,Noodles & Canned Goods,3,20.0,60.0,GCash,Returned,2026-05-08,05/05/2026
ORD-20263517,2026-02-14,Antonio Bautista,Rizal,Davao City,Davao del Sur,Davao Region,Coca-Cola 1.5L,Beverages,18,65.0,1170.0,GCash,Delivered,2026-02-16,14/02/2026
ORD-20263518,2026-06-17,Cristina Santos,Poblacion,Makati,Metro Manila,NCR,Nescafe 3-in-1 Sachet,Beverages,8,8.0,64.0,Cash,Delivered,2026-06-21,17/06/2026
ORD-20263519,2026-04-26,Roberto Bautista,San Jose,Calamba,Laguna,CALABARZON,Colgate Toothpaste 75ml,Personal Care,6,45.0,270.0,COD,Delivered,2026-04-30,26/04/2026
ORD-20263520,2026-03-31,Cristina Torres,San Antonio,Quezon City,Metro Manila,NCR,Sta. Maria Crayons,School & Office Supplies,8,40.0,320.0,GCash,Returned,2026-04-01,31/03/2026
ORD-20263521,2026-02-03,Roberto Aquino,San Antonio,Cebu City,Cebu,Central Visayas,CDO Corned Beef,Noodles & Canned Goods,19,33.0,627.0,COD,Delivered,2026-02-12,03/02/2026
ORD-20263522,2026-05-26,Antonio Aquino,Del Pilar,Dasmarinas,Cavite,CALABARZON,Safeguard Soap Bar,Personal Care,15,28.0,420.0,GCash,Returned,2026-06-05,26/05/2026
ORD-20263523,2026-03-22,Corazon Bautista,Bagumbayan,Bacolod,Negros Occidental,Western Visayas,Nescafe 3-in-1 Sachet,Beverages,13,8.0,104.0,GCash,Delivered,2026-04-01,22/03/2026
ORD-20263524,2026-01-10,Cristina Castillo,Santo Nino,Mandaue,Cebu,Central Visayas,Yellow Pad Paper,School & Office Supplies,6,12.0,72.0,GCash,Returned,2026-01-18,10/01/2026
ORD-20263525,2026-04-10,Eduardo Santos,San Isidro,Pasig,Metro Manila,NCR,SkyFlakes Crackers,Snacks,16,15.0,240.0,COD,Pending,,10/04/2026
ORD-20263526,2026-04-26,Teresa Torres,San Antonio,Tagum,Davao del Norte,Davao Region,Head & Shoulders Sachet,Personal Care,8,7.0,56.0,COD,Delivered,2026-05-04,26/04/2026
ORD-20263527,2026-01-18,Roberto Flores,Malinta,Dasmarinas,Cavite,CALABARZON,Boy Bawang 100g,Snacks,13,18.0,234.0,COD,Delivered,2026-01-21,18/01/2026
ORD-20263528,2026-03-02,Cristina Castillo,Santo Nino,Mandaue,Cebu,Central Visayas,Safeguard Soap Bar,Personal Care,3,28.0,84.0,Cash,Delivered,2026-03-09,02/03/2026
ORD-20263529,2026-03-07,Ricardo Ocampo,San Jose,Pasig,Metro Manila,NCR,Piattos 85g,Snacks,20,32.0,640.0,Cash,Cancelled,,07/03/2026
ORD-20263530,2026-05-21,Carmen Mendoza,Santo Nino,Malolos,Bulacan,Central Luzon,Sta. Maria Crayons,School & Office Supplies,15,40.0,600.0,COD,Delivered,2026-05-29,21/05/2026
ORD-20263531,2026-05-09,Maria Bautista,San Antonio,Mandaue,Cebu,Central Visayas,C2 Green Tea 500ml,Beverages,5,22.0,110.0,Cash,Delivered,2026-05-16,09/05/2026
ORD-20263532,2026-03-09,Jose Ocampo,Bagumbayan,Mandaue,Cebu,Central Visayas,Lucky Me Beef Sotanghon,Noodles & Canned Goods,3,13.0,39.0,GCash,Delivered,2026-03-10,09/03/2026
ORD-20263533,2026-06-08,Rosa Del Rosario,Bagumbayan,Angeles City,Pampanga,Central Luzon,SkyFlakes Crackers,Snacks,5,15.0,75.0,Cash,Delivered,2026-06-17,08/06/2026
ORD-20263534,2026-02-17,Carmen Flores,Del Pilar,Davao City,Davao del Sur,Davao Region,Sta. Maria Crayons,School & Office Supplies,4,40.0,160.0,GCash,Delivered,2026-02-21,17/02/2026
ORD-20263535,2026-05-21,Rosa Del Rosario,Bagumbayan,Pasig,Metro Manila,NCR,Head & Shoulders Sachet,Personal Care,13,7.0,91.0,Maya,Delivered,2026-05-31,21/05/2026
ORD-20263536,2026-01-29,Ana Torres,San Antonio,Pasig,Metro Manila,NCR,Coca-Cola 1.5L,Beverages,3,65.0,195.0,Cash,Delivered,2026-02-08,29/01/2026
ORD-20263537,2026-06-19,Ricardo Cruz,San Antonio,Manila,Metro Manila,NCR,C2 Green Tea 500ml,Beverages,6,22.0,132.0,COD,Delivered,2026-06-28,19/06/2026
ORD-20263538,2026-03-24,Josefina Torres,Malinta,Tagum,Davao del Norte,Davao Region,Palmolive Shampoo Sachet,Personal Care,17,6.0,102.0,Maya,Delivered,2026-03-31,24/03/2026
ORD-20263539,2026-01-17,Eduardo Ocampo,San Antonio,Tagum,Davao del Norte,Davao Region,Milo Sachet,Beverages,13,9.0,117.0,COD,Delivered,2026-01-19,17/01/2026
ORD-20263540,2026-02-04,Ana Ramos,San Antonio,Malolos,Bulacan,Central Luzon,Surf Powder Sachet,Household Care,5,8.0,40.0,Cash,Delivered,2026-02-06,04/02/2026
ORD-20263541,2026-05-21,Elena Aquino,Malinta,Iloilo City,Iloilo,Western Visayas,Nissin Cup Noodles,Noodles & Canned Goods,5,20.0,100.0,GCash,Delivered,2026-05-23,21/05/2026
ORD-20263542,2026-06-20,Eduardo Mendoza,San Isidro,Cebu City,Cebu,Central Visayas,Safeguard Soap Bar,Personal Care,10,28.0,280.0,GCash,Delivered,2026-06-28,20/06/2026
ORD-20263543,2026-03-06,Pedro Ocampo,Santo Nino,Cebu City,Cebu,Central Visayas,Coca-Cola 1.5L,Beverages,3,65.0,195.0,Maya,Delivered,2026-03-08,06/03/2026
ORD-20263544,2026-03-07,Cristina Ocampo,Rizal,Mandaue,Cebu,Central Visayas,Yellow Pad Paper,School & Office Supplies,5,12.0,60.0,Cash,Delivered,2026-03-15,07/03/2026
ORD-20263545,2026-05-19,Roberto Del Rosario,San Isidro,Malolos,Bulacan,Central Luzon,Head & Shoulders Sachet,Personal Care,3,7.0,21.0,GCash,Delivered,2026-05-26,19/05/2026
ORD-20263546,2026-02-17,Ricardo Ocampo,Bagong Silang,Quezon City,Metro Manila,NCR,Domex Toilet Cleaner,Household Care,11,55.0,605.0,Cash,Delivered,2026-02-22,17/02/2026
ORD-20263547,2026-03-31,Elena Torres,San Jose,Angeles City,Pampanga,Central Luzon,Yellow Pad Paper,School & Office Supplies,11,12.0,132.0,COD,Delivered,2026-04-06,31/03/2026
ORD-20263548,2026-01-24,Jose Bautista,Del Pilar,Calamba,Laguna,CALABARZON,Domex Toilet Cleaner,Household Care,9,55.0,495.0,Cash,Delivered,2026-01-29,24/01/2026
ORD-20263549,2026-03-31,Antonio Bautista,Del Pilar,Tarlac City,Tarlac,Central Luzon,555 Sardines,Noodles & Canned Goods,19,22.0,418.0,Cash,Returned,2026-04-04,31/03/2026
ORD-20263550,2026-01-23,Manuel Villanueva,Bagumbayan,Tagbilaran,Bohol,Central Visayas,555 Sardines,Noodles & Canned Goods,1,22.0,22.0,COD,Returned,2026-01-27,23/01/2026
ORD-20263551,2026-03-27,Pedro Reyes,Bagumbayan,Tagum,Davao del Norte,Davao Region,Surf Powder Sachet,Household Care,20,8.0,160.0,Cash,Delivered,2026-03-28,27/03/2026
ORD-20263552,2026-03-21,Maria Mendoza,Del Pilar,Manila,Metro Manila,NCR,Head & Shoulders Sachet,Personal Care,15,7.0,105.0,COD,Delivered,2026-03-30,21/03/2026
ORD-20263553,2026-04-15,Rosa Reyes,Malinta,Iloilo City,Iloilo,Western Visayas,Nova Multigrain 78g,Snacks,11,30.0,330.0,Cash,Delivered,2026-04-20,15/04/2026
ORD-20263554,2026-01-27,Josefina Pascual,Poblacion,Manila,Metro Manila,NCR,555 Sardines,Noodles & Canned Goods,3,22.0,66.0,GCash,Pending,,27/01/2026
ORD-20263555,2026-04-19,Elena Aquino,Santo Nino,Bacolod,Negros Occidental,Western Visayas,Argentina Corned Beef,Noodles & Canned Goods,4,35.0,140.0,Bank Transfer,Delivered,2026-04-23,19/04/2026
ORD-20263556,2026-04-19,Jose Ocampo,Bagumbayan,Mandaue,Cebu,Central Visayas,Zonrox Bleach 500ml,Household Care,11,32.0,352.0,COD,Returned,2026-04-29,19/04/2026
ORD-20263557,2026-04-09,Maria Pascual,Bagumbayan,Tagum,Davao del Norte,Davao Region,Sta. Maria Crayons,School & Office Supplies,11,40.0,440.0,Cash,Delivered,2026-04-14,09/04/2026
ORD-20263558,2026-03-17,Elena Torres,San Jose,Angeles City,Pampanga,Central Luzon,Sta. Maria Crayons,School & Office Supplies,19,40.0,760.0,Maya,Delivered,2026-03-26,17/03/2026
ORD-20263559,2026-06-12,Josefina Mendoza,San Antonio,Angeles City,Pampanga,Central Luzon,Sterling Notebook,School & Office Supplies,5,18.0,90.0,GCash,Cancelled,,12/06/2026
ORD-20263560,2026-01-30,Manuel Mendoza,Poblacion,Mandaue,Cebu,Central Visayas,Nova Multigrain 78g,Snacks,2,30.0,60.0,GCash,Delivered,2026-02-06,30/01/2026
ORD-20263561,2026-03-29,Maria Cruz,Del Pilar,Iloilo City,Iloilo,Western Visayas,Sta. Maria Crayons,School & Office Supplies,16,40.0,640.0,Maya,Delivered,2026-04-01,29/03/2026
ORD-20263562,2026-03-27,Luz Pascual,Santo Nino,Cebu City,Cebu,Central Visayas,Nescafe 3-in-1 Sachet,Beverages,13,8.0,104.0,Bank Transfer,Returned,2026-04-05,27/03/2026
ORD-20263563,2026-06-01,Jose Garcia,San Antonio,Malolos,Bulacan,Central Luzon,ILUV Ballpen,School & Office Supplies,6,10.0,60.0,Maya,Cancelled,,01/06/2026
ORD-20263564,2026-02-27,Eduardo Mendoza,San Isidro,Cebu City,Cebu,Central Visayas,Yellow Pad Paper,School & Office Supplies,17,12.0,204.0,COD,Delivered,2026-03-02,27/02/2026
ORD-20263565,2026-01-06,Maria Cruz,Del Pilar,Iloilo City,Iloilo,Western Visayas,Nova Multigrain 78g,Snacks,1,30.0,30.0,GCash,Delivered,2026-01-10,06/01/2026
ORD-20263566,2026-04-11,Elena Aquino,Santo Nino,Bacolod,Negros Occidental,Western Visayas,Milo Sachet,Beverages,4,9.0,36.0,Bank Transfer,Cancelled,,11/04/2026
ORD-20263567,2026-05-12,Carmen Flores,Del Pilar,Davao City,Davao del Sur,Davao Region,Coca-Cola 1.5L,Beverages,14,65.0,910.0,Maya,Delivered,2026-05-14,12/05/2026
ORD-20263568,2026-04-11,Antonio Flores,Del Pilar,Manila,Metro Manila,NCR,Joy Dishwashing Liquid 250ml,Household Care,17,38.0,646.0,GCash,Cancelled,,11/04/2026
ORD-20263569,2026-06-12,Manuel Villanueva,Bagumbayan,Tagbilaran,Bohol,Central Visayas,Yellow Pad Paper,School & Office Supplies,9,12.0,108.0,COD,Delivered,2026-06-17,12/06/2026
ORD-20263570,2026-01-17,Manuel Villanueva,Bagumbayan,Tagbilaran,Bohol,Central Visayas,Boy Bawang 100g,Snacks,7,18.0,126.0,Bank Transfer,Pending,,17/01/2026
ORD-20263571,2026-02-12,Luz Castillo,Bagumbayan,Calamba,Laguna,CALABARZON,Argentina Corned Beef,Noodles & Canned Goods,19,35.0,665.0,GCash,Delivered,2026-02-16,12/02/2026
ORD-20263572,2026-02-26,Corazon Bautista,Bagumbayan,Bacolod,Negros Occidental,Western Visayas,Safeguard Soap Bar,Personal Care,13,28.0,364.0,Cash,Delivered,2026-03-04,26/02/2026
ORD-20263573,2026-01-03,Ramon Santos,Rizal,Dasmarinas,Cavite,CALABARZON,SkyFlakes Crackers,Snacks,17,15.0,255.0,Maya,Delivered,2026-01-08,03/01/2026
ORD-20263574,2026-04-03,Josefina Ramos,San Isidro,Cebu City,Cebu,Central Visayas,Boy Bawang 100g,Snacks,1,18.0,18.0,GCash,Delivered,2026-04-06,03/04/2026
ORD-20263575,2026-03-14,Manuel Villanueva,Bagumbayan,Tagbilaran,Bohol,Central Visayas,ILUV Ballpen,School & Office Supplies,18,10.0,180.0,COD,Cancelled,,14/03/2026
ORD-20263576,2026-06-27,Ana Flores,Poblacion,Tagum,Davao del Norte,Davao Region,Domex Toilet Cleaner,Household Care,6,55.0,330.0,GCash,Cancelled,,27/06/2026
ORD-20263577,2026-05-21,Josefina Castillo,Poblacion,Tagbilaran,Bohol,Central Visayas,Palmolive Shampoo Sachet,Personal Care,13,6.0,78.0,GCash,Cancelled,,21/05/2026
ORD-20263578,2026-04-06,Antonio Castillo,Rizal,Angeles City,Pampanga,Central Luzon,Sta. Maria Crayons,School & Office Supplies,5,40.0,200.0,GCash,Returned,2026-04-07,06/04/2026
ORD-20263579,2026-04-20,Corazon Ocampo,Malinta,Iloilo City,Iloilo,Western Visayas,Yellow Pad Paper,School & Office Supplies,2,12.0,24.0,COD,Delivered,2026-04-21,20/04/2026
ORD-20263580,2026-04-28,Elena Garcia,Poblacion,Davao City,Davao del Sur,Davao Region,Sterling Notebook,School & Office Supplies,5,18.0,90.0,COD,Pending,,28/04/2026
ORD-20263581,2026-05-17,Elena Villanueva,Poblacion,Malolos,Bulacan,Central Luzon,SkyFlakes Crackers,Snacks,20,15.0,300.0,Cash,Delivered,2026-05-22,17/05/2026
ORD-20263582,2026-03-04,Pedro Castillo,Santo Nino,Cebu City,Cebu,Central Visayas,CDO Corned Beef,Noodles & Canned Goods,2,33.0,66.0,GCash,Delivered,2026-03-13,04/03/2026
ORD-20263583,2026-03-05,Corazon Villanueva,Rizal,Angeles City,Pampanga,Central Luzon,Nissin Cup Noodles,Noodles & Canned Goods,13,20.0,260.0,Cash,Delivered,2026-03-06,05/03/2026
ORD-20263584,2026-03-26,Antonio Flores,Bagumbayan,Angeles City,Pampanga,Central Luzon,SkyFlakes Crackers,Snacks,10,15.0,150.0,COD,Cancelled,,26/03/2026
ORD-20263585,2026-01-24,Cristina Flores,Del Pilar,Quezon City,Metro Manila,NCR,ILUV Ballpen,School & Office Supplies,18,10.0,180.0,Cash,Delivered,2026-02-03,24/01/2026
ORD-20263586,2026-06-04,Luz Cruz,San Antonio,Makati,Metro Manila,NCR,Joy Dishwashing Liquid 250ml,Household Care,14,38.0,532.0,GCash,Pending,,04/06/2026
ORD-20263587,2026-06-15,Roberto Flores,Malinta,Dasmarinas,Cavite,CALABARZON,C2 Green Tea 500ml,Beverages,9,22.0,198.0,Cash,Delivered,2026-06-20,15/06/2026
ORD-20263588,2026-03-24,Elena Garcia,San Antonio,Mandaue,Cebu,Central Visayas,Palmolive Shampoo Sachet,Personal Care,17,6.0,102.0,GCash,Delivered,2026-03-29,24/03/2026
ORD-20263589,2026-04-04,Pedro Ocampo,San Isidro,Manila,Metro Manila,NCR,Boy Bawang 100g,Snacks,13,18.0,234.0,COD,Pending,,04/04/2026
ORD-20263590,2026-04-07,Elena Ramos,Malinta,Tarlac City,Tarlac,Central Luzon,Nova Multigrain 78g,Snacks,9,30.0,270.0,GCash,Delivered,2026-04-12,07/04/2026
ORD-20263591,2026-03-12,Elena Torres,Malinta,Tarlac City,Tarlac,Central Luzon,Head & Shoulders Sachet,Personal Care,10,7.0,70.0,Cash,Returned,2026-03-17,12/03/2026
ORD-20263592,2026-01-21,Carmen Pascual,Poblacion,Bacolod,Negros Occidental,Western Visayas,Sterling Notebook,School & Office Supplies,8,18.0,144.0,GCash,Delivered,2026-01-31,21/01/2026
ORD-20263593,2026-06-18,Roberto Bautista,Del Pilar,Tagum,Davao del Norte,Davao Region,SkyFlakes Crackers,Snacks,15,15.0,225.0,COD,Delivered,2026-06-23,18/06/2026
ORD-20263594,2026-03-17,Roberto Torres,Del Pilar,Tarlac City,Tarlac,Central Luzon,Sta. Maria Crayons,School & Office Supplies,6,40.0,240.0,Maya,Delivered,2026-03-22,17/03/2026
ORD-20263595,2026-04-09,Jose Garcia,San Antonio,Malolos,Bulacan,Central Luzon,Nova Multigrain 78g,Snacks,1,30.0,30.0,Cash,Delivered,2026-04-13,09/04/2026
ORD-20263596,2026-02-23,Elena Aquino,Malinta,Iloilo City,Iloilo,Western Visayas,555 Sardines,Noodles & Canned Goods,4,22.0,88.0,COD,Delivered,2026-02-26,23/02/2026
ORD-20263597,2026-05-30,Roberto Bautista,Del Pilar,Tagum,Davao del Norte,Davao Region,C2 Green Tea 500ml,Beverages,11,22.0,242.0,Cash,Delivered,2026-05-31,30/05/2026
ORD-20263598,2026-01-19,Jose Del Rosario,Rizal,Tagbilaran,Bohol,Central Visayas,C2 Green Tea 500ml,Beverages,17,22.0,374.0,GCash,Pending,,19/01/2026
ORD-20263599,2026-03-06,Cristina Ocampo,Rizal,Mandaue,Cebu,Central Visayas,Nova Multigrain 78g,Snacks,14,30.0,420.0,Cash,Delivered,2026-03-16,06/03/2026
ORD-20263600,2026-02-10,Jose Reyes,Rizal,Tagum,Davao del Norte,Davao Region,Sta. Maria Crayons,School & Office Supplies,6,40.0,240.0,COD,Delivered,2026-02-15,10/02/2026
ORD-20263601,2026-02-18,Josefina Cruz,San Antonio,Makati,Metro Manila,NCR,Sta. Maria Crayons,School & Office Supplies,8,40.0,320.0,Cash,Pending,,18/02/2026
ORD-20263602,2026-04-08,Josefina Cruz,San Antonio,Makati,Metro Manila,NCR,C2 Green Tea 500ml,Beverages,12,22.0,264.0,COD,Delivered,2026-04-09,08/04/2026
ORD-20263603,2026-06-24,Cristina Castillo,Santo Nino,Mandaue,Cebu,Central Visayas,ILUV Ballpen,School & Office Supplies,9,10.0,90.0,Cash,Delivered,2026-06-25,24/06/2026
ORD-20263604,2026-05-27,Ricardo Pascual,Santo Nino,Tarlac City,Tarlac,Central Luzon,Zonrox Bleach 500ml,Household Care,18,32.0,576.0,COD,Delivered,2026-05-29,27/05/2026
ORD-20263605,2026-05-11,Luz Reyes,San Jose,Tarlac City,Tarlac,Central Luzon,Lucky Me Beef Sotanghon,Noodles & Canned Goods,13,13.0,169.0,COD,Pending,,11/05/2026
ORD-20263606,2026-03-18,Ana Flores,Poblacion,Tagum,Davao del Norte,Davao Region,Coca-Cola 1.5L,Beverages,17,65.0,1105.0,Bank Transfer,Delivered,2026-03-26,18/03/2026
ORD-20263607,2026-04-15,Josefina Santos,Santo Nino,Tagum,Davao del Norte,Davao Region,Colgate Toothpaste 75ml,Personal Care,13,45.0,585.0,Cash,Delivered,2026-04-17,15/04/2026
ORD-20263608,2026-05-10,Jose Torres,San Antonio,Dasmarinas,Cavite,CALABARZON,Milo Sachet,Beverages,6,9.0,54.0,COD,Delivered,2026-05-17,10/05/2026
ORD-20263609,2026-03-06,Elena Torres,Malinta,Tarlac City,Tarlac,Central Luzon,Nova Multigrain 78g,Snacks,18,30.0,540.0,Bank Transfer,Delivered,2026-03-15,06/03/2026
ORD-20263610,2026-01-14,Josefina Reyes,Poblacion,Dasmarinas,Cavite,CALABARZON,Nescafe 3-in-1 Sachet,Beverages,12,8.0,96.0,Cash,Cancelled,,14/01/2026
ORD-20263611,2026-02-14,Josefina Bautista,Malinta,Calamba,Laguna,CALABARZON,Lucky Me Pancit Canton Noodles,Noodles & Canned Goods,8,14.0,112.0,GCash,Delivered,2026-02-19,14/02/2026
ORD-20263612,2026-04-06,Josefina Santos,Bagumbayan,Tagbilaran,Bohol,Central Visayas,SkyFlakes Crackers,Snacks,15,15.0,225.0,GCash,Delivered,2026-04-14,06/04/2026
ORD-20263613,2026-06-12,Luz Ocampo,San Antonio,Bacolod,Negros Occidental,Western Visayas,Lucky Me Pancit Canton Noodles,Noodles & Canned Goods,20,14.0,280.0,GCash,Delivered,2026-06-15,12/06/2026
ORD-20263614,2026-01-24,Corazon Reyes,Malinta,Calamba,Laguna,CALABARZON,555 Sardines,Noodles & Canned Goods,5,22.0,110.0,GCash,Delivered,2026-01-31,24/01/2026
ORD-20263615,2026-04-07,Corazon Villanueva,San Jose,Makati,Metro Manila,NCR,Head & Shoulders Sachet,Personal Care,19,7.0,133.0,Cash,Delivered,2026-04-14,07/04/2026
ORD-20263616,2026-05-16,Maria Castillo,San Antonio,Malolos,Bulacan,Central Luzon,Safeguard Soap Bar,Personal Care,1,28.0,28.0,COD,Delivered,2026-05-24,16/05/2026
ORD-20263617,2026-01-30,Carmen Pascual,Poblacion,Bacolod,Negros Occidental,Western Visayas,Nova Multigrain 78g,Snacks,17,30.0,510.0,COD,Cancelled,,30/01/2026
ORD-20263618,2026-03-19,Ana Torres,San Antonio,Pasig,Metro Manila,NCR,Surf Powder Sachet,Household Care,20,8.0,160.0,Maya,Delivered,2026-03-29,19/03/2026
ORD-20263619,2026-01-11,Ana Ramos,San Antonio,Malolos,Bulacan,Central Luzon,Head & Shoulders Sachet,Personal Care,10,7.0,70.0,COD,Cancelled,,11/01/2026
ORD-20263620,2026-02-05,Eduardo Aquino,Bagong Silang,Tarlac City,Tarlac,Central Luzon,Lucky Me Pancit Canton Noodles,Noodles & Canned Goods,7,14.0,98.0,COD,Returned,2026-02-11,05/02/2026
ORD-20263621,2026-01-26,Eduardo Mendoza,Bagong Silang,Batangas City,Batangas,CALABARZON,Boy Bawang 100g,Snacks,13,18.0,234.0,Maya,Pending,,26/01/2026
ORD-20263622,2026-03-12,Corazon Villanueva,Rizal,Angeles City,Pampanga,Central Luzon,Colgate Toothpaste 75ml,Personal Care,2,45.0,90.0,COD,Delivered,2026-03-22,12/03/2026
ORD-20263623,2026-03-24,Pedro Castillo,Santo Nino,Cebu City,Cebu,Central Visayas,Yellow Pad Paper,School & Office Supplies,12,12.0,144.0,Maya,Delivered,2026-03-25,24/03/2026
ORD-20263624,2026-02-10,Elena Cruz,Santo Nino,Angeles City,Pampanga,Central Luzon,Milo Sachet,Beverages,16,9.0,144.0,GCash,Delivered,2026-02-15,10/02/2026
ORD-20263625,2026-04-07,Eduardo Del Rosario,Bagong Silang,Malolos,Bulacan,Central Luzon,Nova Multigrain 78g,Snacks,18,30.0,540.0,Cash,Delivered,2026-04-13,07/04/2026
ORD-20263626,2026-05-10,Antonio Flores,Del Pilar,Manila,Metro Manila,NCR,Sta. Maria Crayons,School & Office Supplies,13,40.0,520.0,COD,Delivered,2026-05-17,10/05/2026
ORD-20263627,2026-03-07,Ricardo Cruz,San Antonio,Manila,Metro Manila,NCR,Nova Multigrain 78g,Snacks,4,30.0,120.0,Cash,Delivered,2026-03-09,07/03/2026
ORD-20263628,2026-04-10,Pedro Ocampo,Santo Nino,Cebu City,Cebu,Central Visayas,Zonrox Bleach 500ml,Household Care,10,32.0,320.0,GCash,Delivered,2026-04-16,10/04/2026
ORD-20263629,2026-04-14,Cristina Castillo,Santo Nino,Mandaue,Cebu,Central Visayas,Surf Powder Sachet,Household Care,3,8.0,24.0,Cash,Delivered,2026-04-22,14/04/2026
ORD-20263630,2026-03-09,Pedro Torres,San Isidro,Dasmarinas,Cavite,CALABARZON,Palmolive Shampoo Sachet,Personal Care,2,6.0,12.0,COD,Delivered,2026-03-15,09/03/2026
ORD-20263631,2026-04-03,Ana Flores,Poblacion,Tagum,Davao del Norte,Davao Region,Sta. Maria Crayons,School & Office Supplies,3,40.0,120.0,COD,Delivered,2026-04-12,03/04/2026
ORD-20263632,2026-05-22,Juan Bautista,San Jose,Angeles City,Pampanga,Central Luzon,C2 Green Tea 500ml,Beverages,12,22.0,264.0,Cash,Returned,2026-06-01,22/05/2026
ORD-20263633,2026-03-29,Luz Garcia,San Isidro,Tagum,Davao del Norte,Davao Region,ILUV Ballpen,School & Office Supplies,12,10.0,120.0,COD,Delivered,2026-04-07,29/03/2026
ORD-20263634,2026-04-18,Ana Ramos,San Antonio,Malolos,Bulacan,Central Luzon,Colgate Toothpaste 75ml,Personal Care,8,45.0,360.0,COD,Delivered,2026-04-23,18/04/2026
ORD-20263635,2026-01-11,Roberto Torres,Del Pilar,Tarlac City,Tarlac,Central Luzon,Coca-Cola 1.5L,Beverages,19,65.0,1235.0,GCash,Delivered,2026-01-19,11/01/2026
ORD-20263636,2026-03-27,Jose Torres,San Antonio,Dasmarinas,Cavite,CALABARZON,Lucky Me Beef Sotanghon,Noodles & Canned Goods,19,13.0,247.0,Cash,Delivered,2026-03-31,27/03/2026
ORD-20263637,2026-03-17,Ana Villanueva,San Antonio,Tarlac City,Tarlac,Central Luzon,Sta. Maria Crayons,School & Office Supplies,3,40.0,120.0,Bank Transfer,Delivered,2026-03-22,17/03/2026
ORD-20263638,2026-05-28,Teresa Mendoza,San Isidro,Cebu City,Cebu,Central Visayas,Colgate Toothpaste 75ml,Personal Care,20,45.0,900.0,GCash,Delivered,2026-05-30,28/05/2026
ORD-20263639,2026-05-24,Ana Del Rosario,Santo Nino,Manila,Metro Manila,NCR,Head & Shoulders Sachet,Personal Care,10,7.0,70.0,GCash,Delivered,2026-05-27,24/05/2026
ORD-20263640,2026-04-28,Josefina Pascual,San Jose,Tarlac City,Tarlac,Central Luzon,Coca-Cola 1.5L,Beverages,16,65.0,1040.0,Cash,Delivered,2026-05-01,28/04/2026
ORD-20263641,2026-04-11,Eduardo Mendoza,San Isidro,Tagum,Davao del Norte,Davao Region,Palmolive Shampoo Sachet,Personal Care,19,6.0,114.0,GCash,Delivered,2026-04-14,11/04/2026
ORD-20263642,2026-04-01,Cristina Castillo,Santo Nino,Mandaue,Cebu,Central Visayas,Nescafe 3-in-1 Sachet,Beverages,4,8.0,32.0,COD,Delivered,2026-04-09,01/04/2026
ORD-20263643,2026-04-10,Ricardo Ocampo,Bagong Silang,Quezon City,Metro Manila,NCR,Safeguard Soap Bar,Personal Care,11,28.0,308.0,Cash,Pending,,10/04/2026
ORD-20263644,2026-06-29,Manuel Santos,Del Pilar,Mandaue,Cebu,Central Visayas,Sterling Notebook,School & Office Supplies,4,18.0,72.0,Bank Transfer,Cancelled,,29/06/2026
ORD-20263645,2026-05-09,Jose Ocampo,Bagumbayan,Mandaue,Cebu,Central Visayas,Nova Multigrain 78g,Snacks,17,30.0,510.0,GCash,Delivered,2026-05-14,09/05/2026
ORD-20263646,2026-03-15,Carmen Flores,Del Pilar,Davao City,Davao del Sur,Davao Region,Argentina Corned Beef,Noodles & Canned Goods,3,35.0,105.0,Maya,Delivered,2026-03-17,15/03/2026
ORD-20263647,2026-01-13,Josefina Santos,San Jose,Bacolod,Negros Occidental,Western Visayas,Argentina Corned Beef,Noodles & Canned Goods,5,35.0,175.0,Cash,Delivered,2026-01-18,13/01/2026
ORD-20263648,2026-04-14,Juan Torres,Poblacion,Pasig,Metro Manila,NCR,Nissin Cup Noodles,Noodles & Canned Goods,9,20.0,180.0,GCash,Delivered,2026-04-15,14/04/2026
ORD-20263649,2026-02-14,Manuel Reyes,Rizal,Quezon City,Metro Manila,NCR,C2 Green Tea 500ml,Beverages,19,22.0,418.0,GCash,Pending,,14/02/2026
ORD-20263650,2026-06-05,Roberto Bautista,San Jose,Calamba,Laguna,CALABARZON,Milo Sachet,Beverages,7,9.0,63.0,GCash,Delivered,2026-06-14,05/06/2026
ORD-20263651,2026-03-11,Teresa Pascual,Bagong Silang,Tagum,Davao del Norte,Davao Region,SkyFlakes Crackers,Snacks,9,15.0,135.0,GCash,Cancelled,,11/03/2026
ORD-20263652,2026-03-14,Ramon Santos,Rizal,Dasmarinas,Cavite,CALABARZON,Yellow Pad Paper,School & Office Supplies,10,12.0,120.0,COD,Cancelled,,14/03/2026
ORD-20263653,2026-06-30,Pedro Garcia,Bagong Silang,Manila,Metro Manila,NCR,Sta. Maria Crayons,School & Office Supplies,11,40.0,440.0,Cash,Cancelled,,30/06/2026
ORD-20263654,2026-03-17,Pedro Reyes,Bagumbayan,Tagum,Davao del Norte,Davao Region,Zonrox Bleach 500ml,Household Care,8,32.0,256.0,COD,Delivered,2026-03-19,17/03/2026
ORD-20263655,2026-05-06,Rosa Cruz,San Isidro,Tarlac City,Tarlac,Central Luzon,Zonrox Bleach 500ml,Household Care,15,32.0,480.0,Cash,Cancelled,,06/05/2026
ORD-20263656,2026-03-20,Ricardo Cruz,San Isidro,Calamba,Laguna,CALABARZON,Piattos 85g,Snacks,18,32.0,576.0,GCash,Delivered,2026-03-30,20/03/2026
ORD-20263657,2026-03-13,Fernando Pascual,Malinta,Malolos,Bulacan,Central Luzon,Palmolive Shampoo Sachet,Personal Care,16,6.0,96.0,Maya,Delivered,2026-03-21,13/03/2026
ORD-20263658,2026-03-21,Manuel Villanueva,Bagumbayan,Tagbilaran,Bohol,Central Visayas,Yellow Pad Paper,School & Office Supplies,8,12.0,96.0,COD,Delivered,2026-03-25,21/03/2026
ORD-20263659,2026-02-17,Ricardo Aquino,San Isidro,Cebu City,Cebu,Central Visayas,Zonrox Bleach 500ml,Household Care,11,32.0,352.0,COD,Delivered,2026-02-20,17/02/2026
ORD-20263660,2026-02-13,Carmen Reyes,San Jose,Tagbilaran,Bohol,Central Visayas,Sta. Maria Crayons,School & Office Supplies,12,40.0,480.0,COD,Delivered,2026-02-14,13/02/2026
ORD-20263661,2026-04-03,Manuel Flores,San Antonio,Angeles City,Pampanga,Central Luzon,Nissin Cup Noodles,Noodles & Canned Goods,20,20.0,400.0,GCash,Delivered,2026-04-11,03/04/2026
ORD-20263662,2026-05-04,Fernando Pascual,Malinta,Malolos,Bulacan,Central Luzon,Sterling Notebook,School & Office Supplies,9,18.0,162.0,COD,Pending,,04/05/2026
ORD-20263663,2026-04-22,Manuel Ramos,Rizal,Tagbilaran,Bohol,Central Visayas,Zonrox Bleach 500ml,Household Care,1,32.0,32.0,GCash,Delivered,2026-05-01,22/04/2026
ORD-20263664,2026-02-23,Jose Santos,San Jose,Cebu City,Cebu,Central Visayas,Sta. Maria Crayons,School & Office Supplies,2,40.0,80.0,Cash,Delivered,2026-02-28,23/02/2026
ORD-20263665,2026-03-26,Manuel Santos,Del Pilar,Tagum,Davao del Norte,Davao Region,Sta. Maria Crayons,School & Office Supplies,3,40.0,120.0,COD,Returned,2026-03-27,26/03/2026
ORD-20263666,2026-01-26,Roberto Ocampo,San Isidro,Iloilo City,Iloilo,Western Visayas,Colgate Toothpaste 75ml,Personal Care,17,45.0,765.0,COD,Pending,,26/01/2026
ORD-20263667,2026-03-24,Elena Aquino,Santo Nino,Bacolod,Negros Occidental,Western Visayas,Piattos 85g,Snacks,2,32.0,64.0,GCash,Delivered,2026-04-03,24/03/2026
ORD-20263668,2026-01-11,Rosa Pascual,San Isidro,Manila,Metro Manila,NCR,Lucky Me Pancit Canton Noodles,Noodles & Canned Goods,11,14.0,154.0,Cash,Returned,2026-01-14,11/01/2026
ORD-20263669,2026-01-21,Juan Villanueva,Bagumbayan,Pasig,Metro Manila,NCR,Nova Multigrain 78g,Snacks,15,30.0,450.0,COD,Delivered,2026-01-31,21/01/2026
ORD-20263670,2026-06-26,Jose Bautista,Del Pilar,Calamba,Laguna,CALABARZON,Colgate Toothpaste 75ml,Personal Care,3,45.0,135.0,Cash,Delivered,2026-06-29,26/06/2026
ORD-20263671,2026-04-10,Manuel Flores,San Antonio,Angeles City,Pampanga,Central Luzon,Head & Shoulders Sachet,Personal Care,10,7.0,70.0,Maya,Delivered,2026-04-11,10/04/2026
ORD-20263672,2026-03-01,Carmen Flores,Del Pilar,Davao City,Davao del Sur,Davao Region,Sterling Notebook,School & Office Supplies,18,18.0,324.0,GCash,Delivered,2026-03-04,01/03/2026
ORD-20263673,2026-05-26,Corazon Reyes,Malinta,Calamba,Laguna,CALABARZON,Nissin Cup Noodles,Noodles & Canned Goods,6,20.0,120.0,COD,Cancelled,,26/05/2026
ORD-20263674,2026-01-04,Carmen Villanueva,San Antonio,Tarlac City,Tarlac,Central Luzon,Palmolive Shampoo Sachet,Personal Care,14,6.0,84.0,GCash,Delivered,2026-01-13,04/01/2026
ORD-20263675,2026-04-20,Cristina Torres,San Antonio,Quezon City,Metro Manila,NCR,Nescafe 3-in-1 Sachet,Beverages,9,8.0,72.0,Cash,Delivered,2026-04-24,20/04/2026
ORD-20263676,2026-06-13,Manuel Reyes,Rizal,Quezon City,Metro Manila,NCR,Piattos 85g,Snacks,15,32.0,480.0,Maya,Delivered,2026-06-23,13/06/2026
ORD-20263677,2026-04-16,Josefina Ramos,San Isidro,Cebu City,Cebu,Central Visayas,ILUV Ballpen,School & Office Supplies,9,10.0,90.0,Bank Transfer,Delivered,2026-04-18,16/04/2026
ORD-20263678,2026-03-06,Elena Cruz,Santo Nino,Angeles City,Pampanga,Central Luzon,Lucky Me Beef Sotanghon,Noodles & Canned Goods,4,13.0,52.0,Cash,Delivered,2026-03-11,06/03/2026
ORD-20263679,2026-04-24,Fernando Pascual,Bagong Silang,Dasmarinas,Cavite,CALABARZON,Surf Powder Sachet,Household Care,11,8.0,88.0,COD,Delivered,2026-05-03,24/04/2026
ORD-20263680,2026-01-06,Pedro Torres,San Isidro,Dasmarinas,Cavite,CALABARZON,CDO Corned Beef,Noodles & Canned Goods,11,33.0,363.0,GCash,Returned,2026-01-10,06/01/2026
ORD-20263681,2026-02-27,Josefina Bautista,Malinta,Calamba,Laguna,CALABARZON,ILUV Ballpen,School & Office Supplies,3,10.0,30.0,GCash,Delivered,2026-03-03,27/02/2026
ORD-20263682,2026-05-02,Ricardo Flores,San Isidro,Iloilo City,Iloilo,Western Visayas,Piattos 85g,Snacks,9,32.0,288.0,Maya,Delivered,2026-05-10,02/05/2026
ORD-20263683,2026-06-17,Corazon Bautista,Bagumbayan,Bacolod,Negros Occidental,Western Visayas,Safeguard Soap Bar,Personal Care,19,28.0,532.0,Cash,Delivered,2026-06-27,17/06/2026
ORD-20263684,2026-04-19,Pedro Cruz,Santo Nino,Manila,Metro Manila,NCR,Domex Toilet Cleaner,Household Care,14,55.0,770.0,COD,Delivered,2026-04-28,19/04/2026
ORD-20263685,2026-01-09,Elena Torres,Malinta,Tarlac City,Tarlac,Central Luzon,555 Sardines,Noodles & Canned Goods,8,22.0,176.0,Cash,Delivered,2026-01-10,09/01/2026
ORD-20263686,2026-06-14,Josefina Santos,Rizal,Pasig,Metro Manila,NCR,Yellow Pad Paper,School & Office Supplies,11,12.0,132.0,Cash,Delivered,2026-06-20,14/06/2026
ORD-20263687,2026-04-12,Fernando Villanueva,Bagumbayan,Bacolod,Negros Occidental,Western Visayas,ILUV Ballpen,School & Office Supplies,4,10.0,40.0,GCash,Pending,,12/04/2026
ORD-20263688,2026-05-13,Ricardo Aquino,San Isidro,Cebu City,Cebu,Central Visayas,Yellow Pad Paper,School & Office Supplies,8,12.0,96.0,Cash,Delivered,2026-05-22,13/05/2026
ORD-20263689,2026-06-07,Pedro Aquino,Rizal,Malolos,Bulacan,Central Luzon,SkyFlakes Crackers,Snacks,12,15.0,180.0,GCash,Delivered,2026-06-08,07/06/2026
ORD-20263690,2026-02-24,Ana Del Rosario,Santo Nino,Manila,Metro Manila,NCR,Nova Multigrain 78g,Snacks,4,30.0,120.0,GCash,Delivered,2026-03-03,24/02/2026
ORD-20263691,2026-04-14,Ricardo Flores,San Jose,Tagbilaran,Bohol,Central Visayas,Safeguard Soap Bar,Personal Care,20,28.0,560.0,Cash,Delivered,2026-04-19,14/04/2026
ORD-20263692,2026-06-11,Josefina Torres,San Isidro,Tagbilaran,Bohol,Central Visayas,Lucky Me Beef Sotanghon,Noodles & Canned Goods,3,13.0,39.0,GCash,Delivered,2026-06-14,11/06/2026
ORD-20263693,2026-02-18,Eduardo Del Rosario,Bagong Silang,Malolos,Bulacan,Central Luzon,Safeguard Soap Bar,Personal Care,4,28.0,112.0,COD,Delivered,2026-02-22,18/02/2026
ORD-20263694,2026-01-31,Ricardo Cruz,San Isidro,Calamba,Laguna,CALABARZON,Sta. Maria Crayons,School & Office Supplies,8,40.0,320.0,Cash,Delivered,2026-02-07,31/01/2026
ORD-20263695,2026-01-13,Ramon Mendoza,San Jose,Tagum,Davao del Norte,Davao Region,Nescafe 3-in-1 Sachet,Beverages,9,8.0,72.0,Cash,Delivered,2026-01-23,13/01/2026
ORD-20263696,2026-03-13,Maria Santos,Bagumbayan,Bacolod,Negros Occidental,Western Visayas,Argentina Corned Beef,Noodles & Canned Goods,13,35.0,455.0,GCash,Delivered,2026-03-18,13/03/2026
ORD-20263697,2026-04-22,Fernando Garcia,Bagong Silang,Tagbilaran,Bohol,Central Visayas,Colgate Toothpaste 75ml,Personal Care,14,45.0,630.0,COD,Delivered,2026-04-25,22/04/2026
ORD-20263698,2026-02-04,Josefina Pascual,San Jose,Tarlac City,Tarlac,Central Luzon,Yellow Pad Paper,School & Office Supplies,16,12.0,192.0,Maya,Delivered,2026-02-09,04/02/2026
ORD-20263699,2026-06-27,Jose Santos,San Jose,Cebu City,Cebu,Central Visayas,Surf Powder Sachet,Household Care,6,8.0,48.0,COD,Delivered,2026-07-05,27/06/2026
ORD-20263700,2026-02-15,Roberto Ocampo,San Isidro,Iloilo City,Iloilo,Western Visayas,Lucky Me Beef Sotanghon,Noodles & Canned Goods,14,13.0,182.0,Maya,Delivered,2026-02-19,15/02/2026
ORD-20263701,2026-02-22,Fernando Santos,San Antonio,Bacolod,Negros Occidental,Western Visayas,Argentina Corned Beef,Noodles & Canned Goods,4,35.0,140.0,Cash,Delivered,2026-02-27,22/02/2026
ORD-20263702,2026-04-18,Roberto Del Rosario,San Isidro,Malolos,Bulacan,Central Luzon,555 Sardines,Noodles & Canned Goods,6,22.0,132.0,Cash,Pending,,18/04/2026
ORD-20263703,2026-05-08,Juan Reyes,Poblacion,Quezon City,Metro Manila,NCR,Argentina Corned Beef,Noodles & Canned Goods,1,35.0,35.0,COD,Delivered,2026-05-10,08/05/2026
ORD-20263704,2026-04-21,Teresa Pascual,Bagong Silang,Tagum,Davao del Norte,Davao Region,Piattos 85g,Snacks,4,32.0,128.0,Cash,Delivered,2026-04-23,21/04/2026
ORD-20263705,2026-03-02,Fernando Ocampo,Del Pilar,Tagum,Davao del Norte,Davao Region,Zonrox Bleach 500ml,Household Care,6,32.0,192.0,COD,Delivered,2026-03-11,02/03/2026
ORD-20263706,2026-01-01,Carmen Flores,Del Pilar,Tarlac City,Tarlac,Central Luzon,Piattos 85g,Snacks,10,32.0,320.0,Maya,Cancelled,,01/01/2026
ORD-20263707,2026-02-23,Carmen Flores,Del Pilar,Davao City,Davao del Sur,Davao Region,Piattos 85g,Snacks,3,32.0,96.0,GCash,Delivered,2026-03-04,23/02/2026
ORD-20263708,2026-01-02,Ricardo Bautista,Del Pilar,Manila,Metro Manila,NCR,Safeguard Soap Bar,Personal Care,3,28.0,84.0,GCash,Delivered,2026-01-07,02/01/2026
ORD-20263709,2026-05-27,Ramon Santos,Rizal,Dasmarinas,Cavite,CALABARZON,Yellow Pad Paper,School & Office Supplies,13,12.0,156.0,Bank Transfer,Delivered,2026-06-03,27/05/2026
ORD-20263710,2026-03-09,Cristina Ocampo,Rizal,Mandaue,Cebu,Central Visayas,SkyFlakes Crackers,Snacks,9,15.0,135.0,Maya,Delivered,2026-03-18,09/03/2026
ORD-20263711,2026-03-31,Cristina Castillo,Santo Nino,Mandaue,Cebu,Central Visayas,Zonrox Bleach 500ml,Household Care,3,32.0,96.0,Maya,Pending,,31/03/2026
ORD-20263712,2026-05-13,Teresa Reyes,Poblacion,Calamba,Laguna,CALABARZON,Surf Powder Sachet,Household Care,11,8.0,88.0,GCash,Delivered,2026-05-16,13/05/2026
ORD-20263713,2026-06-07,Luz Garcia,San Isidro,Tagum,Davao del Norte,Davao Region,Joy Dishwashing Liquid 250ml,Household Care,13,38.0,494.0,Cash,Delivered,2026-06-10,07/06/2026
ORD-20263714,2026-06-13,Rosa Castillo,San Antonio,Angeles City,Pampanga,Central Luzon,Surf Powder Sachet,Household Care,5,8.0,40.0,Bank Transfer,Pending,,13/06/2026
ORD-20263715,2026-04-06,Juan Ramos,Bagumbayan,Manila,Metro Manila,NCR,Nescafe 3-in-1 Sachet,Beverages,7,8.0,56.0,Cash,Delivered,2026-04-14,06/04/2026
ORD-20263716,2026-05-24,Ana Ramos,Bagumbayan,Tarlac City,Tarlac,Central Luzon,Colgate Toothpaste 75ml,Personal Care,5,45.0,225.0,Cash,Returned,2026-05-25,24/05/2026
ORD-20263717,2026-03-21,Manuel Santos,Del Pilar,Mandaue,Cebu,Central Visayas,CDO Corned Beef,Noodles & Canned Goods,15,33.0,495.0,Cash,Delivered,2026-03-27,21/03/2026
ORD-20263718,2026-05-18,Teresa Santos,Del Pilar,Davao City,Davao del Sur,Davao Region,Sta. Maria Crayons,School & Office Supplies,9,40.0,360.0,COD,Delivered,2026-05-20,18/05/2026
ORD-20263719,2026-03-05,Eduardo Mendoza,San Isidro,Cebu City,Cebu,Central Visayas,555 Sardines,Noodles & Canned Goods,2,22.0,44.0,GCash,Delivered,2026-03-06,05/03/2026
ORD-20263720,2026-03-09,Pedro Garcia,Bagong Silang,Manila,Metro Manila,NCR,Yellow Pad Paper,School & Office Supplies,18,12.0,216.0,Bank Transfer,Delivered,2026-03-13,09/03/2026
ORD-20263721,2026-05-16,Roberto Flores,Malinta,Dasmarinas,Cavite,CALABARZON,Milo Sachet,Beverages,20,9.0,180.0,COD,Pending,,16/05/2026
ORD-20263722,2026-01-16,Josefina Cruz,San Antonio,Makati,Metro Manila,NCR,CDO Corned Beef,Noodles & Canned Goods,18,33.0,594.0,Maya,Returned,2026-01-24,16/01/2026
ORD-20263723,2026-03-19,Fernando Pascual,Rizal,Quezon City,Metro Manila,NCR,CDO Corned Beef,Noodles & Canned Goods,18,33.0,594.0,Maya,Delivered,2026-03-26,19/03/2026
ORD-20263724,2026-02-22,Antonio Flores,Bagumbayan,Angeles City,Pampanga,Central Luzon,CDO Corned Beef,Noodles & Canned Goods,16,33.0,528.0,Cash,Delivered,2026-02-25,22/02/2026
ORD-20263725,2026-02-14,Fernando Santos,San Antonio,Bacolod,Negros Occidental,Western Visayas,Argentina Corned Beef,Noodles & Canned Goods,12,35.0,420.0,Cash,Delivered,2026-02-22,14/02/2026
ORD-20263726,2026-05-27,Teresa Villanueva,Santo Nino,Malolos,Bulacan,Central Luzon,Head & Shoulders Sachet,Personal Care,11,7.0,77.0,Cash,Delivered,2026-06-02,27/05/2026
ORD-20263727,2026-02-18,Teresa Villanueva,Santo Nino,Malolos,Bulacan,Central Luzon,Piattos 85g,Snacks,8,32.0,256.0,GCash,Cancelled,,18/02/2026
ORD-20263728,2026-01-15,Fernando Ocampo,Del Pilar,Tagum,Davao del Norte,Davao Region,Palmolive Shampoo Sachet,Personal Care,17,6.0,102.0,Cash,Cancelled,,15/01/2026
ORD-20263729,2026-06-23,Teresa Del Rosario,San Jose,Malolos,Bulacan,Central Luzon,Lucky Me Pancit Canton Noodles,Noodles & Canned Goods,9,14.0,126.0,COD,Delivered,2026-06-27,23/06/2026
ORD-20263730,2026-04-08,Ricardo Flores,San Jose,Tagbilaran,Bohol,Central Visayas,Colgate Toothpaste 75ml,Personal Care,8,45.0,360.0,Bank Transfer,Delivered,2026-04-16,08/04/2026
ORD-20263731,2026-06-25,Antonio Mendoza,San Isidro,Calamba,Laguna,CALABARZON,Palmolive Shampoo Sachet,Personal Care,3,6.0,18.0,GCash,Delivered,2026-07-02,25/06/2026
ORD-20263732,2026-06-12,Elena Cruz,Santo Nino,Angeles City,Pampanga,Central Luzon,Sta. Maria Crayons,School & Office Supplies,7,40.0,280.0,COD,Delivered,2026-06-14,12/06/2026
ORD-20263733,2026-02-20,Jose Ocampo,Malinta,Dasmarinas,Cavite,CALABARZON,555 Sardines,Noodles & Canned Goods,19,22.0,418.0,Cash,Delivered,2026-02-24,20/02/2026
ORD-20263734,2026-05-19,Carmen Flores,Del Pilar,Tarlac City,Tarlac,Central Luzon,Nescafe 3-in-1 Sachet,Beverages,1,8.0,8.0,Bank Transfer,Delivered,2026-05-27,19/05/2026
ORD-20263735,2026-04-01,Jose Reyes,Rizal,Tagum,Davao del Norte,Davao Region,Boy Bawang 100g,Snacks,2,18.0,36.0,COD,Delivered,2026-04-08,01/04/2026
ORD-20263736,2026-06-25,Jose Bautista,Del Pilar,Calamba,Laguna,CALABARZON,Zonrox Bleach 500ml,Household Care,11,32.0,352.0,Maya,Delivered,2026-07-04,25/06/2026
ORD-20263737,2026-01-20,Teresa Torres,Rizal,Mandaue,Cebu,Central Visayas,Joy Dishwashing Liquid 250ml,Household Care,6,38.0,228.0,Cash,Delivered,2026-01-26,20/01/2026
ORD-20263738,2026-04-07,Pedro Cruz,Santo Nino,Manila,Metro Manila,NCR,Joy Dishwashing Liquid 250ml,Household Care,10,38.0,380.0,Maya,Delivered,2026-04-12,07/04/2026
ORD-20263739,2026-04-19,Manuel Flores,Poblacion,Dasmarinas,Cavite,CALABARZON,Argentina Corned Beef,Noodles & Canned Goods,17,35.0,595.0,Cash,Delivered,2026-04-22,19/04/2026
ORD-20263740,2026-03-16,Ana Ocampo,Bagumbayan,Mandaue,Cebu,Central Visayas,Milo Sachet,Beverages,2,9.0,18.0,Cash,Delivered,2026-03-21,16/03/2026
ORD-20263741,2026-03-25,Elena Aquino,Malinta,Iloilo City,Iloilo,Western Visayas,Yellow Pad Paper,School & Office Supplies,20,12.0,240.0,GCash,Returned,2026-03-29,25/03/2026
ORD-20263742,2026-03-30,Luz Pascual,Santo Nino,Cebu City,Cebu,Central Visayas,555 Sardines,Noodles & Canned Goods,17,22.0,374.0,COD,Delivered,2026-03-31,30/03/2026
ORD-20263743,2026-06-11,Cristina Garcia,Del Pilar,Dasmarinas,Cavite,CALABARZON,Coca-Cola 1.5L,Beverages,20,65.0,1300.0,GCash,Pending,,11/06/2026
ORD-20263744,2026-03-27,Manuel Flores,San Antonio,Angeles City,Pampanga,Central Luzon,Lucky Me Beef Sotanghon,Noodles & Canned Goods,9,13.0,117.0,GCash,Returned,2026-04-06,27/03/2026
ORD-20263745,2026-05-03,Ana Flores,Poblacion,Tagum,Davao del Norte,Davao Region,Palmolive Shampoo Sachet,Personal Care,4,6.0,24.0,COD,Cancelled,,03/05/2026
ORD-20263746,2026-06-17,Ana Mendoza,Del Pilar,Tagum,Davao del Norte,Davao Region,Nova Multigrain 78g,Snacks,8,30.0,240.0,GCash,Cancelled,,17/06/2026
ORD-20263747,2026-03-28,Maria Santos,Bagumbayan,Bacolod,Negros Occidental,Western Visayas,Zonrox Bleach 500ml,Household Care,11,32.0,352.0,GCash,Delivered,2026-04-03,28/03/2026
ORD-20263748,2026-01-24,Ana Torres,San Antonio,Pasig,Metro Manila,NCR,Palmolive Shampoo Sachet,Personal Care,17,6.0,102.0,Maya,Cancelled,,24/01/2026
ORD-20263749,2026-03-14,Antonio Flores,Del Pilar,Manila,Metro Manila,NCR,Boy Bawang 100g,Snacks,2,18.0,36.0,COD,Delivered,2026-03-24,14/03/2026
ORD-20263750,2026-02-07,Pedro Torres,San Isidro,Dasmarinas,Cavite,CALABARZON,Coca-Cola 1.5L,Beverages,14,65.0,910.0,Cash,Delivered,2026-02-10,07/02/2026
ORD-20263751,2026-06-08,Rosa Del Rosario,Bagumbayan,Angeles City,Pampanga,Central Luzon,555 Sardines,Noodles & Canned Goods,13,22.0,286.0,COD,Pending,,08/06/2026
ORD-20263752,2026-04-12,Roberto Flores,Malinta,Dasmarinas,Cavite,CALABARZON,SkyFlakes Crackers,Snacks,18,15.0,270.0,GCash,Delivered,2026-04-22,12/04/2026
ORD-20263753,2026-05-27,Jose Cruz,Santo Nino,Angeles City,Pampanga,Central Luzon,Milo Sachet,Beverages,20,9.0,180.0,COD,Delivered,2026-06-04,27/05/2026
ORD-20263754,2026-06-13,Pedro Ocampo,Santo Nino,Cebu City,Cebu,Central Visayas,Head & Shoulders Sachet,Personal Care,2,7.0,14.0,COD,Delivered,2026-06-22,13/06/2026
ORD-20263755,2026-01-20,Manuel Mendoza,Poblacion,Tagbilaran,Bohol,Central Visayas,Zonrox Bleach 500ml,Household Care,14,32.0,448.0,GCash,Cancelled,,20/01/2026
ORD-20263756,2026-05-30,Eduardo Bautista,San Jose,Cebu City,Cebu,Central Visayas,555 Sardines,Noodles & Canned Goods,4,22.0,88.0,COD,Pending,,30/05/2026
ORD-20263757,2026-06-07,Ana Del Rosario,Santo Nino,Manila,Metro Manila,NCR,Piattos 85g,Snacks,7,32.0,224.0,COD,Delivered,2026-06-12,07/06/2026
ORD-20263758,2026-05-31,Ana Ocampo,Bagumbayan,Mandaue,Cebu,Central Visayas,Nescafe 3-in-1 Sachet,Beverages,6,8.0,48.0,COD,Delivered,2026-06-06,31/05/2026
ORD-20263759,2026-01-19,Josefina Santos,Santo Nino,Tagum,Davao del Norte,Davao Region,Sta. Maria Crayons,School & Office Supplies,11,40.0,440.0,GCash,Delivered,2026-01-28,19/01/2026
ORD-20263760,2026-04-04,Corazon Ramos,San Jose,Pasig,Metro Manila,NCR,ILUV Ballpen,School & Office Supplies,13,10.0,130.0,Cash,Pending,,04/04/2026
ORD-20263761,2026-04-10,Eduardo Santos,San Isidro,Pasig,Metro Manila,NCR,555 Sardines,Noodles & Canned Goods,12,22.0,264.0,GCash,Returned,2026-04-18,10/04/2026
ORD-20263762,2026-01-21,Cristina Pascual,Rizal,Davao City,Davao del Sur,Davao Region,CDO Corned Beef,Noodles & Canned Goods,18,33.0,594.0,Maya,Delivered,2026-01-30,21/01/2026
ORD-20263763,2026-06-09,Jose Del Rosario,Rizal,Tagbilaran,Bohol,Central Visayas,Lucky Me Beef Sotanghon,Noodles & Canned Goods,4,13.0,52.0,Bank Transfer,Delivered,2026-06-11,09/06/2026
ORD-20263764,2026-03-24,Corazon Villanueva,Rizal,Angeles City,Pampanga,Central Luzon,Sterling Notebook,School & Office Supplies,10,18.0,180.0,Cash,Pending,,24/03/2026
ORD-20263765,2026-03-06,Ricardo Cruz,San Antonio,Manila,Metro Manila,NCR,Sterling Notebook,School & Office Supplies,3,18.0,54.0,GCash,Delivered,2026-03-15,06/03/2026
ORD-20263766,2026-03-23,Corazon Villanueva,Rizal,Angeles City,Pampanga,Central Luzon,Lucky Me Beef Sotanghon,Noodles & Canned Goods,3,13.0,39.0,Maya,Cancelled,,23/03/2026
ORD-20263767,2026-05-16,Corazon Bautista,Bagong Silang,Davao City,Davao del Sur,Davao Region,Lucky Me Beef Sotanghon,Noodles & Canned Goods,16,13.0,208.0,GCash,Cancelled,,16/05/2026
ORD-20263768,2026-04-22,Corazon Bautista,Bagumbayan,Bacolod,Negros Occidental,Western Visayas,Head & Shoulders Sachet,Personal Care,2,7.0,14.0,COD,Cancelled,,22/04/2026
ORD-20263769,2026-01-12,Elena Villanueva,Poblacion,Malolos,Bulacan,Central Luzon,555 Sardines,Noodles & Canned Goods,12,22.0,264.0,Bank Transfer,Delivered,2026-01-15,12/01/2026
ORD-20263770,2026-01-18,Pedro Castillo,Santo Nino,Cebu City,Cebu,Central Visayas,Colgate Toothpaste 75ml,Personal Care,9,45.0,405.0,GCash,Pending,,18/01/2026
ORD-20263771,2026-01-15,Josefina Bautista,Malinta,Calamba,Laguna,CALABARZON,Sta. Maria Crayons,School & Office Supplies,11,40.0,440.0,COD,Delivered,2026-01-22,15/01/2026
ORD-20263772,2026-06-09,Pedro Garcia,Bagong Silang,Manila,Metro Manila,NCR,CDO Corned Beef,Noodles & Canned Goods,20,33.0,660.0,Cash,Delivered,2026-06-19,09/06/2026
ORD-20263773,2026-03-31,Roberto Aquino,San Antonio,Cebu City,Cebu,Central Visayas,SkyFlakes Crackers,Snacks,12,15.0,180.0,COD,Delivered,2026-04-02,31/03/2026
ORD-20263774,2026-01-23,Eduardo Garcia,Poblacion,Tarlac City,Tarlac,Central Luzon,Joy Dishwashing Liquid 250ml,Household Care,2,38.0,76.0,COD,Delivered,2026-01-26,23/01/2026
ORD-20263775,2026-03-29,Eduardo Del Rosario,Santo Nino,Iloilo City,Iloilo,Western Visayas,Head & Shoulders Sachet,Personal Care,8,7.0,56.0,Bank Transfer,Delivered,2026-03-31,29/03/2026
ORD-20263776,2026-06-28,Josefina Cruz,San Antonio,Makati,Metro Manila,NCR,Milo Sachet,Beverages,19,9.0,171.0,COD,Delivered,2026-07-08,28/06/2026
ORD-20263777,2026-02-12,Elena Ramos,Malinta,Tarlac City,Tarlac,Central Luzon,Sta. Maria Crayons,School & Office Supplies,4,40.0,160.0,GCash,Delivered,2026-02-18,12/02/2026
ORD-20263778,2026-04-12,Corazon Aquino,San Antonio,Tagum,Davao del Norte,Davao Region,Zonrox Bleach 500ml,Household Care,6,32.0,192.0,COD,Pending,,12/04/2026
ORD-20263779,2026-05-02,Manuel Mendoza,Poblacion,Tagbilaran,Bohol,Central Visayas,Zonrox Bleach 500ml,Household Care,14,32.0,448.0,Cash,Cancelled,,02/05/2026
ORD-20263780,2026-01-02,Luz Aquino,Bagong Silang,Tarlac City,Tarlac,Central Luzon,Sterling Notebook,School & Office Supplies,8,18.0,144.0,Cash,Returned,2026-01-11,02/01/2026
ORD-20263781,2026-02-21,Antonio Cruz,Bagumbayan,Mandaue,Cebu,Central Visayas,Milo Sachet,Beverages,15,9.0,135.0,GCash,Delivered,2026-02-25,21/02/2026
ORD-20263782,2026-03-22,Pedro Santos,Del Pilar,Iloilo City,Iloilo,Western Visayas,SkyFlakes Crackers,Snacks,2,15.0,30.0,GCash,Delivered,2026-03-26,22/03/2026
ORD-20263783,2026-06-26,Roberto Flores,Malinta,Dasmarinas,Cavite,CALABARZON,Safeguard Soap Bar,Personal Care,12,28.0,336.0,GCash,Cancelled,,26/06/2026
ORD-20263784,2026-06-12,Rosa Del Rosario,Bagumbayan,Pasig,Metro Manila,NCR,Joy Dishwashing Liquid 250ml,Household Care,1,38.0,38.0,COD,Delivered,2026-06-18,12/06/2026
ORD-20263785,2026-03-29,Josefina Bautista,Malinta,Calamba,Laguna,CALABARZON,555 Sardines,Noodles & Canned Goods,9,22.0,198.0,GCash,Delivered,2026-04-02,29/03/2026
ORD-20263786,2026-04-01,Cristina Ocampo,Rizal,Mandaue,Cebu,Central Visayas,Nova Multigrain 78g,Snacks,12,30.0,360.0,COD,Delivered,2026-04-07,01/04/2026
ORD-20263787,2026-04-30,Ramon Ocampo,Malinta,Davao City,Davao del Sur,Davao Region,SkyFlakes Crackers,Snacks,6,15.0,90.0,Cash,Pending,,30/04/2026
ORD-20263788,2026-02-16,Eduardo Santos,San Isidro,Pasig,Metro Manila,NCR,Domex Toilet Cleaner,Household Care,14,55.0,770.0,Cash,Delivered,2026-02-18,16/02/2026
ORD-20263789,2026-02-07,Jose Cruz,Santo Nino,Angeles City,Pampanga,Central Luzon,Boy Bawang 100g,Snacks,9,18.0,162.0,Cash,Delivered,2026-02-15,07/02/2026
ORD-20263790,2026-04-14,Fernando Santos,San Antonio,Bacolod,Negros Occidental,Western Visayas,Head & Shoulders Sachet,Personal Care,8,7.0,56.0,GCash,Returned,2026-04-20,14/04/2026
ORD-20263791,2026-06-12,Pedro Cruz,San Antonio,Cebu City,Cebu,Central Visayas,Argentina Corned Beef,Noodles & Canned Goods,1,35.0,35.0,Maya,Delivered,2026-06-20,12/06/2026
ORD-20263792,2026-01-11,Ramon Mendoza,San Jose,Tagum,Davao del Norte,Davao Region,555 Sardines,Noodles & Canned Goods,20,22.0,440.0,GCash,Delivered,2026-01-21,11/01/2026
ORD-20263793,2026-04-09,Ricardo Flores,San Isidro,Iloilo City,Iloilo,Western Visayas,Palmolive Shampoo Sachet,Personal Care,19,6.0,114.0,Cash,Delivered,2026-04-15,09/04/2026
ORD-20263794,2026-05-27,Carmen Reyes,San Jose,Tagbilaran,Bohol,Central Visayas,Yellow Pad Paper,School & Office Supplies,1,12.0,12.0,COD,Pending,,27/05/2026
ORD-20263795,2026-06-25,Teresa Reyes,Poblacion,Calamba,Laguna,CALABARZON,Nescafe 3-in-1 Sachet,Beverages,5,8.0,40.0,GCash,Pending,,25/06/2026
ORD-20263796,2026-05-13,Manuel Ramos,Rizal,Tagbilaran,Bohol,Central Visayas,Yellow Pad Paper,School & Office Supplies,6,12.0,72.0,COD,Pending,,13/05/2026
ORD-20263797,2026-04-11,Antonio Santos,Del Pilar,Iloilo City,Iloilo,Western Visayas,CDO Corned Beef,Noodles & Canned Goods,9,33.0,297.0,Bank Transfer,Delivered,2026-04-19,11/04/2026
ORD-20263798,2026-05-29,Pedro Reyes,Bagumbayan,Tagum,Davao del Norte,Davao Region,Palmolive Shampoo Sachet,Personal Care,17,6.0,102.0,Maya,Cancelled,,29/05/2026
ORD-20263799,2026-02-16,Rosa Pascual,San Isidro,Manila,Metro Manila,NCR,Lucky Me Beef Sotanghon,Noodles & Canned Goods,1,13.0,13.0,Maya,Delivered,2026-02-22,16/02/2026
ORD-20263800,2026-06-23,Pedro Pascual,San Isidro,Manila,Metro Manila,NCR,Coca-Cola 1.5L,Beverages,13,65.0,845.0,Cash,Delivered,2026-06-27,23/06/2026
ORD-20263801,2026-04-30,Manuel Ramos,Rizal,Tagbilaran,Bohol,Central Visayas,555 Sardines,Noodles & Canned Goods,3,22.0,66.0,COD,Returned,2026-05-05,30/04/2026
ORD-20263802,2026-02-22,Teresa Villanueva,San Antonio,Iloilo City,Iloilo,Western Visayas,555 Sardines,Noodles & Canned Goods,13,22.0,286.0,Cash,Cancelled,,22/02/2026
ORD-20263803,2026-04-25,Antonio Aquino,Del Pilar,Dasmarinas,Cavite,CALABARZON,Nissin Cup Noodles,Noodles & Canned Goods,4,20.0,80.0,Cash,Delivered,2026-04-27,25/04/2026
ORD-20263804,2026-06-15,Corazon Torres,Bagumbayan,Cebu City,Cebu,Central Visayas,Boy Bawang 100g,Snacks,5,18.0,90.0,Cash,Cancelled,,15/06/2026
ORD-20263805,2026-03-10,Maria Flores,San Isidro,Makati,Metro Manila,NCR,Yellow Pad Paper,School & Office Supplies,14,12.0,168.0,Cash,Delivered,2026-03-19,10/03/2026
ORD-20263806,2026-05-07,Jose Reyes,Bagumbayan,Quezon City,Metro Manila,NCR,Zonrox Bleach 500ml,Household Care,11,32.0,352.0,Cash,Cancelled,,07/05/2026
ORD-20263807,2026-03-02,Corazon Ocampo,Malinta,Iloilo City,Iloilo,Western Visayas,Sterling Notebook,School & Office Supplies,12,18.0,216.0,COD,Delivered,2026-03-05,02/03/2026
ORD-20263808,2026-03-21,Fernando Garcia,Bagong Silang,Tagbilaran,Bohol,Central Visayas,Lucky Me Pancit Canton Noodles,Noodles & Canned Goods,4,14.0,56.0,COD,Delivered,2026-03-26,21/03/2026
ORD-20263809,2026-01-12,Eduardo Aquino,Bagong Silang,Tarlac City,Tarlac,Central Luzon,C2 Green Tea 500ml,Beverages,19,22.0,418.0,COD,Delivered,2026-01-19,12/01/2026
ORD-20263810,2026-01-12,Antonio Castillo,Rizal,Angeles City,Pampanga,Central Luzon,Sterling Notebook,School & Office Supplies,2,18.0,36.0,GCash,Delivered,2026-01-14,12/01/2026
ORD-20263811,2026-04-26,Josefina Reyes,Poblacion,Dasmarinas,Cavite,CALABARZON,Nescafe 3-in-1 Sachet,Beverages,18,8.0,144.0,Cash,Returned,2026-04-28,26/04/2026
ORD-20263812,2026-04-05,Rosa Reyes,Malinta,Iloilo City,Iloilo,Western Visayas,Nissin Cup Noodles,Noodles & Canned Goods,13,20.0,260.0,Cash,Delivered,2026-04-11,05/04/2026
ORD-20263813,2026-05-22,Ricardo Aquino,San Isidro,Cebu City,Cebu,Central Visayas,Yellow Pad Paper,School & Office Supplies,3,12.0,36.0,Cash,Delivered,2026-05-24,22/05/2026
ORD-20263814,2026-06-22,Ricardo Bautista,Bagong Silang,Tagum,Davao del Norte,Davao Region,Colgate Toothpaste 75ml,Personal Care,14,45.0,630.0,Maya,Cancelled,,22/06/2026
ORD-20263815,2026-04-28,Teresa Reyes,Poblacion,Calamba,Laguna,CALABARZON,Coca-Cola 1.5L,Beverages,19,65.0,1235.0,Maya,Delivered,2026-04-29,28/04/2026
ORD-20263816,2026-03-28,Elena Torres,San Jose,Angeles City,Pampanga,Central Luzon,Lucky Me Beef Sotanghon,Noodles & Canned Goods,20,13.0,260.0,COD,Cancelled,,28/03/2026
ORD-20263817,2026-06-22,Eduardo Ocampo,San Antonio,Tagum,Davao del Norte,Davao Region,Zonrox Bleach 500ml,Household Care,12,32.0,384.0,GCash,Pending,,22/06/2026
ORD-20263818,2026-05-02,Ana Flores,Poblacion,Tagum,Davao del Norte,Davao Region,Piattos 85g,Snacks,13,32.0,416.0,Maya,Cancelled,,02/05/2026
ORD-20263819,2026-05-15,Corazon Bautista,Bagumbayan,Bacolod,Negros Occidental,Western Visayas,ILUV Ballpen,School & Office Supplies,8,10.0,80.0,Cash,Delivered,2026-05-20,15/05/2026
ORD-20263820,2026-05-20,Teresa Reyes,Poblacion,Calamba,Laguna,CALABARZON,Domex Toilet Cleaner,Household Care,19,55.0,1045.0,Cash,Delivered,2026-05-29,20/05/2026
ORD-20263821,2026-06-03,Jose Santos,San Jose,Cebu City,Cebu,Central Visayas,Milo Sachet,Beverages,15,9.0,135.0,Cash,Delivered,2026-06-04,03/06/2026
ORD-20263822,2026-03-02,Ramon Santos,Rizal,Dasmarinas,Cavite,CALABARZON,Piattos 85g,Snacks,17,32.0,544.0,COD,Delivered,2026-03-07,02/03/2026
ORD-20263823,2026-03-15,Pedro Reyes,Poblacion,Tarlac City,Tarlac,Central Luzon,CDO Corned Beef,Noodles & Canned Goods,14,33.0,462.0,COD,Delivered,2026-03-16,15/03/2026
ORD-20263824,2026-02-03,Teresa Pascual,Bagong Silang,Tagum,Davao del Norte,Davao Region,Lucky Me Beef Sotanghon,Noodles & Canned Goods,14,13.0,182.0,GCash,Delivered,2026-02-08,03/02/2026
ORD-20263825,2026-05-23,Ricardo Ocampo,San Jose,Pasig,Metro Manila,NCR,Safeguard Soap Bar,Personal Care,17,28.0,476.0,COD,Delivered,2026-05-27,23/05/2026
ORD-20263826,2026-01-05,Maria Cruz,Del Pilar,Iloilo City,Iloilo,Western Visayas,Colgate Toothpaste 75ml,Personal Care,19,45.0,855.0,COD,Delivered,2026-01-13,05/01/2026
ORD-20263827,2026-03-02,Teresa Castillo,Bagumbayan,Batangas City,Batangas,CALABARZON,Sta. Maria Crayons,School & Office Supplies,17,40.0,680.0,Cash,Returned,2026-03-11,02/03/2026
ORD-20263828,2026-04-06,Eduardo Mendoza,Bagong Silang,Batangas City,Batangas,CALABARZON,ILUV Ballpen,School & Office Supplies,7,10.0,70.0,GCash,Pending,,06/04/2026
ORD-20263829,2026-03-12,Fernando Garcia,Del Pilar,Iloilo City,Iloilo,Western Visayas,Lucky Me Pancit Canton Noodles,Noodles & Canned Goods,6,14.0,84.0,COD,Delivered,2026-03-13,12/03/2026
ORD-20263830,2026-03-30,Manuel Santos,Del Pilar,Mandaue,Cebu,Central Visayas,Nissin Cup Noodles,Noodles & Canned Goods,10,20.0,200.0,Cash,Delivered,2026-04-05,30/03/2026
ORD-20263831,2026-03-15,Rosa Pascual,San Isidro,Manila,Metro Manila,NCR,Boy Bawang 100g,Snacks,14,18.0,252.0,Bank Transfer,Delivered,2026-03-18,15/03/2026
ORD-20263832,2026-03-23,Ramon Santos,Rizal,Dasmarinas,Cavite,CALABARZON,Palmolive Shampoo Sachet,Personal Care,12,6.0,72.0,COD,Delivered,2026-03-24,23/03/2026
ORD-20263833,2026-05-30,Eduardo Del Rosario,Bagong Silang,Malolos,Bulacan,Central Luzon,Lucky Me Beef Sotanghon,Noodles & Canned Goods,2,13.0,26.0,Cash,Returned,2026-06-02,30/05/2026
ORD-20263834,2026-02-18,Maria Castillo,Rizal,Tagum,Davao del Norte,Davao Region,Sta. Maria Crayons,School & Office Supplies,4,40.0,160.0,Cash,Delivered,2026-02-21,18/02/2026
ORD-20263835,2026-03-12,Jose Reyes,Rizal,Tagum,Davao del Norte,Davao Region,Piattos 85g,Snacks,4,32.0,128.0,GCash,Delivered,2026-03-21,12/03/2026
ORD-20263836,2026-06-16,Corazon Ocampo,Malinta,Iloilo City,Iloilo,Western Visayas,ILUV Ballpen,School & Office Supplies,3,10.0,30.0,GCash,Delivered,2026-06-20,16/06/2026
ORD-20263837,2026-01-03,Josefina Pascual,San Jose,Tarlac City,Tarlac,Central Luzon,Nescafe 3-in-1 Sachet,Beverages,15,8.0,120.0,COD,Delivered,2026-01-09,03/01/2026
ORD-20263838,2026-05-22,Maria Santos,Bagumbayan,Bacolod,Negros Occidental,Western Visayas,Sterling Notebook,School & Office Supplies,12,18.0,216.0,Cash,Delivered,2026-06-01,22/05/2026
ORD-20263839,2026-01-21,Ricardo Bautista,Del Pilar,Manila,Metro Manila,NCR,Milo Sachet,Beverages,9,9.0,81.0,COD,Delivered,2026-01-23,21/01/2026
ORD-20263840,2026-01-22,Eduardo Del Rosario,Bagong Silang,Malolos,Bulacan,Central Luzon,ILUV Ballpen,School & Office Supplies,2,10.0,20.0,Bank Transfer,Delivered,2026-01-27,22/01/2026
ORD-20263841,2026-04-17,Josefina Santos,San Jose,Bacolod,Negros Occidental,Western Visayas,Argentina Corned Beef,Noodles & Canned Goods,1,35.0,35.0,GCash,Cancelled,,17/04/2026
ORD-20263842,2026-05-25,Carmen Villanueva,San Antonio,Tarlac City,Tarlac,Central Luzon,Palmolive Shampoo Sachet,Personal Care,8,6.0,48.0,GCash,Returned,2026-05-31,25/05/2026
ORD-20263843,2026-03-27,Eduardo Mendoza,San Isidro,Tagum,Davao del Norte,Davao Region,Surf Powder Sachet,Household Care,19,8.0,152.0,COD,Delivered,2026-04-06,27/03/2026
ORD-20263844,2026-06-09,Luz Cruz,San Antonio,Makati,Metro Manila,NCR,Piattos 85g,Snacks,1,32.0,32.0,GCash,Delivered,2026-06-18,09/06/2026
ORD-20263845,2026-03-23,Ricardo Bautista,Del Pilar,Manila,Metro Manila,NCR,555 Sardines,Noodles & Canned Goods,5,22.0,110.0,Maya,Delivered,2026-03-25,23/03/2026
ORD-20263846,2026-03-05,Jose Bautista,Del Pilar,Calamba,Laguna,CALABARZON,SkyFlakes Crackers,Snacks,19,15.0,285.0,Cash,Delivered,2026-03-11,05/03/2026
ORD-20263847,2026-02-23,Antonio Castillo,Rizal,Angeles City,Pampanga,Central Luzon,Nescafe 3-in-1 Sachet,Beverages,17,8.0,136.0,Cash,Delivered,2026-03-04,23/02/2026
ORD-20263848,2026-06-11,Rosa Castillo,San Antonio,Angeles City,Pampanga,Central Luzon,Sterling Notebook,School & Office Supplies,11,18.0,198.0,Cash,Delivered,2026-06-13,11/06/2026
ORD-20263849,2026-06-12,Teresa Torres,Rizal,Mandaue,Cebu,Central Visayas,Yellow Pad Paper,School & Office Supplies,6,12.0,72.0,COD,Delivered,2026-06-19,12/06/2026
ORD-20263850,2026-03-19,Ana Villanueva,San Antonio,Tarlac City,Tarlac,Central Luzon,Coca-Cola 1.5L,Beverages,10,65.0,650.0,Cash,Cancelled,,19/03/2026
ORD-20263851,2026-05-11,Teresa Reyes,Poblacion,Calamba,Laguna,CALABARZON,Joy Dishwashing Liquid 250ml,Household Care,1,38.0,38.0,Maya,Delivered,2026-05-14,11/05/2026
ORD-20263852,2026-04-21,Juan Torres,Poblacion,Pasig,Metro Manila,NCR,Domex Toilet Cleaner,Household Care,9,55.0,495.0,Cash,Delivered,2026-04-25,21/04/2026
ORD-20263853,2026-01-07,Corazon Torres,Bagumbayan,Cebu City,Cebu,Central Visayas,555 Sardines,Noodles & Canned Goods,17,22.0,374.0,COD,Delivered,2026-01-10,07/01/2026
ORD-20263854,2026-01-26,Carmen Pascual,Poblacion,Bacolod,Negros Occidental,Western Visayas,Coca-Cola 1.5L,Beverages,19,65.0,1235.0,GCash,Delivered,2026-01-27,26/01/2026
ORD-20263855,2026-02-27,Cristina Pascual,Rizal,Davao City,Davao del Sur,Davao Region,Coca-Cola 1.5L,Beverages,7,65.0,455.0,COD,Pending,,27/02/2026
ORD-20263856,2026-01-01,Antonio Aquino,Del Pilar,Dasmarinas,Cavite,CALABARZON,Nova Multigrain 78g,Snacks,7,30.0,210.0,Bank Transfer,Delivered,2026-01-09,01/01/2026
ORD-20263857,2026-01-06,Cristina Ocampo,Rizal,Mandaue,Cebu,Central Visayas,Yellow Pad Paper,School & Office Supplies,13,12.0,156.0,COD,Cancelled,,06/01/2026
ORD-20263858,2026-03-11,Pedro Garcia,Bagong Silang,Manila,Metro Manila,NCR,Coca-Cola 1.5L,Beverages,17,65.0,1105.0,COD,Delivered,2026-03-15,11/03/2026
ORD-20263859,2026-02-08,Antonio Aquino,Del Pilar,Dasmarinas,Cavite,CALABARZON,C2 Green Tea 500ml,Beverages,7,22.0,154.0,Maya,Delivered,2026-02-12,08/02/2026
ORD-20263860,2026-01-22,Ricardo Bautista,Bagong Silang,Tagum,Davao del Norte,Davao Region,Palmolive Shampoo Sachet,Personal Care,8,6.0,48.0,GCash,Delivered,2026-01-28,22/01/2026
ORD-20263861,2026-04-15,Pedro Reyes,Poblacion,Tarlac City,Tarlac,Central Luzon,Colgate Toothpaste 75ml,Personal Care,2,45.0,90.0,Cash,Delivered,2026-04-23,15/04/2026
ORD-20263862,2026-02-07,Carmen Villanueva,San Antonio,Tarlac City,Tarlac,Central Luzon,Sta. Maria Crayons,School & Office Supplies,4,40.0,160.0,Cash,Cancelled,,07/02/2026
ORD-20263863,2026-06-07,Luz Cruz,San Antonio,Makati,Metro Manila,NCR,Nova Multigrain 78g,Snacks,8,30.0,240.0,GCash,Delivered,2026-06-08,07/06/2026
ORD-20263864,2026-05-14,Antonio Aquino,Del Pilar,Dasmarinas,Cavite,CALABARZON,Lucky Me Pancit Canton Noodles,Noodles & Canned Goods,17,14.0,238.0,Bank Transfer,Delivered,2026-05-15,14/05/2026
ORD-20263865,2026-04-19,Roberto Ocampo,San Isidro,Iloilo City,Iloilo,Western Visayas,SkyFlakes Crackers,Snacks,2,15.0,30.0,GCash,Delivered,2026-04-22,19/04/2026
ORD-20263866,2026-01-27,Juan Torres,Poblacion,Pasig,Metro Manila,NCR,Lucky Me Pancit Canton Noodles,Noodles & Canned Goods,16,14.0,224.0,Cash,Delivered,2026-02-04,27/01/2026
ORD-20263867,2026-05-27,Luz Garcia,San Isidro,Tagum,Davao del Norte,Davao Region,Nescafe 3-in-1 Sachet,Beverages,17,8.0,136.0,Bank Transfer,Delivered,2026-05-31,27/05/2026
ORD-20263868,2026-06-12,Antonio Bautista,Rizal,Davao City,Davao del Sur,Davao Region,ILUV Ballpen,School & Office Supplies,18,10.0,180.0,Cash,Delivered,2026-06-20,12/06/2026
ORD-20263869,2026-05-04,Antonio Flores,Bagumbayan,Angeles City,Pampanga,Central Luzon,Yellow Pad Paper,School & Office Supplies,3,12.0,36.0,COD,Delivered,2026-05-12,04/05/2026
ORD-20263870,2026-06-18,Josefina Castillo,Poblacion,Tagbilaran,Bohol,Central Visayas,Milo Sachet,Beverages,10,9.0,90.0,Maya,Delivered,2026-06-28,18/06/2026
ORD-20263871,2026-04-20,Pedro Ocampo,Santo Nino,Cebu City,Cebu,Central Visayas,Nissin Cup Noodles,Noodles & Canned Goods,11,20.0,220.0,Bank Transfer,Delivered,2026-04-25,20/04/2026
ORD-20263872,2026-06-18,Corazon Torres,Bagumbayan,Cebu City,Cebu,Central Visayas,Sterling Notebook,School & Office Supplies,9,18.0,162.0,Maya,Delivered,2026-06-21,18/06/2026
ORD-20263873,2026-03-12,Roberto Del Rosario,San Isidro,Malolos,Bulacan,Central Luzon,Nescafe 3-in-1 Sachet,Beverages,1,8.0,8.0,Bank Transfer,Cancelled,,12/03/2026
ORD-20263874,2026-01-29,Manuel Flores,Poblacion,Dasmarinas,Cavite,CALABARZON,Surf Powder Sachet,Household Care,15,8.0,120.0,COD,Cancelled,,29/01/2026
ORD-20263875,2026-05-25,Ana Del Rosario,Santo Nino,Manila,Metro Manila,NCR,Palmolive Shampoo Sachet,Personal Care,4,6.0,24.0,Maya,Cancelled,,25/05/2026
ORD-20263876,2026-05-02,Pedro Reyes,Poblacion,Tarlac City,Tarlac,Central Luzon,Palmolive Shampoo Sachet,Personal Care,9,6.0,54.0,COD,Delivered,2026-05-12,02/05/2026
ORD-20263877,2026-04-18,Roberto Ocampo,San Isidro,Iloilo City,Iloilo,Western Visayas,Milo Sachet,Beverages,7,9.0,63.0,GCash,Cancelled,,18/04/2026
ORD-20263878,2026-02-24,Fernando Pascual,Malinta,Malolos,Bulacan,Central Luzon,555 Sardines,Noodles & Canned Goods,9,22.0,198.0,GCash,Delivered,2026-03-04,24/02/2026
ORD-20263879,2026-03-27,Maria Santos,Poblacion,Tagum,Davao del Norte,Davao Region,Yellow Pad Paper,School & Office Supplies,20,12.0,240.0,Maya,Pending,,27/03/2026
ORD-20263880,2026-05-12,Eduardo Del Rosario,Bagong Silang,Malolos,Bulacan,Central Luzon,Sta. Maria Crayons,School & Office Supplies,18,40.0,720.0,COD,Delivered,2026-05-21,12/05/2026
ORD-20263881,2026-04-03,Josefina Cruz,Poblacion,Bacolod,Negros Occidental,Western Visayas,Argentina Corned Beef,Noodles & Canned Goods,10,35.0,350.0,Bank Transfer,Cancelled,,03/04/2026
ORD-20263882,2026-03-04,Corazon Ocampo,Malinta,Iloilo City,Iloilo,Western Visayas,Argentina Corned Beef,Noodles & Canned Goods,8,35.0,280.0,Maya,Delivered,2026-03-13,04/03/2026
ORD-20263883,2026-05-26,Eduardo Pascual,Bagong Silang,Tarlac City,Tarlac,Central Luzon,Sterling Notebook,School & Office Supplies,17,18.0,306.0,Cash,Delivered,2026-05-29,26/05/2026
ORD-20263884,2026-06-07,Jose Garcia,San Antonio,Malolos,Bulacan,Central Luzon,Piattos 85g,Snacks,8,32.0,256.0,Maya,Cancelled,,07/06/2026
ORD-20263885,2026-05-26,Ricardo Garcia,Santo Nino,Batangas City,Batangas,CALABARZON,Lucky Me Pancit Canton Noodles,Noodles & Canned Goods,16,14.0,224.0,GCash,Returned,2026-06-03,26/05/2026
ORD-20263886,2026-04-07,Jose Castillo,Del Pilar,Malolos,Bulacan,Central Luzon,Sta. Maria Crayons,School & Office Supplies,9,40.0,360.0,Cash,Delivered,2026-04-16,07/04/2026
ORD-20263887,2026-03-19,Eduardo Pascual,Bagong Silang,Tarlac City,Tarlac,Central Luzon,Boy Bawang 100g,Snacks,9,18.0,162.0,GCash,Delivered,2026-03-25,19/03/2026
ORD-20263888,2026-03-19,Pedro Reyes,Poblacion,Tarlac City,Tarlac,Central Luzon,Joy Dishwashing Liquid 250ml,Household Care,12,38.0,456.0,Cash,Delivered,2026-03-24,19/03/2026
ORD-20263889,2026-04-17,Rosa Del Rosario,Bagumbayan,Pasig,Metro Manila,NCR,Zonrox Bleach 500ml,Household Care,9,32.0,288.0,COD,Delivered,2026-04-23,17/04/2026
ORD-20263890,2026-03-05,Josefina Flores,Bagumbayan,Iloilo City,Iloilo,Western Visayas,Joy Dishwashing Liquid 250ml,Household Care,10,38.0,380.0,Cash,Delivered,2026-03-09,05/03/2026
ORD-20263891,2026-04-16,Rosa Aquino,Bagumbayan,Pasig,Metro Manila,NCR,Milo Sachet,Beverages,15,9.0,135.0,GCash,Returned,2026-04-26,16/04/2026
ORD-20263892,2026-01-23,Manuel Flores,Poblacion,Dasmarinas,Cavite,CALABARZON,ILUV Ballpen,School & Office Supplies,13,10.0,130.0,Cash,Delivered,2026-01-25,23/01/2026
ORD-20263893,2026-02-22,Juan Villanueva,Rizal,Iloilo City,Iloilo,Western Visayas,Joy Dishwashing Liquid 250ml,Household Care,3,38.0,114.0,GCash,Delivered,2026-02-26,22/02/2026
ORD-20263894,2026-06-25,Ana Ramos,Bagumbayan,Tarlac City,Tarlac,Central Luzon,Zonrox Bleach 500ml,Household Care,9,32.0,288.0,Bank Transfer,Cancelled,,25/06/2026
ORD-20263895,2026-02-12,Juan Villanueva,Rizal,Iloilo City,Iloilo,Western Visayas,Joy Dishwashing Liquid 250ml,Household Care,1,38.0,38.0,Bank Transfer,Delivered,2026-02-15,12/02/2026
ORD-20263896,2026-04-23,Juan Villanueva,Rizal,Iloilo City,Iloilo,Western Visayas,Zonrox Bleach 500ml,Household Care,16,32.0,512.0,GCash,Cancelled,,23/04/2026
ORD-20263897,2026-01-29,Luz Garcia,San Isidro,Tagum,Davao del Norte,Davao Region,Lucky Me Beef Sotanghon,Noodles & Canned Goods,12,13.0,156.0,COD,Delivered,2026-02-06,29/01/2026
ORD-20263898,2026-02-20,Ricardo Bautista,Bagong Silang,Tagum,Davao del Norte,Davao Region,Argentina Corned Beef,Noodles & Canned Goods,20,35.0,700.0,COD,Delivered,2026-03-02,20/02/2026
ORD-20263899,2026-04-23,Ricardo Garcia,Santo Nino,Batangas City,Batangas,CALABARZON,SkyFlakes Crackers,Snacks,16,15.0,240.0,Maya,Delivered,2026-04-30,23/04/2026
ORD-20263900,2026-04-06,Elena Cruz,Santo Nino,Angeles City,Pampanga,Central Luzon,SkyFlakes Crackers,Snacks,20,15.0,300.0,COD,Pending,,06/04/2026
ORD-20263901,2026-06-21,Ricardo Ocampo,Bagong Silang,Quezon City,Metro Manila,NCR,Argentina Corned Beef,Noodles & Canned Goods,17,35.0,595.0,GCash,Delivered,2026-06-28,21/06/2026
ORD-20263902,2026-06-03,Eduardo Aquino,Bagong Silang,Tarlac City,Tarlac,Central Luzon,Lucky Me Pancit Canton Noodles,Noodles & Canned Goods,9,14.0,126.0,Bank Transfer,Delivered,2026-06-08,03/06/2026
ORD-20263903,2026-01-30,Ricardo Flores,San Jose,Tagbilaran,Bohol,Central Visayas,C2 Green Tea 500ml,Beverages,16,22.0,352.0,COD,Cancelled,,30/01/2026
ORD-20263904,2026-06-01,Pedro Pascual,San Isidro,Manila,Metro Manila,NCR,Boy Bawang 100g,Snacks,17,18.0,306.0,GCash,Delivered,2026-06-11,01/06/2026
ORD-20263905,2026-06-25,Juan Torres,Poblacion,Pasig,Metro Manila,NCR,CDO Corned Beef,Noodles & Canned Goods,4,33.0,132.0,GCash,Delivered,2026-07-04,25/06/2026
ORD-20263906,2026-04-23,Juan Reyes,Poblacion,Quezon City,Metro Manila,NCR,Lucky Me Pancit Canton Noodles,Noodles & Canned Goods,5,14.0,70.0,GCash,Cancelled,,23/04/2026
ORD-20263907,2026-04-05,Ricardo Flores,San Jose,Tagbilaran,Bohol,Central Visayas,Colgate Toothpaste 75ml,Personal Care,12,45.0,540.0,COD,Delivered,2026-04-06,05/04/2026
ORD-20263908,2026-05-28,Maria Villanueva,Bagong Silang,Malolos,Bulacan,Central Luzon,Colgate Toothpaste 75ml,Personal Care,7,45.0,315.0,Bank Transfer,Pending,,28/05/2026
ORD-20263909,2026-04-05,Fernando Garcia,Bagong Silang,Tagbilaran,Bohol,Central Visayas,Boy Bawang 100g,Snacks,4,18.0,72.0,Cash,Delivered,2026-04-13,05/04/2026
ORD-20263910,2026-05-15,Teresa Pascual,Bagong Silang,Tagum,Davao del Norte,Davao Region,Colgate Toothpaste 75ml,Personal Care,5,45.0,225.0,COD,Delivered,2026-05-20,15/05/2026
ORD-20263911,2026-04-05,Josefina Cruz,Poblacion,Bacolod,Negros Occidental,Western Visayas,Milo Sachet,Beverages,11,9.0,99.0,COD,Pending,,05/04/2026
ORD-20263912,2026-02-03,Fernando Pascual,Bagong Silang,Dasmarinas,Cavite,CALABARZON,Coca-Cola 1.5L,Beverages,2,65.0,130.0,Cash,Delivered,2026-02-10,03/02/2026
ORD-20263913,2026-06-19,Ana Cruz,Poblacion,Quezon City,Metro Manila,NCR,Lucky Me Beef Sotanghon,Noodles & Canned Goods,16,13.0,208.0,COD,Delivered,2026-06-23,19/06/2026
ORD-20263914,2026-03-22,Pedro Ocampo,San Isidro,Manila,Metro Manila,NCR,Joy Dishwashing Liquid 250ml,Household Care,9,38.0,342.0,GCash,Returned,2026-03-29,22/03/2026
ORD-20263915,2026-06-19,Fernando Ocampo,Del Pilar,Tagum,Davao del Norte,Davao Region,Piattos 85g,Snacks,20,32.0,640.0,Cash,Delivered,2026-06-20,19/06/2026
ORD-20263916,2026-04-12,Ana Del Rosario,Santo Nino,Manila,Metro Manila,NCR,Joy Dishwashing Liquid 250ml,Household Care,12,38.0,456.0,GCash,Pending,,12/04/2026
ORD-20263917,2026-03-27,Jose Garcia,San Antonio,Malolos,Bulacan,Central Luzon,Yellow Pad Paper,School & Office Supplies,18,12.0,216.0,COD,Returned,2026-04-01,27/03/2026
ORD-20263918,2026-05-02,Teresa Reyes,Poblacion,Calamba,Laguna,CALABARZON,Yellow Pad Paper,School & Office Supplies,12,12.0,144.0,COD,Cancelled,,02/05/2026
ORD-20263919,2026-06-10,Josefina Torres,Malinta,Tagum,Davao del Norte,Davao Region,Domex Toilet Cleaner,Household Care,20,55.0,1100.0,COD,Delivered,2026-06-16,10/06/2026
ORD-20263920,2026-02-12,Juan Flores,Rizal,Iloilo City,Iloilo,Western Visayas,Safeguard Soap Bar,Personal Care,16,28.0,448.0,GCash,Delivered,2026-02-20,12/02/2026
ORD-20263921,2026-02-10,Carmen Pascual,Poblacion,Bacolod,Negros Occidental,Western Visayas,Argentina Corned Beef,Noodles & Canned Goods,6,35.0,210.0,COD,Delivered,2026-02-15,10/02/2026
ORD-20263922,2026-06-18,Pedro Pascual,San Isidro,Manila,Metro Manila,NCR,Surf Powder Sachet,Household Care,9,8.0,72.0,Cash,Pending,,18/06/2026
ORD-20263923,2026-06-16,Jose Ocampo,Bagumbayan,Mandaue,Cebu,Central Visayas,555 Sardines,Noodles & Canned Goods,18,22.0,396.0,Cash,Delivered,2026-06-22,16/06/2026
ORD-20263924,2026-05-22,Eduardo Pascual,Bagong Silang,Tarlac City,Tarlac,Central Luzon,Lucky Me Beef Sotanghon,Noodles & Canned Goods,10,13.0,130.0,Cash,Delivered,2026-05-27,22/05/2026
ORD-20263925,2026-02-12,Roberto Aquino,San Antonio,Cebu City,Cebu,Central Visayas,Palmolive Shampoo Sachet,Personal Care,8,6.0,48.0,Maya,Delivered,2026-02-15,12/02/2026
ORD-20263926,2026-02-18,Teresa Villanueva,Santo Nino,Malolos,Bulacan,Central Luzon,Piattos 85g,Snacks,17,32.0,544.0,COD,Cancelled,,18/02/2026
ORD-20263927,2026-02-02,Pedro Garcia,Bagong Silang,Manila,Metro Manila,NCR,Colgate Toothpaste 75ml,Personal Care,15,45.0,675.0,GCash,Returned,2026-02-05,02/02/2026
ORD-20263928,2026-06-05,Corazon Ocampo,Malinta,Iloilo City,Iloilo,Western Visayas,Head & Shoulders Sachet,Personal Care,19,7.0,133.0,GCash,Pending,,05/06/2026
ORD-20263929,2026-01-07,Maria Flores,San Isidro,Makati,Metro Manila,NCR,Head & Shoulders Sachet,Personal Care,11,7.0,77.0,Bank Transfer,Delivered,2026-01-13,07/01/2026
ORD-20263930,2026-02-12,Elena Torres,San Jose,Angeles City,Pampanga,Central Luzon,Boy Bawang 100g,Snacks,14,18.0,252.0,Cash,Delivered,2026-02-15,12/02/2026
ORD-20263931,2026-01-30,Ana Villanueva,San Antonio,Tarlac City,Tarlac,Central Luzon,C2 Green Tea 500ml,Beverages,10,22.0,220.0,Cash,Pending,,30/01/2026
ORD-20263932,2026-01-17,Ricardo Aquino,San Isidro,Cebu City,Cebu,Central Visayas,SkyFlakes Crackers,Snacks,14,15.0,210.0,COD,Delivered,2026-01-21,17/01/2026
ORD-20263933,2026-05-30,Corazon Ramos,San Jose,Pasig,Metro Manila,NCR,SkyFlakes Crackers,Snacks,15,15.0,225.0,COD,Delivered,2026-06-08,30/05/2026
ORD-20263934,2026-02-16,Ana Ramos,San Antonio,Malolos,Bulacan,Central Luzon,Nova Multigrain 78g,Snacks,3,30.0,90.0,Maya,Delivered,2026-02-21,16/02/2026
ORD-20263935,2026-06-27,Roberto Torres,Del Pilar,Tarlac City,Tarlac,Central Luzon,Nescafe 3-in-1 Sachet,Beverages,10,8.0,80.0,Maya,Cancelled,,27/06/2026
ORD-20263936,2026-02-09,Antonio Castillo,Rizal,Angeles City,Pampanga,Central Luzon,Colgate Toothpaste 75ml,Personal Care,19,45.0,855.0,Maya,Delivered,2026-02-14,09/02/2026
ORD-20263937,2026-02-27,Ana Cruz,Poblacion,Quezon City,Metro Manila,NCR,Lucky Me Pancit Canton Noodles,Noodles & Canned Goods,17,14.0,238.0,COD,Delivered,2026-03-08,27/02/2026
ORD-20263938,2026-03-17,Ramon Santos,Rizal,Dasmarinas,Cavite,CALABARZON,Nova Multigrain 78g,Snacks,12,30.0,360.0,Maya,Delivered,2026-03-19,17/03/2026
ORD-20263939,2026-03-05,Pedro Aquino,Rizal,Malolos,Bulacan,Central Luzon,Domex Toilet Cleaner,Household Care,10,55.0,550.0,Cash,Delivered,2026-03-09,05/03/2026
ORD-20263940,2026-01-15,Rosa Del Rosario,Bagumbayan,Pasig,Metro Manila,NCR,Palmolive Shampoo Sachet,Personal Care,6,6.0,36.0,Maya,Delivered,2026-01-18,15/01/2026
ORD-20263941,2026-02-05,Pedro Del Rosario,Rizal,Pasig,Metro Manila,NCR,Coca-Cola 1.5L,Beverages,20,65.0,1300.0,GCash,Delivered,2026-02-08,05/02/2026
ORD-20263942,2026-03-13,Ricardo Flores,San Isidro,Iloilo City,Iloilo,Western Visayas,Nescafe 3-in-1 Sachet,Beverages,19,8.0,152.0,GCash,Delivered,2026-03-20,13/03/2026
ORD-20263943,2026-06-20,Cristina Garcia,Del Pilar,Dasmarinas,Cavite,CALABARZON,555 Sardines,Noodles & Canned Goods,15,22.0,330.0,Maya,Delivered,2026-06-23,20/06/2026
ORD-20263944,2026-03-13,Carmen Villanueva,San Antonio,Tarlac City,Tarlac,Central Luzon,Colgate Toothpaste 75ml,Personal Care,15,45.0,675.0,Bank Transfer,Pending,,13/03/2026
ORD-20263945,2026-01-13,Eduardo Mendoza,San Isidro,Tagum,Davao del Norte,Davao Region,Sta. Maria Crayons,School & Office Supplies,13,40.0,520.0,Cash,Delivered,2026-01-21,13/01/2026
ORD-20263946,2026-05-15,Maria Cruz,Del Pilar,Iloilo City,Iloilo,Western Visayas,Colgate Toothpaste 75ml,Personal Care,3,45.0,135.0,Cash,Delivered,2026-05-21,15/05/2026
ORD-20263947,2026-03-22,Fernando Pascual,Malinta,Malolos,Bulacan,Central Luzon,Nescafe 3-in-1 Sachet,Beverages,13,8.0,104.0,COD,Delivered,2026-03-28,22/03/2026
ORD-20263948,2026-05-25,Corazon Villanueva,San Jose,Makati,Metro Manila,NCR,Sterling Notebook,School & Office Supplies,15,18.0,270.0,Bank Transfer,Returned,2026-06-04,25/05/2026
ORD-20263949,2026-06-06,Josefina Pascual,Poblacion,Manila,Metro Manila,NCR,Yellow Pad Paper,School & Office Supplies,4,12.0,48.0,Cash,Delivered,2026-06-15,06/06/2026
ORD-20263950,2026-02-22,Elena Aquino,Malinta,Iloilo City,Iloilo,Western Visayas,Sta. Maria Crayons,School & Office Supplies,4,40.0,160.0,GCash,Cancelled,,22/02/2026
ORD-20263951,2026-04-15,Pedro Torres,San Isidro,Dasmarinas,Cavite,CALABARZON,Joy Dishwashing Liquid 250ml,Household Care,16,38.0,608.0,Cash,Delivered,2026-04-21,15/04/2026
ORD-20263952,2026-02-26,Roberto Santos,Del Pilar,Bacolod,Negros Occidental,Western Visayas,Nissin Cup Noodles,Noodles & Canned Goods,9,20.0,180.0,Maya,Delivered,2026-03-05,26/02/2026
ORD-20263953,2026-06-06,Cristina Torres,San Antonio,Quezon City,Metro Manila,NCR,ILUV Ballpen,School & Office Supplies,2,10.0,20.0,Cash,Cancelled,,06/06/2026
ORD-20263954,2026-06-11,Fernando Villanueva,Bagumbayan,Bacolod,Negros Occidental,Western Visayas,Lucky Me Beef Sotanghon,Noodles & Canned Goods,8,13.0,104.0,Maya,Delivered,2026-06-19,11/06/2026
ORD-20263955,2026-01-20,Pedro Torres,San Jose,Tarlac City,Tarlac,Central Luzon,Sterling Notebook,School & Office Supplies,14,18.0,252.0,Cash,Returned,2026-01-27,20/01/2026
ORD-20263956,2026-03-24,Ricardo Ocampo,San Jose,Pasig,Metro Manila,NCR,Colgate Toothpaste 75ml,Personal Care,5,45.0,225.0,COD,Cancelled,,24/03/2026
ORD-20263957,2026-01-05,Pedro Reyes,Bagumbayan,Tagum,Davao del Norte,Davao Region,Safeguard Soap Bar,Personal Care,5,28.0,140.0,GCash,Cancelled,,05/01/2026
ORD-20263958,2026-04-23,Jose Flores,Bagumbayan,Bacolod,Negros Occidental,Western Visayas,555 Sardines,Noodles & Canned Goods,15,22.0,330.0,Cash,Cancelled,,23/04/2026
ORD-20263959,2026-03-30,Jose Reyes,Bagumbayan,Quezon City,Metro Manila,NCR,Coca-Cola 1.5L,Beverages,3,65.0,195.0,GCash,Delivered,2026-04-01,30/03/2026
ORD-20263960,2026-03-04,Jose Castillo,Malinta,Bacolod,Negros Occidental,Western Visayas,Zonrox Bleach 500ml,Household Care,18,32.0,576.0,GCash,Delivered,2026-03-07,04/03/2026
ORD-20263961,2026-01-11,Antonio Mendoza,San Isidro,Calamba,Laguna,CALABARZON,Zonrox Bleach 500ml,Household Care,5,32.0,160.0,Cash,Delivered,2026-01-12,11/01/2026
ORD-20263962,2026-02-01,Fernando Villanueva,Bagumbayan,Bacolod,Negros Occidental,Western Visayas,SkyFlakes Crackers,Snacks,5,15.0,75.0,GCash,Delivered,2026-02-06,01/02/2026
ORD-20263963,2026-02-07,Antonio Santos,Del Pilar,Iloilo City,Iloilo,Western Visayas,Nescafe 3-in-1 Sachet,Beverages,16,8.0,128.0,Cash,Delivered,2026-02-13,07/02/2026
ORD-20263964,2026-05-14,Ricardo Pascual,Santo Nino,Tarlac City,Tarlac,Central Luzon,Lucky Me Beef Sotanghon,Noodles & Canned Goods,9,13.0,117.0,COD,Pending,,14/05/2026
ORD-20263965,2026-04-04,Juan Torres,Poblacion,Pasig,Metro Manila,NCR,Colgate Toothpaste 75ml,Personal Care,12,45.0,540.0,Cash,Delivered,2026-04-07,04/04/2026
ORD-20263966,2026-02-13,Maria Flores,San Isidro,Makati,Metro Manila,NCR,Sta. Maria Crayons,School & Office Supplies,10,40.0,400.0,Cash,Delivered,2026-02-20,13/02/2026
ORD-20263967,2026-05-07,Manuel Flores,Poblacion,Dasmarinas,Cavite,CALABARZON,Zonrox Bleach 500ml,Household Care,13,32.0,416.0,Cash,Delivered,2026-05-12,07/05/2026
ORD-20263968,2026-06-25,Teresa Pascual,Bagong Silang,Tagum,Davao del Norte,Davao Region,Lucky Me Pancit Canton Noodles,Noodles & Canned Goods,5,14.0,70.0,Maya,Delivered,2026-06-27,25/06/2026
ORD-20263969,2026-02-11,Elena Torres,Malinta,Tarlac City,Tarlac,Central Luzon,Joy Dishwashing Liquid 250ml,Household Care,6,38.0,228.0,Bank Transfer,Delivered,2026-02-13,11/02/2026
ORD-20263970,2026-02-06,Roberto Santos,Del Pilar,Bacolod,Negros Occidental,Western Visayas,Lucky Me Beef Sotanghon,Noodles & Canned Goods,13,13.0,169.0,Cash,Cancelled,,06/02/2026
ORD-20263971,2026-06-30,Maria Villanueva,Bagong Silang,Malolos,Bulacan,Central Luzon,Argentina Corned Beef,Noodles & Canned Goods,18,35.0,630.0,Cash,Pending,,30/06/2026
ORD-20263972,2026-04-02,Fernando Ramos,Santo Nino,Iloilo City,Iloilo,Western Visayas,Argentina Corned Beef,Noodles & Canned Goods,15,35.0,525.0,COD,Delivered,2026-04-06,02/04/2026
ORD-20263973,2026-01-01,Antonio Cruz,Bagumbayan,Mandaue,Cebu,Central Visayas,555 Sardines,Noodles & Canned Goods,7,22.0,154.0,Cash,Cancelled,,01/01/2026
ORD-20263974,2026-01-08,Carmen Flores,Del Pilar,Tarlac City,Tarlac,Central Luzon,Joy Dishwashing Liquid 250ml,Household Care,2,38.0,76.0,GCash,Pending,,08/01/2026
ORD-20263975,2026-05-14,Fernando Mendoza,Santo Nino,Quezon City,Metro Manila,NCR,Milo Sachet,Beverages,16,9.0,144.0,Cash,Delivered,2026-05-22,14/05/2026
ORD-20263976,2026-04-01,Josefina Ocampo,San Antonio,Davao City,Davao del Sur,Davao Region,Boy Bawang 100g,Snacks,14,18.0,252.0,COD,Delivered,2026-04-08,01/04/2026
ORD-20263977,2026-06-18,Teresa Villanueva,San Antonio,Iloilo City,Iloilo,Western Visayas,Sterling Notebook,School & Office Supplies,8,18.0,144.0,COD,Cancelled,,18/06/2026
ORD-20263978,2026-01-11,Fernando Ramos,Santo Nino,Iloilo City,Iloilo,Western Visayas,SkyFlakes Crackers,Snacks,3,15.0,45.0,GCash,Cancelled,,11/01/2026
ORD-20263979,2026-02-05,Pedro Castillo,Santo Nino,Cebu City,Cebu,Central Visayas,Safeguard Soap Bar,Personal Care,12,28.0,336.0,COD,Delivered,2026-02-15,05/02/2026
ORD-20263980,2026-02-11,Jose Torres,San Antonio,Dasmarinas,Cavite,CALABARZON,ILUV Ballpen,School & Office Supplies,13,10.0,130.0,Bank Transfer,Delivered,2026-02-16,11/02/2026
ORD-20263981,2026-01-05,Josefina Mendoza,San Antonio,Angeles City,Pampanga,Central Luzon,Palmolive Shampoo Sachet,Personal Care,1,6.0,6.0,COD,Pending,,05/01/2026
ORD-20263982,2026-05-31,Roberto Flores,Malinta,Dasmarinas,Cavite,CALABARZON,Palmolive Shampoo Sachet,Personal Care,2,6.0,12.0,COD,Delivered,2026-06-09,31/05/2026
ORD-20263983,2026-03-28,Fernando Ocampo,Del Pilar,Tagum,Davao del Norte,Davao Region,Milo Sachet,Beverages,1,9.0,9.0,Cash,Cancelled,,28/03/2026
ORD-20263984,2026-03-09,Jose Del Rosario,Rizal,Tagbilaran,Bohol,Central Visayas,C2 Green Tea 500ml,Beverages,13,22.0,286.0,Bank Transfer,Delivered,2026-03-14,09/03/2026
ORD-20263985,2026-01-25,Roberto Garcia,Rizal,Manila,Metro Manila,NCR,Nissin Cup Noodles,Noodles & Canned Goods,2,20.0,40.0,Cash,Delivered,2026-01-27,25/01/2026
ORD-20263986,2026-03-14,Elena Villanueva,Poblacion,Malolos,Bulacan,Central Luzon,Sterling Notebook,School & Office Supplies,13,18.0,234.0,COD,Delivered,2026-03-18,14/03/2026
ORD-20263987,2026-04-13,Rosa Reyes,Malinta,Iloilo City,Iloilo,Western Visayas,Colgate Toothpaste 75ml,Personal Care,1,45.0,45.0,GCash,Returned,2026-04-23,13/04/2026
ORD-20263988,2026-06-21,Pedro Torres,Bagong Silang,Cebu City,Cebu,Central Visayas,Nova Multigrain 78g,Snacks,1,30.0,30.0,GCash,Delivered,2026-06-30,21/06/2026
ORD-20263989,2026-04-18,Fernando Garcia,Del Pilar,Iloilo City,Iloilo,Western Visayas,Nova Multigrain 78g,Snacks,6,30.0,180.0,Maya,Cancelled,,18/04/2026
ORD-20263990,2026-03-23,Juan Torres,Poblacion,Pasig,Metro Manila,NCR,Surf Powder Sachet,Household Care,2,8.0,16.0,COD,Cancelled,,23/03/2026
ORD-20263991,2026-04-09,Josefina Ramos,San Isidro,Cebu City,Cebu,Central Visayas,Nova Multigrain 78g,Snacks,3,30.0,90.0,COD,Delivered,2026-04-10,09/04/2026
ORD-20263992,2026-06-04,Corazon Ocampo,Malinta,Iloilo City,Iloilo,Western Visayas,CDO Corned Beef,Noodles & Canned Goods,11,33.0,363.0,COD,Delivered,2026-06-12,04/06/2026
ORD-20263993,2026-04-02,Elena Torres,Malinta,Tarlac City,Tarlac,Central Luzon,Zonrox Bleach 500ml,Household Care,11,32.0,352.0,GCash,Delivered,2026-04-08,02/04/2026
ORD-20263994,2026-03-23,Eduardo Mendoza,Bagong Silang,Batangas City,Batangas,CALABARZON,Nova Multigrain 78g,Snacks,10,30.0,300.0,Cash,Delivered,2026-03-28,23/03/2026
ORD-20263995,2026-02-07,Corazon Villanueva,Rizal,Angeles City,Pampanga,Central Luzon,Nescafe 3-in-1 Sachet,Beverages,13,8.0,104.0,COD,Delivered,2026-02-17,07/02/2026
ORD-20263996,2026-06-05,Maria Bautista,San Antonio,Mandaue,Cebu,Central Visayas,Sta. Maria Crayons,School & Office Supplies,8,40.0,320.0,GCash,Delivered,2026-06-15,05/06/2026
ORD-20263997,2026-03-31,Antonio Santos,San Isidro,Bacolod,Negros Occidental,Western Visayas,Argentina Corned Beef,Noodles & Canned Goods,10,35.0,350.0,COD,Delivered,2026-04-05,31/03/2026
ORD-20263998,2026-06-11,Pedro Aquino,Rizal,Malolos,Bulacan,Central Luzon,Nescafe 3-in-1 Sachet,Beverages,15,8.0,120.0,GCash,Returned,2026-06-12,11/06/2026
ORD-20263999,2026-04-23,Corazon Aquino,San Antonio,Tagum,Davao del Norte,Davao Region,Joy Dishwashing Liquid 250ml,Household Care,15,38.0,570.0,Maya,Returned,2026-04-30,23/04/2026
ORD-20264000,2026-06-05,Corazon Ramos,San Jose,Pasig,Metro Manila,NCR,Boy Bawang 100g,Snacks,4,18.0,72.0,COD,Cancelled,,05/06/2026
ORD-20264001,2026-05-16,Pedro Torres,Bagong Silang,Cebu City,Cebu,Central Visayas,C2 Green Tea 500ml,Beverages,12,22.0,264.0,Cash,Delivered,2026-05-22,16/05/2026
ORD-20264002,2026-02-27,Josefina Bautista,Malinta,Calamba,Laguna,CALABARZON,Sta. Maria Crayons,School & Office Supplies,11,40.0,440.0,Cash,Delivered,2026-03-09,27/02/2026
ORD-20264003,2026-01-09,Fernando Ocampo,Del Pilar,Tagum,Davao del Norte,Davao Region,CDO Corned Beef,Noodles & Canned Goods,16,33.0,528.0,GCash,Pending,,09/01/2026
ORD-20264004,2026-03-15,Eduardo Mendoza,San Isidro,Tagum,Davao del Norte,Davao Region,Sterling Notebook,School & Office Supplies,1,18.0,18.0,GCash,Cancelled,,15/03/2026
ORD-20264005,2026-03-20,Eduardo Del Rosario,Santo Nino,Iloilo City,Iloilo,Western Visayas,555 Sardines,Noodles & Canned Goods,4,22.0,88.0,Maya,Delivered,2026-03-30,20/03/2026
ORD-20264006,2026-02-05,Elena Villanueva,Poblacion,Malolos,Bulacan,Central Luzon,Yellow Pad Paper,School & Office Supplies,2,12.0,24.0,Cash,Delivered,2026-02-08,05/02/2026
ORD-20264007,2026-02-16,Maria Castillo,Rizal,Tagum,Davao del Norte,Davao Region,C2 Green Tea 500ml,Beverages,12,22.0,264.0,Maya,Returned,2026-02-21,16/02/2026
ORD-20264008,2026-03-25,Josefina Santos,Bagumbayan,Tagbilaran,Bohol,Central Visayas,Piattos 85g,Snacks,3,32.0,96.0,GCash,Delivered,2026-03-31,25/03/2026
ORD-20264009,2026-06-21,Luz Ocampo,San Antonio,Bacolod,Negros Occidental,Western Visayas,Nescafe 3-in-1 Sachet,Beverages,13,8.0,104.0,COD,Delivered,2026-06-29,21/06/2026
ORD-20264010,2026-06-18,Eduardo Mendoza,Bagong Silang,Batangas City,Batangas,CALABARZON,Surf Powder Sachet,Household Care,2,8.0,16.0,COD,Delivered,2026-06-20,18/06/2026
ORD-20264011,2026-03-18,Eduardo Mendoza,Bagong Silang,Batangas City,Batangas,CALABARZON,Lucky Me Pancit Canton Noodles,Noodles & Canned Goods,9,14.0,126.0,Maya,Delivered,2026-03-27,18/03/2026
ORD-20264012,2026-06-26,Antonio Flores,Del Pilar,Manila,Metro Manila,NCR,555 Sardines,Noodles & Canned Goods,17,22.0,374.0,Bank Transfer,Pending,,26/06/2026
ORD-20264013,2026-06-01,Cristina Ocampo,Rizal,Mandaue,Cebu,Central Visayas,555 Sardines,Noodles & Canned Goods,18,22.0,396.0,Cash,Delivered,2026-06-06,01/06/2026
ORD-20264014,2026-02-15,Teresa Pascual,Bagong Silang,Tagum,Davao del Norte,Davao Region,Safeguard Soap Bar,Personal Care,16,28.0,448.0,GCash,Delivered,2026-02-17,15/02/2026
ORD-20264015,2026-01-29,Corazon Villanueva,San Isidro,Makati,Metro Manila,NCR,Sta. Maria Crayons,School & Office Supplies,2,40.0,80.0,GCash,Delivered,2026-02-04,29/01/2026
ORD-20264016,2026-03-19,Roberto Santos,Del Pilar,Bacolod,Negros Occidental,Western Visayas,CDO Corned Beef,Noodles & Canned Goods,5,33.0,165.0,COD,Delivered,2026-03-26,19/03/2026
ORD-20264017,2026-01-16,Pedro Ocampo,Santo Nino,Cebu City,Cebu,Central Visayas,C2 Green Tea 500ml,Beverages,10,22.0,220.0,COD,Pending,,16/01/2026
ORD-20264018,2026-06-11,Manuel Mendoza,Poblacion,Mandaue,Cebu,Central Visayas,Zonrox Bleach 500ml,Household Care,11,32.0,352.0,Cash,Cancelled,,11/06/2026
ORD-20264019,2026-03-26,Manuel Aquino,Malinta,Bacolod,Negros Occidental,Western Visayas,Head & Shoulders Sachet,Personal Care,19,7.0,133.0,Cash,Delivered,2026-04-02,26/03/2026
ORD-20264020,2026-04-10,Carmen Reyes,San Jose,Tagbilaran,Bohol,Central Visayas,Sterling Notebook,School & Office Supplies,4,18.0,72.0,Cash,Delivered,2026-04-14,10/04/2026
ORD-20264021,2026-01-30,Antonio Cruz,Bagumbayan,Mandaue,Cebu,Central Visayas,Domex Toilet Cleaner,Household Care,8,55.0,440.0,COD,Delivered,2026-02-03,30/01/2026
ORD-20264022,2026-04-13,Roberto Bautista,Del Pilar,Tagum,Davao del Norte,Davao Region,Nova Multigrain 78g,Snacks,16,30.0,480.0,Maya,Delivered,2026-04-23,13/04/2026
ORD-20264023,2026-02-01,Luz Garcia,San Isidro,Tagum,Davao del Norte,Davao Region,CDO Corned Beef,Noodles & Canned Goods,7,33.0,231.0,COD,Delivered,2026-02-09,01/02/2026
ORD-20264024,2026-03-29,Jose Ocampo,Bagumbayan,Mandaue,Cebu,Central Visayas,Head & Shoulders Sachet,Personal Care,12,7.0,84.0,Cash,Delivered,2026-04-07,29/03/2026
ORD-20264025,2026-03-08,Ricardo Flores,San Isidro,Iloilo City,Iloilo,Western Visayas,Lucky Me Beef Sotanghon,Noodles & Canned Goods,11,13.0,143.0,GCash,Pending,,08/03/2026
ORD-20264026,2026-03-25,Eduardo Del Rosario,Bagong Silang,Malolos,Bulacan,Central Luzon,Palmolive Shampoo Sachet,Personal Care,9,6.0,54.0,Cash,Delivered,2026-03-28,25/03/2026
ORD-20264027,2026-02-08,Pedro Santos,Del Pilar,Iloilo City,Iloilo,Western Visayas,Piattos 85g,Snacks,9,32.0,288.0,GCash,Delivered,2026-02-11,08/02/2026
ORD-20264028,2026-04-19,Ricardo Cruz,San Isidro,Calamba,Laguna,CALABARZON,555 Sardines,Noodles & Canned Goods,18,22.0,396.0,Cash,Delivered,2026-04-20,19/04/2026
ORD-20264029,2026-04-13,Jose Reyes,Bagumbayan,Quezon City,Metro Manila,NCR,Yellow Pad Paper,School & Office Supplies,3,12.0,36.0,Cash,Returned,2026-04-22,13/04/2026
ORD-20264030,2026-03-07,Jose Del Rosario,Rizal,Tagbilaran,Bohol,Central Visayas,Joy Dishwashing Liquid 250ml,Household Care,20,38.0,760.0,Cash,Delivered,2026-03-09,07/03/2026
ORD-20264031,2026-06-05,Juan Flores,Rizal,Iloilo City,Iloilo,Western Visayas,Lucky Me Beef Sotanghon,Noodles & Canned Goods,9,13.0,117.0,COD,Delivered,2026-06-13,05/06/2026
ORD-20264032,2026-02-07,Fernando Ramos,Santo Nino,Iloilo City,Iloilo,Western Visayas,Nescafe 3-in-1 Sachet,Beverages,19,8.0,152.0,Cash,Pending,,07/02/2026
ORD-20264033,2026-01-23,Antonio Mendoza,San Isidro,Calamba,Laguna,CALABARZON,Joy Dishwashing Liquid 250ml,Household Care,6,38.0,228.0,COD,Delivered,2026-01-26,23/01/2026
ORD-20264034,2026-04-22,Pedro Torres,San Jose,Tarlac City,Tarlac,Central Luzon,Lucky Me Beef Sotanghon,Noodles & Canned Goods,6,13.0,78.0,COD,Delivered,2026-04-24,22/04/2026
ORD-20264035,2026-01-24,Eduardo Aquino,Bagong Silang,Tarlac City,Tarlac,Central Luzon,555 Sardines,Noodles & Canned Goods,1,22.0,22.0,Cash,Pending,,24/01/2026
ORD-20264036,2026-05-24,Jose Castillo,Malinta,Bacolod,Negros Occidental,Western Visayas,Nova Multigrain 78g,Snacks,4,30.0,120.0,GCash,Delivered,2026-05-25,24/05/2026
ORD-20264037,2026-02-09,Carmen Flores,Del Pilar,Davao City,Davao del Sur,Davao Region,Surf Powder Sachet,Household Care,12,8.0,96.0,GCash,Pending,,09/02/2026
ORD-20264038,2026-03-25,Ramon Mendoza,San Jose,Tagum,Davao del Norte,Davao Region,Safeguard Soap Bar,Personal Care,19,28.0,532.0,GCash,Cancelled,,25/03/2026
ORD-20264039,2026-04-15,Manuel Villanueva,Malinta,Tarlac City,Tarlac,Central Luzon,Sta. Maria Crayons,School & Office Supplies,10,40.0,400.0,GCash,Delivered,2026-04-20,15/04/2026
ORD-20264040,2026-04-23,Jose Torres,San Antonio,Dasmarinas,Cavite,CALABARZON,Zonrox Bleach 500ml,Household Care,5,32.0,160.0,GCash,Delivered,2026-05-02,23/04/2026
ORD-20264041,2026-04-18,Josefina Reyes,Poblacion,Dasmarinas,Cavite,CALABARZON,Boy Bawang 100g,Snacks,13,18.0,234.0,GCash,Delivered,2026-04-21,18/04/2026
ORD-20264042,2026-04-10,Ana Ramos,San Antonio,Malolos,Bulacan,Central Luzon,Palmolive Shampoo Sachet,Personal Care,18,6.0,108.0,Maya,Delivered,2026-04-20,10/04/2026
ORD-20264043,2026-02-19,Josefina Santos,Rizal,Pasig,Metro Manila,NCR,Nescafe 3-in-1 Sachet,Beverages,11,8.0,88.0,Maya,Cancelled,,19/02/2026
ORD-20264044,2026-03-14,Antonio Bautista,Del Pilar,Tarlac City,Tarlac,Central Luzon,Nescafe 3-in-1 Sachet,Beverages,14,8.0,112.0,COD,Pending,,14/03/2026
ORD-20264045,2026-06-10,Eduardo Pascual,Bagong Silang,Tarlac City,Tarlac,Central Luzon,Sta. Maria Crayons,School & Office Supplies,10,40.0,400.0,Maya,Pending,,10/06/2026
ORD-20264046,2026-03-09,Elena Garcia,San Antonio,Mandaue,Cebu,Central Visayas,Coca-Cola 1.5L,Beverages,12,65.0,780.0,COD,Delivered,2026-03-12,09/03/2026
ORD-20264047,2026-06-22,Rosa Cruz,San Isidro,Tarlac City,Tarlac,Central Luzon,SkyFlakes Crackers,Snacks,8,15.0,120.0,GCash,Pending,,22/06/2026
ORD-20264048,2026-06-19,Pedro Santos,Del Pilar,Iloilo City,Iloilo,Western Visayas,SkyFlakes Crackers,Snacks,19,15.0,285.0,COD,Pending,,19/06/2026
ORD-20264049,2026-03-19,Elena Torres,San Jose,Angeles City,Pampanga,Central Luzon,Colgate Toothpaste 75ml,Personal Care,9,45.0,405.0,Cash,Delivered,2026-03-22,19/03/2026
ORD-20264050,2026-03-02,Ana Flores,Poblacion,Tagum,Davao del Norte,Davao Region,Piattos 85g,Snacks,19,32.0,608.0,Cash,Cancelled,,02/03/2026
ORD-20264051,2026-01-10,Ramon Mendoza,San Jose,Tagum,Davao del Norte,Davao Region,Joy Dishwashing Liquid 250ml,Household Care,6,38.0,228.0,Cash,Returned,2026-01-15,10/01/2026
ORD-20264052,2026-03-09,Luz Torres,Rizal,Mandaue,Cebu,Central Visayas,Nova Multigrain 78g,Snacks,15,30.0,450.0,Cash,Delivered,2026-03-14,09/03/2026
ORD-20264053,2026-03-12,Eduardo Garcia,Poblacion,Tarlac City,Tarlac,Central Luzon,Lucky Me Pancit Canton Noodles,Noodles & Canned Goods,14,14.0,196.0,COD,Delivered,2026-03-18,12/03/2026
ORD-20264054,2026-01-21,Teresa Torres,Rizal,Mandaue,Cebu,Central Visayas,Lucky Me Pancit Canton Noodles,Noodles & Canned Goods,7,14.0,98.0,GCash,Returned,2026-01-23,21/01/2026
ORD-20264055,2026-01-23,Teresa Del Rosario,San Jose,Malolos,Bulacan,Central Luzon,Sta. Maria Crayons,School & Office Supplies,6,40.0,240.0,Bank Transfer,Delivered,2026-01-27,23/01/2026
ORD-20264056,2026-04-01,Jose Bautista,Del Pilar,Calamba,Laguna,CALABARZON,Joy Dishwashing Liquid 250ml,Household Care,2,38.0,76.0,Maya,Pending,,01/04/2026
ORD-20264057,2026-04-19,Luz Ocampo,San Antonio,Bacolod,Negros Occidental,Western Visayas,555 Sardines,Noodles & Canned Goods,4,22.0,88.0,Cash,Delivered,2026-04-25,19/04/2026
ORD-20264058,2026-05-16,Rosa Castillo,San Antonio,Angeles City,Pampanga,Central Luzon,Nissin Cup Noodles,Noodles & Canned Goods,7,20.0,140.0,COD,Cancelled,,16/05/2026
ORD-20264059,2026-06-01,Carmen Flores,Del Pilar,Tarlac City,Tarlac,Central Luzon,Sterling Notebook,School & Office Supplies,10,18.0,180.0,Maya,Delivered,2026-06-06,01/06/2026
ORD-20264060,2026-01-22,Roberto Ocampo,San Isidro,Iloilo City,Iloilo,Western Visayas,Argentina Corned Beef,Noodles & Canned Goods,4,35.0,140.0,Cash,Delivered,2026-01-24,22/01/2026
ORD-20264061,2026-05-06,Maria Castillo,San Antonio,Malolos,Bulacan,Central Luzon,C2 Green Tea 500ml,Beverages,5,22.0,110.0,GCash,Delivered,2026-05-13,06/05/2026
ORD-20264062,2026-06-25,Josefina Flores,Bagumbayan,Iloilo City,Iloilo,Western Visayas,Colgate Toothpaste 75ml,Personal Care,8,45.0,360.0,Bank Transfer,Delivered,2026-07-02,25/06/2026
ORD-20264063,2026-03-05,Roberto Ocampo,San Isidro,Iloilo City,Iloilo,Western Visayas,555 Sardines,Noodles & Canned Goods,8,22.0,176.0,COD,Delivered,2026-03-07,05/03/2026
ORD-20264064,2026-04-13,Antonio Santos,Del Pilar,Iloilo City,Iloilo,Western Visayas,C2 Green Tea 500ml,Beverages,8,22.0,176.0,COD,Pending,,13/04/2026
ORD-20264065,2026-02-22,Elena Aquino,Santo Nino,Bacolod,Negros Occidental,Western Visayas,Argentina Corned Beef,Noodles & Canned Goods,18,35.0,630.0,Cash,Cancelled,,22/02/2026
ORD-20264066,2026-05-23,Antonio Santos,Del Pilar,Iloilo City,Iloilo,Western Visayas,Nova Multigrain 78g,Snacks,7,30.0,210.0,COD,Delivered,2026-05-28,23/05/2026
ORD-20264067,2026-06-15,Eduardo Santos,San Isidro,Pasig,Metro Manila,NCR,Argentina Corned Beef,Noodles & Canned Goods,3,35.0,105.0,Cash,Delivered,2026-06-19,15/06/2026
ORD-20264068,2026-06-01,Elena Garcia,San Antonio,Mandaue,Cebu,Central Visayas,Milo Sachet,Beverages,9,9.0,81.0,Cash,Delivered,2026-06-10,01/06/2026
ORD-20264069,2026-01-15,Elena Garcia,San Antonio,Mandaue,Cebu,Central Visayas,555 Sardines,Noodles & Canned Goods,19,22.0,418.0,Maya,Delivered,2026-01-16,15/01/2026
ORD-20264070,2026-04-21,Manuel Villanueva,Malinta,Tarlac City,Tarlac,Central Luzon,Head & Shoulders Sachet,Personal Care,14,7.0,98.0,Bank Transfer,Delivered,2026-04-25,21/04/2026
ORD-20264071,2026-03-28,Juan Bautista,San Jose,Angeles City,Pampanga,Central Luzon,C2 Green Tea 500ml,Beverages,4,22.0,88.0,Cash,Delivered,2026-03-30,28/03/2026
ORD-20264072,2026-01-24,Corazon Villanueva,San Isidro,Makati,Metro Manila,NCR,Domex Toilet Cleaner,Household Care,14,55.0,770.0,Cash,Delivered,2026-02-02,24/01/2026
ORD-20264073,2026-01-17,Ana Cruz,Poblacion,Quezon City,Metro Manila,NCR,Colgate Toothpaste 75ml,Personal Care,12,45.0,540.0,GCash,Delivered,2026-01-18,17/01/2026
ORD-20264074,2026-04-06,Juan Del Rosario,Poblacion,Davao City,Davao del Sur,Davao Region,Zonrox Bleach 500ml,Household Care,7,32.0,224.0,GCash,Delivered,2026-04-08,06/04/2026
ORD-20264075,2026-04-07,Maria Bautista,San Antonio,Mandaue,Cebu,Central Visayas,Lucky Me Beef Sotanghon,Noodles & Canned Goods,14,13.0,182.0,GCash,Cancelled,,07/04/2026
ORD-20264076,2026-03-08,Eduardo Del Rosario,Bagong Silang,Malolos,Bulacan,Central Luzon,Palmolive Shampoo Sachet,Personal Care,20,6.0,120.0,Cash,Cancelled,,08/03/2026
ORD-20264077,2026-03-25,Carmen Flores,Del Pilar,Davao City,Davao del Sur,Davao Region,Coca-Cola 1.5L,Beverages,2,65.0,130.0,Maya,Delivered,2026-03-27,25/03/2026
ORD-20264078,2026-03-18,Fernando Villanueva,Bagumbayan,Bacolod,Negros Occidental,Western Visayas,C2 Green Tea 500ml,Beverages,5,22.0,110.0,GCash,Delivered,2026-03-21,18/03/2026
ORD-20264079,2026-04-28,Fernando Garcia,Bagong Silang,Tagbilaran,Bohol,Central Visayas,Boy Bawang 100g,Snacks,16,18.0,288.0,Cash,Delivered,2026-05-01,28/04/2026
ORD-20264080,2026-06-23,Fernando Pascual,Rizal,Quezon City,Metro Manila,NCR,Lucky Me Beef Sotanghon,Noodles & Canned Goods,11,13.0,143.0,GCash,Delivered,2026-06-30,23/06/2026
ORD-20264081,2026-04-19,Maria Santos,Poblacion,Tagum,Davao del Norte,Davao Region,Head & Shoulders Sachet,Personal Care,13,7.0,91.0,Maya,Delivered,2026-04-25,19/04/2026
ORD-20264082,2026-01-19,Antonio Bautista,Rizal,Davao City,Davao del Sur,Davao Region,Nescafe 3-in-1 Sachet,Beverages,17,8.0,136.0,Cash,Cancelled,,19/01/2026
ORD-20264083,2026-04-05,Jose Del Rosario,Rizal,Tagbilaran,Bohol,Central Visayas,Nova Multigrain 78g,Snacks,11,30.0,330.0,Cash,Delivered,2026-04-10,05/04/2026
ORD-20264084,2026-06-09,Corazon Villanueva,San Jose,Makati,Metro Manila,NCR,Milo Sachet,Beverages,15,9.0,135.0,Cash,Delivered,2026-06-17,09/06/2026
ORD-20264085,2026-03-01,Josefina Mendoza,San Antonio,Angeles City,Pampanga,Central Luzon,SkyFlakes Crackers,Snacks,18,15.0,270.0,Cash,Delivered,2026-03-06,01/03/2026
ORD-20264086,2026-03-14,Jose Santos,San Jose,Cebu City,Cebu,Central Visayas,Lucky Me Beef Sotanghon,Noodles & Canned Goods,4,13.0,52.0,GCash,Delivered,2026-03-24,14/03/2026
ORD-20264087,2026-05-30,Antonio Bautista,Rizal,Davao City,Davao del Sur,Davao Region,Surf Powder Sachet,Household Care,9,8.0,72.0,COD,Delivered,2026-05-31,30/05/2026
ORD-20264088,2026-06-04,Elena Ramos,Malinta,Tarlac City,Tarlac,Central Luzon,Coca-Cola 1.5L,Beverages,13,65.0,845.0,Bank Transfer,Delivered,2026-06-06,04/06/2026
ORD-20264089,2026-04-13,Teresa Pascual,Bagong Silang,Tagum,Davao del Norte,Davao Region,Piattos 85g,Snacks,19,32.0,608.0,COD,Pending,,13/04/2026
ORD-20264090,2026-06-19,Teresa Reyes,Rizal,Iloilo City,Iloilo,Western Visayas,Nissin Cup Noodles,Noodles & Canned Goods,6,20.0,120.0,COD,Pending,,19/06/2026
ORD-20264091,2026-04-09,Manuel Villanueva,Malinta,Tarlac City,Tarlac,Central Luzon,Joy Dishwashing Liquid 250ml,Household Care,14,38.0,532.0,COD,Delivered,2026-04-13,09/04/2026
ORD-20264092,2026-02-02,Jose Reyes,Bagumbayan,Quezon City,Metro Manila,NCR,Surf Powder Sachet,Household Care,3,8.0,24.0,COD,Returned,2026-02-10,02/02/2026
ORD-20264093,2026-03-25,Josefina Santos,San Jose,Bacolod,Negros Occidental,Western Visayas,SkyFlakes Crackers,Snacks,8,15.0,120.0,Cash,Delivered,2026-03-26,25/03/2026
ORD-20264094,2026-03-21,Maria Cruz,Del Pilar,Iloilo City,Iloilo,Western Visayas,Lucky Me Pancit Canton Noodles,Noodles & Canned Goods,7,14.0,98.0,COD,Delivered,2026-03-31,21/03/2026
ORD-20264095,2026-06-14,Manuel Mendoza,Poblacion,Tagbilaran,Bohol,Central Visayas,Zonrox Bleach 500ml,Household Care,15,32.0,480.0,Cash,Delivered,2026-06-16,14/06/2026
ORD-20264096,2026-05-09,Pedro Reyes,Poblacion,Tarlac City,Tarlac,Central Luzon,Colgate Toothpaste 75ml,Personal Care,9,45.0,405.0,COD,Delivered,2026-05-14,09/05/2026
ORD-20264097,2026-01-16,Corazon Reyes,Malinta,Calamba,Laguna,CALABARZON,Safeguard Soap Bar,Personal Care,7,28.0,196.0,GCash,Cancelled,,16/01/2026
ORD-20264098,2026-06-13,Antonio Mendoza,San Isidro,Calamba,Laguna,CALABARZON,Piattos 85g,Snacks,8,32.0,256.0,Cash,Delivered,2026-06-18,13/06/2026
ORD-20264099,2026-01-16,Manuel Santos,Del Pilar,Mandaue,Cebu,Central Visayas,Piattos 85g,Snacks,20,32.0,640.0,Cash,Returned,2026-01-20,16/01/2026
ORD-20264100,2026-01-11,Pedro Reyes,Bagumbayan,Tagum,Davao del Norte,Davao Region,555 Sardines,Noodles & Canned Goods,13,22.0,286.0,COD,Delivered,2026-01-19,11/01/2026
ORD-20264101,2026-06-06,Pedro Garcia,Bagong Silang,Manila,Metro Manila,NCR,SkyFlakes Crackers,Snacks,11,15.0,165.0,COD,Delivered,2026-06-09,06/06/2026
ORD-20264102,2026-05-10,Rosa Pascual,San Isidro,Manila,Metro Manila,NCR,Surf Powder Sachet,Household Care,8,8.0,64.0,COD,Cancelled,,10/05/2026
ORD-20264103,2026-06-12,Elena Villanueva,Poblacion,Malolos,Bulacan,Central Luzon,Yellow Pad Paper,School & Office Supplies,8,12.0,96.0,Maya,Delivered,2026-06-17,12/06/2026
ORD-20264104,2026-03-06,Ana Mendoza,Del Pilar,Tagum,Davao del Norte,Davao Region,Zonrox Bleach 500ml,Household Care,10,32.0,320.0,COD,Delivered,2026-03-16,06/03/2026
ORD-20264105,2026-01-09,Rosa Castillo,San Antonio,Angeles City,Pampanga,Central Luzon,Sterling Notebook,School & Office Supplies,20,18.0,360.0,Maya,Pending,,09/01/2026
ORD-20264106,2026-05-10,Luz Reyes,Poblacion,Dasmarinas,Cavite,CALABARZON,Lucky Me Beef Sotanghon,Noodles & Canned Goods,8,13.0,104.0,COD,Returned,2026-05-12,10/05/2026
ORD-20264107,2026-02-07,Pedro Pascual,San Isidro,Manila,Metro Manila,NCR,ILUV Ballpen,School & Office Supplies,3,10.0,30.0,Cash,Delivered,2026-02-09,07/02/2026
ORD-20264108,2026-05-30,Ana Ramos,San Antonio,Malolos,Bulacan,Central Luzon,Colgate Toothpaste 75ml,Personal Care,9,45.0,405.0,Cash,Delivered,2026-06-01,30/05/2026
ORD-20264109,2026-02-07,Luz Reyes,Poblacion,Dasmarinas,Cavite,CALABARZON,Nova Multigrain 78g,Snacks,8,30.0,240.0,Cash,Delivered,2026-02-12,07/02/2026
ORD-20264110,2026-01-10,Antonio Santos,San Isidro,Bacolod,Negros Occidental,Western Visayas,Sta. Maria Crayons,School & Office Supplies,20,40.0,800.0,GCash,Delivered,2026-01-13,10/01/2026
ORD-20264111,2026-05-22,Fernando Santos,San Antonio,Bacolod,Negros Occidental,Western Visayas,Sta. Maria Crayons,School & Office Supplies,18,40.0,720.0,Maya,Returned,2026-05-28,22/05/2026
ORD-20264112,2026-05-15,Maria Villanueva,Malinta,Calamba,Laguna,CALABARZON,Piattos 85g,Snacks,8,32.0,256.0,COD,Cancelled,,15/05/2026
ORD-20264113,2026-03-09,Roberto Torres,Del Pilar,Tarlac City,Tarlac,Central Luzon,Milo Sachet,Beverages,16,9.0,144.0,COD,Returned,2026-03-11,09/03/2026
ORD-20264114,2026-02-07,Carmen Reyes,San Jose,Tagbilaran,Bohol,Central Visayas,Sterling Notebook,School & Office Supplies,19,18.0,342.0,COD,Cancelled,,07/02/2026
ORD-20264115,2026-06-11,Josefina Castillo,Poblacion,Tagbilaran,Bohol,Central Visayas,CDO Corned Beef,Noodles & Canned Goods,2,33.0,66.0,Maya,Pending,,11/06/2026
ORD-20264116,2026-03-10,Manuel Santos,Del Pilar,Tagum,Davao del Norte,Davao Region,Head & Shoulders Sachet,Personal Care,4,7.0,28.0,Cash,Cancelled,,10/03/2026
ORD-20264117,2026-04-28,Ricardo Ocampo,San Jose,Pasig,Metro Manila,NCR,Boy Bawang 100g,Snacks,3,18.0,54.0,COD,Delivered,2026-05-07,28/04/2026
ORD-20264118,2026-01-01,Teresa Pascual,Bagong Silang,Tagum,Davao del Norte,Davao Region,SkyFlakes Crackers,Snacks,9,15.0,135.0,Maya,Cancelled,,01/01/2026
ORD-20264119,2026-06-13,Teresa Pascual,Bagong Silang,Tagum,Davao del Norte,Davao Region,Zonrox Bleach 500ml,Household Care,13,32.0,416.0,GCash,Returned,2026-06-19,13/06/2026
ORD-20264120,2026-01-18,Ana Mendoza,Del Pilar,Tagum,Davao del Norte,Davao Region,Nova Multigrain 78g,Snacks,19,30.0,570.0,GCash,Delivered,2026-01-23,18/01/2026
ORD-20264121,2026-04-11,Antonio Flores,Bagumbayan,Angeles City,Pampanga,Central Luzon,Domex Toilet Cleaner,Household Care,12,55.0,660.0,Bank Transfer,Delivered,2026-04-16,11/04/2026
ORD-20264122,2026-05-23,Teresa Pascual,Bagong Silang,Tagum,Davao del Norte,Davao Region,Zonrox Bleach 500ml,Household Care,18,32.0,576.0,GCash,Pending,,23/05/2026
ORD-20264123,2026-01-28,Pedro Torres,Bagong Silang,Cebu City,Cebu,Central Visayas,Sta. Maria Crayons,School & Office Supplies,8,40.0,320.0,COD,Pending,,28/01/2026
ORD-20264124,2026-01-14,Josefina Bautista,Malinta,Calamba,Laguna,CALABARZON,555 Sardines,Noodles & Canned Goods,3,22.0,66.0,Cash,Delivered,2026-01-23,14/01/2026
ORD-20264125,2026-01-21,Josefina Cruz,Poblacion,Bacolod,Negros Occidental,Western Visayas,Domex Toilet Cleaner,Household Care,17,55.0,935.0,COD,Delivered,2026-01-31,21/01/2026
ORD-20264126,2026-01-11,Jose Cruz,Santo Nino,Angeles City,Pampanga,Central Luzon,Sterling Notebook,School & Office Supplies,17,18.0,306.0,COD,Returned,2026-01-14,11/01/2026
ORD-20264127,2026-04-20,Ana Flores,Poblacion,Tagum,Davao del Norte,Davao Region,SkyFlakes Crackers,Snacks,17,15.0,255.0,Cash,Delivered,2026-04-28,20/04/2026
ORD-20264128,2026-03-29,Maria Flores,San Isidro,Makati,Metro Manila,NCR,Joy Dishwashing Liquid 250ml,Household Care,8,38.0,304.0,Cash,Returned,2026-04-06,29/03/2026
ORD-20264129,2026-01-22,Pedro Castillo,Santo Nino,Cebu City,Cebu,Central Visayas,Sterling Notebook,School & Office Supplies,10,18.0,180.0,COD,Delivered,2026-01-27,22/01/2026
ORD-20264130,2026-06-05,Ricardo Flores,San Isidro,Iloilo City,Iloilo,Western Visayas,Piattos 85g,Snacks,12,32.0,384.0,Maya,Returned,2026-06-06,05/06/2026
ORD-20264131,2026-04-21,Carmen Flores,Del Pilar,Davao City,Davao del Sur,Davao Region,555 Sardines,Noodles & Canned Goods,18,22.0,396.0,GCash,Delivered,2026-04-25,21/04/2026
ORD-20264132,2026-05-25,Manuel Flores,San Antonio,Angeles City,Pampanga,Central Luzon,Lucky Me Pancit Canton Noodles,Noodles & Canned Goods,20,14.0,280.0,GCash,Delivered,2026-06-03,25/05/2026
ORD-20264133,2026-02-12,Jose Reyes,Bagumbayan,Quezon City,Metro Manila,NCR,Yellow Pad Paper,School & Office Supplies,18,12.0,216.0,Maya,Delivered,2026-02-13,12/02/2026
ORD-20264134,2026-04-26,Manuel Flores,San Antonio,Angeles City,Pampanga,Central Luzon,Coca-Cola 1.5L,Beverages,8,65.0,520.0,COD,Delivered,2026-05-03,26/04/2026
ORD-20264135,2026-06-20,Antonio Castillo,Rizal,Angeles City,Pampanga,Central Luzon,Coca-Cola 1.5L,Beverages,11,65.0,715.0,Bank Transfer,Delivered,2026-06-28,20/06/2026
ORD-20264136,2026-02-14,Ricardo Ocampo,Bagong Silang,Quezon City,Metro Manila,NCR,Sterling Notebook,School & Office Supplies,19,18.0,342.0,COD,Delivered,2026-02-21,14/02/2026
ORD-20264137,2026-02-22,Maria Santos,Bagumbayan,Bacolod,Negros Occidental,Western Visayas,Safeguard Soap Bar,Personal Care,2,28.0,56.0,Maya,Delivered,2026-02-26,22/02/2026
ORD-20264138,2026-03-31,Ricardo Cruz,San Antonio,Manila,Metro Manila,NCR,Lucky Me Pancit Canton Noodles,Noodles & Canned Goods,20,14.0,280.0,Cash,Cancelled,,31/03/2026
ORD-20264139,2026-03-23,Pedro Castillo,Santo Nino,Cebu City,Cebu,Central Visayas,Boy Bawang 100g,Snacks,10,18.0,180.0,Cash,Delivered,2026-03-29,23/03/2026
ORD-20264140,2026-01-03,Roberto Bautista,San Jose,Calamba,Laguna,CALABARZON,Lucky Me Beef Sotanghon,Noodles & Canned Goods,6,13.0,78.0,Cash,Delivered,2026-01-08,03/01/2026
ORD-20264141,2026-02-17,Jose Ocampo,Malinta,Dasmarinas,Cavite,CALABARZON,Nescafe 3-in-1 Sachet,Beverages,14,8.0,112.0,COD,Delivered,2026-02-25,17/02/2026
ORD-20264142,2026-01-19,Antonio Bautista,Rizal,Davao City,Davao del Sur,Davao Region,Colgate Toothpaste 75ml,Personal Care,9,45.0,405.0,Cash,Delivered,2026-01-25,19/01/2026
ORD-20264143,2026-02-11,Manuel Mendoza,Poblacion,Mandaue,Cebu,Central Visayas,Boy Bawang 100g,Snacks,15,18.0,270.0,GCash,Delivered,2026-02-15,11/02/2026
ORD-20264144,2026-02-04,Jose Flores,Bagumbayan,Bacolod,Negros Occidental,Western Visayas,555 Sardines,Noodles & Canned Goods,1,22.0,22.0,COD,Delivered,2026-02-09,04/02/2026
ORD-20264145,2026-04-18,Eduardo Mendoza,San Isidro,Cebu City,Cebu,Central Visayas,Surf Powder Sachet,Household Care,14,8.0,112.0,GCash,Delivered,2026-04-21,18/04/2026
ORD-20264146,2026-06-23,Cristina Castillo,Santo Nino,Mandaue,Cebu,Central Visayas,Milo Sachet,Beverages,18,9.0,162.0,COD,Delivered,2026-07-02,23/06/2026
ORD-20264147,2026-03-23,Jose Castillo,Malinta,Bacolod,Negros Occidental,Western Visayas,ILUV Ballpen,School & Office Supplies,12,10.0,120.0,GCash,Delivered,2026-03-28,23/03/2026
ORD-20264148,2026-01-09,Teresa Reyes,Poblacion,Calamba,Laguna,CALABARZON,Nescafe 3-in-1 Sachet,Beverages,5,8.0,40.0,Cash,Delivered,2026-01-12,09/01/2026
ORD-20264149,2026-06-16,Manuel Aquino,Malinta,Bacolod,Negros Occidental,Western Visayas,Piattos 85g,Snacks,10,32.0,320.0,Maya,Delivered,2026-06-22,16/06/2026
ORD-20264150,2026-01-19,Ricardo Cruz,San Antonio,Manila,Metro Manila,NCR,Piattos 85g,Snacks,5,32.0,160.0,Maya,Pending,,19/01/2026
ORD-20264151,2026-03-25,Josefina Cruz,Poblacion,Bacolod,Negros Occidental,Western Visayas,555 Sardines,Noodles & Canned Goods,19,22.0,418.0,COD,Delivered,2026-04-02,25/03/2026
ORD-20264152,2026-01-04,Cristina Pascual,Rizal,Davao City,Davao del Sur,Davao Region,Nescafe 3-in-1 Sachet,Beverages,2,8.0,16.0,GCash,Delivered,2026-01-09,04/01/2026
ORD-20264153,2026-01-09,Eduardo Mendoza,San Isidro,Tagum,Davao del Norte,Davao Region,Sta. Maria Crayons,School & Office Supplies,18,40.0,720.0,Maya,Cancelled,,09/01/2026
ORD-20264154,2026-02-02,Pedro Castillo,Santo Nino,Cebu City,Cebu,Central Visayas,Lucky Me Beef Sotanghon,Noodles & Canned Goods,20,13.0,260.0,COD,Delivered,2026-02-07,02/02/2026
ORD-20264155,2026-02-19,Manuel Santos,Del Pilar,Mandaue,Cebu,Central Visayas,555 Sardines,Noodles & Canned Goods,8,22.0,176.0,COD,Delivered,2026-02-20,19/02/2026
ORD-20264156,2026-03-21,Eduardo Mendoza,San Isidro,Cebu City,Cebu,Central Visayas,Domex Toilet Cleaner,Household Care,8,55.0,440.0,GCash,Delivered,2026-03-23,21/03/2026
ORD-20264157,2026-02-02,Maria Cruz,Del Pilar,Iloilo City,Iloilo,Western Visayas,Surf Powder Sachet,Household Care,4,8.0,32.0,Cash,Delivered,2026-02-03,02/02/2026
ORD-20264158,2026-05-05,Josefina Bautista,Malinta,Calamba,Laguna,CALABARZON,Joy Dishwashing Liquid 250ml,Household Care,3,38.0,114.0,COD,Delivered,2026-05-15,05/05/2026
ORD-20264159,2026-01-28,Pedro Reyes,Bagumbayan,Tagum,Davao del Norte,Davao Region,555 Sardines,Noodles & Canned Goods,9,22.0,198.0,Cash,Cancelled,,28/01/2026
ORD-20264160,2026-06-24,Roberto Del Rosario,San Isidro,Malolos,Bulacan,Central Luzon,Joy Dishwashing Liquid 250ml,Household Care,6,38.0,228.0,Maya,Delivered,2026-07-01,24/06/2026
ORD-20264161,2026-05-28,Josefina Bautista,Malinta,Calamba,Laguna,CALABARZON,Head & Shoulders Sachet,Personal Care,10,7.0,70.0,Cash,Delivered,2026-05-29,28/05/2026
ORD-20264162,2026-06-27,Fernando Garcia,Bagong Silang,Tagbilaran,Bohol,Central Visayas,Lucky Me Pancit Canton Noodles,Noodles & Canned Goods,15,14.0,210.0,COD,Delivered,2026-07-06,27/06/2026
ORD-20264163,2026-05-16,Elena Villanueva,Poblacion,Malolos,Bulacan,Central Luzon,Palmolive Shampoo Sachet,Personal Care,3,6.0,18.0,COD,Returned,2026-05-19,16/05/2026
ORD-20264164,2026-04-18,Roberto Bautista,Del Pilar,Tagum,Davao del Norte,Davao Region,ILUV Ballpen,School & Office Supplies,9,10.0,90.0,COD,Delivered,2026-04-26,18/04/2026
ORD-20264165,2026-04-22,Antonio Flores,Bagumbayan,Angeles City,Pampanga,Central Luzon,Safeguard Soap Bar,Personal Care,4,28.0,112.0,Cash,Delivered,2026-04-26,22/04/2026
ORD-20264166,2026-06-27,Josefina Cruz,San Antonio,Makati,Metro Manila,NCR,Palmolive Shampoo Sachet,Personal Care,11,6.0,66.0,COD,Delivered,2026-06-29,27/06/2026
ORD-20264167,2026-04-17,Ana Ocampo,Bagumbayan,Mandaue,Cebu,Central Visayas,Zonrox Bleach 500ml,Household Care,2,32.0,64.0,Cash,Delivered,2026-04-19,17/04/2026
ORD-20264168,2026-02-21,Ana Cruz,Poblacion,Quezon City,Metro Manila,NCR,Nescafe 3-in-1 Sachet,Beverages,9,8.0,72.0,Bank Transfer,Delivered,2026-03-03,21/02/2026
ORD-20264169,2026-06-21,Eduardo Garcia,Poblacion,Tarlac City,Tarlac,Central Luzon,Surf Powder Sachet,Household Care,4,8.0,32.0,COD,Delivered,2026-06-22,21/06/2026
ORD-20264170,2026-04-07,Manuel Santos,Del Pilar,Tagum,Davao del Norte,Davao Region,Safeguard Soap Bar,Personal Care,1,28.0,28.0,Cash,Delivered,2026-04-08,07/04/2026
ORD-20264171,2026-05-25,Ricardo Ocampo,Bagong Silang,Quezon City,Metro Manila,NCR,Surf Powder Sachet,Household Care,13,8.0,104.0,Cash,Delivered,2026-05-31,25/05/2026
ORD-20264172,2026-02-19,Carmen Flores,Del Pilar,Tarlac City,Tarlac,Central Luzon,Nissin Cup Noodles,Noodles & Canned Goods,18,20.0,360.0,COD,Pending,,19/02/2026
ORD-20264173,2026-03-22,Cristina Ocampo,Rizal,Mandaue,Cebu,Central Visayas,Nissin Cup Noodles,Noodles & Canned Goods,12,20.0,240.0,GCash,Returned,2026-03-29,22/03/2026
ORD-20264174,2026-02-09,Fernando Garcia,Bagong Silang,Tagbilaran,Bohol,Central Visayas,Argentina Corned Beef,Noodles & Canned Goods,13,35.0,455.0,Cash,Delivered,2026-02-12,09/02/2026
ORD-20264175,2026-02-06,Eduardo Bautista,San Jose,Cebu City,Cebu,Central Visayas,ILUV Ballpen,School & Office Supplies,6,10.0,60.0,COD,Delivered,2026-02-12,06/02/2026
ORD-20264176,2026-06-30,Pedro Ocampo,San Isidro,Manila,Metro Manila,NCR,Milo Sachet,Beverages,8,9.0,72.0,Cash,Delivered,2026-07-04,30/06/2026
ORD-20264177,2026-01-16,Ana Ramos,San Antonio,Malolos,Bulacan,Central Luzon,Yellow Pad Paper,School & Office Supplies,19,12.0,228.0,Cash,Delivered,2026-01-20,16/01/2026
ORD-20264178,2026-01-16,Ricardo Bautista,Bagong Silang,Tagum,Davao del Norte,Davao Region,Lucky Me Beef Sotanghon,Noodles & Canned Goods,5,13.0,65.0,COD,Delivered,2026-01-21,16/01/2026
ORD-20264179,2026-01-19,Eduardo Ocampo,San Antonio,Tagum,Davao del Norte,Davao Region,Argentina Corned Beef,Noodles & Canned Goods,14,35.0,490.0,Cash,Delivered,2026-01-20,19/01/2026
ORD-20264180,2026-01-20,Teresa Castillo,Bagumbayan,Batangas City,Batangas,CALABARZON,Domex Toilet Cleaner,Household Care,18,55.0,990.0,Maya,Delivered,2026-01-26,20/01/2026
ORD-20264181,2026-02-23,Jose Garcia,San Antonio,Malolos,Bulacan,Central Luzon,CDO Corned Beef,Noodles & Canned Goods,4,33.0,132.0,GCash,Pending,,23/02/2026
ORD-20264182,2026-01-21,Josefina Ocampo,San Antonio,Davao City,Davao del Sur,Davao Region,Head & Shoulders Sachet,Personal Care,2,7.0,14.0,Cash,Delivered,2026-01-31,21/01/2026
ORD-20264183,2026-03-03,Elena Torres,Malinta,Tarlac City,Tarlac,Central Luzon,Surf Powder Sachet,Household Care,13,8.0,104.0,Cash,Delivered,2026-03-07,03/03/2026
ORD-20264184,2026-03-19,Teresa Torres,San Antonio,Tagum,Davao del Norte,Davao Region,Nova Multigrain 78g,Snacks,8,30.0,240.0,Cash,Delivered,2026-03-27,19/03/2026
ORD-20264185,2026-01-03,Carmen Reyes,San Jose,Tagbilaran,Bohol,Central Visayas,Safeguard Soap Bar,Personal Care,11,28.0,308.0,COD,Cancelled,,03/01/2026
ORD-20264186,2026-01-01,Josefina Castillo,Poblacion,Tagbilaran,Bohol,Central Visayas,CDO Corned Beef,Noodles & Canned Goods,18,33.0,594.0,GCash,Delivered,2026-01-03,01/01/2026
ORD-20264187,2026-06-09,Pedro Santos,Del Pilar,Iloilo City,Iloilo,Western Visayas,SkyFlakes Crackers,Snacks,13,15.0,195.0,COD,Delivered,2026-06-17,09/06/2026
ORD-20264188,2026-01-03,Ramon Ocampo,Malinta,Davao City,Davao del Sur,Davao Region,Nescafe 3-in-1 Sachet,Beverages,4,8.0,32.0,COD,Cancelled,,03/01/2026
ORD-20264189,2026-05-26,Luz Reyes,Poblacion,Dasmarinas,Cavite,CALABARZON,Argentina Corned Beef,Noodles & Canned Goods,12,35.0,420.0,Maya,Delivered,2026-06-01,26/05/2026
ORD-20264190,2026-02-03,Eduardo Del Rosario,Santo Nino,Iloilo City,Iloilo,Western Visayas,Colgate Toothpaste 75ml,Personal Care,3,45.0,135.0,Cash,Delivered,2026-02-08,03/02/2026
ORD-20264191,2026-02-15,Pedro Aquino,Rizal,Malolos,Bulacan,Central Luzon,Safeguard Soap Bar,Personal Care,15,28.0,420.0,Cash,Pending,,15/02/2026
ORD-20264192,2026-01-12,Pedro Pascual,San Isidro,Manila,Metro Manila,NCR,Palmolive Shampoo Sachet,Personal Care,9,6.0,54.0,Maya,Delivered,2026-01-16,12/01/2026
ORD-20264193,2026-01-02,Josefina Santos,Bagumbayan,Tagbilaran,Bohol,Central Visayas,Head & Shoulders Sachet,Personal Care,10,7.0,70.0,COD,Delivered,2026-01-08,02/01/2026
ORD-20264194,2026-03-25,Ana Ramos,Bagumbayan,Tarlac City,Tarlac,Central Luzon,Nova Multigrain 78g,Snacks,19,30.0,570.0,Cash,Returned,2026-03-31,25/03/2026
ORD-20264195,2026-06-24,Antonio Castillo,Rizal,Angeles City,Pampanga,Central Luzon,Sterling Notebook,School & Office Supplies,3,18.0,54.0,COD,Delivered,2026-06-25,24/06/2026
ORD-20264196,2026-06-16,Corazon Ramos,San Jose,Pasig,Metro Manila,NCR,Safeguard Soap Bar,Personal Care,7,28.0,196.0,COD,Delivered,2026-06-24,16/06/2026
ORD-20264197,2026-06-05,Cristina Ocampo,Rizal,Mandaue,Cebu,Central Visayas,Lucky Me Beef Sotanghon,Noodles & Canned Goods,13,13.0,169.0,COD,Delivered,2026-06-11,05/06/2026
ORD-20264198,2026-02-05,Maria Santos,Bagumbayan,Bacolod,Negros Occidental,Western Visayas,555 Sardines,Noodles & Canned Goods,16,22.0,352.0,Maya,Cancelled,,05/02/2026
ORD-20264199,2026-01-07,Jose Reyes,Rizal,Tagum,Davao del Norte,Davao Region,Argentina Corned Beef,Noodles & Canned Goods,3,35.0,105.0,Cash,Delivered,2026-01-08,07/01/2026
ORD-20264200,2026-06-09,Carmen Villanueva,San Antonio,Tarlac City,Tarlac,Central Luzon,Boy Bawang 100g,Snacks,16,18.0,288.0,Maya,Delivered,2026-06-19,09/06/2026
ORD-20264201,2026-04-22,Juan Villanueva,Rizal,Iloilo City,Iloilo,Western Visayas,C2 Green Tea 500ml,Beverages,20,22.0,440.0,COD,Cancelled,,22/04/2026
ORD-20264202,2026-01-06,Antonio Flores,Bagumbayan,Angeles City,Pampanga,Central Luzon,Boy Bawang 100g,Snacks,8,18.0,144.0,GCash,Delivered,2026-01-15,06/01/2026
ORD-20264203,2026-05-07,Juan Villanueva,Rizal,Iloilo City,Iloilo,Western Visayas,Head & Shoulders Sachet,Personal Care,2,7.0,14.0,Bank Transfer,Pending,,07/05/2026
ORD-20264204,2026-01-22,Carmen Pascual,Poblacion,Bacolod,Negros Occidental,Western Visayas,Sta. Maria Crayons,School & Office Supplies,4,40.0,160.0,Cash,Delivered,2026-02-01,22/01/2026
ORD-20264205,2026-05-01,Jose Castillo,Del Pilar,Malolos,Bulacan,Central Luzon,Nescafe 3-in-1 Sachet,Beverages,11,8.0,88.0,COD,Pending,,01/05/2026
ORD-20264206,2026-02-28,Corazon Ramos,San Jose,Pasig,Metro Manila,NCR,CDO Corned Beef,Noodles & Canned Goods,12,33.0,396.0,GCash,Delivered,2026-03-04,28/02/2026
ORD-20264207,2026-06-24,Teresa Torres,Rizal,Mandaue,Cebu,Central Visayas,Boy Bawang 100g,Snacks,15,18.0,270.0,GCash,Delivered,2026-07-04,24/06/2026
ORD-20264208,2026-04-12,Teresa Villanueva,Santo Nino,Malolos,Bulacan,Central Luzon,SkyFlakes Crackers,Snacks,1,15.0,15.0,COD,Delivered,2026-04-19,12/04/2026
ORD-20264209,2026-05-19,Josefina Santos,Bagumbayan,Tagbilaran,Bohol,Central Visayas,Sta. Maria Crayons,School & Office Supplies,4,40.0,160.0,COD,Delivered,2026-05-21,19/05/2026
ORD-20264210,2026-06-20,Fernando Pascual,Rizal,Quezon City,Metro Manila,NCR,Nissin Cup Noodles,Noodles & Canned Goods,10,20.0,200.0,Cash,Delivered,2026-06-28,20/06/2026
ORD-20264211,2026-06-29,Cristina Garcia,Del Pilar,Dasmarinas,Cavite,CALABARZON,Surf Powder Sachet,Household Care,7,8.0,56.0,COD,Delivered,2026-07-07,29/06/2026
ORD-20264212,2026-01-17,Antonio Mendoza,San Isidro,Calamba,Laguna,CALABARZON,Boy Bawang 100g,Snacks,17,18.0,306.0,GCash,Delivered,2026-01-21,17/01/2026
ORD-20264213,2026-01-26,Elena Cruz,Santo Nino,Angeles City,Pampanga,Central Luzon,Piattos 85g,Snacks,18,32.0,576.0,COD,Delivered,2026-02-01,26/01/2026
ORD-20264214,2026-01-20,Cristina Garcia,Del Pilar,Dasmarinas,Cavite,CALABARZON,Boy Bawang 100g,Snacks,14,18.0,252.0,Cash,Delivered,2026-01-28,20/01/2026
ORD-20264215,2026-03-15,Jose Bautista,Del Pilar,Calamba,Laguna,CALABARZON,Nescafe 3-in-1 Sachet,Beverages,3,8.0,24.0,COD,Delivered,2026-03-21,15/03/2026
ORD-20264216,2026-02-22,Corazon Reyes,Malinta,Calamba,Laguna,CALABARZON,Lucky Me Beef Sotanghon,Noodles & Canned Goods,12,13.0,156.0,Bank Transfer,Returned,2026-03-04,22/02/2026
ORD-20264217,2026-06-28,Fernando Garcia,Del Pilar,Iloilo City,Iloilo,Western Visayas,Joy Dishwashing Liquid 250ml,Household Care,10,38.0,380.0,Bank Transfer,Delivered,2026-07-07,28/06/2026
ORD-20264218,2026-01-27,Carmen Pascual,Poblacion,Bacolod,Negros Occidental,Western Visayas,Safeguard Soap Bar,Personal Care,8,28.0,224.0,Cash,Delivered,2026-02-02,27/01/2026
ORD-20264219,2026-03-30,Luz Ocampo,San Antonio,Bacolod,Negros Occidental,Western Visayas,Joy Dishwashing Liquid 250ml,Household Care,13,38.0,494.0,COD,Cancelled,,30/03/2026
ORD-20264220,2026-06-04,Manuel Ramos,Rizal,Tagbilaran,Bohol,Central Visayas,Safeguard Soap Bar,Personal Care,7,28.0,196.0,Cash,Delivered,2026-06-11,04/06/2026
ORD-20264221,2026-01-17,Antonio Castillo,Rizal,Angeles City,Pampanga,Central Luzon,Domex Toilet Cleaner,Household Care,7,55.0,385.0,COD,Delivered,2026-01-23,17/01/2026
ORD-20264222,2026-06-16,Juan Villanueva,Bagumbayan,Pasig,Metro Manila,NCR,555 Sardines,Noodles & Canned Goods,8,22.0,176.0,GCash,Delivered,2026-06-26,16/06/2026
ORD-20264223,2026-06-05,Corazon Bautista,Bagong Silang,Davao City,Davao del Sur,Davao Region,Nescafe 3-in-1 Sachet,Beverages,3,8.0,24.0,Bank Transfer,Delivered,2026-06-10,05/06/2026
ORD-20264224,2026-02-08,Roberto Del Rosario,San Isidro,Malolos,Bulacan,Central Luzon,Domex Toilet Cleaner,Household Care,1,55.0,55.0,COD,Pending,,08/02/2026
ORD-20264225,2026-05-18,Fernando Ramos,Santo Nino,Iloilo City,Iloilo,Western Visayas,SkyFlakes Crackers,Snacks,8,15.0,120.0,GCash,Returned,2026-05-25,18/05/2026
ORD-20264226,2026-02-07,Roberto Santos,Del Pilar,Bacolod,Negros Occidental,Western Visayas,C2 Green Tea 500ml,Beverages,17,22.0,374.0,COD,Cancelled,,07/02/2026
ORD-20264227,2026-02-17,Carmen Flores,Del Pilar,Davao City,Davao del Sur,Davao Region,CDO Corned Beef,Noodles & Canned Goods,3,33.0,99.0,Cash,Delivered,2026-02-25,17/02/2026
ORD-20264228,2026-03-31,Juan Torres,Poblacion,Pasig,Metro Manila,NCR,Yellow Pad Paper,School & Office Supplies,13,12.0,156.0,Cash,Returned,2026-04-02,31/03/2026
ORD-20264229,2026-05-07,Josefina Santos,San Jose,Bacolod,Negros Occidental,Western Visayas,Nissin Cup Noodles,Noodles & Canned Goods,13,20.0,260.0,GCash,Delivered,2026-05-10,07/05/2026
ORD-20264230,2026-03-03,Josefina Santos,Santo Nino,Tagum,Davao del Norte,Davao Region,Nescafe 3-in-1 Sachet,Beverages,12,8.0,96.0,Bank Transfer,Pending,,03/03/2026
ORD-20264231,2026-06-08,Ana Flores,Poblacion,Tagum,Davao del Norte,Davao Region,Boy Bawang 100g,Snacks,12,18.0,216.0,GCash,Delivered,2026-06-09,08/06/2026
ORD-20264232,2026-02-08,Pedro Garcia,Poblacion,Pasig,Metro Manila,NCR,Surf Powder Sachet,Household Care,18,8.0,144.0,Cash,Delivered,2026-02-14,08/02/2026
ORD-20264233,2026-06-23,Eduardo Del Rosario,Santo Nino,Iloilo City,Iloilo,Western Visayas,Argentina Corned Beef,Noodles & Canned Goods,6,35.0,210.0,Bank Transfer,Delivered,2026-06-30,23/06/2026
ORD-20264234,2026-03-08,Josefina Mendoza,San Antonio,Angeles City,Pampanga,Central Luzon,Lucky Me Pancit Canton Noodles,Noodles & Canned Goods,2,14.0,28.0,COD,Pending,,08/03/2026
ORD-20264235,2026-05-12,Luz Ocampo,San Antonio,Bacolod,Negros Occidental,Western Visayas,Domex Toilet Cleaner,Household Care,3,55.0,165.0,COD,Pending,,12/05/2026
ORD-20264236,2026-02-16,Juan Villanueva,Bagumbayan,Pasig,Metro Manila,NCR,Colgate Toothpaste 75ml,Personal Care,7,45.0,315.0,GCash,Delivered,2026-02-21,16/02/2026
ORD-20264237,2026-02-08,Jose Reyes,Bagumbayan,Quezon City,Metro Manila,NCR,Boy Bawang 100g,Snacks,6,18.0,108.0,COD,Delivered,2026-02-12,08/02/2026
ORD-20264238,2026-04-24,Juan Reyes,Poblacion,Quezon City,Metro Manila,NCR,555 Sardines,Noodles & Canned Goods,9,22.0,198.0,Cash,Pending,,24/04/2026
ORD-20264239,2026-01-15,Cristina Garcia,Del Pilar,Dasmarinas,Cavite,CALABARZON,SkyFlakes Crackers,Snacks,20,15.0,300.0,COD,Delivered,2026-01-19,15/01/2026
ORD-20264240,2026-01-16,Roberto Ocampo,San Isidro,Iloilo City,Iloilo,Western Visayas,Lucky Me Pancit Canton Noodles,Noodles & Canned Goods,1,14.0,14.0,COD,Delivered,2026-01-18,16/01/2026
ORD-20264241,2026-06-27,Elena Torres,Malinta,Tarlac City,Tarlac,Central Luzon,Joy Dishwashing Liquid 250ml,Household Care,11,38.0,418.0,COD,Delivered,2026-07-03,27/06/2026
ORD-20264242,2026-02-04,Elena Villanueva,Poblacion,Malolos,Bulacan,Central Luzon,Domex Toilet Cleaner,Household Care,15,55.0,825.0,Cash,Delivered,2026-02-13,04/02/2026
ORD-20264243,2026-01-30,Cristina Castillo,Santo Nino,Mandaue,Cebu,Central Visayas,SkyFlakes Crackers,Snacks,3,15.0,45.0,Cash,Delivered,2026-02-04,30/01/2026
ORD-20264244,2026-04-26,Pedro Santos,Del Pilar,Iloilo City,Iloilo,Western Visayas,Surf Powder Sachet,Household Care,3,8.0,24.0,COD,Delivered,2026-05-03,26/04/2026
ORD-20264245,2026-06-19,Rosa Reyes,Malinta,Iloilo City,Iloilo,Western Visayas,Sta. Maria Crayons,School & Office Supplies,20,40.0,800.0,GCash,Pending,,19/06/2026
ORD-20264246,2026-01-30,Ramon Mendoza,San Jose,Tagum,Davao del Norte,Davao Region,Nescafe 3-in-1 Sachet,Beverages,19,8.0,152.0,COD,Cancelled,,30/01/2026
ORD-20264247,2026-02-18,Ana Ramos,San Antonio,Malolos,Bulacan,Central Luzon,Domex Toilet Cleaner,Household Care,20,55.0,1100.0,Maya,Delivered,2026-02-24,18/02/2026
ORD-20264248,2026-05-26,Manuel Santos,Del Pilar,Mandaue,Cebu,Central Visayas,Milo Sachet,Beverages,6,9.0,54.0,Cash,Delivered,2026-05-28,26/05/2026
ORD-20264249,2026-03-31,Jose Torres,San Antonio,Dasmarinas,Cavite,CALABARZON,Nova Multigrain 78g,Snacks,17,30.0,510.0,COD,Returned,2026-04-03,31/03/2026
ORD-20264250,2026-01-07,Luz Reyes,Poblacion,Dasmarinas,Cavite,CALABARZON,Sterling Notebook,School & Office Supplies,10,18.0,180.0,Bank Transfer,Delivered,2026-01-12,07/01/2026
ORD-20264251,2026-03-22,Elena Aquino,Santo Nino,Bacolod,Negros Occidental,Western Visayas,Lucky Me Beef Sotanghon,Noodles & Canned Goods,6,13.0,78.0,GCash,Delivered,2026-03-24,22/03/2026
ORD-20264252,2026-06-21,Roberto Aquino,San Antonio,Cebu City,Cebu,Central Visayas,SkyFlakes Crackers,Snacks,3,15.0,45.0,GCash,Cancelled,,21/06/2026
ORD-20264253,2026-05-16,Eduardo Mendoza,San Isidro,Cebu City,Cebu,Central Visayas,Sterling Notebook,School & Office Supplies,6,18.0,108.0,GCash,Delivered,2026-05-17,16/05/2026
ORD-20264254,2026-02-14,Manuel Villanueva,Bagumbayan,Tagbilaran,Bohol,Central Visayas,Coca-Cola 1.5L,Beverages,1,65.0,65.0,GCash,Delivered,2026-02-22,14/02/2026
ORD-20264255,2026-05-13,Ramon Santos,Rizal,Dasmarinas,Cavite,CALABARZON,C2 Green Tea 500ml,Beverages,8,22.0,176.0,Cash,Delivered,2026-05-18,13/05/2026
ORD-20264256,2026-03-14,Ramon Mendoza,San Jose,Tagum,Davao del Norte,Davao Region,Argentina Corned Beef,Noodles & Canned Goods,6,35.0,210.0,Maya,Delivered,2026-03-16,14/03/2026
ORD-20264257,2026-02-18,Ana Mendoza,Del Pilar,Tagum,Davao del Norte,Davao Region,Yellow Pad Paper,School & Office Supplies,17,12.0,204.0,Maya,Pending,,18/02/2026
ORD-20264258,2026-05-19,Josefina Pascual,San Jose,Tarlac City,Tarlac,Central Luzon,Coca-Cola 1.5L,Beverages,5,65.0,325.0,Bank Transfer,Delivered,2026-05-27,19/05/2026
ORD-20264259,2026-04-02,Ana Del Rosario,Santo Nino,Manila,Metro Manila,NCR,Sterling Notebook,School & Office Supplies,10,18.0,180.0,COD,Cancelled,,02/04/2026
ORD-20264260,2026-05-31,Antonio Castillo,Rizal,Angeles City,Pampanga,Central Luzon,Argentina Corned Beef,Noodles & Canned Goods,14,35.0,490.0,Maya,Cancelled,,31/05/2026
ORD-20264261,2026-03-24,Ricardo Aquino,San Isidro,Cebu City,Cebu,Central Visayas,Sta. Maria Crayons,School & Office Supplies,6,40.0,240.0,COD,Delivered,2026-03-30,24/03/2026
ORD-20264262,2026-02-20,Eduardo Garcia,Poblacion,Tarlac City,Tarlac,Central Luzon,CDO Corned Beef,Noodles & Canned Goods,4,33.0,132.0,Cash,Pending,,20/02/2026
ORD-20264263,2026-05-16,Pedro Torres,Bagong Silang,Cebu City,Cebu,Central Visayas,Head & Shoulders Sachet,Personal Care,18,7.0,126.0,GCash,Returned,2026-05-24,16/05/2026
ORD-20264264,2026-06-21,Luz Reyes,Poblacion,Dasmarinas,Cavite,CALABARZON,Yellow Pad Paper,School & Office Supplies,14,12.0,168.0,Cash,Pending,,21/06/2026
ORD-20264265,2026-03-09,Eduardo Bautista,San Jose,Cebu City,Cebu,Central Visayas,Safeguard Soap Bar,Personal Care,4,28.0,112.0,COD,Delivered,2026-03-12,09/03/2026
ORD-20264266,2026-05-29,Ana Ramos,Bagumbayan,Tarlac City,Tarlac,Central Luzon,Coca-Cola 1.5L,Beverages,9,65.0,585.0,GCash,Delivered,2026-06-07,29/05/2026
ORD-20264267,2026-04-09,Antonio Cruz,Bagumbayan,Mandaue,Cebu,Central Visayas,Safeguard Soap Bar,Personal Care,1,28.0,28.0,Cash,Delivered,2026-04-11,09/04/2026
ORD-20264268,2026-02-08,Jose Torres,San Antonio,Dasmarinas,Cavite,CALABARZON,Nescafe 3-in-1 Sachet,Beverages,6,8.0,48.0,GCash,Delivered,2026-02-15,08/02/2026
ORD-20264269,2026-06-21,Antonio Mendoza,San Isidro,Calamba,Laguna,CALABARZON,Boy Bawang 100g,Snacks,11,18.0,198.0,Maya,Delivered,2026-06-25,21/06/2026
ORD-20264270,2026-01-06,Fernando Santos,San Antonio,Bacolod,Negros Occidental,Western Visayas,Sterling Notebook,School & Office Supplies,14,18.0,252.0,COD,Delivered,2026-01-12,06/01/2026
ORD-20264271,2026-03-06,Corazon Aquino,San Antonio,Tagum,Davao del Norte,Davao Region,Boy Bawang 100g,Snacks,6,18.0,108.0,COD,Returned,2026-03-08,06/03/2026
ORD-20264272,2026-02-22,Pedro Aquino,Rizal,Malolos,Bulacan,Central Luzon,Nescafe 3-in-1 Sachet,Beverages,14,8.0,112.0,COD,Delivered,2026-03-01,22/02/2026
ORD-20264273,2026-06-24,Antonio Flores,Del Pilar,Manila,Metro Manila,NCR,Nissin Cup Noodles,Noodles & Canned Goods,13,20.0,260.0,Maya,Delivered,2026-07-04,24/06/2026
ORD-20264274,2026-02-16,Roberto Bautista,San Jose,Calamba,Laguna,CALABARZON,Zonrox Bleach 500ml,Household Care,17,32.0,544.0,Maya,Delivered,2026-02-17,16/02/2026
ORD-20264275,2026-04-02,Manuel Santos,Del Pilar,Tagum,Davao del Norte,Davao Region,Lucky Me Pancit Canton Noodles,Noodles & Canned Goods,11,14.0,154.0,COD,Returned,2026-04-03,02/04/2026
ORD-20264276,2026-04-27,Ana Villanueva,San Antonio,Tarlac City,Tarlac,Central Luzon,555 Sardines,Noodles & Canned Goods,8,22.0,176.0,Cash,Delivered,2026-05-02,27/04/2026
ORD-20264277,2026-03-16,Rosa Pascual,San Isidro,Manila,Metro Manila,NCR,555 Sardines,Noodles & Canned Goods,1,22.0,22.0,Maya,Delivered,2026-03-25,16/03/2026
ORD-20264278,2026-06-10,Ana Cruz,Santo Nino,Manila,Metro Manila,NCR,Nova Multigrain 78g,Snacks,5,30.0,150.0,COD,Delivered,2026-06-12,10/06/2026
ORD-20264279,2026-06-01,Eduardo Mendoza,San Isidro,Tagum,Davao del Norte,Davao Region,Sterling Notebook,School & Office Supplies,2,18.0,36.0,COD,Delivered,2026-06-05,01/06/2026
ORD-20264280,2026-02-22,Maria Flores,San Isidro,Makati,Metro Manila,NCR,Piattos 85g,Snacks,10,32.0,320.0,Cash,Delivered,2026-03-02,22/02/2026
ORD-20264281,2026-05-09,Pedro Santos,Del Pilar,Iloilo City,Iloilo,Western Visayas,Sta. Maria Crayons,School & Office Supplies,19,40.0,760.0,COD,Delivered,2026-05-15,09/05/2026
ORD-20264282,2026-02-16,Josefina Santos,Bagumbayan,Tagbilaran,Bohol,Central Visayas,Yellow Pad Paper,School & Office Supplies,13,12.0,156.0,Cash,Delivered,2026-02-19,16/02/2026
ORD-20264283,2026-03-26,Eduardo Ocampo,San Antonio,Tagum,Davao del Norte,Davao Region,Sterling Notebook,School & Office Supplies,7,18.0,126.0,COD,Delivered,2026-04-02,26/03/2026
ORD-20264284,2026-06-11,Juan Villanueva,Rizal,Iloilo City,Iloilo,Western Visayas,Nissin Cup Noodles,Noodles & Canned Goods,13,20.0,260.0,Maya,Delivered,2026-06-14,11/06/2026
ORD-20264285,2026-06-12,Eduardo Aquino,Bagong Silang,Tarlac City,Tarlac,Central Luzon,Domex Toilet Cleaner,Household Care,1,55.0,55.0,Cash,Delivered,2026-06-15,12/06/2026
ORD-20264286,2026-06-01,Ricardo Flores,San Jose,Tagbilaran,Bohol,Central Visayas,Sterling Notebook,School & Office Supplies,9,18.0,162.0,COD,Returned,2026-06-07,01/06/2026
ORD-20264287,2026-05-29,Ricardo Ocampo,San Jose,Pasig,Metro Manila,NCR,Milo Sachet,Beverages,8,9.0,72.0,Bank Transfer,Cancelled,,29/05/2026
ORD-20264288,2026-03-16,Ana Ocampo,Bagumbayan,Mandaue,Cebu,Central Visayas,Palmolive Shampoo Sachet,Personal Care,7,6.0,42.0,Cash,Delivered,2026-03-24,16/03/2026
ORD-20264289,2026-04-21,Eduardo Mendoza,San Isidro,Tagum,Davao del Norte,Davao Region,Joy Dishwashing Liquid 250ml,Household Care,1,38.0,38.0,Maya,Delivered,2026-04-27,21/04/2026
ORD-20264290,2026-03-01,Manuel Villanueva,Bagumbayan,Tagbilaran,Bohol,Central Visayas,Nescafe 3-in-1 Sachet,Beverages,7,8.0,56.0,Cash,Delivered,2026-03-05,01/03/2026
ORD-20264291,2026-01-15,Manuel Aquino,Malinta,Bacolod,Negros Occidental,Western Visayas,Nova Multigrain 78g,Snacks,13,30.0,390.0,Cash,Delivered,2026-01-25,15/01/2026
ORD-20264292,2026-05-11,Juan Villanueva,Rizal,Iloilo City,Iloilo,Western Visayas,Coca-Cola 1.5L,Beverages,20,65.0,1300.0,GCash,Pending,,11/05/2026
ORD-20264293,2026-01-18,Manuel Mendoza,Poblacion,Mandaue,Cebu,Central Visayas,Surf Powder Sachet,Household Care,11,8.0,88.0,Cash,Delivered,2026-01-27,18/01/2026
ORD-20264294,2026-02-01,Fernando Villanueva,Bagumbayan,Bacolod,Negros Occidental,Western Visayas,Coca-Cola 1.5L,Beverages,18,65.0,1170.0,Cash,Pending,,01/02/2026
ORD-20264295,2026-04-01,Fernando Pascual,Bagong Silang,Dasmarinas,Cavite,CALABARZON,Nissin Cup Noodles,Noodles & Canned Goods,2,20.0,40.0,GCash,Returned,2026-04-09,01/04/2026
ORD-20264296,2026-05-17,Eduardo Mendoza,San Isidro,Tagum,Davao del Norte,Davao Region,Palmolive Shampoo Sachet,Personal Care,8,6.0,48.0,GCash,Delivered,2026-05-26,17/05/2026
ORD-20264297,2026-05-30,Ana Del Rosario,Santo Nino,Manila,Metro Manila,NCR,Piattos 85g,Snacks,4,32.0,128.0,GCash,Pending,,30/05/2026
ORD-20264298,2026-06-30,Ana Torres,San Antonio,Pasig,Metro Manila,NCR,Colgate Toothpaste 75ml,Personal Care,7,45.0,315.0,COD,Cancelled,,30/06/2026
ORD-20264299,2026-05-01,Jose Ocampo,Bagumbayan,Mandaue,Cebu,Central Visayas,Coca-Cola 1.5L,Beverages,19,65.0,1235.0,COD,Delivered,2026-05-04,01/05/2026
ORD-20264300,2026-03-17,Ramon Mendoza,San Jose,Tagum,Davao del Norte,Davao Region,Sta. Maria Crayons,School & Office Supplies,13,40.0,520.0,GCash,Delivered,2026-03-25,17/03/2026
ORD-20264301,2026-04-11,Ramon Ocampo,Malinta,Davao City,Davao del Sur,Davao Region,Milo Sachet,Beverages,10,9.0,90.0,GCash,Cancelled,,11/04/2026
ORD-20264302,2026-05-25,Roberto Bautista,Del Pilar,Tagum,Davao del Norte,Davao Region,ILUV Ballpen,School & Office Supplies,6,10.0,60.0,Maya,Delivered,2026-05-31,25/05/2026
ORD-20264303,2026-04-22,Eduardo Mendoza,San Isidro,Tagum,Davao del Norte,Davao Region,Zonrox Bleach 500ml,Household Care,10,32.0,320.0,COD,Delivered,2026-04-28,22/04/2026
ORD-20264304,2026-03-14,Ricardo Aquino,San Isidro,Cebu City,Cebu,Central Visayas,Palmolive Shampoo Sachet,Personal Care,14,6.0,84.0,GCash,Cancelled,,14/03/2026
ORD-20264305,2026-06-22,Ana Villanueva,San Antonio,Tarlac City,Tarlac,Central Luzon,555 Sardines,Noodles & Canned Goods,20,22.0,440.0,COD,Delivered,2026-06-30,22/06/2026
ORD-20264306,2026-04-19,Juan Villanueva,Rizal,Iloilo City,Iloilo,Western Visayas,Surf Powder Sachet,Household Care,16,8.0,128.0,Maya,Delivered,2026-04-20,19/04/2026
ORD-20264307,2026-06-12,Corazon Bautista,Bagumbayan,Bacolod,Negros Occidental,Western Visayas,Nescafe 3-in-1 Sachet,Beverages,13,8.0,104.0,COD,Delivered,2026-06-20,12/06/2026
ORD-20264308,2026-02-03,Josefina Pascual,Poblacion,Manila,Metro Manila,NCR,Nova Multigrain 78g,Snacks,8,30.0,240.0,Bank Transfer,Delivered,2026-02-04,03/02/2026
ORD-20264309,2026-05-04,Fernando Pascual,Rizal,Quezon City,Metro Manila,NCR,Colgate Toothpaste 75ml,Personal Care,8,45.0,360.0,COD,Delivered,2026-05-11,04/05/2026
ORD-20264310,2026-06-03,Josefina Torres,Malinta,Tagum,Davao del Norte,Davao Region,Coca-Cola 1.5L,Beverages,13,65.0,845.0,COD,Returned,2026-06-12,03/06/2026
ORD-20264311,2026-06-18,Pedro Garcia,Poblacion,Pasig,Metro Manila,NCR,Yellow Pad Paper,School & Office Supplies,3,12.0,36.0,COD,Delivered,2026-06-21,18/06/2026
ORD-20264312,2026-03-13,Antonio Cruz,Bagumbayan,Mandaue,Cebu,Central Visayas,Nescafe 3-in-1 Sachet,Beverages,8,8.0,64.0,COD,Delivered,2026-03-17,13/03/2026
ORD-20264313,2026-06-30,Josefina Santos,San Jose,Bacolod,Negros Occidental,Western Visayas,Surf Powder Sachet,Household Care,16,8.0,128.0,GCash,Returned,2026-07-09,30/06/2026
ORD-20264314,2026-04-07,Fernando Ocampo,Del Pilar,Tagum,Davao del Norte,Davao Region,ILUV Ballpen,School & Office Supplies,5,10.0,50.0,COD,Pending,,07/04/2026
ORD-20264315,2026-01-28,Juan Reyes,Poblacion,Quezon City,Metro Manila,NCR,Colgate Toothpaste 75ml,Personal Care,19,45.0,855.0,Maya,Returned,2026-01-30,28/01/2026
ORD-20264316,2026-06-13,Corazon Villanueva,San Isidro,Makati,Metro Manila,NCR,CDO Corned Beef,Noodles & Canned Goods,14,33.0,462.0,GCash,Cancelled,,13/06/2026
ORD-20264317,2026-05-21,Teresa Mendoza,San Isidro,Cebu City,Cebu,Central Visayas,Nissin Cup Noodles,Noodles & Canned Goods,18,20.0,360.0,Maya,Delivered,2026-05-29,21/05/2026
ORD-20264318,2026-05-02,Pedro Santos,Del Pilar,Iloilo City,Iloilo,Western Visayas,Zonrox Bleach 500ml,Household Care,15,32.0,480.0,GCash,Delivered,2026-05-03,02/05/2026
ORD-20264319,2026-06-05,Roberto Bautista,Del Pilar,Tagum,Davao del Norte,Davao Region,Sta. Maria Crayons,School & Office Supplies,7,40.0,280.0,GCash,Delivered,2026-06-11,05/06/2026
ORD-20264320,2026-04-12,Manuel Villanueva,Bagumbayan,Tagbilaran,Bohol,Central Visayas,Domex Toilet Cleaner,Household Care,9,55.0,495.0,GCash,Delivered,2026-04-13,12/04/2026
ORD-20264321,2026-03-03,Ramon Ocampo,Malinta,Davao City,Davao del Sur,Davao Region,Lucky Me Beef Sotanghon,Noodles & Canned Goods,17,13.0,221.0,Bank Transfer,Delivered,2026-03-05,03/03/2026
ORD-20264322,2026-03-12,Jose Reyes,Bagumbayan,Quezon City,Metro Manila,NCR,Argentina Corned Beef,Noodles & Canned Goods,3,35.0,105.0,COD,Delivered,2026-03-19,12/03/2026
ORD-20264323,2026-05-13,Pedro Reyes,Poblacion,Tarlac City,Tarlac,Central Luzon,CDO Corned Beef,Noodles & Canned Goods,19,33.0,627.0,GCash,Delivered,2026-05-14,13/05/2026
ORD-20264324,2026-05-10,Corazon Bautista,Bagong Silang,Davao City,Davao del Sur,Davao Region,Head & Shoulders Sachet,Personal Care,11,7.0,77.0,Cash,Delivered,2026-05-16,10/05/2026
ORD-20264325,2026-03-29,Carmen Flores,Del Pilar,Tarlac City,Tarlac,Central Luzon,Piattos 85g,Snacks,11,32.0,352.0,Maya,Delivered,2026-04-02,29/03/2026
ORD-20264326,2026-01-11,Juan Reyes,Poblacion,Quezon City,Metro Manila,NCR,SkyFlakes Crackers,Snacks,6,15.0,90.0,COD,Delivered,2026-01-19,11/01/2026
ORD-20264327,2026-05-08,Juan Torres,Poblacion,Pasig,Metro Manila,NCR,Palmolive Shampoo Sachet,Personal Care,20,6.0,120.0,COD,Delivered,2026-05-14,08/05/2026
ORD-20264328,2026-06-19,Pedro Torres,San Jose,Tarlac City,Tarlac,Central Luzon,SkyFlakes Crackers,Snacks,1,15.0,15.0,Cash,Pending,,19/06/2026
ORD-20264329,2026-06-22,Maria Castillo,San Antonio,Malolos,Bulacan,Central Luzon,Lucky Me Pancit Canton Noodles,Noodles & Canned Goods,9,14.0,126.0,COD,Pending,,22/06/2026
ORD-20264330,2026-05-08,Antonio Cruz,Bagumbayan,Mandaue,Cebu,Central Visayas,Sta. Maria Crayons,School & Office Supplies,12,40.0,480.0,COD,Delivered,2026-05-17,08/05/2026
ORD-20264331,2026-03-11,Jose Ocampo,Bagumbayan,Mandaue,Cebu,Central Visayas,Coca-Cola 1.5L,Beverages,1,65.0,65.0,GCash,Delivered,2026-03-18,11/03/2026
ORD-20264332,2026-06-18,Roberto Santos,Del Pilar,Bacolod,Negros Occidental,Western Visayas,CDO Corned Beef,Noodles & Canned Goods,7,33.0,231.0,COD,Delivered,2026-06-26,18/06/2026
ORD-20264333,2026-01-02,Pedro Torres,San Isidro,Dasmarinas,Cavite,CALABARZON,Yellow Pad Paper,School & Office Supplies,15,12.0,180.0,COD,Delivered,2026-01-11,02/01/2026
ORD-20264334,2026-04-11,Eduardo Bautista,San Jose,Cebu City,Cebu,Central Visayas,Piattos 85g,Snacks,1,32.0,32.0,Cash,Delivered,2026-04-16,11/04/2026
ORD-20264335,2026-04-07,Pedro Torres,San Isidro,Dasmarinas,Cavite,CALABARZON,Nissin Cup Noodles,Noodles & Canned Goods,16,20.0,320.0,GCash,Returned,2026-04-12,07/04/2026
ORD-20264336,2026-05-31,Antonio Castillo,Rizal,Angeles City,Pampanga,Central Luzon,Head & Shoulders Sachet,Personal Care,6,7.0,42.0,GCash,Delivered,2026-06-04,31/05/2026
ORD-20264337,2026-05-06,Teresa Mendoza,San Isidro,Cebu City,Cebu,Central Visayas,ILUV Ballpen,School & Office Supplies,17,10.0,170.0,COD,Delivered,2026-05-13,06/05/2026
ORD-20264338,2026-05-23,Luz Torres,Rizal,Mandaue,Cebu,Central Visayas,Surf Powder Sachet,Household Care,18,8.0,144.0,Cash,Cancelled,,23/05/2026
ORD-20264339,2026-04-21,Juan Torres,Poblacion,Pasig,Metro Manila,NCR,Nissin Cup Noodles,Noodles & Canned Goods,13,20.0,260.0,Cash,Delivered,2026-04-27,21/04/2026
ORD-20264340,2026-02-20,Luz Reyes,San Jose,Tarlac City,Tarlac,Central Luzon,Surf Powder Sachet,Household Care,2,8.0,16.0,GCash,Delivered,2026-02-22,20/02/2026
ORD-20264341,2026-03-06,Carmen Villanueva,San Antonio,Tarlac City,Tarlac,Central Luzon,Joy Dishwashing Liquid 250ml,Household Care,12,38.0,456.0,Maya,Delivered,2026-03-11,06/03/2026
ORD-20264342,2026-06-30,Eduardo Bautista,San Jose,Cebu City,Cebu,Central Visayas,ILUV Ballpen,School & Office Supplies,2,10.0,20.0,COD,Delivered,2026-07-02,30/06/2026
ORD-20264343,2026-06-16,Maria Flores,San Isidro,Makati,Metro Manila,NCR,Argentina Corned Beef,Noodles & Canned Goods,18,35.0,630.0,Cash,Delivered,2026-06-21,16/06/2026
ORD-20264344,2026-03-14,Teresa Castillo,Bagumbayan,Batangas City,Batangas,CALABARZON,555 Sardines,Noodles & Canned Goods,4,22.0,88.0,COD,Delivered,2026-03-16,14/03/2026
ORD-20264345,2026-06-14,Roberto Bautista,San Jose,Calamba,Laguna,CALABARZON,Palmolive Shampoo Sachet,Personal Care,4,6.0,24.0,Maya,Returned,2026-06-24,14/06/2026
ORD-20264346,2026-05-10,Maria Mendoza,Del Pilar,Manila,Metro Manila,NCR,Nissin Cup Noodles,Noodles & Canned Goods,20,20.0,400.0,Cash,Delivered,2026-05-18,10/05/2026
ORD-20264347,2026-02-12,Jose Ocampo,Bagumbayan,Mandaue,Cebu,Central Visayas,Joy Dishwashing Liquid 250ml,Household Care,12,38.0,456.0,Bank Transfer,Delivered,2026-02-15,12/02/2026
ORD-20264348,2026-04-09,Pedro Del Rosario,Rizal,Pasig,Metro Manila,NCR,Lucky Me Beef Sotanghon,Noodles & Canned Goods,14,13.0,182.0,Bank Transfer,Delivered,2026-04-19,09/04/2026
ORD-20264349,2026-06-05,Eduardo Aquino,Bagong Silang,Tarlac City,Tarlac,Central Luzon,Piattos 85g,Snacks,17,32.0,544.0,COD,Cancelled,,05/06/2026
ORD-20264350,2026-01-21,Manuel Santos,Del Pilar,Tagum,Davao del Norte,Davao Region,C2 Green Tea 500ml,Beverages,8,22.0,176.0,Maya,Delivered,2026-01-27,21/01/2026
ORD-20264351,2026-01-15,Manuel Aquino,Malinta,Bacolod,Negros Occidental,Western Visayas,Boy Bawang 100g,Snacks,19,18.0,342.0,GCash,Cancelled,,15/01/2026
ORD-20264352,2026-04-28,Luz Reyes,Poblacion,Dasmarinas,Cavite,CALABARZON,CDO Corned Beef,Noodles & Canned Goods,1,33.0,33.0,Cash,Returned,2026-05-04,28/04/2026
ORD-20264353,2026-04-24,Ana Cruz,Poblacion,Quezon City,Metro Manila,NCR,555 Sardines,Noodles & Canned Goods,3,22.0,66.0,Cash,Pending,,24/04/2026
ORD-20264354,2026-06-29,Jose Reyes,Bagumbayan,Quezon City,Metro Manila,NCR,Domex Toilet Cleaner,Household Care,2,55.0,110.0,GCash,Delivered,2026-07-04,29/06/2026
ORD-20264355,2026-06-11,Ricardo Cruz,San Isidro,Calamba,Laguna,CALABARZON,Domex Toilet Cleaner,Household Care,11,55.0,605.0,GCash,Pending,,11/06/2026
ORD-20264356,2026-01-21,Pedro Del Rosario,Rizal,Pasig,Metro Manila,NCR,Lucky Me Beef Sotanghon,Noodles & Canned Goods,19,13.0,247.0,Cash,Pending,,21/01/2026
ORD-20264357,2026-04-20,Antonio Flores,Del Pilar,Manila,Metro Manila,NCR,Coca-Cola 1.5L,Beverages,7,65.0,455.0,Maya,Delivered,2026-04-28,20/04/2026
ORD-20264358,2026-06-28,Juan Ramos,Bagumbayan,Manila,Metro Manila,NCR,SkyFlakes Crackers,Snacks,3,15.0,45.0,Maya,Delivered,2026-07-07,28/06/2026
ORD-20264359,2026-03-31,Eduardo Mendoza,San Isidro,Tagum,Davao del Norte,Davao Region,Colgate Toothpaste 75ml,Personal Care,4,45.0,180.0,GCash,Delivered,2026-04-05,31/03/2026
ORD-20264360,2026-03-09,Corazon Bautista,Bagong Silang,Davao City,Davao del Sur,Davao Region,Safeguard Soap Bar,Personal Care,13,28.0,364.0,Maya,Pending,,09/03/2026
ORD-20264361,2026-06-25,Ricardo Cruz,San Isidro,Calamba,Laguna,CALABARZON,Palmolive Shampoo Sachet,Personal Care,20,6.0,120.0,Maya,Cancelled,,25/06/2026
ORD-20264362,2026-06-27,Maria Villanueva,Bagong Silang,Malolos,Bulacan,Central Luzon,Surf Powder Sachet,Household Care,5,8.0,40.0,COD,Delivered,2026-06-29,27/06/2026
ORD-20264363,2026-02-19,Corazon Ocampo,Malinta,Iloilo City,Iloilo,Western Visayas,Head & Shoulders Sachet,Personal Care,7,7.0,49.0,Bank Transfer,Pending,,19/02/2026
ORD-20264364,2026-05-08,Manuel Flores,San Antonio,Angeles City,Pampanga,Central Luzon,Zonrox Bleach 500ml,Household Care,1,32.0,32.0,Cash,Delivered,2026-05-16,08/05/2026
ORD-20264365,2026-06-24,Josefina Santos,Santo Nino,Tagum,Davao del Norte,Davao Region,Sta. Maria Crayons,School & Office Supplies,10,40.0,400.0,Maya,Delivered,2026-06-28,24/06/2026
ORD-20264366,2026-03-05,Luz Aquino,Bagong Silang,Tarlac City,Tarlac,Central Luzon,Nova Multigrain 78g,Snacks,3,30.0,90.0,GCash,Delivered,2026-03-15,05/03/2026
ORD-20264367,2026-06-10,Josefina Santos,Bagumbayan,Tagbilaran,Bohol,Central Visayas,Argentina Corned Beef,Noodles & Canned Goods,13,35.0,455.0,COD,Delivered,2026-06-14,10/06/2026
ORD-20264368,2026-06-12,Cristina Torres,San Antonio,Quezon City,Metro Manila,NCR,Yellow Pad Paper,School & Office Supplies,20,12.0,240.0,COD,Delivered,2026-06-19,12/06/2026
ORD-20264369,2026-04-17,Roberto Del Rosario,San Isidro,Malolos,Bulacan,Central Luzon,Colgate Toothpaste 75ml,Personal Care,4,45.0,180.0,COD,Delivered,2026-04-20,17/04/2026
ORD-20264370,2026-03-12,Jose Ocampo,Malinta,Dasmarinas,Cavite,CALABARZON,C2 Green Tea 500ml,Beverages,9,22.0,198.0,Maya,Delivered,2026-03-21,12/03/2026
ORD-20264371,2026-06-19,Corazon Bautista,Bagong Silang,Davao City,Davao del Sur,Davao Region,Lucky Me Pancit Canton Noodles,Noodles & Canned Goods,6,14.0,84.0,GCash,Delivered,2026-06-21,19/06/2026
ORD-20264372,2026-02-12,Maria Santos,Bagumbayan,Bacolod,Negros Occidental,Western Visayas,C2 Green Tea 500ml,Beverages,11,22.0,242.0,COD,Delivered,2026-02-14,12/02/2026
ORD-20264373,2026-06-21,Juan Villanueva,Rizal,Iloilo City,Iloilo,Western Visayas,Nissin Cup Noodles,Noodles & Canned Goods,20,20.0,400.0,COD,Cancelled,,21/06/2026
ORD-20264374,2026-02-10,Manuel Villanueva,Malinta,Tarlac City,Tarlac,Central Luzon,Coca-Cola 1.5L,Beverages,10,65.0,650.0,COD,Delivered,2026-02-13,10/02/2026
ORD-20264375,2026-06-22,Pedro Cruz,Santo Nino,Manila,Metro Manila,NCR,Yellow Pad Paper,School & Office Supplies,19,12.0,228.0,Cash,Delivered,2026-06-30,22/06/2026
ORD-20264376,2026-04-09,Teresa Santos,Del Pilar,Davao City,Davao del Sur,Davao Region,Boy Bawang 100g,Snacks,3,18.0,54.0,GCash,Cancelled,,09/04/2026
ORD-20264377,2026-05-01,Teresa Santos,Del Pilar,Davao City,Davao del Sur,Davao Region,Head & Shoulders Sachet,Personal Care,6,7.0,42.0,Maya,Delivered,2026-05-10,01/05/2026
ORD-20264378,2026-04-24,Juan Reyes,Poblacion,Quezon City,Metro Manila,NCR,Nissin Cup Noodles,Noodles & Canned Goods,16,20.0,320.0,COD,Delivered,2026-04-29,24/04/2026
ORD-20264379,2026-06-12,Corazon Torres,Bagumbayan,Cebu City,Cebu,Central Visayas,ILUV Ballpen,School & Office Supplies,8,10.0,80.0,GCash,Returned,2026-06-14,12/06/2026
ORD-20264380,2026-03-25,Manuel Ramos,Rizal,Tagbilaran,Bohol,Central Visayas,SkyFlakes Crackers,Snacks,4,15.0,60.0,Cash,Cancelled,,25/03/2026
ORD-20264381,2026-04-12,Manuel Santos,Del Pilar,Mandaue,Cebu,Central Visayas,Surf Powder Sachet,Household Care,7,8.0,56.0,Cash,Delivered,2026-04-17,12/04/2026
ORD-20264382,2026-02-28,Pedro Del Rosario,Rizal,Pasig,Metro Manila,NCR,Surf Powder Sachet,Household Care,18,8.0,144.0,GCash,Delivered,2026-03-09,28/02/2026
ORD-20264383,2026-06-06,Manuel Flores,San Antonio,Angeles City,Pampanga,Central Luzon,Boy Bawang 100g,Snacks,8,18.0,144.0,Cash,Delivered,2026-06-13,06/06/2026
ORD-20264384,2026-06-30,Ana Cruz,Poblacion,Quezon City,Metro Manila,NCR,Piattos 85g,Snacks,4,32.0,128.0,GCash,Delivered,2026-07-02,30/06/2026
ORD-20264385,2026-02-08,Luz Cruz,San Antonio,Makati,Metro Manila,NCR,C2 Green Tea 500ml,Beverages,20,22.0,440.0,Cash,Delivered,2026-02-18,08/02/2026
ORD-20264386,2026-01-05,Manuel Santos,Del Pilar,Tagum,Davao del Norte,Davao Region,Domex Toilet Cleaner,Household Care,8,55.0,440.0,GCash,Cancelled,,05/01/2026
ORD-20264387,2026-06-26,Pedro Pascual,San Isidro,Manila,Metro Manila,NCR,SkyFlakes Crackers,Snacks,17,15.0,255.0,Cash,Delivered,2026-06-28,26/06/2026
ORD-20264388,2026-06-13,Antonio Bautista,Rizal,Davao City,Davao del Sur,Davao Region,Milo Sachet,Beverages,9,9.0,81.0,GCash,Cancelled,,13/06/2026
ORD-20264389,2026-02-16,Manuel Flores,San Antonio,Angeles City,Pampanga,Central Luzon,Joy Dishwashing Liquid 250ml,Household Care,18,38.0,684.0,GCash,Pending,,16/02/2026
ORD-20264390,2026-05-21,Ricardo Bautista,Bagong Silang,Tagum,Davao del Norte,Davao Region,Palmolive Shampoo Sachet,Personal Care,15,6.0,90.0,COD,Delivered,2026-05-31,21/05/2026
ORD-20264391,2026-04-17,Antonio Flores,Bagumbayan,Angeles City,Pampanga,Central Luzon,Sta. Maria Crayons,School & Office Supplies,8,40.0,320.0,COD,Delivered,2026-04-18,17/04/2026
ORD-20264392,2026-06-21,Pedro Reyes,Bagumbayan,Tagum,Davao del Norte,Davao Region,Nissin Cup Noodles,Noodles & Canned Goods,4,20.0,80.0,Maya,Delivered,2026-07-01,21/06/2026
ORD-20264393,2026-04-01,Ricardo Ocampo,San Jose,Pasig,Metro Manila,NCR,ILUV Ballpen,School & Office Supplies,2,10.0,20.0,COD,Delivered,2026-04-05,01/04/2026
ORD-20264394,2026-02-25,Corazon Bautista,Bagumbayan,Bacolod,Negros Occidental,Western Visayas,Zonrox Bleach 500ml,Household Care,9,32.0,288.0,GCash,Delivered,2026-02-26,25/02/2026
ORD-20264395,2026-02-11,Josefina Santos,Rizal,Pasig,Metro Manila,NCR,Palmolive Shampoo Sachet,Personal Care,5,6.0,30.0,GCash,Returned,2026-02-13,11/02/2026
ORD-20264396,2026-05-27,Rosa Reyes,Malinta,Iloilo City,Iloilo,Western Visayas,Argentina Corned Beef,Noodles & Canned Goods,20,35.0,700.0,Bank Transfer,Delivered,2026-05-28,27/05/2026
ORD-20264397,2026-02-19,Ricardo Cruz,San Isidro,Calamba,Laguna,CALABARZON,Head & Shoulders Sachet,Personal Care,2,7.0,14.0,GCash,Delivered,2026-02-27,19/02/2026
ORD-20264398,2026-03-12,Corazon Villanueva,Rizal,Angeles City,Pampanga,Central Luzon,Palmolive Shampoo Sachet,Personal Care,12,6.0,72.0,Cash,Delivered,2026-03-13,12/03/2026
ORD-20264399,2026-03-08,Pedro Reyes,Poblacion,Tarlac City,Tarlac,Central Luzon,Lucky Me Beef Sotanghon,Noodles & Canned Goods,16,13.0,208.0,Cash,Delivered,2026-03-11,08/03/2026
ORD-20264400,2026-04-19,Elena Cruz,Santo Nino,Angeles City,Pampanga,Central Luzon,555 Sardines,Noodles & Canned Goods,5,22.0,110.0,COD,Delivered,2026-04-26,19/04/2026
ORD-20264401,2026-06-27,Josefina Santos,Santo Nino,Tagum,Davao del Norte,Davao Region,Yellow Pad Paper,School & Office Supplies,15,12.0,180.0,COD,Delivered,2026-07-06,27/06/2026
ORD-20264402,2026-01-31,Pedro Santos,Del Pilar,Iloilo City,Iloilo,Western Visayas,Piattos 85g,Snacks,16,32.0,512.0,Cash,Pending,,31/01/2026
ORD-20264403,2026-01-25,Rosa Aquino,Bagumbayan,Pasig,Metro Manila,NCR,Palmolive Shampoo Sachet,Personal Care,3,6.0,18.0,Cash,Delivered,2026-02-02,25/01/2026
ORD-20264404,2026-05-03,Josefina Ramos,San Isidro,Cebu City,Cebu,Central Visayas,Lucky Me Pancit Canton Noodles,Noodles & Canned Goods,14,14.0,196.0,COD,Delivered,2026-05-11,03/05/2026
ORD-20264405,2026-05-16,Josefina Ocampo,San Antonio,Davao City,Davao del Sur,Davao Region,Domex Toilet Cleaner,Household Care,20,55.0,1100.0,Cash,Cancelled,,16/05/2026
ORD-20264406,2026-04-26,Elena Garcia,San Antonio,Mandaue,Cebu,Central Visayas,Head & Shoulders Sachet,Personal Care,15,7.0,105.0,Cash,Cancelled,,26/04/2026
ORD-20264407,2026-03-02,Pedro Cruz,San Antonio,Cebu City,Cebu,Central Visayas,Nissin Cup Noodles,Noodles & Canned Goods,20,20.0,400.0,GCash,Delivered,2026-03-10,02/03/2026
ORD-20264408,2026-03-19,Eduardo Del Rosario,Bagong Silang,Malolos,Bulacan,Central Luzon,Joy Dishwashing Liquid 250ml,Household Care,11,38.0,418.0,COD,Cancelled,,19/03/2026
ORD-20264409,2026-01-01,Ana Ramos,Bagumbayan,Tarlac City,Tarlac,Central Luzon,C2 Green Tea 500ml,Beverages,17,22.0,374.0,Maya,Pending,,01/01/2026
ORD-20264410,2026-05-30,Carmen Reyes,San Jose,Tagbilaran,Bohol,Central Visayas,Nissin Cup Noodles,Noodles & Canned Goods,12,20.0,240.0,Cash,Delivered,2026-06-04,30/05/2026
ORD-20264411,2026-02-28,Jose Castillo,Del Pilar,Malolos,Bulacan,Central Luzon,Nova Multigrain 78g,Snacks,1,30.0,30.0,Bank Transfer,Delivered,2026-03-09,28/02/2026
ORD-20264412,2026-04-26,Pedro Torres,Bagong Silang,Cebu City,Cebu,Central Visayas,Boy Bawang 100g,Snacks,2,18.0,36.0,Cash,Pending,,26/04/2026
ORD-20264413,2026-06-22,Juan Reyes,Poblacion,Quezon City,Metro Manila,NCR,Head & Shoulders Sachet,Personal Care,5,7.0,35.0,Cash,Delivered,2026-06-27,22/06/2026
ORD-20264414,2026-02-01,Antonio Bautista,Del Pilar,Tarlac City,Tarlac,Central Luzon,555 Sardines,Noodles & Canned Goods,20,22.0,440.0,GCash,Returned,2026-02-08,01/02/2026
ORD-20264415,2026-03-02,Pedro Castillo,Santo Nino,Cebu City,Cebu,Central Visayas,Boy Bawang 100g,Snacks,9,18.0,162.0,COD,Returned,2026-03-07,02/03/2026
ORD-20264416,2026-01-24,Pedro Reyes,Bagumbayan,Tagum,Davao del Norte,Davao Region,Argentina Corned Beef,Noodles & Canned Goods,17,35.0,595.0,Cash,Pending,,24/01/2026
ORD-20264417,2026-03-30,Maria Cruz,Del Pilar,Iloilo City,Iloilo,Western Visayas,ILUV Ballpen,School & Office Supplies,11,10.0,110.0,Maya,Delivered,2026-04-02,30/03/2026
ORD-20264418,2026-01-30,Corazon Ramos,San Jose,Pasig,Metro Manila,NCR,555 Sardines,Noodles & Canned Goods,11,22.0,242.0,COD,Delivered,2026-02-09,30/01/2026
ORD-20264419,2026-06-01,Pedro Aquino,Rizal,Malolos,Bulacan,Central Luzon,Lucky Me Beef Sotanghon,Noodles & Canned Goods,16,13.0,208.0,Cash,Pending,,01/06/2026
ORD-20264420,2026-06-12,Antonio Castillo,Rizal,Angeles City,Pampanga,Central Luzon,Argentina Corned Beef,Noodles & Canned Goods,1,35.0,35.0,Cash,Cancelled,,12/06/2026
ORD-20264421,2026-04-28,Ramon Mendoza,San Jose,Tagum,Davao del Norte,Davao Region,Colgate Toothpaste 75ml,Personal Care,6,45.0,270.0,GCash,Delivered,2026-05-06,28/04/2026
ORD-20264422,2026-06-12,Ricardo Cruz,San Antonio,Manila,Metro Manila,NCR,Colgate Toothpaste 75ml,Personal Care,8,45.0,360.0,Maya,Delivered,2026-06-19,12/06/2026
ORD-20264423,2026-05-22,Josefina Santos,Rizal,Pasig,Metro Manila,NCR,Safeguard Soap Bar,Personal Care,8,28.0,224.0,GCash,Delivered,2026-05-28,22/05/2026
ORD-20264424,2026-03-07,Teresa Castillo,Bagumbayan,Batangas City,Batangas,CALABARZON,Domex Toilet Cleaner,Household Care,13,55.0,715.0,Maya,Returned,2026-03-16,07/03/2026
ORD-20264425,2026-03-29,Maria Cruz,Santo Nino,Tagbilaran,Bohol,Central Visayas,SkyFlakes Crackers,Snacks,10,15.0,150.0,Cash,Delivered,2026-04-05,29/03/2026
ORD-20264426,2026-05-09,Jose Reyes,Rizal,Tagum,Davao del Norte,Davao Region,SkyFlakes Crackers,Snacks,11,15.0,165.0,COD,Pending,,09/05/2026
ORD-20264427,2026-01-25,Jose Castillo,Malinta,Bacolod,Negros Occidental,Western Visayas,Sta. Maria Crayons,School & Office Supplies,5,40.0,200.0,Cash,Delivered,2026-01-31,25/01/2026
ORD-20264428,2026-02-25,Elena Aquino,Malinta,Iloilo City,Iloilo,Western Visayas,ILUV Ballpen,School & Office Supplies,14,10.0,140.0,GCash,Delivered,2026-02-27,25/02/2026
ORD-20264429,2026-01-28,Ana Torres,San Antonio,Pasig,Metro Manila,NCR,Palmolive Shampoo Sachet,Personal Care,18,6.0,108.0,COD,Delivered,2026-02-06,28/01/2026
ORD-20264430,2026-03-02,Luz Cruz,San Antonio,Makati,Metro Manila,NCR,Boy Bawang 100g,Snacks,6,18.0,108.0,Cash,Pending,,02/03/2026
ORD-20264431,2026-02-17,Roberto Flores,Malinta,Dasmarinas,Cavite,CALABARZON,Palmolive Shampoo Sachet,Personal Care,20,6.0,120.0,COD,Delivered,2026-02-26,17/02/2026
ORD-20264432,2026-04-24,Manuel Santos,Del Pilar,Tagum,Davao del Norte,Davao Region,Nissin Cup Noodles,Noodles & Canned Goods,19,20.0,380.0,COD,Delivered,2026-05-02,24/04/2026
ORD-20264433,2026-02-19,Manuel Mendoza,Poblacion,Mandaue,Cebu,Central Visayas,C2 Green Tea 500ml,Beverages,17,22.0,374.0,Cash,Returned,2026-02-24,19/02/2026
ORD-20264434,2026-02-14,Fernando Villanueva,Bagumbayan,Bacolod,Negros Occidental,Western Visayas,Sta. Maria Crayons,School & Office Supplies,10,40.0,400.0,Cash,Delivered,2026-02-22,14/02/2026
ORD-20264435,2026-04-30,Pedro Torres,San Isidro,Dasmarinas,Cavite,CALABARZON,Joy Dishwashing Liquid 250ml,Household Care,2,38.0,76.0,Cash,Delivered,2026-05-10,30/04/2026
ORD-20264436,2026-06-25,Eduardo Mendoza,Bagong Silang,Batangas City,Batangas,CALABARZON,Domex Toilet Cleaner,Household Care,17,55.0,935.0,GCash,Delivered,2026-06-27,25/06/2026
ORD-20264437,2026-05-02,Jose Santos,San Jose,Cebu City,Cebu,Central Visayas,Nescafe 3-in-1 Sachet,Beverages,18,8.0,144.0,COD,Delivered,2026-05-08,02/05/2026
ORD-20264438,2026-01-24,Eduardo Mendoza,San Isidro,Cebu City,Cebu,Central Visayas,Boy Bawang 100g,Snacks,7,18.0,126.0,Maya,Cancelled,,24/01/2026
ORD-20264439,2026-02-01,Ricardo Bautista,Del Pilar,Manila,Metro Manila,NCR,Head & Shoulders Sachet,Personal Care,15,7.0,105.0,GCash,Delivered,2026-02-04,01/02/2026
ORD-20264440,2026-01-28,Maria Cruz,Santo Nino,Tagbilaran,Bohol,Central Visayas,Nissin Cup Noodles,Noodles & Canned Goods,19,20.0,380.0,COD,Delivered,2026-02-06,28/01/2026
ORD-20264441,2026-02-11,Josefina Reyes,Poblacion,Dasmarinas,Cavite,CALABARZON,Lucky Me Pancit Canton Noodles,Noodles & Canned Goods,7,14.0,98.0,Cash,Delivered,2026-02-14,11/02/2026
ORD-20264442,2026-01-12,Roberto Ocampo,San Isidro,Iloilo City,Iloilo,Western Visayas,Boy Bawang 100g,Snacks,11,18.0,198.0,COD,Delivered,2026-01-16,12/01/2026
ORD-20264443,2026-06-23,Jose Torres,San Antonio,Dasmarinas,Cavite,CALABARZON,Nova Multigrain 78g,Snacks,13,30.0,390.0,COD,Cancelled,,23/06/2026
ORD-20264444,2026-03-23,Manuel Ramos,Rizal,Tagbilaran,Bohol,Central Visayas,Surf Powder Sachet,Household Care,13,8.0,104.0,GCash,Cancelled,,23/03/2026
ORD-20264445,2026-04-07,Rosa Reyes,Malinta,Iloilo City,Iloilo,Western Visayas,CDO Corned Beef,Noodles & Canned Goods,8,33.0,264.0,COD,Delivered,2026-04-15,07/04/2026
ORD-20264446,2026-05-28,Antonio Flores,Del Pilar,Manila,Metro Manila,NCR,Colgate Toothpaste 75ml,Personal Care,4,45.0,180.0,Cash,Returned,2026-05-31,28/05/2026
ORD-20264447,2026-01-11,Pedro Santos,Del Pilar,Iloilo City,Iloilo,Western Visayas,Sterling Notebook,School & Office Supplies,10,18.0,180.0,Cash,Delivered,2026-01-14,11/01/2026
ORD-20264448,2026-01-05,Juan Torres,Poblacion,Pasig,Metro Manila,NCR,Joy Dishwashing Liquid 250ml,Household Care,18,38.0,684.0,GCash,Pending,,05/01/2026
ORD-20264449,2026-04-04,Pedro Garcia,Poblacion,Pasig,Metro Manila,NCR,Coca-Cola 1.5L,Beverages,6,65.0,390.0,COD,Delivered,2026-04-05,04/04/2026
ORD-20264450,2026-04-18,Ricardo Flores,San Isidro,Iloilo City,Iloilo,Western Visayas,Piattos 85g,Snacks,2,32.0,64.0,Cash,Delivered,2026-04-26,18/04/2026
ORD-20264451,2026-03-14,Maria Castillo,San Antonio,Malolos,Bulacan,Central Luzon,CDO Corned Beef,Noodles & Canned Goods,11,33.0,363.0,Cash,Delivered,2026-03-23,14/03/2026
ORD-20264452,2026-03-19,Manuel Aquino,Malinta,Bacolod,Negros Occidental,Western Visayas,Nissin Cup Noodles,Noodles & Canned Goods,4,20.0,80.0,GCash,Delivered,2026-03-25,19/03/2026
ORD-20264453,2026-06-24,Jose Castillo,Del Pilar,Malolos,Bulacan,Central Luzon,Safeguard Soap Bar,Personal Care,17,28.0,476.0,COD,Delivered,2026-06-27,24/06/2026
ORD-20264454,2026-02-13,Manuel Mendoza,Poblacion,Tagbilaran,Bohol,Central Visayas,Nissin Cup Noodles,Noodles & Canned Goods,20,20.0,400.0,Bank Transfer,Delivered,2026-02-22,13/02/2026
ORD-20264455,2026-05-13,Corazon Bautista,Bagumbayan,Bacolod,Negros Occidental,Western Visayas,Lucky Me Beef Sotanghon,Noodles & Canned Goods,11,13.0,143.0,GCash,Delivered,2026-05-19,13/05/2026
ORD-20264456,2026-05-14,Roberto Flores,Malinta,Dasmarinas,Cavite,CALABARZON,Joy Dishwashing Liquid 250ml,Household Care,10,38.0,380.0,Cash,Delivered,2026-05-21,14/05/2026
ORD-20264457,2026-05-11,Ricardo Flores,San Isidro,Iloilo City,Iloilo,Western Visayas,Palmolive Shampoo Sachet,Personal Care,2,6.0,12.0,Maya,Cancelled,,11/05/2026
ORD-20264458,2026-05-02,Fernando Villanueva,Bagumbayan,Bacolod,Negros Occidental,Western Visayas,Piattos 85g,Snacks,10,32.0,320.0,COD,Delivered,2026-05-03,02/05/2026
ORD-20264459,2026-06-24,Teresa Castillo,Bagumbayan,Batangas City,Batangas,CALABARZON,CDO Corned Beef,Noodles & Canned Goods,20,33.0,660.0,GCash,Delivered,2026-06-29,24/06/2026
ORD-20264460,2026-04-10,Ricardo Flores,San Jose,Tagbilaran,Bohol,Central Visayas,SkyFlakes Crackers,Snacks,14,15.0,210.0,COD,Returned,2026-04-19,10/04/2026
ORD-20264461,2026-04-09,Juan Reyes,Poblacion,Quezon City,Metro Manila,NCR,Yellow Pad Paper,School & Office Supplies,6,12.0,72.0,GCash,Pending,,09/04/2026
ORD-20264462,2026-05-29,Rosa Del Rosario,Bagumbayan,Pasig,Metro Manila,NCR,Nissin Cup Noodles,Noodles & Canned Goods,5,20.0,100.0,Cash,Delivered,2026-06-03,29/05/2026
ORD-20264463,2026-05-03,Jose Castillo,Del Pilar,Malolos,Bulacan,Central Luzon,Lucky Me Beef Sotanghon,Noodles & Canned Goods,14,13.0,182.0,COD,Delivered,2026-05-08,03/05/2026
ORD-20264464,2026-06-02,Ana Ramos,San Antonio,Malolos,Bulacan,Central Luzon,Domex Toilet Cleaner,Household Care,8,55.0,440.0,Cash,Delivered,2026-06-06,02/06/2026
ORD-20264465,2026-05-12,Fernando Ramos,Santo Nino,Iloilo City,Iloilo,Western Visayas,CDO Corned Beef,Noodles & Canned Goods,11,33.0,363.0,GCash,Delivered,2026-05-19,12/05/2026
ORD-20264466,2026-06-23,Ricardo Bautista,Del Pilar,Manila,Metro Manila,NCR,555 Sardines,Noodles & Canned Goods,15,22.0,330.0,Cash,Delivered,2026-06-28,23/06/2026
ORD-20264467,2026-03-14,Pedro Santos,Del Pilar,Iloilo City,Iloilo,Western Visayas,Joy Dishwashing Liquid 250ml,Household Care,5,38.0,190.0,COD,Cancelled,,14/03/2026
ORD-20264468,2026-01-16,Eduardo Bautista,San Jose,Cebu City,Cebu,Central Visayas,Argentina Corned Beef,Noodles & Canned Goods,9,35.0,315.0,COD,Returned,2026-01-25,16/01/2026
ORD-20264469,2026-05-29,Pedro Torres,Bagong Silang,Cebu City,Cebu,Central Visayas,Safeguard Soap Bar,Personal Care,6,28.0,168.0,GCash,Cancelled,,29/05/2026
ORD-20264470,2026-04-21,Eduardo Ocampo,San Antonio,Tagum,Davao del Norte,Davao Region,Palmolive Shampoo Sachet,Personal Care,7,6.0,42.0,COD,Delivered,2026-04-23,21/04/2026
ORD-20264471,2026-06-18,Ana Villanueva,San Antonio,Tarlac City,Tarlac,Central Luzon,Sta. Maria Crayons,School & Office Supplies,5,40.0,200.0,Maya,Delivered,2026-06-23,18/06/2026
ORD-20264472,2026-03-10,Fernando Garcia,Bagong Silang,Tagbilaran,Bohol,Central Visayas,Palmolive Shampoo Sachet,Personal Care,14,6.0,84.0,COD,Delivered,2026-03-12,10/03/2026
ORD-20264473,2026-05-05,Teresa Santos,Del Pilar,Davao City,Davao del Sur,Davao Region,Yellow Pad Paper,School & Office Supplies,8,12.0,96.0,COD,Delivered,2026-05-08,05/05/2026
ORD-20264474,2026-05-18,Josefina Castillo,Poblacion,Tagbilaran,Bohol,Central Visayas,Sta. Maria Crayons,School & Office Supplies,16,40.0,640.0,Cash,Delivered,2026-05-22,18/05/2026
ORD-20264475,2026-06-30,Teresa Torres,Rizal,Mandaue,Cebu,Central Visayas,Lucky Me Pancit Canton Noodles,Noodles & Canned Goods,14,14.0,196.0,Cash,Returned,2026-07-01,30/06/2026
ORD-20264476,2026-04-23,Roberto Bautista,San Jose,Calamba,Laguna,CALABARZON,Palmolive Shampoo Sachet,Personal Care,18,6.0,108.0,Maya,Delivered,2026-05-03,23/04/2026
ORD-20264477,2026-02-25,Josefina Santos,Bagumbayan,Tagbilaran,Bohol,Central Visayas,Piattos 85g,Snacks,2,32.0,64.0,Maya,Delivered,2026-03-06,25/02/2026
ORD-20264478,2026-04-24,Josefina Cruz,Poblacion,Bacolod,Negros Occidental,Western Visayas,Surf Powder Sachet,Household Care,10,8.0,80.0,GCash,Delivered,2026-05-02,24/04/2026
ORD-20264479,2026-02-17,Josefina Reyes,Poblacion,Dasmarinas,Cavite,CALABARZON,SkyFlakes Crackers,Snacks,15,15.0,225.0,COD,Delivered,2026-02-25,17/02/2026
ORD-20264480,2026-01-19,Luz Garcia,San Isidro,Tagum,Davao del Norte,Davao Region,Piattos 85g,Snacks,16,32.0,512.0,COD,Pending,,19/01/2026
ORD-20264481,2026-02-11,Antonio Castillo,Rizal,Angeles City,Pampanga,Central Luzon,Lucky Me Beef Sotanghon,Noodles & Canned Goods,1,13.0,13.0,COD,Delivered,2026-02-13,11/02/2026
ORD-20264482,2026-05-16,Roberto Garcia,Rizal,Manila,Metro Manila,NCR,C2 Green Tea 500ml,Beverages,5,22.0,110.0,GCash,Delivered,2026-05-19,16/05/2026
ORD-20264483,2026-01-14,Pedro Aquino,Rizal,Malolos,Bulacan,Central Luzon,Head & Shoulders Sachet,Personal Care,17,7.0,119.0,Cash,Delivered,2026-01-22,14/01/2026
ORD-20264484,2026-03-16,Ricardo Ocampo,Bagong Silang,Quezon City,Metro Manila,NCR,C2 Green Tea 500ml,Beverages,7,22.0,154.0,GCash,Delivered,2026-03-23,16/03/2026
ORD-20264485,2026-06-06,Fernando Pascual,Bagong Silang,Dasmarinas,Cavite,CALABARZON,Lucky Me Beef Sotanghon,Noodles & Canned Goods,6,13.0,78.0,COD,Delivered,2026-06-14,06/06/2026
ORD-20264486,2026-02-14,Ricardo Bautista,Del Pilar,Manila,Metro Manila,NCR,Boy Bawang 100g,Snacks,11,18.0,198.0,GCash,Returned,2026-02-19,14/02/2026
ORD-20264487,2026-02-21,Maria Pascual,Bagumbayan,Tagum,Davao del Norte,Davao Region,Yellow Pad Paper,School & Office Supplies,15,12.0,180.0,Cash,Delivered,2026-03-03,21/02/2026
ORD-20264488,2026-06-19,Jose Garcia,San Antonio,Malolos,Bulacan,Central Luzon,Joy Dishwashing Liquid 250ml,Household Care,16,38.0,608.0,COD,Delivered,2026-06-27,19/06/2026
ORD-20264489,2026-01-13,Eduardo Bautista,San Jose,Cebu City,Cebu,Central Visayas,Palmolive Shampoo Sachet,Personal Care,20,6.0,120.0,Cash,Delivered,2026-01-15,13/01/2026
ORD-20264490,2026-05-30,Elena Torres,Malinta,Tarlac City,Tarlac,Central Luzon,Lucky Me Pancit Canton Noodles,Noodles & Canned Goods,7,14.0,98.0,Maya,Delivered,2026-06-01,30/05/2026
ORD-20264491,2026-01-23,Josefina Ocampo,San Antonio,Davao City,Davao del Sur,Davao Region,Lucky Me Beef Sotanghon,Noodles & Canned Goods,16,13.0,208.0,GCash,Delivered,2026-01-30,23/01/2026
ORD-20264492,2026-04-06,Eduardo Del Rosario,Santo Nino,Iloilo City,Iloilo,Western Visayas,Argentina Corned Beef,Noodles & Canned Goods,12,35.0,420.0,Cash,Cancelled,,06/04/2026
ORD-20264493,2026-05-24,Ricardo Ocampo,Bagong Silang,Quezon City,Metro Manila,NCR,Safeguard Soap Bar,Personal Care,10,28.0,280.0,Cash,Returned,2026-05-29,24/05/2026
ORD-20264494,2026-02-06,Elena Aquino,Santo Nino,Bacolod,Negros Occidental,Western Visayas,Palmolive Shampoo Sachet,Personal Care,18,6.0,108.0,COD,Pending,,06/02/2026
ORD-20264495,2026-02-16,Pedro Torres,Bagong Silang,Cebu City,Cebu,Central Visayas,Milo Sachet,Beverages,5,9.0,45.0,Cash,Cancelled,,16/02/2026
ORD-20264496,2026-01-12,Rosa Aquino,Bagumbayan,Pasig,Metro Manila,NCR,Yellow Pad Paper,School & Office Supplies,7,12.0,84.0,Cash,Delivered,2026-01-22,12/01/2026
ORD-20264497,2026-06-23,Luz Garcia,San Isidro,Tagum,Davao del Norte,Davao Region,Nescafe 3-in-1 Sachet,Beverages,1,8.0,8.0,COD,Delivered,2026-07-01,23/06/2026
ORD-20264498,2026-03-28,Eduardo Bautista,San Jose,Cebu City,Cebu,Central Visayas,Yellow Pad Paper,School & Office Supplies,18,12.0,216.0,GCash,Returned,2026-03-31,28/03/2026
ORD-20264499,2026-01-25,Manuel Flores,Poblacion,Dasmarinas,Cavite,CALABARZON,Nescafe 3-in-1 Sachet,Beverages,13,8.0,104.0,Maya,Cancelled,,25/01/2026
ORD-20264500,2026-02-05,Juan Ramos,Bagumbayan,Manila,Metro Manila,NCR,Safeguard Soap Bar,Personal Care,12,28.0,336.0,Maya,Delivered,2026-02-10,05/02/2026
ORD-20264501,2026-06-28,Roberto Ocampo,San Isidro,Iloilo City,Iloilo,Western Visayas,Argentina Corned Beef,Noodles & Canned Goods,14,35.0,490.0,Cash,Delivered,2026-07-08,28/06/2026
ORD-20264502,2026-04-04,Antonio Castillo,Rizal,Angeles City,Pampanga,Central Luzon,C2 Green Tea 500ml,Beverages,9,22.0,198.0,Maya,Delivered,2026-04-10,04/04/2026
ORD-20264503,2026-02-24,Ana Del Rosario,Santo Nino,Manila,Metro Manila,NCR,Coca-Cola 1.5L,Beverages,12,65.0,780.0,Cash,Delivered,2026-03-02,24/02/2026
ORD-20264504,2026-06-25,Fernando Garcia,Del Pilar,Iloilo City,Iloilo,Western Visayas,Boy Bawang 100g,Snacks,15,18.0,270.0,COD,Pending,,25/06/2026
ORD-20264505,2026-05-03,Roberto Santos,Del Pilar,Bacolod,Negros Occidental,Western Visayas,Safeguard Soap Bar,Personal Care,2,28.0,56.0,GCash,Cancelled,,03/05/2026
ORD-20264506,2026-06-18,Josefina Castillo,Poblacion,Tagbilaran,Bohol,Central Visayas,Boy Bawang 100g,Snacks,15,18.0,270.0,Maya,Cancelled,,18/06/2026
ORD-20264507,2026-03-30,Teresa Reyes,Rizal,Iloilo City,Iloilo,Western Visayas,Yellow Pad Paper,School & Office Supplies,7,12.0,84.0,Maya,Delivered,2026-04-02,30/03/2026
ORD-20264508,2026-02-22,Rosa Reyes,Malinta,Iloilo City,Iloilo,Western Visayas,Colgate Toothpaste 75ml,Personal Care,8,45.0,360.0,COD,Delivered,2026-02-25,22/02/2026
ORD-20264509,2026-04-06,Corazon Aquino,San Antonio,Tagum,Davao del Norte,Davao Region,Nissin Cup Noodles,Noodles & Canned Goods,1,20.0,20.0,Cash,Pending,,06/04/2026
ORD-20264510,2026-06-24,Maria Mendoza,Del Pilar,Manila,Metro Manila,NCR,Sta. Maria Crayons,School & Office Supplies,15,40.0,600.0,COD,Delivered,2026-06-25,24/06/2026
ORD-20264511,2026-06-29,Jose Castillo,Del Pilar,Malolos,Bulacan,Central Luzon,Joy Dishwashing Liquid 250ml,Household Care,5,38.0,190.0,GCash,Delivered,2026-07-07,29/06/2026
ORD-20264512,2026-02-06,Antonio Aquino,Del Pilar,Dasmarinas,Cavite,CALABARZON,Domex Toilet Cleaner,Household Care,12,55.0,660.0,Cash,Delivered,2026-02-08,06/02/2026
ORD-20264513,2026-04-17,Antonio Flores,Bagumbayan,Angeles City,Pampanga,Central Luzon,Head & Shoulders Sachet,Personal Care,1,7.0,7.0,Bank Transfer,Pending,,17/04/2026
ORD-20264514,2026-01-25,Antonio Castillo,Rizal,Angeles City,Pampanga,Central Luzon,Joy Dishwashing Liquid 250ml,Household Care,1,38.0,38.0,Cash,Delivered,2026-01-29,25/01/2026
ORD-20264515,2026-06-11,Pedro Reyes,Bagumbayan,Tagum,Davao del Norte,Davao Region,Coca-Cola 1.5L,Beverages,13,65.0,845.0,Maya,Delivered,2026-06-15,11/06/2026
ORD-20264516,2026-04-05,Elena Ramos,Malinta,Tarlac City,Tarlac,Central Luzon,C2 Green Tea 500ml,Beverages,6,22.0,132.0,COD,Delivered,2026-04-13,05/04/2026
ORD-20264517,2026-01-19,Antonio Bautista,Rizal,Davao City,Davao del Sur,Davao Region,Coca-Cola 1.5L,Beverages,19,65.0,1235.0,COD,Returned,2026-01-22,19/01/2026
ORD-20264518,2026-06-26,Roberto Torres,Del Pilar,Tarlac City,Tarlac,Central Luzon,Domex Toilet Cleaner,Household Care,7,55.0,385.0,Cash,Delivered,2026-07-06,26/06/2026
ORD-20264519,2026-03-04,Teresa Pascual,Bagong Silang,Tagum,Davao del Norte,Davao Region,Lucky Me Beef Sotanghon,Noodles & Canned Goods,11,13.0,143.0,Cash,Delivered,2026-03-07,04/03/2026
ORD-20264520,2026-03-26,Rosa Castillo,San Antonio,Angeles City,Pampanga,Central Luzon,Domex Toilet Cleaner,Household Care,12,55.0,660.0,GCash,Pending,,26/03/2026
ORD-20264521,2026-06-12,Elena Torres,San Jose,Angeles City,Pampanga,Central Luzon,Palmolive Shampoo Sachet,Personal Care,9,6.0,54.0,GCash,Returned,2026-06-14,12/06/2026
ORD-20264522,2026-01-26,Jose Castillo,Malinta,Bacolod,Negros Occidental,Western Visayas,555 Sardines,Noodles & Canned Goods,20,22.0,440.0,COD,Delivered,2026-02-05,26/01/2026
ORD-20264523,2026-01-10,Manuel Santos,Del Pilar,Tagum,Davao del Norte,Davao Region,Surf Powder Sachet,Household Care,17,8.0,136.0,COD,Delivered,2026-01-19,10/01/2026
ORD-20264524,2026-05-29,Pedro Cruz,San Antonio,Cebu City,Cebu,Central Visayas,Safeguard Soap Bar,Personal Care,12,28.0,336.0,Maya,Delivered,2026-05-30,29/05/2026
ORD-20264525,2026-06-24,Maria Cruz,Santo Nino,Tagbilaran,Bohol,Central Visayas,Lucky Me Beef Sotanghon,Noodles & Canned Goods,2,13.0,26.0,COD,Delivered,2026-07-02,24/06/2026
ORD-20264526,2026-02-22,Pedro Santos,Del Pilar,Iloilo City,Iloilo,Western Visayas,Yellow Pad Paper,School & Office Supplies,5,12.0,60.0,Cash,Cancelled,,22/02/2026
ORD-20264527,2026-06-13,Jose Flores,Bagumbayan,Bacolod,Negros Occidental,Western Visayas,Sta. Maria Crayons,School & Office Supplies,3,40.0,120.0,GCash,Delivered,2026-06-15,13/06/2026
ORD-20264528,2026-05-08,Cristina Castillo,Santo Nino,Mandaue,Cebu,Central Visayas,Piattos 85g,Snacks,18,32.0,576.0,Maya,Delivered,2026-05-12,08/05/2026
ORD-20264529,2026-03-29,Cristina Ocampo,Rizal,Mandaue,Cebu,Central Visayas,Lucky Me Pancit Canton Noodles,Noodles & Canned Goods,18,14.0,252.0,GCash,Delivered,2026-04-04,29/03/2026
ORD-20264530,2026-03-06,Manuel Santos,Del Pilar,Mandaue,Cebu,Central Visayas,Lucky Me Beef Sotanghon,Noodles & Canned Goods,4,13.0,52.0,Cash,Delivered,2026-03-07,06/03/2026
ORD-20264531,2026-01-27,Eduardo Mendoza,Bagong Silang,Batangas City,Batangas,CALABARZON,SkyFlakes Crackers,Snacks,9,15.0,135.0,COD,Pending,,27/01/2026
ORD-20264532,2026-03-04,Luz Garcia,San Isidro,Tagum,Davao del Norte,Davao Region,Safeguard Soap Bar,Personal Care,19,28.0,532.0,Maya,Delivered,2026-03-13,04/03/2026
ORD-20264533,2026-06-18,Jose Ocampo,Bagumbayan,Mandaue,Cebu,Central Visayas,Joy Dishwashing Liquid 250ml,Household Care,1,38.0,38.0,Maya,Delivered,2026-06-19,18/06/2026
ORD-20264534,2026-06-21,Josefina Flores,Bagumbayan,Iloilo City,Iloilo,Western Visayas,Joy Dishwashing Liquid 250ml,Household Care,7,38.0,266.0,GCash,Delivered,2026-06-30,21/06/2026
ORD-20264535,2026-02-09,Antonio Cruz,Bagumbayan,Mandaue,Cebu,Central Visayas,Coca-Cola 1.5L,Beverages,15,65.0,975.0,COD,Delivered,2026-02-19,09/02/2026
ORD-20264536,2026-05-09,Teresa Reyes,Rizal,Iloilo City,Iloilo,Western Visayas,ILUV Ballpen,School & Office Supplies,17,10.0,170.0,GCash,Delivered,2026-05-18,09/05/2026
ORD-20264537,2026-06-10,Corazon Aquino,San Antonio,Tagum,Davao del Norte,Davao Region,Coca-Cola 1.5L,Beverages,7,65.0,455.0,COD,Delivered,2026-06-17,10/06/2026
ORD-20264538,2026-03-07,Luz Ocampo,San Antonio,Bacolod,Negros Occidental,Western Visayas,Milo Sachet,Beverages,9,9.0,81.0,GCash,Delivered,2026-03-08,07/03/2026
ORD-20264539,2026-05-03,Ana Del Rosario,Santo Nino,Manila,Metro Manila,NCR,Coca-Cola 1.5L,Beverages,11,65.0,715.0,Cash,Delivered,2026-05-06,03/05/2026
ORD-20264540,2026-03-19,Manuel Mendoza,Poblacion,Tagbilaran,Bohol,Central Visayas,Coca-Cola 1.5L,Beverages,16,65.0,1040.0,Maya,Delivered,2026-03-29,19/03/2026
ORD-20264541,2026-01-23,Maria Villanueva,Malinta,Calamba,Laguna,CALABARZON,Surf Powder Sachet,Household Care,9,8.0,72.0,GCash,Delivered,2026-01-27,23/01/2026
ORD-20264542,2026-05-15,Luz Aquino,Bagong Silang,Tarlac City,Tarlac,Central Luzon,Zonrox Bleach 500ml,Household Care,2,32.0,64.0,Cash,Delivered,2026-05-25,15/05/2026
ORD-20264543,2026-01-28,Teresa Reyes,Poblacion,Calamba,Laguna,CALABARZON,Argentina Corned Beef,Noodles & Canned Goods,6,35.0,210.0,COD,Delivered,2026-01-29,28/01/2026
ORD-20264544,2026-03-15,Ana Cruz,Santo Nino,Manila,Metro Manila,NCR,Milo Sachet,Beverages,15,9.0,135.0,Maya,Delivered,2026-03-20,15/03/2026
ORD-20264545,2026-04-01,Josefina Cruz,Poblacion,Bacolod,Negros Occidental,Western Visayas,Sta. Maria Crayons,School & Office Supplies,3,40.0,120.0,Maya,Delivered,2026-04-08,01/04/2026
ORD-20264546,2026-06-13,Fernando Villanueva,Bagumbayan,Bacolod,Negros Occidental,Western Visayas,Head & Shoulders Sachet,Personal Care,8,7.0,56.0,Cash,Delivered,2026-06-23,13/06/2026
ORD-20264547,2026-04-26,Fernando Pascual,Rizal,Quezon City,Metro Manila,NCR,Head & Shoulders Sachet,Personal Care,9,7.0,63.0,Cash,Cancelled,,26/04/2026
ORD-20264548,2026-01-18,Pedro Cruz,San Antonio,Cebu City,Cebu,Central Visayas,SkyFlakes Crackers,Snacks,1,15.0,15.0,Cash,Delivered,2026-01-21,18/01/2026
ORD-20264549,2026-04-04,Josefina Cruz,Poblacion,Bacolod,Negros Occidental,Western Visayas,Joy Dishwashing Liquid 250ml,Household Care,18,38.0,684.0,GCash,Cancelled,,04/04/2026
ORD-20264550,2026-05-27,Elena Ramos,Malinta,Tarlac City,Tarlac,Central Luzon,Sta. Maria Crayons,School & Office Supplies,12,40.0,480.0,COD,Delivered,2026-06-06,27/05/2026
ORD-20264551,2026-06-13,Fernando Garcia,Bagong Silang,Tagbilaran,Bohol,Central Visayas,Head & Shoulders Sachet,Personal Care,11,7.0,77.0,GCash,Pending,,13/06/2026
ORD-20264552,2026-01-17,Elena Villanueva,Poblacion,Malolos,Bulacan,Central Luzon,Argentina Corned Beef,Noodles & Canned Goods,14,35.0,490.0,Cash,Delivered,2026-01-22,17/01/2026
ORD-20264553,2026-02-09,Ana Ramos,Bagumbayan,Tarlac City,Tarlac,Central Luzon,Argentina Corned Beef,Noodles & Canned Goods,16,35.0,560.0,GCash,Delivered,2026-02-13,09/02/2026
ORD-20264554,2026-06-28,Jose Reyes,Bagumbayan,Quezon City,Metro Manila,NCR,C2 Green Tea 500ml,Beverages,13,22.0,286.0,Cash,Delivered,2026-07-07,28/06/2026
ORD-20264555,2026-01-27,Teresa Villanueva,Santo Nino,Malolos,Bulacan,Central Luzon,Colgate Toothpaste 75ml,Personal Care,16,45.0,720.0,COD,Delivered,2026-02-06,27/01/2026
ORD-20264556,2026-05-16,Antonio Bautista,Del Pilar,Tarlac City,Tarlac,Central Luzon,Yellow Pad Paper,School & Office Supplies,17,12.0,204.0,COD,Delivered,2026-05-18,16/05/2026
ORD-20264557,2026-03-21,Ramon Mendoza,San Jose,Tagum,Davao del Norte,Davao Region,Lucky Me Beef Sotanghon,Noodles & Canned Goods,7,13.0,91.0,COD,Pending,,21/03/2026
ORD-20264558,2026-01-05,Elena Torres,San Jose,Angeles City,Pampanga,Central Luzon,Nova Multigrain 78g,Snacks,13,30.0,390.0,COD,Delivered,2026-01-10,05/01/2026
ORD-20264559,2026-02-09,Eduardo Mendoza,San Isidro,Cebu City,Cebu,Central Visayas,ILUV Ballpen,School & Office Supplies,8,10.0,80.0,COD,Delivered,2026-02-18,09/02/2026
ORD-20264560,2026-06-17,Eduardo Mendoza,San Isidro,Tagum,Davao del Norte,Davao Region,Boy Bawang 100g,Snacks,10,18.0,180.0,Cash,Pending,,17/06/2026
ORD-20264561,2026-04-03,Jose Reyes,Bagumbayan,Quezon City,Metro Manila,NCR,Nova Multigrain 78g,Snacks,13,30.0,390.0,GCash,Delivered,2026-04-05,03/04/2026
ORD-20264562,2026-06-28,Fernando Villanueva,Bagumbayan,Bacolod,Negros Occidental,Western Visayas,Zonrox Bleach 500ml,Household Care,16,32.0,512.0,COD,Delivered,2026-06-30,28/06/2026
ORD-20264563,2026-04-09,Jose Ocampo,Bagumbayan,Mandaue,Cebu,Central Visayas,Colgate Toothpaste 75ml,Personal Care,1,45.0,45.0,Cash,Delivered,2026-04-19,09/04/2026
ORD-20264564,2026-02-13,Ricardo Cruz,San Isidro,Calamba,Laguna,CALABARZON,Coca-Cola 1.5L,Beverages,2,65.0,130.0,Maya,Delivered,2026-02-19,13/02/2026
ORD-20264565,2026-04-17,Teresa Villanueva,San Antonio,Iloilo City,Iloilo,Western Visayas,CDO Corned Beef,Noodles & Canned Goods,9,33.0,297.0,GCash,Delivered,2026-04-26,17/04/2026
ORD-20264566,2026-01-28,Josefina Bautista,Malinta,Calamba,Laguna,CALABARZON,555 Sardines,Noodles & Canned Goods,6,22.0,132.0,COD,Returned,2026-02-07,28/01/2026
ORD-20264567,2026-02-03,Roberto Garcia,Rizal,Manila,Metro Manila,NCR,C2 Green Tea 500ml,Beverages,20,22.0,440.0,GCash,Delivered,2026-02-10,03/02/2026
ORD-20264568,2026-04-23,Fernando Garcia,Del Pilar,Iloilo City,Iloilo,Western Visayas,Nissin Cup Noodles,Noodles & Canned Goods,19,20.0,380.0,COD,Delivered,2026-04-25,23/04/2026
ORD-20264569,2026-03-19,Josefina Pascual,Poblacion,Manila,Metro Manila,NCR,C2 Green Tea 500ml,Beverages,18,22.0,396.0,GCash,Delivered,2026-03-21,19/03/2026
ORD-20264570,2026-01-14,Eduardo Ocampo,San Antonio,Tagum,Davao del Norte,Davao Region,Lucky Me Beef Sotanghon,Noodles & Canned Goods,7,13.0,91.0,GCash,Delivered,2026-01-15,14/01/2026
ORD-20264571,2026-06-05,Luz Aquino,Bagong Silang,Tarlac City,Tarlac,Central Luzon,Nissin Cup Noodles,Noodles & Canned Goods,16,20.0,320.0,Cash,Delivered,2026-06-06,05/06/2026
ORD-20264572,2026-06-15,Josefina Santos,Bagumbayan,Tagbilaran,Bohol,Central Visayas,Surf Powder Sachet,Household Care,9,8.0,72.0,COD,Delivered,2026-06-22,15/06/2026
ORD-20264573,2026-01-10,Roberto Flores,Malinta,Dasmarinas,Cavite,CALABARZON,Lucky Me Beef Sotanghon,Noodles & Canned Goods,10,13.0,130.0,Bank Transfer,Delivered,2026-01-13,10/01/2026
ORD-20264574,2026-06-27,Ana Cruz,Poblacion,Quezon City,Metro Manila,NCR,Sterling Notebook,School & Office Supplies,10,18.0,180.0,COD,Returned,2026-06-28,27/06/2026
ORD-20264575,2026-01-21,Jose Garcia,San Antonio,Malolos,Bulacan,Central Luzon,Zonrox Bleach 500ml,Household Care,17,32.0,544.0,Cash,Cancelled,,21/01/2026
ORD-20264576,2026-03-01,Ricardo Garcia,Santo Nino,Batangas City,Batangas,CALABARZON,C2 Green Tea 500ml,Beverages,13,22.0,286.0,Maya,Returned,2026-03-04,01/03/2026
ORD-20264577,2026-05-12,Teresa Villanueva,San Antonio,Iloilo City,Iloilo,Western Visayas,Safeguard Soap Bar,Personal Care,19,28.0,532.0,GCash,Delivered,2026-05-16,12/05/2026
ORD-20264578,2026-02-01,Luz Torres,Rizal,Mandaue,Cebu,Central Visayas,555 Sardines,Noodles & Canned Goods,18,22.0,396.0,Cash,Cancelled,,01/02/2026
ORD-20264579,2026-02-05,Fernando Ocampo,Del Pilar,Tagum,Davao del Norte,Davao Region,Coca-Cola 1.5L,Beverages,18,65.0,1170.0,GCash,Delivered,2026-02-08,05/02/2026
ORD-20264580,2026-04-24,Josefina Mendoza,San Antonio,Angeles City,Pampanga,Central Luzon,Coca-Cola 1.5L,Beverages,3,65.0,195.0,Cash,Cancelled,,24/04/2026
ORD-20264581,2026-05-23,Ricardo Cruz,San Isidro,Calamba,Laguna,CALABARZON,CDO Corned Beef,Noodles & Canned Goods,11,33.0,363.0,Cash,Delivered,2026-05-29,23/05/2026
ORD-20264582,2026-01-04,Maria Villanueva,Bagong Silang,Malolos,Bulacan,Central Luzon,Safeguard Soap Bar,Personal Care,19,28.0,532.0,COD,Delivered,2026-01-14,04/01/2026
ORD-20264583,2026-06-27,Josefina Castillo,Poblacion,Tagbilaran,Bohol,Central Visayas,Nissin Cup Noodles,Noodles & Canned Goods,12,20.0,240.0,Cash,Pending,,27/06/2026
ORD-20264584,2026-01-27,Juan Bautista,San Jose,Angeles City,Pampanga,Central Luzon,Nissin Cup Noodles,Noodles & Canned Goods,20,20.0,400.0,Cash,Delivered,2026-02-01,27/01/2026
ORD-20264585,2026-02-08,Luz Castillo,Bagumbayan,Calamba,Laguna,CALABARZON,Safeguard Soap Bar,Personal Care,3,28.0,84.0,COD,Delivered,2026-02-14,08/02/2026
ORD-20264586,2026-01-25,Ramon Ocampo,Malinta,Davao City,Davao del Sur,Davao Region,Safeguard Soap Bar,Personal Care,14,28.0,392.0,GCash,Cancelled,,25/01/2026
ORD-20264587,2026-01-20,Elena Aquino,Santo Nino,Bacolod,Negros Occidental,Western Visayas,Domex Toilet Cleaner,Household Care,5,55.0,275.0,GCash,Delivered,2026-01-21,20/01/2026
ORD-20264588,2026-02-05,Cristina Castillo,Santo Nino,Mandaue,Cebu,Central Visayas,Zonrox Bleach 500ml,Household Care,16,32.0,512.0,GCash,Delivered,2026-02-14,05/02/2026
ORD-20264589,2026-05-06,Juan Torres,Poblacion,Pasig,Metro Manila,NCR,555 Sardines,Noodles & Canned Goods,20,22.0,440.0,GCash,Delivered,2026-05-16,06/05/2026
ORD-20264590,2026-03-21,Teresa Torres,San Antonio,Tagum,Davao del Norte,Davao Region,Lucky Me Beef Sotanghon,Noodles & Canned Goods,18,13.0,234.0,COD,Delivered,2026-03-31,21/03/2026
ORD-20264591,2026-04-29,Elena Aquino,Santo Nino,Bacolod,Negros Occidental,Western Visayas,555 Sardines,Noodles & Canned Goods,10,22.0,220.0,COD,Delivered,2026-05-04,29/04/2026
ORD-20264592,2026-03-11,Ricardo Bautista,Del Pilar,Manila,Metro Manila,NCR,Milo Sachet,Beverages,14,9.0,126.0,Cash,Delivered,2026-03-17,11/03/2026
ORD-20264593,2026-05-29,Teresa Castillo,Bagumbayan,Batangas City,Batangas,CALABARZON,Lucky Me Beef Sotanghon,Noodles & Canned Goods,5,13.0,65.0,COD,Delivered,2026-06-03,29/05/2026
ORD-20264594,2026-01-07,Manuel Mendoza,Poblacion,Mandaue,Cebu,Central Visayas,Nissin Cup Noodles,Noodles & Canned Goods,13,20.0,260.0,Cash,Delivered,2026-01-17,07/01/2026
ORD-20264595,2026-04-06,Juan Villanueva,Rizal,Iloilo City,Iloilo,Western Visayas,555 Sardines,Noodles & Canned Goods,9,22.0,198.0,GCash,Cancelled,,06/04/2026
ORD-20264596,2026-05-21,Luz Torres,Rizal,Mandaue,Cebu,Central Visayas,Joy Dishwashing Liquid 250ml,Household Care,17,38.0,646.0,COD,Delivered,2026-05-30,21/05/2026
ORD-20264597,2026-05-02,Cristina Santos,Poblacion,Makati,Metro Manila,NCR,Zonrox Bleach 500ml,Household Care,1,32.0,32.0,Maya,Pending,,02/05/2026
ORD-20264598,2026-05-16,Elena Garcia,Poblacion,Davao City,Davao del Sur,Davao Region,Argentina Corned Beef,Noodles & Canned Goods,14,35.0,490.0,GCash,Delivered,2026-05-21,16/05/2026
ORD-20264599,2026-04-18,Jose Ocampo,Bagumbayan,Mandaue,Cebu,Central Visayas,Head & Shoulders Sachet,Personal Care,7,7.0,49.0,Cash,Delivered,2026-04-21,18/04/2026
ORD-20264600,2026-04-13,Corazon Bautista,Bagumbayan,Bacolod,Negros Occidental,Western Visayas,Joy Dishwashing Liquid 250ml,Household Care,1,38.0,38.0,COD,Cancelled,,13/04/2026
ORD-20264601,2026-05-15,Maria Cruz,Del Pilar,Iloilo City,Iloilo,Western Visayas,Yellow Pad Paper,School & Office Supplies,15,12.0,180.0,Bank Transfer,Delivered,2026-05-23,15/05/2026
ORD-20264602,2026-01-29,Pedro Torres,San Jose,Tarlac City,Tarlac,Central Luzon,SkyFlakes Crackers,Snacks,10,15.0,150.0,COD,Delivered,2026-01-30,29/01/2026
ORD-20264603,2026-06-14,Carmen Pascual,Poblacion,Bacolod,Negros Occidental,Western Visayas,Surf Powder Sachet,Household Care,3,8.0,24.0,COD,Delivered,2026-06-21,14/06/2026
ORD-20264604,2026-03-23,Josefina Bautista,Malinta,Calamba,Laguna,CALABARZON,Boy Bawang 100g,Snacks,2,18.0,36.0,GCash,Delivered,2026-03-29,23/03/2026
ORD-20264605,2026-03-22,Pedro Ocampo,Santo Nino,Cebu City,Cebu,Central Visayas,Nova Multigrain 78g,Snacks,17,30.0,510.0,COD,Delivered,2026-03-24,22/03/2026
ORD-20264606,2026-04-08,Eduardo Mendoza,Bagong Silang,Batangas City,Batangas,CALABARZON,SkyFlakes Crackers,Snacks,5,15.0,75.0,Maya,Delivered,2026-04-12,08/04/2026
ORD-20264607,2026-02-22,Jose Bautista,Del Pilar,Calamba,Laguna,CALABARZON,Boy Bawang 100g,Snacks,7,18.0,126.0,COD,Delivered,2026-03-03,22/02/2026
ORD-20264608,2026-01-06,Fernando Villanueva,Bagumbayan,Bacolod,Negros Occidental,Western Visayas,Joy Dishwashing Liquid 250ml,Household Care,12,38.0,456.0,Bank Transfer,Delivered,2026-01-14,06/01/2026
ORD-20264609,2026-03-02,Pedro Pascual,San Isidro,Manila,Metro Manila,NCR,Zonrox Bleach 500ml,Household Care,3,32.0,96.0,COD,Delivered,2026-03-04,02/03/2026
ORD-20264610,2026-02-09,Roberto Del Rosario,San Isidro,Malolos,Bulacan,Central Luzon,CDO Corned Beef,Noodles & Canned Goods,7,33.0,231.0,GCash,Delivered,2026-02-17,09/02/2026
ORD-20264611,2026-04-07,Jose Ocampo,Malinta,Dasmarinas,Cavite,CALABARZON,Domex Toilet Cleaner,Household Care,11,55.0,605.0,COD,Pending,,07/04/2026
ORD-20264612,2026-02-08,Maria Castillo,Rizal,Tagum,Davao del Norte,Davao Region,Zonrox Bleach 500ml,Household Care,9,32.0,288.0,Cash,Delivered,2026-02-18,08/02/2026
ORD-20264613,2026-04-19,Josefina Flores,Bagumbayan,Iloilo City,Iloilo,Western Visayas,C2 Green Tea 500ml,Beverages,3,22.0,66.0,COD,Delivered,2026-04-29,19/04/2026
ORD-20264614,2026-02-26,Josefina Torres,San Isidro,Tagbilaran,Bohol,Central Visayas,Safeguard Soap Bar,Personal Care,15,28.0,420.0,COD,Returned,2026-03-04,26/02/2026
ORD-20264615,2026-03-27,Eduardo Aquino,Bagong Silang,Tarlac City,Tarlac,Central Luzon,Joy Dishwashing Liquid 250ml,Household Care,7,38.0,266.0,COD,Pending,,27/03/2026
ORD-20264616,2026-06-21,Elena Garcia,San Antonio,Mandaue,Cebu,Central Visayas,555 Sardines,Noodles & Canned Goods,19,22.0,418.0,Cash,Delivered,2026-07-01,21/06/2026
ORD-20264617,2026-06-07,Ricardo Cruz,San Antonio,Manila,Metro Manila,NCR,Zonrox Bleach 500ml,Household Care,6,32.0,192.0,GCash,Delivered,2026-06-09,07/06/2026
ORD-20264618,2026-05-31,Antonio Mendoza,San Isidro,Calamba,Laguna,CALABARZON,SkyFlakes Crackers,Snacks,15,15.0,225.0,Cash,Returned,2026-06-04,31/05/2026
ORD-20264619,2026-02-17,Ana Ramos,San Antonio,Malolos,Bulacan,Central Luzon,Zonrox Bleach 500ml,Household Care,20,32.0,640.0,Cash,Delivered,2026-02-21,17/02/2026
ORD-20264620,2026-03-15,Teresa Reyes,Rizal,Iloilo City,Iloilo,Western Visayas,Colgate Toothpaste 75ml,Personal Care,10,45.0,450.0,Cash,Delivered,2026-03-20,15/03/2026
ORD-20264621,2026-06-20,Ricardo Flores,San Isidro,Iloilo City,Iloilo,Western Visayas,Piattos 85g,Snacks,18,32.0,576.0,COD,Delivered,2026-06-24,20/06/2026
ORD-20264622,2026-03-04,Carmen Pascual,Poblacion,Bacolod,Negros Occidental,Western Visayas,Palmolive Shampoo Sachet,Personal Care,14,6.0,84.0,Maya,Delivered,2026-03-07,04/03/2026
ORD-20264623,2026-05-28,Luz Reyes,San Jose,Tarlac City,Tarlac,Central Luzon,Argentina Corned Beef,Noodles & Canned Goods,20,35.0,700.0,COD,Delivered,2026-06-03,28/05/2026
ORD-20264624,2026-02-23,Ricardo Ocampo,San Jose,Pasig,Metro Manila,NCR,Nissin Cup Noodles,Noodles & Canned Goods,6,20.0,120.0,COD,Delivered,2026-02-28,23/02/2026
ORD-20264625,2026-06-01,Eduardo Bautista,San Jose,Cebu City,Cebu,Central Visayas,Argentina Corned Beef,Noodles & Canned Goods,2,35.0,70.0,Cash,Delivered,2026-06-04,01/06/2026
ORD-20264626,2026-02-01,Eduardo Ocampo,San Antonio,Tagum,Davao del Norte,Davao Region,Surf Powder Sachet,Household Care,8,8.0,64.0,GCash,Delivered,2026-02-03,01/02/2026
ORD-20264627,2026-04-01,Pedro Reyes,Bagumbayan,Tagum,Davao del Norte,Davao Region,Sta. Maria Crayons,School & Office Supplies,15,40.0,600.0,Maya,Delivered,2026-04-02,01/04/2026
ORD-20264628,2026-02-13,Roberto Aquino,San Antonio,Cebu City,Cebu,Central Visayas,SkyFlakes Crackers,Snacks,20,15.0,300.0,Cash,Delivered,2026-02-18,13/02/2026
ORD-20264629,2026-04-07,Pedro Torres,San Isidro,Dasmarinas,Cavite,CALABARZON,Colgate Toothpaste 75ml,Personal Care,6,45.0,270.0,Bank Transfer,Cancelled,,07/04/2026
ORD-20264630,2026-06-12,Manuel Villanueva,Malinta,Tarlac City,Tarlac,Central Luzon,CDO Corned Beef,Noodles & Canned Goods,14,33.0,462.0,Cash,Delivered,2026-06-19,12/06/2026
ORD-20264631,2026-04-04,Cristina Ocampo,Rizal,Mandaue,Cebu,Central Visayas,Coca-Cola 1.5L,Beverages,11,65.0,715.0,COD,Delivered,2026-04-13,04/04/2026
ORD-20264632,2026-01-12,Roberto Flores,Malinta,Dasmarinas,Cavite,CALABARZON,CDO Corned Beef,Noodles & Canned Goods,8,33.0,264.0,Maya,Delivered,2026-01-16,12/01/2026
ORD-20264633,2026-06-27,Ana Ramos,San Antonio,Malolos,Bulacan,Central Luzon,Lucky Me Beef Sotanghon,Noodles & Canned Goods,19,13.0,247.0,Cash,Delivered,2026-07-02,27/06/2026
ORD-20264634,2026-06-03,Josefina Reyes,Poblacion,Dasmarinas,Cavite,CALABARZON,Colgate Toothpaste 75ml,Personal Care,20,45.0,900.0,GCash,Delivered,2026-06-09,03/06/2026
ORD-20264635,2026-05-07,Josefina Ocampo,San Antonio,Davao City,Davao del Sur,Davao Region,Lucky Me Beef Sotanghon,Noodles & Canned Goods,19,13.0,247.0,GCash,Delivered,2026-05-17,07/05/2026
ORD-20264636,2026-06-29,Maria Villanueva,Malinta,Calamba,Laguna,CALABARZON,Coca-Cola 1.5L,Beverages,9,65.0,585.0,COD,Returned,2026-07-01,29/06/2026
ORD-20264637,2026-03-05,Ricardo Cruz,San Antonio,Manila,Metro Manila,NCR,Colgate Toothpaste 75ml,Personal Care,10,45.0,450.0,COD,Delivered,2026-03-08,05/03/2026
ORD-20264638,2026-06-06,Jose Torres,San Antonio,Dasmarinas,Cavite,CALABARZON,Boy Bawang 100g,Snacks,8,18.0,144.0,COD,Pending,,06/06/2026
ORD-20264639,2026-05-22,Juan Bautista,San Jose,Angeles City,Pampanga,Central Luzon,Boy Bawang 100g,Snacks,13,18.0,234.0,Cash,Delivered,2026-05-28,22/05/2026
ORD-20264640,2026-04-19,Elena Torres,Malinta,Tarlac City,Tarlac,Central Luzon,Safeguard Soap Bar,Personal Care,16,28.0,448.0,COD,Delivered,2026-04-26,19/04/2026
ORD-20264641,2026-06-05,Pedro Torres,Bagong Silang,Cebu City,Cebu,Central Visayas,Nissin Cup Noodles,Noodles & Canned Goods,2,20.0,40.0,COD,Delivered,2026-06-10,05/06/2026
ORD-20264642,2026-03-10,Antonio Santos,Del Pilar,Iloilo City,Iloilo,Western Visayas,Nescafe 3-in-1 Sachet,Beverages,18,8.0,144.0,COD,Returned,2026-03-15,10/03/2026
ORD-20264643,2026-04-11,Cristina Castillo,Santo Nino,Mandaue,Cebu,Central Visayas,Nova Multigrain 78g,Snacks,8,30.0,240.0,COD,Delivered,2026-04-12,11/04/2026
ORD-20264644,2026-03-10,Ana Del Rosario,Santo Nino,Manila,Metro Manila,NCR,Safeguard Soap Bar,Personal Care,7,28.0,196.0,Maya,Delivered,2026-03-19,10/03/2026
ORD-20264645,2026-01-15,Juan Bautista,San Jose,Angeles City,Pampanga,Central Luzon,Sta. Maria Crayons,School & Office Supplies,10,40.0,400.0,Maya,Delivered,2026-01-23,15/01/2026
ORD-20264646,2026-04-25,Manuel Santos,Del Pilar,Tagum,Davao del Norte,Davao Region,Head & Shoulders Sachet,Personal Care,19,7.0,133.0,Maya,Delivered,2026-05-04,25/04/2026
ORD-20264647,2026-03-15,Juan Del Rosario,Poblacion,Davao City,Davao del Sur,Davao Region,Nissin Cup Noodles,Noodles & Canned Goods,14,20.0,280.0,GCash,Delivered,2026-03-23,15/03/2026
ORD-20264648,2026-05-24,Pedro Cruz,San Antonio,Cebu City,Cebu,Central Visayas,CDO Corned Beef,Noodles & Canned Goods,9,33.0,297.0,Maya,Cancelled,,24/05/2026
ORD-20264649,2026-05-20,Teresa Torres,Rizal,Mandaue,Cebu,Central Visayas,Sterling Notebook,School & Office Supplies,2,18.0,36.0,GCash,Cancelled,,20/05/2026
ORD-20264650,2026-03-24,Teresa Del Rosario,San Jose,Malolos,Bulacan,Central Luzon,Milo Sachet,Beverages,17,9.0,153.0,Maya,Delivered,2026-04-02,24/03/2026
ORD-20264651,2026-02-09,Fernando Pascual,Rizal,Quezon City,Metro Manila,NCR,Joy Dishwashing Liquid 250ml,Household Care,2,38.0,76.0,Cash,Delivered,2026-02-15,09/02/2026
ORD-20264652,2026-02-26,Fernando Garcia,Bagong Silang,Tagbilaran,Bohol,Central Visayas,555 Sardines,Noodles & Canned Goods,16,22.0,352.0,Cash,Delivered,2026-03-05,26/02/2026
ORD-20264653,2026-03-04,Maria Pascual,Bagumbayan,Tagum,Davao del Norte,Davao Region,Boy Bawang 100g,Snacks,13,18.0,234.0,COD,Delivered,2026-03-14,04/03/2026
ORD-20264654,2026-06-08,Corazon Aquino,San Antonio,Tagum,Davao del Norte,Davao Region,Colgate Toothpaste 75ml,Personal Care,2,45.0,90.0,COD,Delivered,2026-06-09,08/06/2026
ORD-20264655,2026-05-08,Luz Reyes,San Jose,Tarlac City,Tarlac,Central Luzon,555 Sardines,Noodles & Canned Goods,16,22.0,352.0,Cash,Delivered,2026-05-15,08/05/2026
ORD-20264656,2026-05-21,Pedro Torres,San Isidro,Dasmarinas,Cavite,CALABARZON,Zonrox Bleach 500ml,Household Care,20,32.0,640.0,COD,Cancelled,,21/05/2026
ORD-20264657,2026-02-13,Fernando Garcia,Bagong Silang,Tagbilaran,Bohol,Central Visayas,Surf Powder Sachet,Household Care,14,8.0,112.0,GCash,Delivered,2026-02-17,13/02/2026
ORD-20264658,2026-06-19,Teresa Santos,Del Pilar,Davao City,Davao del Sur,Davao Region,Piattos 85g,Snacks,3,32.0,96.0,Bank Transfer,Returned,2026-06-24,19/06/2026
ORD-20264659,2026-02-23,Ramon Mendoza,San Jose,Tagum,Davao del Norte,Davao Region,Domex Toilet Cleaner,Household Care,17,55.0,935.0,GCash,Pending,,23/02/2026
ORD-20264660,2026-05-25,Teresa Santos,Del Pilar,Davao City,Davao del Sur,Davao Region,SkyFlakes Crackers,Snacks,6,15.0,90.0,GCash,Cancelled,,25/05/2026
ORD-20264661,2026-03-28,Manuel Villanueva,Malinta,Tarlac City,Tarlac,Central Luzon,Domex Toilet Cleaner,Household Care,9,55.0,495.0,Cash,Delivered,2026-04-07,28/03/2026
ORD-20264662,2026-04-10,Jose Cruz,Santo Nino,Angeles City,Pampanga,Central Luzon,Boy Bawang 100g,Snacks,9,18.0,162.0,Cash,Delivered,2026-04-20,10/04/2026
ORD-20264663,2026-06-09,Ricardo Cruz,San Antonio,Manila,Metro Manila,NCR,Colgate Toothpaste 75ml,Personal Care,11,45.0,495.0,COD,Delivered,2026-06-11,09/06/2026
ORD-20264664,2026-03-29,Maria Santos,Bagumbayan,Bacolod,Negros Occidental,Western Visayas,Nissin Cup Noodles,Noodles & Canned Goods,13,20.0,260.0,GCash,Pending,,29/03/2026
ORD-20264665,2026-03-24,Ana Mendoza,Del Pilar,Tagum,Davao del Norte,Davao Region,CDO Corned Beef,Noodles & Canned Goods,1,33.0,33.0,Cash,Returned,2026-04-03,24/03/2026
ORD-20264666,2026-05-22,Ricardo Pascual,Santo Nino,Tarlac City,Tarlac,Central Luzon,Surf Powder Sachet,Household Care,14,8.0,112.0,Cash,Delivered,2026-05-24,22/05/2026
ORD-20264667,2026-01-29,Pedro Reyes,Bagumbayan,Tagum,Davao del Norte,Davao Region,Sterling Notebook,School & Office Supplies,13,18.0,234.0,GCash,Cancelled,,29/01/2026
ORD-20264668,2026-03-26,Pedro Aquino,Rizal,Malolos,Bulacan,Central Luzon,Zonrox Bleach 500ml,Household Care,5,32.0,160.0,GCash,Delivered,2026-04-05,26/03/2026
ORD-20264669,2026-03-11,Eduardo Del Rosario,Santo Nino,Iloilo City,Iloilo,Western Visayas,Milo Sachet,Beverages,6,9.0,54.0,COD,Delivered,2026-03-20,11/03/2026
ORD-20264670,2026-01-25,Manuel Santos,Del Pilar,Mandaue,Cebu,Central Visayas,Safeguard Soap Bar,Personal Care,7,28.0,196.0,Cash,Delivered,2026-02-04,25/01/2026
ORD-20264671,2026-01-20,Josefina Santos,Santo Nino,Tagum,Davao del Norte,Davao Region,Boy Bawang 100g,Snacks,6,18.0,108.0,Maya,Delivered,2026-01-30,20/01/2026
ORD-20264672,2026-02-26,Cristina Pascual,Rizal,Davao City,Davao del Sur,Davao Region,Sterling Notebook,School & Office Supplies,13,18.0,234.0,Maya,Delivered,2026-03-07,26/02/2026
ORD-20264673,2026-06-12,Antonio Mendoza,San Isidro,Calamba,Laguna,CALABARZON,Argentina Corned Beef,Noodles & Canned Goods,10,35.0,350.0,COD,Cancelled,,12/06/2026
ORD-20264674,2026-04-15,Antonio Flores,Bagumbayan,Angeles City,Pampanga,Central Luzon,Safeguard Soap Bar,Personal Care,18,28.0,504.0,Cash,Cancelled,,15/04/2026
ORD-20264675,2026-02-04,Pedro Torres,Bagong Silang,Cebu City,Cebu,Central Visayas,Zonrox Bleach 500ml,Household Care,5,32.0,160.0,Maya,Delivered,2026-02-11,04/02/2026
ORD-20264676,2026-01-23,Josefina Santos,San Jose,Bacolod,Negros Occidental,Western Visayas,Sta. Maria Crayons,School & Office Supplies,6,40.0,240.0,COD,Pending,,23/01/2026
ORD-20264677,2026-01-07,Pedro Torres,Bagong Silang,Cebu City,Cebu,Central Visayas,Boy Bawang 100g,Snacks,12,18.0,216.0,GCash,Delivered,2026-01-10,07/01/2026
ORD-20264678,2026-05-11,Corazon Bautista,Bagumbayan,Bacolod,Negros Occidental,Western Visayas,ILUV Ballpen,School & Office Supplies,20,10.0,200.0,Bank Transfer,Delivered,2026-05-18,11/05/2026
ORD-20264679,2026-05-06,Juan Del Rosario,Poblacion,Davao City,Davao del Sur,Davao Region,ILUV Ballpen,School & Office Supplies,13,10.0,130.0,COD,Delivered,2026-05-10,06/05/2026
ORD-20264680,2026-02-09,Manuel Santos,Del Pilar,Mandaue,Cebu,Central Visayas,Yellow Pad Paper,School & Office Supplies,17,12.0,204.0,GCash,Delivered,2026-02-13,09/02/2026
ORD-20264681,2026-04-06,Maria Cruz,Del Pilar,Iloilo City,Iloilo,Western Visayas,Coca-Cola 1.5L,Beverages,12,65.0,780.0,Bank Transfer,Delivered,2026-04-10,06/04/2026
ORD-20264682,2026-05-23,Corazon Torres,Bagumbayan,Cebu City,Cebu,Central Visayas,Sterling Notebook,School & Office Supplies,5,18.0,90.0,Cash,Delivered,2026-06-01,23/05/2026
ORD-20264683,2026-03-27,Maria Cruz,Del Pilar,Iloilo City,Iloilo,Western Visayas,Surf Powder Sachet,Household Care,5,8.0,40.0,GCash,Delivered,2026-04-04,27/03/2026
ORD-20264684,2026-02-28,Luz Pascual,Santo Nino,Cebu City,Cebu,Central Visayas,CDO Corned Beef,Noodles & Canned Goods,5,33.0,165.0,Cash,Delivered,2026-03-04,28/02/2026
ORD-20264685,2026-04-18,Ramon Ocampo,Malinta,Davao City,Davao del Sur,Davao Region,C2 Green Tea 500ml,Beverages,18,22.0,396.0,COD,Delivered,2026-04-27,18/04/2026
ORD-20264686,2026-03-13,Ricardo Pascual,Santo Nino,Tarlac City,Tarlac,Central Luzon,SkyFlakes Crackers,Snacks,18,15.0,270.0,Cash,Delivered,2026-03-16,13/03/2026
ORD-20264687,2026-04-09,Antonio Flores,Bagumbayan,Angeles City,Pampanga,Central Luzon,Lucky Me Pancit Canton Noodles,Noodles & Canned Goods,5,14.0,70.0,GCash,Delivered,2026-04-11,09/04/2026
ORD-20264688,2026-03-11,Jose Flores,Bagumbayan,Bacolod,Negros Occidental,Western Visayas,Nissin Cup Noodles,Noodles & Canned Goods,16,20.0,320.0,COD,Delivered,2026-03-17,11/03/2026
ORD-20264689,2026-04-03,Ana Ocampo,Bagumbayan,Mandaue,Cebu,Central Visayas,Nescafe 3-in-1 Sachet,Beverages,15,8.0,120.0,Bank Transfer,Returned,2026-04-07,03/04/2026
ORD-20264690,2026-06-30,Pedro Cruz,Santo Nino,Manila,Metro Manila,NCR,Boy Bawang 100g,Snacks,15,18.0,270.0,GCash,Delivered,2026-07-01,30/06/2026
ORD-20264691,2026-01-16,Manuel Reyes,Rizal,Quezon City,Metro Manila,NCR,Safeguard Soap Bar,Personal Care,6,28.0,168.0,COD,Delivered,2026-01-21,16/01/2026
ORD-20264692,2026-04-01,Manuel Santos,Del Pilar,Tagum,Davao del Norte,Davao Region,Yellow Pad Paper,School & Office Supplies,16,12.0,192.0,Bank Transfer,Delivered,2026-04-05,01/04/2026
ORD-20264693,2026-04-11,Fernando Garcia,Bagong Silang,Tagbilaran,Bohol,Central Visayas,Sta. Maria Crayons,School & Office Supplies,12,40.0,480.0,Cash,Delivered,2026-04-16,11/04/2026
ORD-20264694,2026-01-07,Maria Cruz,Del Pilar,Iloilo City,Iloilo,Western Visayas,Surf Powder Sachet,Household Care,13,8.0,104.0,COD,Cancelled,,07/01/2026
ORD-20264695,2026-02-14,Josefina Santos,Rizal,Pasig,Metro Manila,NCR,Joy Dishwashing Liquid 250ml,Household Care,16,38.0,608.0,GCash,Returned,2026-02-18,14/02/2026
ORD-20264696,2026-04-19,Pedro Castillo,Santo Nino,Cebu City,Cebu,Central Visayas,ILUV Ballpen,School & Office Supplies,2,10.0,20.0,Cash,Delivered,2026-04-26,19/04/2026
ORD-20264697,2026-04-21,Antonio Santos,San Isidro,Bacolod,Negros Occidental,Western Visayas,Sta. Maria Crayons,School & Office Supplies,6,40.0,240.0,Cash,Delivered,2026-05-01,21/04/2026
ORD-20264698,2026-01-02,Ramon Santos,Rizal,Dasmarinas,Cavite,CALABARZON,Head & Shoulders Sachet,Personal Care,17,7.0,119.0,Maya,Delivered,2026-01-07,02/01/2026
ORD-20264699,2026-03-22,Maria Santos,Bagumbayan,Bacolod,Negros Occidental,Western Visayas,Piattos 85g,Snacks,13,32.0,416.0,Cash,Delivered,2026-03-25,22/03/2026
ORD-20264700,2026-04-20,Antonio Santos,Del Pilar,Iloilo City,Iloilo,Western Visayas,Domex Toilet Cleaner,Household Care,9,55.0,495.0,COD,Delivered,2026-04-27,20/04/2026
ORD-20264701,2026-03-17,Juan Villanueva,Bagumbayan,Pasig,Metro Manila,NCR,Sta. Maria Crayons,School & Office Supplies,18,40.0,720.0,COD,Returned,2026-03-24,17/03/2026
ORD-20264702,2026-02-09,Jose Ocampo,Bagumbayan,Mandaue,Cebu,Central Visayas,Zonrox Bleach 500ml,Household Care,3,32.0,96.0,Maya,Cancelled,,09/02/2026
ORD-20264703,2026-05-18,Luz Reyes,Poblacion,Dasmarinas,Cavite,CALABARZON,Safeguard Soap Bar,Personal Care,20,28.0,560.0,Cash,Pending,,18/05/2026
ORD-20264704,2026-01-18,Josefina Flores,Bagumbayan,Iloilo City,Iloilo,Western Visayas,Lucky Me Beef Sotanghon,Noodles & Canned Goods,5,13.0,65.0,GCash,Cancelled,,18/01/2026
ORD-20264705,2026-01-29,Juan Bautista,San Jose,Angeles City,Pampanga,Central Luzon,Nissin Cup Noodles,Noodles & Canned Goods,14,20.0,280.0,Cash,Delivered,2026-02-03,29/01/2026
ORD-20264706,2026-02-06,Luz Castillo,Bagumbayan,Calamba,Laguna,CALABARZON,Sta. Maria Crayons,School & Office Supplies,5,40.0,200.0,GCash,Cancelled,,06/02/2026
ORD-20264707,2026-03-19,Fernando Pascual,Malinta,Malolos,Bulacan,Central Luzon,Boy Bawang 100g,Snacks,7,18.0,126.0,GCash,Cancelled,,19/03/2026
ORD-20264708,2026-02-03,Fernando Garcia,Del Pilar,Iloilo City,Iloilo,Western Visayas,Zonrox Bleach 500ml,Household Care,16,32.0,512.0,GCash,Delivered,2026-02-12,03/02/2026
ORD-20264709,2026-05-20,Pedro Reyes,Poblacion,Tarlac City,Tarlac,Central Luzon,Joy Dishwashing Liquid 250ml,Household Care,14,38.0,532.0,Maya,Returned,2026-05-24,20/05/2026
ORD-20264710,2026-04-16,Ricardo Ocampo,Bagong Silang,Quezon City,Metro Manila,NCR,Sta. Maria Crayons,School & Office Supplies,20,40.0,800.0,Cash,Delivered,2026-04-25,16/04/2026
ORD-20264711,2026-06-05,Eduardo Ocampo,San Antonio,Tagum,Davao del Norte,Davao Region,ILUV Ballpen,School & Office Supplies,17,10.0,170.0,GCash,Delivered,2026-06-11,05/06/2026
ORD-20264712,2026-02-28,Josefina Bautista,Malinta,Calamba,Laguna,CALABARZON,Palmolive Shampoo Sachet,Personal Care,17,6.0,102.0,Maya,Delivered,2026-03-01,28/02/2026
ORD-20264713,2026-02-11,Eduardo Pascual,Bagong Silang,Tarlac City,Tarlac,Central Luzon,Lucky Me Beef Sotanghon,Noodles & Canned Goods,6,13.0,78.0,Cash,Delivered,2026-02-12,11/02/2026
ORD-20264714,2026-01-16,Ramon Mendoza,San Jose,Tagum,Davao del Norte,Davao Region,Head & Shoulders Sachet,Personal Care,6,7.0,42.0,COD,Delivered,2026-01-23,16/01/2026
ORD-20264715,2026-06-24,Luz Ocampo,San Antonio,Bacolod,Negros Occidental,Western Visayas,Argentina Corned Beef,Noodles & Canned Goods,8,35.0,280.0,Cash,Delivered,2026-07-01,24/06/2026
ORD-20264716,2026-02-28,Corazon Bautista,Bagong Silang,Davao City,Davao del Sur,Davao Region,Head & Shoulders Sachet,Personal Care,11,7.0,77.0,COD,Cancelled,,28/02/2026
ORD-20264717,2026-04-03,Teresa Reyes,Rizal,Iloilo City,Iloilo,Western Visayas,Piattos 85g,Snacks,14,32.0,448.0,Maya,Pending,,03/04/2026
ORD-20264718,2026-05-20,Pedro Castillo,Santo Nino,Cebu City,Cebu,Central Visayas,Surf Powder Sachet,Household Care,15,8.0,120.0,GCash,Delivered,2026-05-27,20/05/2026
ORD-20264719,2026-04-21,Pedro Ocampo,Santo Nino,Cebu City,Cebu,Central Visayas,Piattos 85g,Snacks,14,32.0,448.0,COD,Returned,2026-05-01,21/04/2026
ORD-20264720,2026-04-13,Luz Cruz,San Antonio,Makati,Metro Manila,NCR,555 Sardines,Noodles & Canned Goods,18,22.0,396.0,COD,Returned,2026-04-19,13/04/2026
ORD-20264721,2026-04-24,Josefina Santos,Rizal,Pasig,Metro Manila,NCR,Sterling Notebook,School & Office Supplies,2,18.0,36.0,GCash,Delivered,2026-04-26,24/04/2026
ORD-20264722,2026-02-25,Antonio Santos,San Isidro,Bacolod,Negros Occidental,Western Visayas,Joy Dishwashing Liquid 250ml,Household Care,3,38.0,114.0,Cash,Returned,2026-03-01,25/02/2026
ORD-20264723,2026-05-04,Luz Garcia,San Isidro,Tagum,Davao del Norte,Davao Region,Head & Shoulders Sachet,Personal Care,2,7.0,14.0,Maya,Delivered,2026-05-09,04/05/2026
ORD-20264724,2026-02-21,Eduardo Mendoza,San Isidro,Cebu City,Cebu,Central Visayas,Nescafe 3-in-1 Sachet,Beverages,7,8.0,56.0,Cash,Delivered,2026-02-22,21/02/2026
ORD-20264725,2026-01-19,Manuel Flores,San Antonio,Angeles City,Pampanga,Central Luzon,Milo Sachet,Beverages,15,9.0,135.0,Cash,Pending,,19/01/2026
ORD-20264726,2026-04-11,Eduardo Mendoza,San Isidro,Cebu City,Cebu,Central Visayas,Yellow Pad Paper,School & Office Supplies,8,12.0,96.0,COD,Delivered,2026-04-16,11/04/2026
ORD-20264727,2026-03-26,Josefina Ocampo,San Antonio,Davao City,Davao del Sur,Davao Region,Domex Toilet Cleaner,Household Care,16,55.0,880.0,COD,Delivered,2026-04-01,26/03/2026
ORD-20264728,2026-01-14,Corazon Ramos,San Jose,Pasig,Metro Manila,NCR,Sta. Maria Crayons,School & Office Supplies,5,40.0,200.0,COD,Pending,,14/01/2026
ORD-20264729,2026-01-10,Josefina Ramos,San Isidro,Cebu City,Cebu,Central Visayas,ILUV Ballpen,School & Office Supplies,3,10.0,30.0,Bank Transfer,Delivered,2026-01-14,10/01/2026
ORD-20264730,2026-02-02,Cristina Santos,Poblacion,Makati,Metro Manila,NCR,ILUV Ballpen,School & Office Supplies,8,10.0,80.0,Cash,Delivered,2026-02-05,02/02/2026
ORD-20264731,2026-03-14,Cristina Garcia,Del Pilar,Dasmarinas,Cavite,CALABARZON,Piattos 85g,Snacks,6,32.0,192.0,Bank Transfer,Delivered,2026-03-22,14/03/2026
ORD-20264732,2026-05-02,Maria Cruz,Del Pilar,Iloilo City,Iloilo,Western Visayas,CDO Corned Beef,Noodles & Canned Goods,7,33.0,231.0,Cash,Cancelled,,02/05/2026
ORD-20264733,2026-02-09,Ricardo Cruz,San Isidro,Calamba,Laguna,CALABARZON,Sterling Notebook,School & Office Supplies,10,18.0,180.0,COD,Returned,2026-02-12,09/02/2026
ORD-20264734,2026-01-09,Corazon Villanueva,Rizal,Angeles City,Pampanga,Central Luzon,Head & Shoulders Sachet,Personal Care,15,7.0,105.0,COD,Delivered,2026-01-16,09/01/2026
ORD-20264735,2026-05-03,Eduardo Bautista,San Jose,Cebu City,Cebu,Central Visayas,Coca-Cola 1.5L,Beverages,1,65.0,65.0,GCash,Returned,2026-05-07,03/05/2026
ORD-20264736,2026-02-18,Pedro Torres,San Jose,Tarlac City,Tarlac,Central Luzon,555 Sardines,Noodles & Canned Goods,7,22.0,154.0,Cash,Delivered,2026-02-28,18/02/2026
ORD-20264737,2026-01-22,Teresa Reyes,Rizal,Iloilo City,Iloilo,Western Visayas,Palmolive Shampoo Sachet,Personal Care,1,6.0,6.0,Maya,Delivered,2026-01-23,22/01/2026
ORD-20264738,2026-03-05,Juan Ramos,Bagumbayan,Manila,Metro Manila,NCR,Palmolive Shampoo Sachet,Personal Care,1,6.0,6.0,Cash,Delivered,2026-03-12,05/03/2026
ORD-20264739,2026-03-11,Elena Cruz,Santo Nino,Angeles City,Pampanga,Central Luzon,Lucky Me Pancit Canton Noodles,Noodles & Canned Goods,13,14.0,182.0,Maya,Returned,2026-03-20,11/03/2026
ORD-20264740,2026-04-10,Antonio Santos,Del Pilar,Iloilo City,Iloilo,Western Visayas,Sterling Notebook,School & Office Supplies,13,18.0,234.0,GCash,Delivered,2026-04-13,10/04/2026
ORD-20264741,2026-03-15,Ricardo Cruz,San Isidro,Calamba,Laguna,CALABARZON,Sterling Notebook,School & Office Supplies,5,18.0,90.0,GCash,Cancelled,,15/03/2026
ORD-20264742,2026-06-15,Josefina Ramos,San Isidro,Cebu City,Cebu,Central Visayas,Nescafe 3-in-1 Sachet,Beverages,15,8.0,120.0,Cash,Delivered,2026-06-18,15/06/2026
ORD-20264743,2026-01-15,Fernando Garcia,Bagong Silang,Tagbilaran,Bohol,Central Visayas,CDO Corned Beef,Noodles & Canned Goods,10,33.0,330.0,Cash,Delivered,2026-01-24,15/01/2026
ORD-20264744,2026-05-14,Fernando Mendoza,Santo Nino,Quezon City,Metro Manila,NCR,Surf Powder Sachet,Household Care,12,8.0,96.0,Cash,Delivered,2026-05-19,14/05/2026
ORD-20264745,2026-06-03,Corazon Reyes,Malinta,Calamba,Laguna,CALABARZON,Nescafe 3-in-1 Sachet,Beverages,4,8.0,32.0,Maya,Pending,,03/06/2026
ORD-20264746,2026-03-03,Josefina Cruz,Poblacion,Bacolod,Negros Occidental,Western Visayas,Nescafe 3-in-1 Sachet,Beverages,9,8.0,72.0,GCash,Delivered,2026-03-07,03/03/2026
ORD-20264747,2026-05-16,Pedro Garcia,Bagong Silang,Manila,Metro Manila,NCR,Coca-Cola 1.5L,Beverages,13,65.0,845.0,COD,Returned,2026-05-20,16/05/2026
ORD-20264748,2026-04-07,Roberto Torres,Del Pilar,Tarlac City,Tarlac,Central Luzon,555 Sardines,Noodles & Canned Goods,3,22.0,66.0,Cash,Delivered,2026-04-09,07/04/2026
ORD-20264749,2026-05-17,Fernando Santos,San Antonio,Bacolod,Negros Occidental,Western Visayas,Colgate Toothpaste 75ml,Personal Care,19,45.0,855.0,COD,Delivered,2026-05-21,17/05/2026
ORD-20264750,2026-05-03,Antonio Aquino,Del Pilar,Dasmarinas,Cavite,CALABARZON,Nova Multigrain 78g,Snacks,16,30.0,480.0,COD,Delivered,2026-05-13,03/05/2026
ORD-20264751,2026-01-21,Josefina Mendoza,San Antonio,Angeles City,Pampanga,Central Luzon,Lucky Me Pancit Canton Noodles,Noodles & Canned Goods,9,14.0,126.0,Cash,Delivered,2026-01-22,21/01/2026
ORD-20264752,2026-06-10,Luz Reyes,San Jose,Tarlac City,Tarlac,Central Luzon,Joy Dishwashing Liquid 250ml,Household Care,16,38.0,608.0,COD,Delivered,2026-06-20,10/06/2026
ORD-20264753,2026-03-14,Jose Castillo,Del Pilar,Malolos,Bulacan,Central Luzon,Boy Bawang 100g,Snacks,6,18.0,108.0,COD,Delivered,2026-03-20,14/03/2026
ORD-20264754,2026-05-18,Ana Mendoza,Del Pilar,Tagum,Davao del Norte,Davao Region,Lucky Me Beef Sotanghon,Noodles & Canned Goods,12,13.0,156.0,GCash,Delivered,2026-05-25,18/05/2026
ORD-20264755,2026-02-13,Jose Castillo,Malinta,Bacolod,Negros Occidental,Western Visayas,Sta. Maria Crayons,School & Office Supplies,15,40.0,600.0,COD,Delivered,2026-02-15,13/02/2026
ORD-20264756,2026-04-05,Rosa Pascual,San Isidro,Manila,Metro Manila,NCR,SkyFlakes Crackers,Snacks,12,15.0,180.0,Cash,Cancelled,,05/04/2026
ORD-20264757,2026-06-20,Ricardo Flores,San Jose,Tagbilaran,Bohol,Central Visayas,Lucky Me Pancit Canton Noodles,Noodles & Canned Goods,2,14.0,28.0,Bank Transfer,Delivered,2026-06-28,20/06/2026
ORD-20264758,2026-02-25,Corazon Reyes,Malinta,Calamba,Laguna,CALABARZON,Nissin Cup Noodles,Noodles & Canned Goods,11,20.0,220.0,Maya,Delivered,2026-03-01,25/02/2026
ORD-20264759,2026-01-19,Juan Del Rosario,Poblacion,Davao City,Davao del Sur,Davao Region,Domex Toilet Cleaner,Household Care,9,55.0,495.0,Cash,Delivered,2026-01-25,19/01/2026
ORD-20264760,2026-06-19,Josefina Torres,San Isidro,Tagbilaran,Bohol,Central Visayas,Domex Toilet Cleaner,Household Care,19,55.0,1045.0,COD,Delivered,2026-06-28,19/06/2026
ORD-20264761,2026-01-30,Teresa Villanueva,Santo Nino,Malolos,Bulacan,Central Luzon,Colgate Toothpaste 75ml,Personal Care,3,45.0,135.0,Cash,Returned,2026-02-04,30/01/2026
ORD-20264762,2026-04-08,Josefina Ramos,San Isidro,Cebu City,Cebu,Central Visayas,555 Sardines,Noodles & Canned Goods,11,22.0,242.0,GCash,Delivered,2026-04-16,08/04/2026
ORD-20264763,2026-05-16,Teresa Mendoza,San Isidro,Cebu City,Cebu,Central Visayas,Palmolive Shampoo Sachet,Personal Care,16,6.0,96.0,COD,Delivered,2026-05-26,16/05/2026
ORD-20264764,2026-06-15,Juan Villanueva,Bagumbayan,Pasig,Metro Manila,NCR,Nissin Cup Noodles,Noodles & Canned Goods,7,20.0,140.0,Cash,Delivered,2026-06-20,15/06/2026
ORD-20264765,2026-03-05,Rosa Aquino,Bagumbayan,Pasig,Metro Manila,NCR,Lucky Me Beef Sotanghon,Noodles & Canned Goods,5,13.0,65.0,Maya,Delivered,2026-03-06,05/03/2026
ORD-20264766,2026-04-05,Corazon Villanueva,San Isidro,Makati,Metro Manila,NCR,Zonrox Bleach 500ml,Household Care,18,32.0,576.0,Cash,Delivered,2026-04-14,05/04/2026
ORD-20264767,2026-01-16,Eduardo Mendoza,San Isidro,Tagum,Davao del Norte,Davao Region,SkyFlakes Crackers,Snacks,15,15.0,225.0,GCash,Returned,2026-01-22,16/01/2026
ORD-20264768,2026-03-05,Carmen Mendoza,Santo Nino,Malolos,Bulacan,Central Luzon,Surf Powder Sachet,Household Care,8,8.0,64.0,Maya,Delivered,2026-03-09,05/03/2026
ORD-20264769,2026-03-23,Teresa Reyes,Rizal,Iloilo City,Iloilo,Western Visayas,CDO Corned Beef,Noodles & Canned Goods,10,33.0,330.0,COD,Cancelled,,23/03/2026
ORD-20264770,2026-01-04,Luz Garcia,San Isidro,Tagum,Davao del Norte,Davao Region,Surf Powder Sachet,Household Care,4,8.0,32.0,GCash,Pending,,04/01/2026
ORD-20264771,2026-03-16,Fernando Ocampo,Del Pilar,Tagum,Davao del Norte,Davao Region,Nissin Cup Noodles,Noodles & Canned Goods,10,20.0,200.0,Cash,Delivered,2026-03-25,16/03/2026
ORD-20264772,2026-03-20,Eduardo Del Rosario,Santo Nino,Iloilo City,Iloilo,Western Visayas,Domex Toilet Cleaner,Household Care,12,55.0,660.0,Cash,Delivered,2026-03-25,20/03/2026
ORD-20264773,2026-05-28,Eduardo Del Rosario,Santo Nino,Iloilo City,Iloilo,Western Visayas,Safeguard Soap Bar,Personal Care,15,28.0,420.0,Bank Transfer,Delivered,2026-06-06,28/05/2026
ORD-20264774,2026-01-14,Fernando Garcia,Del Pilar,Iloilo City,Iloilo,Western Visayas,CDO Corned Beef,Noodles & Canned Goods,8,33.0,264.0,Cash,Delivered,2026-01-21,14/01/2026
ORD-20264775,2026-03-12,Roberto Bautista,Del Pilar,Tagum,Davao del Norte,Davao Region,Palmolive Shampoo Sachet,Personal Care,18,6.0,108.0,GCash,Cancelled,,12/03/2026
ORD-20264776,2026-04-10,Luz Cruz,San Antonio,Makati,Metro Manila,NCR,Boy Bawang 100g,Snacks,10,18.0,180.0,COD,Returned,2026-04-12,10/04/2026
ORD-20264777,2026-03-04,Josefina Ocampo,San Antonio,Davao City,Davao del Sur,Davao Region,Milo Sachet,Beverages,1,9.0,9.0,Maya,Delivered,2026-03-08,04/03/2026
ORD-20264778,2026-05-19,Luz Reyes,Poblacion,Dasmarinas,Cavite,CALABARZON,Nova Multigrain 78g,Snacks,19,30.0,570.0,COD,Delivered,2026-05-23,19/05/2026
ORD-20264779,2026-02-10,Jose Reyes,Rizal,Tagum,Davao del Norte,Davao Region,CDO Corned Beef,Noodles & Canned Goods,17,33.0,561.0,GCash,Delivered,2026-02-11,10/02/2026
ORD-20264780,2026-03-23,Eduardo Santos,San Isidro,Pasig,Metro Manila,NCR,Safeguard Soap Bar,Personal Care,8,28.0,224.0,GCash,Pending,,23/03/2026
ORD-20264781,2026-01-12,Antonio Mendoza,San Isidro,Calamba,Laguna,CALABARZON,Safeguard Soap Bar,Personal Care,1,28.0,28.0,Maya,Delivered,2026-01-15,12/01/2026
ORD-20264782,2026-05-26,Elena Cruz,Santo Nino,Angeles City,Pampanga,Central Luzon,Nissin Cup Noodles,Noodles & Canned Goods,17,20.0,340.0,Cash,Delivered,2026-05-30,26/05/2026
ORD-20264783,2026-05-22,Maria Castillo,Rizal,Tagum,Davao del Norte,Davao Region,Head & Shoulders Sachet,Personal Care,15,7.0,105.0,COD,Delivered,2026-05-25,22/05/2026
ORD-20264784,2026-05-22,Manuel Flores,Poblacion,Dasmarinas,Cavite,CALABARZON,Yellow Pad Paper,School & Office Supplies,9,12.0,108.0,GCash,Delivered,2026-06-01,22/05/2026
ORD-20264785,2026-06-19,Jose Cruz,Santo Nino,Angeles City,Pampanga,Central Luzon,Nova Multigrain 78g,Snacks,1,30.0,30.0,COD,Delivered,2026-06-27,19/06/2026
ORD-20264786,2026-02-22,Corazon Bautista,Bagumbayan,Bacolod,Negros Occidental,Western Visayas,555 Sardines,Noodles & Canned Goods,19,22.0,418.0,Cash,Delivered,2026-03-04,22/02/2026
ORD-20264787,2026-04-05,Josefina Cruz,Poblacion,Bacolod,Negros Occidental,Western Visayas,Nova Multigrain 78g,Snacks,4,30.0,120.0,COD,Returned,2026-04-13,05/04/2026
ORD-20264788,2026-02-26,Luz Cruz,San Antonio,Makati,Metro Manila,NCR,Domex Toilet Cleaner,Household Care,11,55.0,605.0,GCash,Delivered,2026-03-03,26/02/2026
ORD-20264789,2026-06-24,Josefina Bautista,Malinta,Calamba,Laguna,CALABARZON,Argentina Corned Beef,Noodles & Canned Goods,12,35.0,420.0,Cash,Delivered,2026-06-28,24/06/2026
ORD-20264790,2026-01-20,Maria Flores,San Isidro,Makati,Metro Manila,NCR,Lucky Me Beef Sotanghon,Noodles & Canned Goods,7,13.0,91.0,Cash,Delivered,2026-01-21,20/01/2026
ORD-20264791,2026-03-03,Eduardo Pascual,Bagong Silang,Tarlac City,Tarlac,Central Luzon,Lucky Me Beef Sotanghon,Noodles & Canned Goods,14,13.0,182.0,COD,Cancelled,,03/03/2026
ORD-20264792,2026-06-26,Eduardo Pascual,Bagong Silang,Tarlac City,Tarlac,Central Luzon,Head & Shoulders Sachet,Personal Care,11,7.0,77.0,COD,Delivered,2026-06-30,26/06/2026
ORD-20264793,2026-03-04,Antonio Bautista,Rizal,Davao City,Davao del Sur,Davao Region,Domex Toilet Cleaner,Household Care,14,55.0,770.0,Cash,Delivered,2026-03-12,04/03/2026
ORD-20264794,2026-06-20,Juan Bautista,San Jose,Angeles City,Pampanga,Central Luzon,Zonrox Bleach 500ml,Household Care,15,32.0,480.0,GCash,Pending,,20/06/2026
ORD-20264795,2026-06-07,Ricardo Aquino,San Isidro,Cebu City,Cebu,Central Visayas,Joy Dishwashing Liquid 250ml,Household Care,3,38.0,114.0,Cash,Delivered,2026-06-12,07/06/2026
ORD-20264796,2026-05-12,Manuel Santos,Del Pilar,Mandaue,Cebu,Central Visayas,Milo Sachet,Beverages,12,9.0,108.0,Cash,Delivered,2026-05-15,12/05/2026
ORD-20264797,2026-02-19,Antonio Bautista,Rizal,Davao City,Davao del Sur,Davao Region,CDO Corned Beef,Noodles & Canned Goods,7,33.0,231.0,GCash,Delivered,2026-02-21,19/02/2026
ORD-20264798,2026-05-02,Luz Ocampo,San Antonio,Bacolod,Negros Occidental,Western Visayas,SkyFlakes Crackers,Snacks,4,15.0,60.0,GCash,Delivered,2026-05-03,02/05/2026
ORD-20264799,2026-03-15,Carmen Flores,Del Pilar,Davao City,Davao del Sur,Davao Region,Safeguard Soap Bar,Personal Care,13,28.0,364.0,GCash,Delivered,2026-03-24,15/03/2026
ORD-20264800,2026-01-04,Maria Cruz,Del Pilar,Iloilo City,Iloilo,Western Visayas,Yellow Pad Paper,School & Office Supplies,1,12.0,12.0,COD,Delivered,2026-01-05,04/01/2026
ORD-20264801,2026-03-01,Jose Ocampo,Malinta,Dasmarinas,Cavite,CALABARZON,Domex Toilet Cleaner,Household Care,7,55.0,385.0,COD,Delivered,2026-03-05,01/03/2026
ORD-20264802,2026-01-11,Manuel Mendoza,Poblacion,Tagbilaran,Bohol,Central Visayas,SkyFlakes Crackers,Snacks,20,15.0,300.0,Maya,Cancelled,,11/01/2026
ORD-20264803,2026-05-27,Maria Pascual,Bagumbayan,Tagum,Davao del Norte,Davao Region,Lucky Me Pancit Canton Noodles,Noodles & Canned Goods,19,14.0,266.0,GCash,Pending,,27/05/2026
ORD-20264804,2026-01-15,Manuel Mendoza,Poblacion,Tagbilaran,Bohol,Central Visayas,SkyFlakes Crackers,Snacks,10,15.0,150.0,GCash,Delivered,2026-01-25,15/01/2026
ORD-20264805,2026-05-30,Jose Torres,San Antonio,Dasmarinas,Cavite,CALABARZON,Colgate Toothpaste 75ml,Personal Care,7,45.0,315.0,Cash,Delivered,2026-06-05,30/05/2026
ORD-20264806,2026-02-21,Roberto Del Rosario,San Isidro,Malolos,Bulacan,Central Luzon,Nissin Cup Noodles,Noodles & Canned Goods,15,20.0,300.0,COD,Delivered,2026-02-28,21/02/2026
ORD-20264807,2026-01-27,Maria Castillo,Rizal,Tagum,Davao del Norte,Davao Region,Boy Bawang 100g,Snacks,14,18.0,252.0,Cash,Delivered,2026-01-30,27/01/2026
ORD-20264808,2026-02-26,Eduardo Aquino,Bagong Silang,Tarlac City,Tarlac,Central Luzon,Piattos 85g,Snacks,11,32.0,352.0,Bank Transfer,Delivered,2026-03-07,26/02/2026
ORD-20264809,2026-04-13,Maria Castillo,Rizal,Tagum,Davao del Norte,Davao Region,Coca-Cola 1.5L,Beverages,12,65.0,780.0,Maya,Returned,2026-04-23,13/04/2026
ORD-20264810,2026-06-09,Josefina Flores,Bagumbayan,Iloilo City,Iloilo,Western Visayas,Coca-Cola 1.5L,Beverages,4,65.0,260.0,GCash,Delivered,2026-06-18,09/06/2026
ORD-20264811,2026-06-03,Maria Villanueva,Malinta,Calamba,Laguna,CALABARZON,Yellow Pad Paper,School & Office Supplies,15,12.0,180.0,Cash,Delivered,2026-06-07,03/06/2026
ORD-20264812,2026-01-30,Ramon Mendoza,San Jose,Tagum,Davao del Norte,Davao Region,CDO Corned Beef,Noodles & Canned Goods,5,33.0,165.0,Cash,Delivered,2026-02-01,30/01/2026
ORD-20264813,2026-03-02,Juan Torres,Poblacion,Pasig,Metro Manila,NCR,555 Sardines,Noodles & Canned Goods,13,22.0,286.0,GCash,Returned,2026-03-05,02/03/2026
ORD-20264814,2026-03-15,Maria Castillo,Rizal,Tagum,Davao del Norte,Davao Region,Zonrox Bleach 500ml,Household Care,18,32.0,576.0,GCash,Delivered,2026-03-19,15/03/2026
ORD-20264815,2026-04-15,Pedro Reyes,Bagumbayan,Tagum,Davao del Norte,Davao Region,C2 Green Tea 500ml,Beverages,4,22.0,88.0,Maya,Delivered,2026-04-17,15/04/2026
ORD-20264816,2026-02-10,Elena Villanueva,Poblacion,Malolos,Bulacan,Central Luzon,Boy Bawang 100g,Snacks,13,18.0,234.0,COD,Delivered,2026-02-18,10/02/2026
ORD-20264817,2026-03-10,Antonio Mendoza,San Isidro,Calamba,Laguna,CALABARZON,CDO Corned Beef,Noodles & Canned Goods,20,33.0,660.0,GCash,Cancelled,,10/03/2026
ORD-20264818,2026-01-02,Ricardo Pascual,Santo Nino,Tarlac City,Tarlac,Central Luzon,Safeguard Soap Bar,Personal Care,4,28.0,112.0,Cash,Delivered,2026-01-06,02/01/2026
ORD-20264819,2026-06-03,Eduardo Aquino,Bagong Silang,Tarlac City,Tarlac,Central Luzon,C2 Green Tea 500ml,Beverages,3,22.0,66.0,COD,Delivered,2026-06-09,03/06/2026
ORD-20264820,2026-02-05,Roberto Garcia,Rizal,Manila,Metro Manila,NCR,Lucky Me Pancit Canton Noodles,Noodles & Canned Goods,18,14.0,252.0,COD,Delivered,2026-02-09,05/02/2026
ORD-20264821,2026-03-17,Maria Cruz,Del Pilar,Iloilo City,Iloilo,Western Visayas,Piattos 85g,Snacks,18,32.0,576.0,COD,Delivered,2026-03-21,17/03/2026
ORD-20264822,2026-03-15,Josefina Santos,Bagumbayan,Tagbilaran,Bohol,Central Visayas,Head & Shoulders Sachet,Personal Care,6,7.0,42.0,GCash,Delivered,2026-03-22,15/03/2026
ORD-20264823,2026-06-04,Ricardo Bautista,Bagong Silang,Tagum,Davao del Norte,Davao Region,Nescafe 3-in-1 Sachet,Beverages,7,8.0,56.0,Cash,Delivered,2026-06-09,04/06/2026
ORD-20264824,2026-01-03,Manuel Villanueva,Malinta,Tarlac City,Tarlac,Central Luzon,555 Sardines,Noodles & Canned Goods,9,22.0,198.0,GCash,Delivered,2026-01-07,03/01/2026
ORD-20264825,2026-03-10,Antonio Santos,San Isidro,Bacolod,Negros Occidental,Western Visayas,Argentina Corned Beef,Noodles & Canned Goods,2,35.0,70.0,COD,Delivered,2026-03-18,10/03/2026
ORD-20264826,2026-01-13,Fernando Villanueva,Bagumbayan,Bacolod,Negros Occidental,Western Visayas,Palmolive Shampoo Sachet,Personal Care,20,6.0,120.0,COD,Pending,,13/01/2026
ORD-20264827,2026-05-14,Josefina Torres,Malinta,Tagum,Davao del Norte,Davao Region,Coca-Cola 1.5L,Beverages,1,65.0,65.0,GCash,Pending,,14/05/2026
ORD-20264828,2026-04-25,Josefina Cruz,Poblacion,Bacolod,Negros Occidental,Western Visayas,Argentina Corned Beef,Noodles & Canned Goods,7,35.0,245.0,Maya,Delivered,2026-04-30,25/04/2026
ORD-20264829,2026-06-08,Jose Torres,San Antonio,Dasmarinas,Cavite,CALABARZON,Milo Sachet,Beverages,13,9.0,117.0,COD,Delivered,2026-06-09,08/06/2026
ORD-20264830,2026-03-28,Ricardo Bautista,Del Pilar,Manila,Metro Manila,NCR,ILUV Ballpen,School & Office Supplies,10,10.0,100.0,GCash,Delivered,2026-04-01,28/03/2026
ORD-20264831,2026-05-01,Corazon Aquino,San Antonio,Tagum,Davao del Norte,Davao Region,Zonrox Bleach 500ml,Household Care,13,32.0,416.0,GCash,Cancelled,,01/05/2026
ORD-20264832,2026-04-20,Ricardo Cruz,San Antonio,Manila,Metro Manila,NCR,Sterling Notebook,School & Office Supplies,10,18.0,180.0,COD,Delivered,2026-04-23,20/04/2026
ORD-20264833,2026-05-07,Jose Torres,San Antonio,Dasmarinas,Cavite,CALABARZON,Yellow Pad Paper,School & Office Supplies,14,12.0,168.0,Cash,Delivered,2026-05-17,07/05/2026
ORD-20264834,2026-03-15,Antonio Bautista,Rizal,Davao City,Davao del Sur,Davao Region,555 Sardines,Noodles & Canned Goods,19,22.0,418.0,GCash,Delivered,2026-03-22,15/03/2026
ORD-20264835,2026-03-15,Jose Ocampo,Bagumbayan,Mandaue,Cebu,Central Visayas,Milo Sachet,Beverages,13,9.0,117.0,Bank Transfer,Delivered,2026-03-17,15/03/2026
ORD-20264836,2026-03-19,Fernando Villanueva,Bagumbayan,Bacolod,Negros Occidental,Western Visayas,ILUV Ballpen,School & Office Supplies,9,10.0,90.0,COD,Delivered,2026-03-29,19/03/2026
ORD-20264837,2026-05-17,Jose Torres,San Antonio,Dasmarinas,Cavite,CALABARZON,Zonrox Bleach 500ml,Household Care,16,32.0,512.0,GCash,Delivered,2026-05-23,17/05/2026
ORD-20264838,2026-06-05,Jose Castillo,Del Pilar,Malolos,Bulacan,Central Luzon,Coca-Cola 1.5L,Beverages,8,65.0,520.0,GCash,Delivered,2026-06-14,05/06/2026
ORD-20264839,2026-04-24,Roberto Torres,Del Pilar,Tarlac City,Tarlac,Central Luzon,Nova Multigrain 78g,Snacks,11,30.0,330.0,Cash,Delivered,2026-05-04,24/04/2026
ORD-20264840,2026-05-08,Fernando Pascual,Rizal,Quezon City,Metro Manila,NCR,ILUV Ballpen,School & Office Supplies,2,10.0,20.0,COD,Delivered,2026-05-11,08/05/2026
ORD-20264841,2026-02-10,Elena Aquino,Santo Nino,Bacolod,Negros Occidental,Western Visayas,Nescafe 3-in-1 Sachet,Beverages,10,8.0,80.0,Maya,Delivered,2026-02-20,10/02/2026
ORD-20264842,2026-05-06,Corazon Bautista,Bagumbayan,Bacolod,Negros Occidental,Western Visayas,ILUV Ballpen,School & Office Supplies,10,10.0,100.0,Cash,Delivered,2026-05-14,06/05/2026
ORD-20264843,2026-01-04,Josefina Santos,Santo Nino,Tagum,Davao del Norte,Davao Region,Yellow Pad Paper,School & Office Supplies,20,12.0,240.0,COD,Delivered,2026-01-06,04/01/2026
ORD-20264844,2026-05-02,Ricardo Flores,San Isidro,Iloilo City,Iloilo,Western Visayas,Piattos 85g,Snacks,2,32.0,64.0,Cash,Delivered,2026-05-07,02/05/2026
ORD-20264845,2026-05-25,Corazon Bautista,Bagumbayan,Bacolod,Negros Occidental,Western Visayas,555 Sardines,Noodles & Canned Goods,6,22.0,132.0,COD,Cancelled,,25/05/2026
ORD-20264846,2026-06-13,Ana Flores,Poblacion,Tagum,Davao del Norte,Davao Region,Joy Dishwashing Liquid 250ml,Household Care,10,38.0,380.0,COD,Cancelled,,13/06/2026
ORD-20264847,2026-01-26,Pedro Ocampo,San Isidro,Manila,Metro Manila,NCR,SkyFlakes Crackers,Snacks,10,15.0,150.0,COD,Delivered,2026-02-02,26/01/2026
ORD-20264848,2026-03-28,Ana Ramos,San Antonio,Malolos,Bulacan,Central Luzon,Nescafe 3-in-1 Sachet,Beverages,9,8.0,72.0,COD,Delivered,2026-03-30,28/03/2026
ORD-20264849,2026-04-21,Elena Ramos,Malinta,Tarlac City,Tarlac,Central Luzon,Colgate Toothpaste 75ml,Personal Care,11,45.0,495.0,GCash,Delivered,2026-04-30,21/04/2026
ORD-20264850,2026-05-11,Rosa Del Rosario,Bagumbayan,Pasig,Metro Manila,NCR,ILUV Ballpen,School & Office Supplies,15,10.0,150.0,COD,Delivered,2026-05-18,11/05/2026
ORD-20264851,2026-06-19,Teresa Villanueva,San Antonio,Iloilo City,Iloilo,Western Visayas,Lucky Me Pancit Canton Noodles,Noodles & Canned Goods,5,14.0,70.0,COD,Returned,2026-06-25,19/06/2026
ORD-20264852,2026-02-20,Maria Castillo,Rizal,Tagum,Davao del Norte,Davao Region,Safeguard Soap Bar,Personal Care,7,28.0,196.0,COD,Delivered,2026-02-22,20/02/2026
ORD-20264853,2026-04-09,Cristina Torres,San Antonio,Quezon City,Metro Manila,NCR,Domex Toilet Cleaner,Household Care,9,55.0,495.0,COD,Delivered,2026-04-16,09/04/2026
ORD-20264854,2026-04-28,Eduardo Mendoza,San Isidro,Tagum,Davao del Norte,Davao Region,C2 Green Tea 500ml,Beverages,15,22.0,330.0,Cash,Delivered,2026-05-02,28/04/2026
ORD-20264855,2026-06-26,Eduardo Del Rosario,Santo Nino,Iloilo City,Iloilo,Western Visayas,Safeguard Soap Bar,Personal Care,13,28.0,364.0,COD,Delivered,2026-06-28,26/06/2026
ORD-20264856,2026-03-06,Eduardo Mendoza,San Isidro,Tagum,Davao del Norte,Davao Region,ILUV Ballpen,School & Office Supplies,11,10.0,110.0,Cash,Delivered,2026-03-07,06/03/2026
ORD-20264857,2026-04-10,Ana Ramos,Bagumbayan,Tarlac City,Tarlac,Central Luzon,Yellow Pad Paper,School & Office Supplies,1,12.0,12.0,Cash,Pending,,10/04/2026
ORD-20264858,2026-05-07,Fernando Santos,San Antonio,Bacolod,Negros Occidental,Western Visayas,Surf Powder Sachet,Household Care,17,8.0,136.0,GCash,Delivered,2026-05-15,07/05/2026
ORD-20264859,2026-03-28,Luz Aquino,Bagong Silang,Tarlac City,Tarlac,Central Luzon,C2 Green Tea 500ml,Beverages,15,22.0,330.0,COD,Delivered,2026-04-07,28/03/2026
ORD-20264860,2026-01-17,Ana Torres,San Antonio,Pasig,Metro Manila,NCR,Piattos 85g,Snacks,19,32.0,608.0,GCash,Delivered,2026-01-21,17/01/2026
ORD-20264861,2026-04-29,Pedro Aquino,Rizal,Malolos,Bulacan,Central Luzon,Colgate Toothpaste 75ml,Personal Care,11,45.0,495.0,COD,Pending,,29/04/2026
ORD-20264862,2026-03-09,Elena Torres,San Jose,Angeles City,Pampanga,Central Luzon,Joy Dishwashing Liquid 250ml,Household Care,15,38.0,570.0,Bank Transfer,Delivered,2026-03-15,09/03/2026
ORD-20264863,2026-01-02,Ana Cruz,Santo Nino,Manila,Metro Manila,NCR,Palmolive Shampoo Sachet,Personal Care,7,6.0,42.0,Cash,Delivered,2026-01-05,02/01/2026
ORD-20264864,2026-02-20,Maria Pascual,Bagumbayan,Tagum,Davao del Norte,Davao Region,555 Sardines,Noodles & Canned Goods,13,22.0,286.0,GCash,Delivered,2026-02-26,20/02/2026
ORD-20264865,2026-05-31,Antonio Santos,San Isidro,Bacolod,Negros Occidental,Western Visayas,Safeguard Soap Bar,Personal Care,6,28.0,168.0,Cash,Delivered,2026-06-01,31/05/2026
ORD-20264866,2026-04-29,Ricardo Cruz,San Antonio,Manila,Metro Manila,NCR,Nissin Cup Noodles,Noodles & Canned Goods,19,20.0,380.0,COD,Delivered,2026-05-05,29/04/2026
ORD-20264867,2026-02-20,Eduardo Bautista,San Jose,Cebu City,Cebu,Central Visayas,Boy Bawang 100g,Snacks,6,18.0,108.0,GCash,Delivered,2026-02-27,20/02/2026
ORD-20264868,2026-01-11,Pedro Torres,Bagong Silang,Cebu City,Cebu,Central Visayas,Zonrox Bleach 500ml,Household Care,1,32.0,32.0,GCash,Delivered,2026-01-21,11/01/2026
ORD-20264869,2026-06-11,Manuel Mendoza,Poblacion,Mandaue,Cebu,Central Visayas,Zonrox Bleach 500ml,Household Care,5,32.0,160.0,COD,Cancelled,,11/06/2026
ORD-20264870,2026-03-23,Maria Pascual,Bagumbayan,Tagum,Davao del Norte,Davao Region,Boy Bawang 100g,Snacks,15,18.0,270.0,Maya,Delivered,2026-03-28,23/03/2026
ORD-20264871,2026-01-18,Ana Ramos,San Antonio,Malolos,Bulacan,Central Luzon,Nova Multigrain 78g,Snacks,19,30.0,570.0,GCash,Delivered,2026-01-23,18/01/2026
ORD-20264872,2026-02-27,Rosa Cruz,San Isidro,Tarlac City,Tarlac,Central Luzon,Coca-Cola 1.5L,Beverages,2,65.0,130.0,Cash,Delivered,2026-03-05,27/02/2026
ORD-20264873,2026-03-25,Ricardo Cruz,San Antonio,Manila,Metro Manila,NCR,Argentina Corned Beef,Noodles & Canned Goods,17,35.0,595.0,COD,Cancelled,,25/03/2026
ORD-20264874,2026-03-18,Rosa Del Rosario,Bagumbayan,Angeles City,Pampanga,Central Luzon,C2 Green Tea 500ml,Beverages,10,22.0,220.0,Maya,Delivered,2026-03-24,18/03/2026
ORD-20264875,2026-03-17,Fernando Santos,San Antonio,Bacolod,Negros Occidental,Western Visayas,Yellow Pad Paper,School & Office Supplies,19,12.0,228.0,COD,Delivered,2026-03-23,17/03/2026
ORD-20264876,2026-04-08,Manuel Santos,Del Pilar,Mandaue,Cebu,Central Visayas,Lucky Me Pancit Canton Noodles,Noodles & Canned Goods,13,14.0,182.0,Maya,Delivered,2026-04-12,08/04/2026
ORD-20264877,2026-05-09,Josefina Pascual,Poblacion,Manila,Metro Manila,NCR,Sta. Maria Crayons,School & Office Supplies,5,40.0,200.0,Cash,Delivered,2026-05-12,09/05/2026
ORD-20264878,2026-06-30,Luz Garcia,San Isidro,Tagum,Davao del Norte,Davao Region,Argentina Corned Beef,Noodles & Canned Goods,4,35.0,140.0,COD,Pending,,30/06/2026
ORD-20264879,2026-02-06,Antonio Aquino,Del Pilar,Dasmarinas,Cavite,CALABARZON,Sterling Notebook,School & Office Supplies,3,18.0,54.0,Cash,Cancelled,,06/02/2026
ORD-20264880,2026-06-03,Maria Santos,Poblacion,Tagum,Davao del Norte,Davao Region,C2 Green Tea 500ml,Beverages,7,22.0,154.0,Maya,Cancelled,,03/06/2026
ORD-20264881,2026-04-06,Juan Torres,Poblacion,Pasig,Metro Manila,NCR,555 Sardines,Noodles & Canned Goods,11,22.0,242.0,Cash,Returned,2026-04-14,06/04/2026
ORD-20264882,2026-06-01,Luz Pascual,Santo Nino,Cebu City,Cebu,Central Visayas,Argentina Corned Beef,Noodles & Canned Goods,12,35.0,420.0,GCash,Cancelled,,01/06/2026
ORD-20264883,2026-06-06,Antonio Santos,San Isidro,Bacolod,Negros Occidental,Western Visayas,Coca-Cola 1.5L,Beverages,4,65.0,260.0,Cash,Cancelled,,06/06/2026
ORD-20264884,2026-02-20,Pedro Del Rosario,Rizal,Pasig,Metro Manila,NCR,CDO Corned Beef,Noodles & Canned Goods,19,33.0,627.0,Cash,Delivered,2026-03-02,20/02/2026
ORD-20264885,2026-01-13,Ana Del Rosario,Santo Nino,Manila,Metro Manila,NCR,Sterling Notebook,School & Office Supplies,8,18.0,144.0,Cash,Delivered,2026-01-15,13/01/2026
ORD-20264886,2026-04-30,Elena Torres,San Jose,Angeles City,Pampanga,Central Luzon,Colgate Toothpaste 75ml,Personal Care,3,45.0,135.0,GCash,Delivered,2026-05-04,30/04/2026
ORD-20264887,2026-04-24,Jose Reyes,Bagumbayan,Quezon City,Metro Manila,NCR,C2 Green Tea 500ml,Beverages,10,22.0,220.0,Cash,Delivered,2026-05-01,24/04/2026
ORD-20264888,2026-06-15,Fernando Santos,San Antonio,Bacolod,Negros Occidental,Western Visayas,Milo Sachet,Beverages,9,9.0,81.0,COD,Delivered,2026-06-23,15/06/2026
ORD-20264889,2026-05-05,Luz Reyes,San Jose,Tarlac City,Tarlac,Central Luzon,555 Sardines,Noodles & Canned Goods,7,22.0,154.0,COD,Delivered,2026-05-11,05/05/2026
ORD-20264890,2026-04-14,Fernando Mendoza,Santo Nino,Quezon City,Metro Manila,NCR,Nissin Cup Noodles,Noodles & Canned Goods,15,20.0,300.0,COD,Delivered,2026-04-20,14/04/2026
ORD-20264891,2026-06-18,Josefina Santos,San Jose,Bacolod,Negros Occidental,Western Visayas,Zonrox Bleach 500ml,Household Care,6,32.0,192.0,COD,Delivered,2026-06-25,18/06/2026
ORD-20264892,2026-05-28,Josefina Pascual,Poblacion,Manila,Metro Manila,NCR,CDO Corned Beef,Noodles & Canned Goods,7,33.0,231.0,GCash,Pending,,28/05/2026
ORD-20264893,2026-05-05,Cristina Garcia,Del Pilar,Dasmarinas,Cavite,CALABARZON,Yellow Pad Paper,School & Office Supplies,8,12.0,96.0,GCash,Delivered,2026-05-13,05/05/2026
ORD-20264894,2026-03-04,Elena Torres,Malinta,Tarlac City,Tarlac,Central Luzon,555 Sardines,Noodles & Canned Goods,16,22.0,352.0,Cash,Returned,2026-03-14,04/03/2026
ORD-20264895,2026-05-13,Teresa Mendoza,San Isidro,Cebu City,Cebu,Central Visayas,Milo Sachet,Beverages,3,9.0,27.0,Cash,Returned,2026-05-18,13/05/2026
ORD-20264896,2026-05-22,Eduardo Del Rosario,Bagong Silang,Malolos,Bulacan,Central Luzon,Surf Powder Sachet,Household Care,16,8.0,128.0,Cash,Delivered,2026-05-31,22/05/2026
ORD-20264897,2026-02-24,Ramon Ocampo,Malinta,Davao City,Davao del Sur,Davao Region,Head & Shoulders Sachet,Personal Care,2,7.0,14.0,COD,Delivered,2026-02-27,24/02/2026
ORD-20264898,2026-02-17,Cristina Santos,Poblacion,Makati,Metro Manila,NCR,C2 Green Tea 500ml,Beverages,1,22.0,22.0,COD,Delivered,2026-02-20,17/02/2026
ORD-20264899,2026-06-21,Ramon Mendoza,San Jose,Tagum,Davao del Norte,Davao Region,CDO Corned Beef,Noodles & Canned Goods,7,33.0,231.0,COD,Delivered,2026-06-24,21/06/2026
ORD-20264900,2026-03-20,Juan Ramos,Bagumbayan,Manila,Metro Manila,NCR,Domex Toilet Cleaner,Household Care,4,55.0,220.0,COD,Returned,2026-03-30,20/03/2026
ORD-20264901,2026-01-13,Carmen Flores,Del Pilar,Davao City,Davao del Sur,Davao Region,CDO Corned Beef,Noodles & Canned Goods,1,33.0,33.0,COD,Delivered,2026-01-14,13/01/2026
ORD-20264902,2026-03-19,Eduardo Ocampo,San Antonio,Tagum,Davao del Norte,Davao Region,Nescafe 3-in-1 Sachet,Beverages,13,8.0,104.0,Maya,Delivered,2026-03-27,19/03/2026
ORD-20264903,2026-03-31,Fernando Santos,San Antonio,Bacolod,Negros Occidental,Western Visayas,C2 Green Tea 500ml,Beverages,12,22.0,264.0,COD,Delivered,2026-04-02,31/03/2026
ORD-20264904,2026-02-26,Jose Castillo,Del Pilar,Malolos,Bulacan,Central Luzon,Lucky Me Beef Sotanghon,Noodles & Canned Goods,13,13.0,169.0,GCash,Delivered,2026-03-04,26/02/2026
ORD-20264905,2026-06-29,Juan Del Rosario,Poblacion,Davao City,Davao del Sur,Davao Region,SkyFlakes Crackers,Snacks,8,15.0,120.0,GCash,Delivered,2026-06-30,29/06/2026
ORD-20264906,2026-06-28,Rosa Reyes,Malinta,Iloilo City,Iloilo,Western Visayas,Colgate Toothpaste 75ml,Personal Care,1,45.0,45.0,Maya,Delivered,2026-07-01,28/06/2026
ORD-20264907,2026-03-13,Manuel Villanueva,Bagumbayan,Tagbilaran,Bohol,Central Visayas,Nissin Cup Noodles,Noodles & Canned Goods,4,20.0,80.0,Cash,Pending,,13/03/2026
ORD-20264908,2026-04-03,Antonio Bautista,Del Pilar,Tarlac City,Tarlac,Central Luzon,Milo Sachet,Beverages,12,9.0,108.0,GCash,Delivered,2026-04-07,03/04/2026
ORD-20264909,2026-04-11,Jose Cruz,Santo Nino,Angeles City,Pampanga,Central Luzon,Sterling Notebook,School & Office Supplies,13,18.0,234.0,Maya,Cancelled,,11/04/2026
ORD-20264910,2026-01-06,Eduardo Mendoza,San Isidro,Cebu City,Cebu,Central Visayas,CDO Corned Beef,Noodles & Canned Goods,3,33.0,99.0,GCash,Delivered,2026-01-11,06/01/2026
ORD-20264911,2026-01-12,Jose Del Rosario,Rizal,Tagbilaran,Bohol,Central Visayas,Sta. Maria Crayons,School & Office Supplies,18,40.0,720.0,COD,Returned,2026-01-15,12/01/2026
ORD-20264912,2026-03-01,Ramon Santos,Rizal,Dasmarinas,Cavite,CALABARZON,Piattos 85g,Snacks,7,32.0,224.0,GCash,Pending,,01/03/2026
ORD-20264913,2026-04-21,Maria Santos,Bagumbayan,Bacolod,Negros Occidental,Western Visayas,C2 Green Tea 500ml,Beverages,16,22.0,352.0,GCash,Cancelled,,21/04/2026
ORD-20264914,2026-02-06,Josefina Bautista,Malinta,Calamba,Laguna,CALABARZON,Domex Toilet Cleaner,Household Care,7,55.0,385.0,Bank Transfer,Delivered,2026-02-10,06/02/2026
ORD-20264915,2026-05-03,Ana Ocampo,Bagumbayan,Mandaue,Cebu,Central Visayas,Zonrox Bleach 500ml,Household Care,18,32.0,576.0,COD,Delivered,2026-05-11,03/05/2026
ORD-20264916,2026-02-07,Juan Bautista,San Jose,Angeles City,Pampanga,Central Luzon,Piattos 85g,Snacks,17,32.0,544.0,Cash,Delivered,2026-02-12,07/02/2026
ORD-20264917,2026-05-08,Ramon Santos,Rizal,Dasmarinas,Cavite,CALABARZON,Sterling Notebook,School & Office Supplies,1,18.0,18.0,COD,Delivered,2026-05-17,08/05/2026
ORD-20264918,2026-06-05,Ricardo Bautista,Del Pilar,Manila,Metro Manila,NCR,SkyFlakes Crackers,Snacks,14,15.0,210.0,GCash,Pending,,05/06/2026
ORD-20264919,2026-05-28,Fernando Pascual,Malinta,Malolos,Bulacan,Central Luzon,Milo Sachet,Beverages,8,9.0,72.0,Maya,Delivered,2026-06-03,28/05/2026
ORD-20264920,2026-05-11,Rosa Cruz,San Isidro,Tarlac City,Tarlac,Central Luzon,CDO Corned Beef,Noodles & Canned Goods,20,33.0,660.0,COD,Returned,2026-05-21,11/05/2026
ORD-20264921,2026-01-14,Ana Cruz,Santo Nino,Manila,Metro Manila,NCR,Nescafe 3-in-1 Sachet,Beverages,6,8.0,48.0,COD,Delivered,2026-01-22,14/01/2026
ORD-20264922,2026-01-19,Carmen Villanueva,San Antonio,Tarlac City,Tarlac,Central Luzon,Joy Dishwashing Liquid 250ml,Household Care,8,38.0,304.0,Cash,Cancelled,,19/01/2026
ORD-20264923,2026-03-02,Fernando Ocampo,Del Pilar,Tagum,Davao del Norte,Davao Region,Head & Shoulders Sachet,Personal Care,15,7.0,105.0,Bank Transfer,Delivered,2026-03-07,02/03/2026
ORD-20264924,2026-05-26,Teresa Mendoza,San Isidro,Cebu City,Cebu,Central Visayas,555 Sardines,Noodles & Canned Goods,11,22.0,242.0,Cash,Delivered,2026-05-27,26/05/2026
ORD-20264925,2026-04-03,Ricardo Ocampo,San Jose,Pasig,Metro Manila,NCR,Argentina Corned Beef,Noodles & Canned Goods,17,35.0,595.0,Maya,Delivered,2026-04-07,03/04/2026
ORD-20264926,2026-01-26,Roberto Del Rosario,San Isidro,Malolos,Bulacan,Central Luzon,Yellow Pad Paper,School & Office Supplies,20,12.0,240.0,GCash,Delivered,2026-01-29,26/01/2026
ORD-20264927,2026-02-10,Jose Santos,San Jose,Cebu City,Cebu,Central Visayas,Palmolive Shampoo Sachet,Personal Care,10,6.0,60.0,Cash,Delivered,2026-02-16,10/02/2026
ORD-20264928,2026-02-07,Luz Cruz,San Antonio,Makati,Metro Manila,NCR,Piattos 85g,Snacks,9,32.0,288.0,Cash,Returned,2026-02-16,07/02/2026
ORD-20264929,2026-05-28,Pedro Reyes,Bagumbayan,Tagum,Davao del Norte,Davao Region,Domex Toilet Cleaner,Household Care,9,55.0,495.0,Bank Transfer,Delivered,2026-06-06,28/05/2026
ORD-20264930,2026-06-29,Corazon Villanueva,Rizal,Angeles City,Pampanga,Central Luzon,Zonrox Bleach 500ml,Household Care,11,32.0,352.0,COD,Delivered,2026-07-07,29/06/2026
ORD-20264931,2026-05-04,Ricardo Cruz,San Isidro,Calamba,Laguna,CALABARZON,Lucky Me Beef Sotanghon,Noodles & Canned Goods,16,13.0,208.0,GCash,Delivered,2026-05-09,04/05/2026
ORD-20264932,2026-04-25,Josefina Mendoza,San Antonio,Angeles City,Pampanga,Central Luzon,CDO Corned Beef,Noodles & Canned Goods,11,33.0,363.0,Maya,Delivered,2026-04-29,25/04/2026
ORD-20264933,2026-04-28,Josefina Cruz,Poblacion,Bacolod,Negros Occidental,Western Visayas,Yellow Pad Paper,School & Office Supplies,9,12.0,108.0,COD,Delivered,2026-05-04,28/04/2026
ORD-20264934,2026-01-10,Ana Ocampo,Bagumbayan,Mandaue,Cebu,Central Visayas,Piattos 85g,Snacks,16,32.0,512.0,GCash,Returned,2026-01-14,10/01/2026
ORD-20264935,2026-02-02,Ramon Ocampo,Malinta,Davao City,Davao del Sur,Davao Region,Lucky Me Beef Sotanghon,Noodles & Canned Goods,16,13.0,208.0,Maya,Returned,2026-02-08,02/02/2026
ORD-20264936,2026-06-20,Corazon Reyes,Malinta,Calamba,Laguna,CALABARZON,Colgate Toothpaste 75ml,Personal Care,15,45.0,675.0,COD,Delivered,2026-06-30,20/06/2026
ORD-20264937,2026-05-27,Elena Torres,Malinta,Tarlac City,Tarlac,Central Luzon,Zonrox Bleach 500ml,Household Care,16,32.0,512.0,GCash,Delivered,2026-06-02,27/05/2026
ORD-20264938,2026-04-03,Fernando Garcia,Del Pilar,Iloilo City,Iloilo,Western Visayas,Palmolive Shampoo Sachet,Personal Care,2,6.0,12.0,GCash,Returned,2026-04-11,03/04/2026
ORD-20264939,2026-01-12,Elena Torres,Malinta,Tarlac City,Tarlac,Central Luzon,Sterling Notebook,School & Office Supplies,5,18.0,90.0,Maya,Delivered,2026-01-20,12/01/2026
ORD-20264940,2026-01-13,Juan Torres,Poblacion,Pasig,Metro Manila,NCR,Lucky Me Pancit Canton Noodles,Noodles & Canned Goods,3,14.0,42.0,Maya,Delivered,2026-01-23,13/01/2026
ORD-20264941,2026-03-07,Rosa Cruz,San Isidro,Tarlac City,Tarlac,Central Luzon,ILUV Ballpen,School & Office Supplies,15,10.0,150.0,Cash,Delivered,2026-03-16,07/03/2026
ORD-20264942,2026-04-16,Manuel Villanueva,Malinta,Tarlac City,Tarlac,Central Luzon,Surf Powder Sachet,Household Care,5,8.0,40.0,COD,Delivered,2026-04-21,16/04/2026
ORD-20264943,2026-03-31,Roberto Bautista,San Jose,Calamba,Laguna,CALABARZON,SkyFlakes Crackers,Snacks,11,15.0,165.0,Maya,Delivered,2026-04-01,31/03/2026
ORD-20264944,2026-02-17,Corazon Bautista,Bagumbayan,Bacolod,Negros Occidental,Western Visayas,ILUV Ballpen,School & Office Supplies,11,10.0,110.0,Cash,Delivered,2026-02-26,17/02/2026
ORD-20264945,2026-01-07,Ricardo Pascual,Santo Nino,Tarlac City,Tarlac,Central Luzon,Nissin Cup Noodles,Noodles & Canned Goods,2,20.0,40.0,Maya,Delivered,2026-01-11,07/01/2026
ORD-20264946,2026-04-21,Josefina Cruz,Poblacion,Bacolod,Negros Occidental,Western Visayas,Nova Multigrain 78g,Snacks,16,30.0,480.0,COD,Delivered,2026-04-25,21/04/2026
ORD-20264947,2026-04-07,Ana Mendoza,Del Pilar,Tagum,Davao del Norte,Davao Region,ILUV Ballpen,School & Office Supplies,18,10.0,180.0,Cash,Delivered,2026-04-16,07/04/2026
ORD-20264948,2026-04-26,Jose Santos,San Jose,Cebu City,Cebu,Central Visayas,Surf Powder Sachet,Household Care,17,8.0,136.0,COD,Delivered,2026-05-01,26/04/2026
ORD-20264949,2026-03-18,Pedro Santos,Del Pilar,Iloilo City,Iloilo,Western Visayas,Zonrox Bleach 500ml,Household Care,3,32.0,96.0,Cash,Cancelled,,18/03/2026
ORD-20264950,2026-06-23,Pedro Torres,Bagong Silang,Cebu City,Cebu,Central Visayas,Boy Bawang 100g,Snacks,18,18.0,324.0,Maya,Returned,2026-06-26,23/06/2026
ORD-20264951,2026-01-01,Rosa Castillo,San Antonio,Angeles City,Pampanga,Central Luzon,Argentina Corned Beef,Noodles & Canned Goods,7,35.0,245.0,Maya,Cancelled,,01/01/2026
ORD-20264952,2026-05-23,Josefina Santos,San Jose,Bacolod,Negros Occidental,Western Visayas,C2 Green Tea 500ml,Beverages,13,22.0,286.0,COD,Delivered,2026-05-29,23/05/2026
ORD-20264953,2026-03-03,Maria Cruz,Santo Nino,Tagbilaran,Bohol,Central Visayas,Piattos 85g,Snacks,20,32.0,640.0,GCash,Delivered,2026-03-11,03/03/2026
ORD-20264954,2026-03-21,Manuel Reyes,Rizal,Quezon City,Metro Manila,NCR,SkyFlakes Crackers,Snacks,9,15.0,135.0,GCash,Delivered,2026-03-30,21/03/2026
ORD-20264955,2026-04-13,Antonio Santos,San Isidro,Bacolod,Negros Occidental,Western Visayas,Zonrox Bleach 500ml,Household Care,17,32.0,544.0,COD,Delivered,2026-04-20,13/04/2026
ORD-20264956,2026-06-23,Pedro Castillo,Santo Nino,Cebu City,Cebu,Central Visayas,SkyFlakes Crackers,Snacks,15,15.0,225.0,GCash,Delivered,2026-06-28,23/06/2026
ORD-20264957,2026-01-31,Manuel Reyes,Rizal,Quezon City,Metro Manila,NCR,Argentina Corned Beef,Noodles & Canned Goods,17,35.0,595.0,COD,Delivered,2026-02-08,31/01/2026
ORD-20264958,2026-05-23,Pedro Reyes,Poblacion,Tarlac City,Tarlac,Central Luzon,Colgate Toothpaste 75ml,Personal Care,8,45.0,360.0,GCash,Delivered,2026-05-27,23/05/2026
ORD-20264959,2026-01-26,Roberto Bautista,Del Pilar,Tagum,Davao del Norte,Davao Region,Argentina Corned Beef,Noodles & Canned Goods,4,35.0,140.0,Maya,Cancelled,,26/01/2026
ORD-20264960,2026-04-16,Jose Castillo,Del Pilar,Malolos,Bulacan,Central Luzon,Piattos 85g,Snacks,19,32.0,608.0,COD,Delivered,2026-04-22,16/04/2026
ORD-20264961,2026-03-31,Jose Castillo,Del Pilar,Malolos,Bulacan,Central Luzon,SkyFlakes Crackers,Snacks,2,15.0,30.0,GCash,Pending,,31/03/2026
ORD-20264962,2026-05-26,Corazon Bautista,Bagong Silang,Davao City,Davao del Sur,Davao Region,Joy Dishwashing Liquid 250ml,Household Care,8,38.0,304.0,Cash,Delivered,2026-05-31,26/05/2026
ORD-20264963,2026-02-09,Eduardo Santos,San Isidro,Pasig,Metro Manila,NCR,SkyFlakes Crackers,Snacks,12,15.0,180.0,Maya,Pending,,09/02/2026
ORD-20264964,2026-06-03,Teresa Mendoza,San Isidro,Cebu City,Cebu,Central Visayas,Safeguard Soap Bar,Personal Care,2,28.0,56.0,GCash,Delivered,2026-06-11,03/06/2026
ORD-20264965,2026-04-11,Corazon Villanueva,San Jose,Makati,Metro Manila,NCR,Zonrox Bleach 500ml,Household Care,14,32.0,448.0,GCash,Delivered,2026-04-19,11/04/2026
ORD-20264966,2026-04-28,Antonio Flores,Del Pilar,Manila,Metro Manila,NCR,Palmolive Shampoo Sachet,Personal Care,2,6.0,12.0,Cash,Delivered,2026-04-29,28/04/2026
ORD-20264967,2026-01-29,Pedro Reyes,Bagumbayan,Tagum,Davao del Norte,Davao Region,Lucky Me Beef Sotanghon,Noodles & Canned Goods,11,13.0,143.0,Cash,Delivered,2026-02-06,29/01/2026
ORD-20264968,2026-06-02,Jose Del Rosario,Rizal,Tagbilaran,Bohol,Central Visayas,Argentina Corned Beef,Noodles & Canned Goods,9,35.0,315.0,Maya,Delivered,2026-06-05,02/06/2026
ORD-20264969,2026-01-23,Jose Flores,Bagumbayan,Bacolod,Negros Occidental,Western Visayas,Sta. Maria Crayons,School & Office Supplies,8,40.0,320.0,GCash,Delivered,2026-01-25,23/01/2026
ORD-20264970,2026-04-23,Josefina Mendoza,San Antonio,Angeles City,Pampanga,Central Luzon,Yellow Pad Paper,School & Office Supplies,17,12.0,204.0,GCash,Delivered,2026-04-26,23/04/2026
ORD-20264971,2026-05-08,Fernando Garcia,Del Pilar,Iloilo City,Iloilo,Western Visayas,Lucky Me Beef Sotanghon,Noodles & Canned Goods,13,13.0,169.0,COD,Delivered,2026-05-17,08/05/2026
ORD-20264972,2026-03-27,Teresa Pascual,Bagong Silang,Tagum,Davao del Norte,Davao Region,C2 Green Tea 500ml,Beverages,20,22.0,440.0,COD,Pending,,27/03/2026
ORD-20264973,2026-06-29,Roberto Garcia,Rizal,Manila,Metro Manila,NCR,SkyFlakes Crackers,Snacks,19,15.0,335.0,GCash,Delivered,2026-07-04,29/06/2026
ORD-20264974,2026-05-21,Roberto Flores,Malinta,Dasmarinas,Cavite,CALABARZON,Safeguard Soap Bar,Personal Care,19,28.0,532.0,Cash,Delivered,2026-05-28,21/05/2026
ORD-20264975,2026-04-13,Cristina Castillo,Santo Nino,Mandaue,Cebu,Central Visayas,Milo Sachet,Beverages,20,9.0,180.0,COD,Delivered,2026-04-16,13/04/2026
ORD-20264976,2026-05-24,Ana Villanueva,San Antonio,Tarlac City,Tarlac,Central Luzon,Zonrox Bleach 500ml,Household Care,7,32.0,224.0,Maya,Cancelled,,24/05/2026
ORD-20264977,2026-05-23,Roberto Santos,Del Pilar,Bacolod,Negros Occidental,Western Visayas,C2 Green Tea 500ml,Beverages,18,22.0,396.0,COD,Delivered,2026-05-27,23/05/2026
ORD-20264978,2026-04-27,Ana Villanueva,San Antonio,Tarlac City,Tarlac,Central Luzon,SkyFlakes Crackers,Snacks,4,15.0,60.0,Cash,Delivered,2026-05-02,27/04/2026
ORD-20264979,2026-06-09,Josefina Cruz,San Antonio,Makati,Metro Manila,NCR,Nissin Cup Noodles,Noodles & Canned Goods,16,20.0,320.0,COD,Delivered,2026-06-14,09/06/2026
ORD-20264980,2026-04-01,Cristina Santos,Poblacion,Makati,Metro Manila,NCR,555 Sardines,Noodles & Canned Goods,2,22.0,44.0,COD,Returned,2026-04-08,01/04/2026
ORD-20264981,2026-04-28,Ricardo Flores,San Jose,Tagbilaran,Bohol,Central Visayas,Zonrox Bleach 500ml,Household Care,19,32.0,608.0,GCash,Delivered,2026-05-07,28/04/2026
ORD-20264982,2026-02-13,Juan Bautista,San Jose,Angeles City,Pampanga,Central Luzon,Colgate Toothpaste 75ml,Personal Care,1,45.0,45.0,GCash,Returned,2026-02-17,13/02/2026
ORD-20264983,2026-02-01,Pedro Garcia,Bagong Silang,Manila,Metro Manila,NCR,SkyFlakes Crackers,Snacks,15,15.0,225.0,Cash,Cancelled,,01/02/2026
ORD-20264984,2026-04-29,Eduardo Santos,San Isidro,Pasig,Metro Manila,NCR,Piattos 85g,Snacks,20,32.0,640.0,COD,Delivered,2026-05-07,29/04/2026
ORD-20264985,2026-03-31,Ricardo Cruz,San Antonio,Manila,Metro Manila,NCR,SkyFlakes Crackers,Snacks,8,15.0,120.0,GCash,Delivered,2026-04-02,31/03/2026
ORD-20264986,2026-04-10,Jose Cruz,Santo Nino,Angeles City,Pampanga,Central Luzon,Sta. Maria Crayons,School & Office Supplies,6,40.0,240.0,Bank Transfer,Cancelled,,10/04/2026
ORD-20264987,2026-04-29,Jose Cruz,Santo Nino,Angeles City,Pampanga,Central Luzon,555 Sardines,Noodles & Canned Goods,11,22.0,242.0,GCash,Delivered,2026-05-01,29/04/2026
ORD-20264988,2026-03-14,Juan Ramos,Bagumbayan,Manila,Metro Manila,NCR,Zonrox Bleach 500ml,Household Care,4,32.0,128.0,COD,Delivered,2026-03-19,14/03/2026
ORD-20264989,2026-01-03,Elena Torres,San Jose,Angeles City,Pampanga,Central Luzon,Argentina Corned Beef,Noodles & Canned Goods,15,35.0,525.0,COD,Delivered,2026-01-11,03/01/2026
ORD-20264990,2026-04-13,Elena Villanueva,Poblacion,Malolos,Bulacan,Central Luzon,555 Sardines,Noodles & Canned Goods,10,22.0,220.0,COD,Delivered,2026-04-21,13/04/2026
ORD-20264991,2026-03-26,Fernando Ramos,Santo Nino,Iloilo City,Iloilo,Western Visayas,Piattos 85g,Snacks,11,32.0,352.0,COD,Delivered,2026-04-01,26/03/2026
ORD-20260025,2026-03-07,Rosa Del Rosario,Bagumbayan,Pasig,Metro Manila,NCR,Lucky Me Pancit Canton Noodles,Noodles & Canned Goods,6,14.0,84.0,GCash,Delivered,2026-03-12,07/03/2026
ORD-20264736,2026-01-03,Ricardo Aquino,San Isidro,Cebu City,Cebu,Central Visayas,CDO Corned Beef,Noodles & Canned Goods,2,33.0,66.0,GCash,Delivered,2026-01-13,03/01/2026
ORD-20260512,2026-01-11,Elena Torres,San Jose,Angeles City,Pampanga,Central Luzon,Yellow Pad Paper,School & Office Supplies,10,12.0,120.0,GCash,Delivered,2026-01-13,11/01/2026
ORD-20264511,2026-06-19,Ricardo Ocampo,San Jose,Pasig,Metro Manila,NCR,Zonrox Bleach 500ml,Household Care,11,32.0,352.0,GCash,Delivered,2026-06-28,19/06/2026
ORD-20260830,2026-02-25,Manuel Ramos,Rizal,Tagbilaran,Bohol,Central Visayas,Boy Bawang 100g,Snacks,14,18.0,252.0,Cash,Delivered,2026-03-02,25/02/2026
ORD-20261503,2026-03-25,Ricardo Bautista,Bagong Silang,Tagum,Davao del Norte,Davao Region,Yellow Pad Paper,School & Office Supplies,7,12.0,84.0,Maya,Delivered,2026-03-31,25/03/2026
ORD-20263889,2026-06-10,Pedro Aquino,Rizal,Malolos,Bulacan,Central Luzon,CDO Corned Beef,Noodles & Canned Goods,12,33.0,396.0,GCash,Pending,,10/06/2026
ORD-20260740,2026-03-18,Pedro Cruz,Santo Nino,Manila,Metro Manila,NCR,Sterling Notebook,School & Office Supplies,16,18.0,288.0,Cash,Delivered,2026-03-25,18/03/2026
