review_id,customer_id,review_text,sentiment
REV-1,CUST-101601,"Excellent quality coffee maker, exceeded my expectations. Will buy again!",positive
REV-2,CUST-102814,"Love the blender, exactly as described. Highly recommend to others.",positive
REV-3,CUST-103230,Customer support never responded about my desk lamp refund request.,negative
REV-4,CUST-104700,Delivery took way too long and the blender arrived damaged.,negative
REV-5,CUST-102114,The coffee maker arrived on time and packaging was perfect. Five stars.,positive
REV-6,CUST-102848,"Love the office chair, exactly as described. Highly recommend to others.",positive
REV-7,CUST-105421,"Fast delivery and the coffee maker works great, very happy with this purchase.",positive
REV-8,CUST-103352,"The wireless earbuds broke after one week, very disappointed with the quality.",negative
REV-9,CUST-103577,"Love the backpack, exactly as described. Highly recommend to others.",positive
REV-10,CUST-105317,"Great customer support when my sneakers had an issue, resolved quickly.",positive
REV-11,CUST-101811,"Overpriced for what you get, the backpack feels cheap and flimsy.",negative
REV-12,CUST-101583,"Would not recommend, the blender did not match the description at all.",negative
REV-13,CUST-102105,"Excellent quality wireless earbuds, exceeded my expectations. Will buy again!",positive
REV-14,CUST-103168,"Great customer support when my coffee maker had an issue, resolved quickly.",positive
REV-15,CUST-101361,"Fast delivery and the wireless earbuds works great, very happy with this purchase.",positive
REV-16,CUST-102992,"Love the coffee maker, exactly as described. Highly recommend to others.",positive
REV-17,CUST-103010,"Great customer support when my wireless earbuds had an issue, resolved quickly.",positive
REV-18,CUST-105461,Delivery took way too long and the blender arrived damaged.,negative
REV-19,CUST-104135,"Excellent quality office chair, exceeded my expectations. Will buy again!",positive
REV-20,CUST-101409,"Excellent quality desk lamp, exceeded my expectations. Will buy again!",positive
REV-21,CUST-105740,"Would not recommend, the wireless earbuds did not match the description at all.",negative
REV-22,CUST-104428,"Love the phone case, exactly as described. Highly recommend to others.",positive
REV-23,CUST-102757,The office chair arrived on time and packaging was perfect. Five stars.,positive
REV-24,CUST-102984,"Love the wireless earbuds, exactly as described. Highly recommend to others.",positive
REV-25,CUST-101054,"The phone case broke after one week, very disappointed with the quality.",negative
REV-26,CUST-101812,"Overpriced for what you get, the desk lamp feels cheap and flimsy.",negative
REV-27,CUST-101871,"Excellent quality sneakers, exceeded my expectations. Will buy again!",positive
REV-28,CUST-104069,"The desk lamp broke after one week, very disappointed with the quality.",negative
REV-29,CUST-105720,Customer support never responded about my coffee maker refund request.,negative
REV-30,CUST-104093,"Excellent quality office chair, exceeded my expectations. Will buy again!",positive
REV-31,CUST-104425,Customer support never responded about my backpack refund request.,negative
REV-32,CUST-105957,Delivery took way too long and the phone case arrived damaged.,negative
REV-33,CUST-105986,"Overpriced for what you get, the desk lamp feels cheap and flimsy.",negative
REV-34,CUST-103243,"The coffee maker broke after one week, very disappointed with the quality.",negative
REV-35,CUST-104275,"Excellent quality blender, exceeded my expectations. Will buy again!",positive
REV-36,CUST-100731,"Fast delivery and the desk lamp works great, very happy with this purchase.",positive
REV-37,CUST-105571,"Great customer support when my sneakers had an issue, resolved quickly.",positive
REV-38,CUST-103597,"Would not recommend, the coffee maker did not match the description at all.",negative
REV-39,CUST-105522,"The sneakers broke after one week, very disappointed with the quality.",negative
REV-40,CUST-103577,The office chair arrived on time and packaging was perfect. Five stars.,positive
REV-41,CUST-100101,"Love the desk lamp, exactly as described. Highly recommend to others.",positive
REV-42,CUST-101081,"Love the desk lamp, exactly as described. Highly recommend to others.",positive
REV-43,CUST-104998,The desk lamp arrived on time and packaging was perfect. Five stars.,positive
REV-44,CUST-100562,"Great customer support when my wireless earbuds had an issue, resolved quickly.",positive
REV-45,CUST-100922,Customer support never responded about my wireless earbuds refund request.,negative
REV-46,CUST-102654,Delivery took way too long and the phone case arrived damaged.,negative
REV-47,CUST-102964,"The office chair broke after one week, very disappointed with the quality.",negative
REV-48,CUST-105346,"Would not recommend, the phone case did not match the description at all.",negative
REV-49,CUST-104753,Delivery took way too long and the sneakers arrived damaged.,negative
REV-50,CUST-105908,"Love the phone case, exactly as described. Highly recommend to others.",positive
REV-51,CUST-102224,"Excellent quality coffee maker, exceeded my expectations. Will buy again!",positive
REV-52,CUST-102132,The phone case arrived on time and packaging was perfect. Five stars.,positive
REV-53,CUST-103906,"Excellent quality backpack, exceeded my expectations. Will buy again!",positive
REV-54,CUST-102703,"Overpriced for what you get, the wireless earbuds feels cheap and flimsy.",negative
REV-55,CUST-101630,Customer support never responded about my phone case refund request.,negative
REV-56,CUST-104606,"Love the blender, exactly as described. Highly recommend to others.",positive
REV-57,CUST-100851,"Excellent quality blender, exceeded my expectations. Will buy again!",positive
REV-58,CUST-104784,"Overpriced for what you get, the desk lamp feels cheap and flimsy.",negative
REV-59,CUST-100404,"Fast delivery and the desk lamp works great, very happy with this purchase.",positive
REV-60,CUST-104761,"Love the coffee maker, exactly as described. Highly recommend to others.",positive
REV-61,CUST-100965,"Overpriced for what you get, the blender feels cheap and flimsy.",negative
REV-62,CUST-101815,"Fast delivery and the sneakers works great, very happy with this purchase.",positive
REV-63,CUST-102415,Delivery took way too long and the blender arrived damaged.,negative
REV-64,CUST-105292,"Would not recommend, the coffee maker did not match the description at all.",negative
REV-65,CUST-101747,"Great customer support when my backpack had an issue, resolved quickly.",positive
REV-66,CUST-105953,Delivery took way too long and the sneakers arrived damaged.,negative
REV-67,CUST-105384,"Would not recommend, the wireless earbuds did not match the description at all.",negative
REV-68,CUST-103938,"The backpack broke after one week, very disappointed with the quality.",negative
REV-69,CUST-100960,"The phone case broke after one week, very disappointed with the quality.",negative
REV-70,CUST-105905,"Great customer support when my sneakers had an issue, resolved quickly.",positive
REV-71,CUST-101059,Customer support never responded about my backpack refund request.,negative
REV-72,CUST-100939,The wireless earbuds arrived on time and packaging was perfect. Five stars.,positive
REV-73,CUST-100750,"Love the coffee maker, exactly as described. Highly recommend to others.",positive
REV-74,CUST-104648,Customer support never responded about my blender refund request.,negative
REV-75,CUST-105813,"Love the desk lamp, exactly as described. Highly recommend to others.",positive
REV-76,CUST-100140,"Great customer support when my backpack had an issue, resolved quickly.",positive
REV-77,CUST-104416,Delivery took way too long and the desk lamp arrived damaged.,negative
REV-78,CUST-102238,"Fast delivery and the office chair works great, very happy with this purchase.",positive
REV-79,CUST-102345,"The blender broke after one week, very disappointed with the quality.",negative
REV-80,CUST-102611,"Love the office chair, exactly as described. Highly recommend to others.",positive
REV-81,CUST-104579,"Love the phone case, exactly as described. Highly recommend to others.",positive
REV-82,CUST-105901,Delivery took way too long and the wireless earbuds arrived damaged.,negative
REV-83,CUST-104116,The sneakers arrived on time and packaging was perfect. Five stars.,positive
REV-84,CUST-103120,"Fast delivery and the coffee maker works great, very happy with this purchase.",positive
REV-85,CUST-101833,"Excellent quality wireless earbuds, exceeded my expectations. Will buy again!",positive
REV-86,CUST-101454,Customer support never responded about my sneakers refund request.,negative
REV-87,CUST-102510,"Overpriced for what you get, the office chair feels cheap and flimsy.",negative
REV-88,CUST-102778,"Love the sneakers, exactly as described. Highly recommend to others.",positive
REV-89,CUST-104915,"Excellent quality coffee maker, exceeded my expectations. Will buy again!",positive
REV-90,CUST-103721,"The office chair broke after one week, very disappointed with the quality.",negative
REV-91,CUST-100800,"Would not recommend, the office chair did not match the description at all.",negative
REV-92,CUST-103267,"Great customer support when my office chair had an issue, resolved quickly.",positive
REV-93,CUST-105732,"Love the coffee maker, exactly as described. Highly recommend to others.",positive
REV-94,CUST-105663,The phone case arrived on time and packaging was perfect. Five stars.,positive
REV-95,CUST-101756,"Love the coffee maker, exactly as described. Highly recommend to others.",positive
REV-96,CUST-103738,Customer support never responded about my sneakers refund request.,negative
REV-97,CUST-104307,"Great customer support when my wireless earbuds had an issue, resolved quickly.",positive
REV-98,CUST-102450,"Would not recommend, the coffee maker did not match the description at all.",negative
REV-99,CUST-101248,The phone case arrived on time and packaging was perfect. Five stars.,positive
REV-100,CUST-104366,Delivery took way too long and the phone case arrived damaged.,negative
REV-101,CUST-102755,"Overpriced for what you get, the wireless earbuds feels cheap and flimsy.",negative
REV-102,CUST-105496,"Would not recommend, the desk lamp did not match the description at all.",negative
REV-103,CUST-101088,"Excellent quality coffee maker, exceeded my expectations. Will buy again!",positive
REV-104,CUST-103279,The coffee maker arrived on time and packaging was perfect. Five stars.,positive
REV-105,CUST-100450,"The wireless earbuds broke after one week, very disappointed with the quality.",negative
REV-106,CUST-102080,"The wireless earbuds broke after one week, very disappointed with the quality.",negative
REV-107,CUST-104566,The office chair arrived on time and packaging was perfect. Five stars.,positive
REV-108,CUST-100309,"Love the backpack, exactly as described. Highly recommend to others.",positive
REV-109,CUST-101401,"Would not recommend, the desk lamp did not match the description at all.",negative
REV-110,CUST-105800,Delivery took way too long and the blender arrived damaged.,negative
REV-111,CUST-103455,The sneakers arrived on time and packaging was perfect. Five stars.,positive
REV-112,CUST-102713,"Fast delivery and the coffee maker works great, very happy with this purchase.",positive
REV-113,CUST-100959,The office chair arrived on time and packaging was perfect. Five stars.,positive
REV-114,CUST-102903,"Excellent quality office chair, exceeded my expectations. Will buy again!",positive
REV-115,CUST-102175,"Fast delivery and the desk lamp works great, very happy with this purchase.",positive
REV-116,CUST-101085,"Would not recommend, the phone case did not match the description at all.",negative
REV-117,CUST-101132,"Overpriced for what you get, the coffee maker feels cheap and flimsy.",negative
REV-118,CUST-104387,"Love the coffee maker, exactly as described. Highly recommend to others.",positive
REV-119,CUST-103503,"Would not recommend, the wireless earbuds did not match the description at all.",negative
REV-120,CUST-102407,"Love the coffee maker, exactly as described. Highly recommend to others.",positive
REV-121,CUST-101972,"Great customer support when my wireless earbuds had an issue, resolved quickly.",positive
REV-122,CUST-100561,"Fast delivery and the blender works great, very happy with this purchase.",positive
REV-123,CUST-102512,"Excellent quality desk lamp, exceeded my expectations. Will buy again!",positive
REV-124,CUST-104723,"Excellent quality coffee maker, exceeded my expectations. Will buy again!",positive
REV-125,CUST-104398,"Love the office chair, exactly as described. Highly recommend to others.",positive
REV-126,CUST-104257,"Overpriced for what you get, the coffee maker feels cheap and flimsy.",negative
REV-127,CUST-104369,"The phone case broke after one week, very disappointed with the quality.",negative
REV-128,CUST-100324,"Overpriced for what you get, the phone case feels cheap and flimsy.",negative
REV-129,CUST-102746,The phone case arrived on time and packaging was perfect. Five stars.,positive
REV-130,CUST-103542,"Fast delivery and the wireless earbuds works great, very happy with this purchase.",positive
REV-131,CUST-104705,"Excellent quality coffee maker, exceeded my expectations. Will buy again!",positive
REV-132,CUST-100994,"Great customer support when my phone case had an issue, resolved quickly.",positive
REV-133,CUST-102381,The wireless earbuds arrived on time and packaging was perfect. Five stars.,positive
REV-134,CUST-104795,"Love the office chair, exactly as described. Highly recommend to others.",positive
REV-135,CUST-103431,"Love the office chair, exactly as described. Highly recommend to others.",positive
REV-136,CUST-100893,"Love the office chair, exactly as described. Highly recommend to others.",positive
REV-137,CUST-101516,"Fast delivery and the wireless earbuds works great, very happy with this purchase.",positive
REV-138,CUST-105428,"Excellent quality wireless earbuds, exceeded my expectations. Will buy again!",positive
REV-139,CUST-105752,The coffee maker arrived on time and packaging was perfect. Five stars.,positive
REV-140,CUST-105737,"Great customer support when my coffee maker had an issue, resolved quickly.",positive
REV-141,CUST-103041,"The desk lamp broke after one week, very disappointed with the quality.",negative
REV-142,CUST-100628,"Would not recommend, the sneakers did not match the description at all.",negative
REV-143,CUST-100957,"Love the desk lamp, exactly as described. Highly recommend to others.",positive
REV-144,CUST-105186,The phone case arrived on time and packaging was perfect. Five stars.,positive
REV-145,CUST-100787,"Would not recommend, the phone case did not match the description at all.",negative
REV-146,CUST-102270,"Great customer support when my wireless earbuds had an issue, resolved quickly.",positive
REV-147,CUST-105044,"Love the office chair, exactly as described. Highly recommend to others.",positive
REV-148,CUST-103359,"Love the backpack, exactly as described. Highly recommend to others.",positive
REV-149,CUST-101296,"Love the backpack, exactly as described. Highly recommend to others.",positive
REV-150,CUST-101972,"Love the phone case, exactly as described. Highly recommend to others.",positive
REV-151,CUST-105506,"Would not recommend, the desk lamp did not match the description at all.",negative
REV-152,CUST-102655,"Great customer support when my phone case had an issue, resolved quickly.",positive
REV-153,CUST-103772,"The coffee maker broke after one week, very disappointed with the quality.",negative
REV-154,CUST-104408,"Love the phone case, exactly as described. Highly recommend to others.",positive
REV-155,CUST-102550,The blender arrived on time and packaging was perfect. Five stars.,positive
REV-156,CUST-100544,"The wireless earbuds broke after one week, very disappointed with the quality.",negative
REV-157,CUST-105496,"Would not recommend, the office chair did not match the description at all.",negative
REV-158,CUST-104832,"Love the office chair, exactly as described. Highly recommend to others.",positive
REV-159,CUST-100379,"Fast delivery and the blender works great, very happy with this purchase.",positive
REV-160,CUST-102287,"Overpriced for what you get, the coffee maker feels cheap and flimsy.",negative
REV-161,CUST-100224,"Overpriced for what you get, the blender feels cheap and flimsy.",negative
REV-162,CUST-100854,"Excellent quality sneakers, exceeded my expectations. Will buy again!",positive
REV-163,CUST-104831,"Would not recommend, the wireless earbuds did not match the description at all.",negative
REV-164,CUST-103706,"Love the coffee maker, exactly as described. Highly recommend to others.",positive
REV-165,CUST-105310,"Overpriced for what you get, the backpack feels cheap and flimsy.",negative
REV-166,CUST-105395,"Would not recommend, the backpack did not match the description at all.",negative
REV-167,CUST-103505,"The wireless earbuds broke after one week, very disappointed with the quality.",negative
REV-168,CUST-101232,"Love the sneakers, exactly as described. Highly recommend to others.",positive
REV-169,CUST-102774,"Fast delivery and the office chair works great, very happy with this purchase.",positive
REV-170,CUST-105215,Customer support never responded about my coffee maker refund request.,negative
REV-171,CUST-105187,"Love the blender, exactly as described. Highly recommend to others.",positive
REV-172,CUST-103884,Customer support never responded about my wireless earbuds refund request.,negative
REV-173,CUST-105656,"Love the wireless earbuds, exactly as described. Highly recommend to others.",positive
REV-174,CUST-103914,"Love the phone case, exactly as described. Highly recommend to others.",positive
REV-175,CUST-103274,"Fast delivery and the office chair works great, very happy with this purchase.",positive
REV-176,CUST-105529,The coffee maker arrived on time and packaging was perfect. Five stars.,positive
REV-177,CUST-102629,"Fast delivery and the coffee maker works great, very happy with this purchase.",positive
REV-178,CUST-100601,"Overpriced for what you get, the coffee maker feels cheap and flimsy.",negative
REV-179,CUST-105717,"Love the coffee maker, exactly as described. Highly recommend to others.",positive
REV-180,CUST-101404,"Would not recommend, the phone case did not match the description at all.",negative
REV-181,CUST-100884,Customer support never responded about my coffee maker refund request.,negative
REV-182,CUST-105762,"Would not recommend, the coffee maker did not match the description at all.",negative
REV-183,CUST-102976,"Love the wireless earbuds, exactly as described. Highly recommend to others.",positive
REV-184,CUST-105339,"Excellent quality backpack, exceeded my expectations. Will buy again!",positive
REV-185,CUST-101794,"The blender broke after one week, very disappointed with the quality.",negative
REV-186,CUST-101407,"Great customer support when my office chair had an issue, resolved quickly.",positive
REV-187,CUST-104989,"Overpriced for what you get, the wireless earbuds feels cheap and flimsy.",negative
REV-188,CUST-102470,"Fast delivery and the phone case works great, very happy with this purchase.",positive
REV-189,CUST-105581,"The backpack broke after one week, very disappointed with the quality.",negative
REV-190,CUST-105840,"Great customer support when my coffee maker had an issue, resolved quickly.",positive
REV-191,CUST-105090,"Fast delivery and the desk lamp works great, very happy with this purchase.",positive
REV-192,CUST-105827,The sneakers arrived on time and packaging was perfect. Five stars.,positive
REV-193,CUST-100618,"Excellent quality desk lamp, exceeded my expectations. Will buy again!",positive
REV-194,CUST-100560,"Overpriced for what you get, the coffee maker feels cheap and flimsy.",negative
REV-195,CUST-104146,"Excellent quality sneakers, exceeded my expectations. Will buy again!",positive
REV-196,CUST-102573,"Great customer support when my sneakers had an issue, resolved quickly.",positive
REV-197,CUST-104691,"Love the backpack, exactly as described. Highly recommend to others.",positive
REV-198,CUST-103781,The coffee maker arrived on time and packaging was perfect. Five stars.,positive
REV-199,CUST-100364,The blender arrived on time and packaging was perfect. Five stars.,positive
REV-200,CUST-104880,"The desk lamp broke after one week, very disappointed with the quality.",negative
REV-201,CUST-101846,"Fast delivery and the desk lamp works great, very happy with this purchase.",positive
REV-202,CUST-103125,"Excellent quality sneakers, exceeded my expectations. Will buy again!",positive
REV-203,CUST-103781,The desk lamp arrived on time and packaging was perfect. Five stars.,positive
REV-204,CUST-101392,The desk lamp arrived on time and packaging was perfect. Five stars.,positive
REV-205,CUST-105122,"Excellent quality wireless earbuds, exceeded my expectations. Will buy again!",positive
REV-206,CUST-104079,"Great customer support when my phone case had an issue, resolved quickly.",positive
REV-207,CUST-104469,"Excellent quality wireless earbuds, exceeded my expectations. Will buy again!",positive
REV-208,CUST-105381,Delivery took way too long and the wireless earbuds arrived damaged.,negative
REV-209,CUST-100355,Delivery took way too long and the coffee maker arrived damaged.,negative
REV-210,CUST-103247,"The sneakers broke after one week, very disappointed with the quality.",negative
REV-211,CUST-100067,"Fast delivery and the blender works great, very happy with this purchase.",positive
REV-212,CUST-105528,"Excellent quality sneakers, exceeded my expectations. Will buy again!",positive
REV-213,CUST-105023,"Excellent quality blender, exceeded my expectations. Will buy again!",positive
REV-214,CUST-104682,"Overpriced for what you get, the desk lamp feels cheap and flimsy.",negative
REV-215,CUST-105802,"Would not recommend, the wireless earbuds did not match the description at all.",negative
REV-216,CUST-105136,The backpack arrived on time and packaging was perfect. Five stars.,positive
REV-217,CUST-102658,Customer support never responded about my desk lamp refund request.,negative
REV-218,CUST-101535,"Would not recommend, the office chair did not match the description at all.",negative
REV-219,CUST-105776,"Would not recommend, the coffee maker did not match the description at all.",negative
REV-220,CUST-102213,"Would not recommend, the coffee maker did not match the description at all.",negative
REV-221,CUST-102079,"Excellent quality phone case, exceeded my expectations. Will buy again!",positive
REV-222,CUST-105342,"The office chair broke after one week, very disappointed with the quality.",negative
REV-223,CUST-105222,"Fast delivery and the phone case works great, very happy with this purchase.",positive
REV-224,CUST-105559,"Fast delivery and the coffee maker works great, very happy with this purchase.",positive
REV-225,CUST-104577,"Great customer support when my coffee maker had an issue, resolved quickly.",positive
REV-226,CUST-102676,"Excellent quality backpack, exceeded my expectations. Will buy again!",positive
REV-227,CUST-100069,"Excellent quality office chair, exceeded my expectations. Will buy again!",positive
REV-228,CUST-100188,"Excellent quality office chair, exceeded my expectations. Will buy again!",positive
REV-229,CUST-100860,"Overpriced for what you get, the wireless earbuds feels cheap and flimsy.",negative
REV-230,CUST-104123,"Would not recommend, the phone case did not match the description at all.",negative
REV-231,CUST-100717,"Love the phone case, exactly as described. Highly recommend to others.",positive
REV-232,CUST-102647,The coffee maker arrived on time and packaging was perfect. Five stars.,positive
REV-233,CUST-100962,Customer support never responded about my sneakers refund request.,negative
REV-234,CUST-105277,"Love the coffee maker, exactly as described. Highly recommend to others.",positive
REV-235,CUST-104497,"Great customer support when my backpack had an issue, resolved quickly.",positive
REV-236,CUST-102581,"Would not recommend, the office chair did not match the description at all.",negative
REV-237,CUST-100102,"Great customer support when my blender had an issue, resolved quickly.",positive
REV-238,CUST-102394,"Excellent quality coffee maker, exceeded my expectations. Will buy again!",positive
REV-239,CUST-102783,The office chair arrived on time and packaging was perfect. Five stars.,positive
REV-240,CUST-102767,"Overpriced for what you get, the office chair feels cheap and flimsy.",negative
REV-241,CUST-103122,"Overpriced for what you get, the backpack feels cheap and flimsy.",negative
REV-242,CUST-100345,"Fast delivery and the office chair works great, very happy with this purchase.",positive
REV-243,CUST-100443,Customer support never responded about my office chair refund request.,negative
REV-244,CUST-101391,The phone case arrived on time and packaging was perfect. Five stars.,positive
REV-245,CUST-101993,"Love the wireless earbuds, exactly as described. Highly recommend to others.",positive
REV-246,CUST-101268,The phone case arrived on time and packaging was perfect. Five stars.,positive
REV-247,CUST-103717,"Love the backpack, exactly as described. Highly recommend to others.",positive
REV-248,CUST-105255,Customer support never responded about my office chair refund request.,negative
REV-249,CUST-105703,Delivery took way too long and the sneakers arrived damaged.,negative
REV-250,CUST-101270,The coffee maker arrived on time and packaging was perfect. Five stars.,positive
REV-251,CUST-100074,"Overpriced for what you get, the coffee maker feels cheap and flimsy.",negative
REV-252,CUST-100173,Customer support never responded about my blender refund request.,negative
REV-253,CUST-103705,Delivery took way too long and the phone case arrived damaged.,negative
REV-254,CUST-104465,"Would not recommend, the phone case did not match the description at all.",negative
REV-255,CUST-105457,"Great customer support when my wireless earbuds had an issue, resolved quickly.",positive
REV-256,CUST-104045,"Overpriced for what you get, the sneakers feels cheap and flimsy.",negative
REV-257,CUST-100362,"Excellent quality coffee maker, exceeded my expectations. Will buy again!",positive
REV-258,CUST-102183,"Would not recommend, the backpack did not match the description at all.",negative
REV-259,CUST-100508,"Excellent quality backpack, exceeded my expectations. Will buy again!",positive
REV-260,CUST-100273,"Great customer support when my office chair had an issue, resolved quickly.",positive
REV-261,CUST-102389,"Would not recommend, the sneakers did not match the description at all.",negative
REV-262,CUST-100875,"Great customer support when my sneakers had an issue, resolved quickly.",positive
REV-263,CUST-102139,"Love the office chair, exactly as described. Highly recommend to others.",positive
REV-264,CUST-102692,"Would not recommend, the coffee maker did not match the description at all.",negative
REV-265,CUST-102621,"Overpriced for what you get, the desk lamp feels cheap and flimsy.",negative
REV-266,CUST-100591,"Overpriced for what you get, the sneakers feels cheap and flimsy.",negative
REV-267,CUST-100962,"The sneakers broke after one week, very disappointed with the quality.",negative
REV-268,CUST-105534,"Fast delivery and the blender works great, very happy with this purchase.",positive
REV-269,CUST-101537,"Fast delivery and the backpack works great, very happy with this purchase.",positive
REV-270,CUST-104965,The phone case arrived on time and packaging was perfect. Five stars.,positive
REV-271,CUST-104513,"Love the coffee maker, exactly as described. Highly recommend to others.",positive
REV-272,CUST-102958,The wireless earbuds arrived on time and packaging was perfect. Five stars.,positive
REV-273,CUST-105308,Customer support never responded about my wireless earbuds refund request.,negative
REV-274,CUST-105038,"Excellent quality wireless earbuds, exceeded my expectations. Will buy again!",positive
REV-275,CUST-105427,"Love the coffee maker, exactly as described. Highly recommend to others.",positive
REV-276,CUST-101125,"Great customer support when my sneakers had an issue, resolved quickly.",positive
REV-277,CUST-102209,Delivery took way too long and the wireless earbuds arrived damaged.,negative
REV-278,CUST-102111,"Overpriced for what you get, the phone case feels cheap and flimsy.",negative
REV-279,CUST-105100,Delivery took way too long and the sneakers arrived damaged.,negative
REV-280,CUST-102620,The backpack arrived on time and packaging was perfect. Five stars.,positive
REV-281,CUST-104022,"Love the wireless earbuds, exactly as described. Highly recommend to others.",positive
REV-282,CUST-104284,"Love the office chair, exactly as described. Highly recommend to others.",positive
REV-283,CUST-103781,"Would not recommend, the phone case did not match the description at all.",negative
REV-284,CUST-101824,Customer support never responded about my backpack refund request.,negative
REV-285,CUST-100075,"Overpriced for what you get, the wireless earbuds feels cheap and flimsy.",negative
REV-286,CUST-102159,"Would not recommend, the phone case did not match the description at all.",negative
REV-287,CUST-101643,"Overpriced for what you get, the coffee maker feels cheap and flimsy.",negative
REV-288,CUST-103438,The wireless earbuds arrived on time and packaging was perfect. Five stars.,positive
REV-289,CUST-102510,"Great customer support when my coffee maker had an issue, resolved quickly.",positive
REV-290,CUST-102542,"Love the office chair, exactly as described. Highly recommend to others.",positive
REV-291,CUST-101841,"Excellent quality office chair, exceeded my expectations. Will buy again!",positive
REV-292,CUST-100126,Delivery took way too long and the desk lamp arrived damaged.,negative
REV-293,CUST-102095,"Overpriced for what you get, the desk lamp feels cheap and flimsy.",negative
REV-294,CUST-101960,"Fast delivery and the blender works great, very happy with this purchase.",positive
REV-295,CUST-101160,"Love the office chair, exactly as described. Highly recommend to others.",positive
REV-296,CUST-100090,"The blender broke after one week, very disappointed with the quality.",negative
REV-297,CUST-103763,"The blender broke after one week, very disappointed with the quality.",negative
REV-298,CUST-103828,The wireless earbuds arrived on time and packaging was perfect. Five stars.,positive
REV-299,CUST-104263,Delivery took way too long and the phone case arrived damaged.,negative
REV-300,CUST-104678,"Great customer support when my wireless earbuds had an issue, resolved quickly.",positive
REV-301,CUST-102108,The office chair arrived on time and packaging was perfect. Five stars.,positive
REV-302,CUST-105698,"Would not recommend, the phone case did not match the description at all.",negative
REV-303,CUST-101029,"Great customer support when my sneakers had an issue, resolved quickly.",positive
REV-304,CUST-104278,"Overpriced for what you get, the sneakers feels cheap and flimsy.",negative
REV-305,CUST-101707,"Love the coffee maker, exactly as described. Highly recommend to others.",positive
REV-306,CUST-100976,"Fast delivery and the office chair works great, very happy with this purchase.",positive
REV-307,CUST-101795,Delivery took way too long and the office chair arrived damaged.,negative
REV-308,CUST-105671,"Would not recommend, the wireless earbuds did not match the description at all.",negative
REV-309,CUST-100750,Customer support never responded about my desk lamp refund request.,negative
REV-310,CUST-103135,"Overpriced for what you get, the blender feels cheap and flimsy.",negative
REV-311,CUST-100157,The desk lamp arrived on time and packaging was perfect. Five stars.,positive
REV-312,CUST-104171,"Excellent quality blender, exceeded my expectations. Will buy again!",positive
REV-313,CUST-104093,"Fast delivery and the desk lamp works great, very happy with this purchase.",positive
REV-314,CUST-101536,Customer support never responded about my office chair refund request.,negative
REV-315,CUST-103259,"Would not recommend, the office chair did not match the description at all.",negative
REV-316,CUST-100986,"The sneakers broke after one week, very disappointed with the quality.",negative
REV-317,CUST-104978,"Love the desk lamp, exactly as described. Highly recommend to others.",positive
REV-318,CUST-101755,"Excellent quality phone case, exceeded my expectations. Will buy again!",positive
REV-319,CUST-104828,"Excellent quality backpack, exceeded my expectations. Will buy again!",positive
REV-320,CUST-103378,Delivery took way too long and the coffee maker arrived damaged.,negative
REV-321,CUST-101543,The desk lamp arrived on time and packaging was perfect. Five stars.,positive
REV-322,CUST-101740,Customer support never responded about my blender refund request.,negative
REV-323,CUST-104682,The coffee maker arrived on time and packaging was perfect. Five stars.,positive
REV-324,CUST-104845,Delivery took way too long and the desk lamp arrived damaged.,negative
REV-325,CUST-100024,Customer support never responded about my phone case refund request.,negative
REV-326,CUST-102371,"Excellent quality office chair, exceeded my expectations. Will buy again!",positive
REV-327,CUST-104507,"Love the phone case, exactly as described. Highly recommend to others.",positive
REV-328,CUST-105913,The sneakers arrived on time and packaging was perfect. Five stars.,positive
REV-329,CUST-103183,"Great customer support when my backpack had an issue, resolved quickly.",positive
REV-330,CUST-103576,"The backpack broke after one week, very disappointed with the quality.",negative
REV-331,CUST-102601,"Great customer support when my backpack had an issue, resolved quickly.",positive
REV-332,CUST-101524,"Excellent quality desk lamp, exceeded my expectations. Will buy again!",positive
REV-333,CUST-103590,"Overpriced for what you get, the blender feels cheap and flimsy.",negative
REV-334,CUST-103800,"Fast delivery and the phone case works great, very happy with this purchase.",positive
REV-335,CUST-104895,"The backpack broke after one week, very disappointed with the quality.",negative
REV-336,CUST-101343,The coffee maker arrived on time and packaging was perfect. Five stars.,positive
REV-337,CUST-100163,"Love the sneakers, exactly as described. Highly recommend to others.",positive
REV-338,CUST-103322,"Would not recommend, the backpack did not match the description at all.",negative
REV-339,CUST-105644,Delivery took way too long and the office chair arrived damaged.,negative
REV-340,CUST-100339,"Excellent quality desk lamp, exceeded my expectations. Will buy again!",positive
REV-341,CUST-105587,"Overpriced for what you get, the wireless earbuds feels cheap and flimsy.",negative
REV-342,CUST-105236,The sneakers arrived on time and packaging was perfect. Five stars.,positive
REV-343,CUST-105486,The wireless earbuds arrived on time and packaging was perfect. Five stars.,positive
REV-344,CUST-104956,"Excellent quality phone case, exceeded my expectations. Will buy again!",positive
REV-345,CUST-103888,"Would not recommend, the coffee maker did not match the description at all.",negative
REV-346,CUST-102031,"The blender broke after one week, very disappointed with the quality.",negative
REV-347,CUST-102626,Delivery took way too long and the wireless earbuds arrived damaged.,negative
REV-348,CUST-102428,"Excellent quality desk lamp, exceeded my expectations. Will buy again!",positive
REV-349,CUST-102296,"Excellent quality desk lamp, exceeded my expectations. Will buy again!",positive
REV-350,CUST-102684,Customer support never responded about my blender refund request.,negative
REV-351,CUST-102431,Customer support never responded about my office chair refund request.,negative
REV-352,CUST-105692,The blender arrived on time and packaging was perfect. Five stars.,positive
REV-353,CUST-104888,"Excellent quality phone case, exceeded my expectations. Will buy again!",positive
REV-354,CUST-104494,Customer support never responded about my blender refund request.,negative
REV-355,CUST-103448,"Excellent quality phone case, exceeded my expectations. Will buy again!",positive
REV-356,CUST-102353,"Excellent quality blender, exceeded my expectations. Will buy again!",positive
REV-357,CUST-105976,"Overpriced for what you get, the sneakers feels cheap and flimsy.",negative
REV-358,CUST-104755,"Fast delivery and the desk lamp works great, very happy with this purchase.",positive
REV-359,CUST-105086,Delivery took way too long and the coffee maker arrived damaged.,negative
REV-360,CUST-102571,"Overpriced for what you get, the wireless earbuds feels cheap and flimsy.",negative
REV-361,CUST-102722,"Fast delivery and the sneakers works great, very happy with this purchase.",positive
REV-362,CUST-102127,"Love the office chair, exactly as described. Highly recommend to others.",positive
REV-363,CUST-101892,The backpack arrived on time and packaging was perfect. Five stars.,positive
REV-364,CUST-100696,"Great customer support when my desk lamp had an issue, resolved quickly.",positive
REV-365,CUST-101444,"Great customer support when my phone case had an issue, resolved quickly.",positive
REV-366,CUST-100033,Delivery took way too long and the office chair arrived damaged.,negative
REV-367,CUST-101374,Customer support never responded about my blender refund request.,negative
REV-368,CUST-102470,"Would not recommend, the blender did not match the description at all.",negative
REV-369,CUST-100544,The backpack arrived on time and packaging was perfect. Five stars.,positive
REV-370,CUST-103705,The desk lamp arrived on time and packaging was perfect. Five stars.,positive
REV-371,CUST-105171,"Would not recommend, the phone case did not match the description at all.",negative
REV-372,CUST-102318,Customer support never responded about my office chair refund request.,negative
REV-373,CUST-105036,The coffee maker arrived on time and packaging was perfect. Five stars.,positive
REV-374,CUST-104796,Delivery took way too long and the backpack arrived damaged.,negative
REV-375,CUST-104053,"Excellent quality desk lamp, exceeded my expectations. Will buy again!",positive
REV-376,CUST-104871,"Excellent quality wireless earbuds, exceeded my expectations. Will buy again!",positive
REV-377,CUST-104882,"Would not recommend, the wireless earbuds did not match the description at all.",negative
REV-378,CUST-104141,"The phone case broke after one week, very disappointed with the quality.",negative
REV-379,CUST-100708,"Would not recommend, the blender did not match the description at all.",negative
REV-380,CUST-104584,The desk lamp arrived on time and packaging was perfect. Five stars.,positive
REV-381,CUST-100113,"Excellent quality sneakers, exceeded my expectations. Will buy again!",positive
REV-382,CUST-101389,The backpack arrived on time and packaging was perfect. Five stars.,positive
REV-383,CUST-102171,"Love the backpack, exactly as described. Highly recommend to others.",positive
REV-384,CUST-101505,Delivery took way too long and the sneakers arrived damaged.,negative
REV-385,CUST-105885,"Excellent quality phone case, exceeded my expectations. Will buy again!",positive
REV-386,CUST-105313,"Would not recommend, the phone case did not match the description at all.",negative
REV-387,CUST-102985,"The desk lamp broke after one week, very disappointed with the quality.",negative
REV-388,CUST-101202,The blender arrived on time and packaging was perfect. Five stars.,positive
REV-389,CUST-100489,"Would not recommend, the blender did not match the description at all.",negative
REV-390,CUST-103770,"Would not recommend, the blender did not match the description at all.",negative
REV-391,CUST-103850,"Love the backpack, exactly as described. Highly recommend to others.",positive
REV-392,CUST-100173,The coffee maker arrived on time and packaging was perfect. Five stars.,positive
REV-393,CUST-103778,Delivery took way too long and the blender arrived damaged.,negative
REV-394,CUST-104853,"Fast delivery and the phone case works great, very happy with this purchase.",positive
REV-395,CUST-105580,"The coffee maker broke after one week, very disappointed with the quality.",negative
REV-396,CUST-100140,"Great customer support when my sneakers had an issue, resolved quickly.",positive
REV-397,CUST-103346,"Love the sneakers, exactly as described. Highly recommend to others.",positive
REV-398,CUST-104235,Delivery took way too long and the phone case arrived damaged.,negative
REV-399,CUST-103615,"Excellent quality desk lamp, exceeded my expectations. Will buy again!",positive
REV-400,CUST-105619,The sneakers arrived on time and packaging was perfect. Five stars.,positive
REV-401,CUST-101541,"Overpriced for what you get, the desk lamp feels cheap and flimsy.",negative
REV-402,CUST-104068,"Overpriced for what you get, the blender feels cheap and flimsy.",negative
REV-403,CUST-102641,"Would not recommend, the office chair did not match the description at all.",negative
REV-404,CUST-100120,"Great customer support when my office chair had an issue, resolved quickly.",positive
REV-405,CUST-102587,"Overpriced for what you get, the wireless earbuds feels cheap and flimsy.",negative
REV-406,CUST-104051,Customer support never responded about my coffee maker refund request.,negative
REV-407,CUST-101279,"Excellent quality blender, exceeded my expectations. Will buy again!",positive
REV-408,CUST-101104,The wireless earbuds arrived on time and packaging was perfect. Five stars.,positive
REV-409,CUST-104143,"Excellent quality sneakers, exceeded my expectations. Will buy again!",positive
REV-410,CUST-100860,"The desk lamp broke after one week, very disappointed with the quality.",negative
REV-411,CUST-103101,"Would not recommend, the wireless earbuds did not match the description at all.",negative
REV-412,CUST-103069,"Fast delivery and the sneakers works great, very happy with this purchase.",positive
REV-413,CUST-102794,"Overpriced for what you get, the wireless earbuds feels cheap and flimsy.",negative
REV-414,CUST-100220,The wireless earbuds arrived on time and packaging was perfect. Five stars.,positive
REV-415,CUST-101856,"Excellent quality backpack, exceeded my expectations. Will buy again!",positive
REV-416,CUST-100025,"Great customer support when my blender had an issue, resolved quickly.",positive
REV-417,CUST-100185,"Love the wireless earbuds, exactly as described. Highly recommend to others.",positive
REV-418,CUST-102920,The backpack arrived on time and packaging was perfect. Five stars.,positive
REV-419,CUST-103681,The wireless earbuds arrived on time and packaging was perfect. Five stars.,positive
REV-420,CUST-101726,"Overpriced for what you get, the backpack feels cheap and flimsy.",negative
REV-421,CUST-102133,"Love the blender, exactly as described. Highly recommend to others.",positive
REV-422,CUST-104082,The desk lamp arrived on time and packaging was perfect. Five stars.,positive
REV-423,CUST-102415,The sneakers arrived on time and packaging was perfect. Five stars.,positive
REV-424,CUST-100602,"Fast delivery and the wireless earbuds works great, very happy with this purchase.",positive
REV-425,CUST-105526,The blender arrived on time and packaging was perfect. Five stars.,positive
REV-426,CUST-103007,"Love the wireless earbuds, exactly as described. Highly recommend to others.",positive
REV-427,CUST-101067,"Fast delivery and the sneakers works great, very happy with this purchase.",positive
REV-428,CUST-102109,"Love the office chair, exactly as described. Highly recommend to others.",positive
REV-429,CUST-103064,The coffee maker arrived on time and packaging was perfect. Five stars.,positive
REV-430,CUST-102444,"Fast delivery and the wireless earbuds works great, very happy with this purchase.",positive
REV-431,CUST-101562,"Fast delivery and the wireless earbuds works great, very happy with this purchase.",positive
REV-432,CUST-105135,The desk lamp arrived on time and packaging was perfect. Five stars.,positive
REV-433,CUST-102227,"Excellent quality coffee maker, exceeded my expectations. Will buy again!",positive
REV-434,CUST-103299,"Excellent quality office chair, exceeded my expectations. Will buy again!",positive
REV-435,CUST-101434,"Fast delivery and the wireless earbuds works great, very happy with this purchase.",positive
REV-436,CUST-103187,"Love the office chair, exactly as described. Highly recommend to others.",positive
REV-437,CUST-103548,Customer support never responded about my wireless earbuds refund request.,negative
REV-438,CUST-105023,"Would not recommend, the wireless earbuds did not match the description at all.",negative
REV-439,CUST-105706,"The blender broke after one week, very disappointed with the quality.",negative
REV-440,CUST-104676,"Fast delivery and the phone case works great, very happy with this purchase.",positive
REV-441,CUST-101996,Customer support never responded about my backpack refund request.,negative
REV-442,CUST-102963,The coffee maker arrived on time and packaging was perfect. Five stars.,positive
REV-443,CUST-102744,The backpack arrived on time and packaging was perfect. Five stars.,positive
REV-444,CUST-102499,"Love the coffee maker, exactly as described. Highly recommend to others.",positive
REV-445,CUST-101899,"The sneakers broke after one week, very disappointed with the quality.",negative
REV-446,CUST-100486,"Love the phone case, exactly as described. Highly recommend to others.",positive
REV-447,CUST-102256,"Would not recommend, the backpack did not match the description at all.",negative
REV-448,CUST-104558,"The office chair broke after one week, very disappointed with the quality.",negative
REV-449,CUST-104137,"Love the desk lamp, exactly as described. Highly recommend to others.",positive
REV-450,CUST-102833,"Great customer support when my backpack had an issue, resolved quickly.",positive
REV-451,CUST-105892,"Fast delivery and the backpack works great, very happy with this purchase.",positive
REV-452,CUST-102870,Customer support never responded about my office chair refund request.,negative
REV-453,CUST-105728,"Love the coffee maker, exactly as described. Highly recommend to others.",positive
REV-454,CUST-102545,"Great customer support when my wireless earbuds had an issue, resolved quickly.",positive
REV-455,CUST-101327,"Love the desk lamp, exactly as described. Highly recommend to others.",positive
REV-456,CUST-100135,"Love the backpack, exactly as described. Highly recommend to others.",positive
REV-457,CUST-103317,"Excellent quality coffee maker, exceeded my expectations. Will buy again!",positive
REV-458,CUST-104595,"Great customer support when my desk lamp had an issue, resolved quickly.",positive
REV-459,CUST-103458,"Love the coffee maker, exactly as described. Highly recommend to others.",positive
REV-460,CUST-102736,"Fast delivery and the blender works great, very happy with this purchase.",positive
REV-461,CUST-104191,"Overpriced for what you get, the sneakers feels cheap and flimsy.",negative
REV-462,CUST-102197,"Overpriced for what you get, the office chair feels cheap and flimsy.",negative
REV-463,CUST-100645,Delivery took way too long and the desk lamp arrived damaged.,negative
REV-464,CUST-104775,The wireless earbuds arrived on time and packaging was perfect. Five stars.,positive
REV-465,CUST-103268,"Great customer support when my wireless earbuds had an issue, resolved quickly.",positive
REV-466,CUST-103948,"Would not recommend, the coffee maker did not match the description at all.",negative
REV-467,CUST-101290,"Great customer support when my desk lamp had an issue, resolved quickly.",positive
REV-468,CUST-100078,Customer support never responded about my wireless earbuds refund request.,negative
REV-469,CUST-100819,Customer support never responded about my wireless earbuds refund request.,negative
REV-470,CUST-102070,"The desk lamp broke after one week, very disappointed with the quality.",negative
REV-471,CUST-101632,"Excellent quality sneakers, exceeded my expectations. Will buy again!",positive
REV-472,CUST-103946,"Great customer support when my wireless earbuds had an issue, resolved quickly.",positive
REV-473,CUST-103939,"Excellent quality backpack, exceeded my expectations. Will buy again!",positive
REV-474,CUST-104364,Delivery took way too long and the office chair arrived damaged.,negative
REV-475,CUST-100106,"Would not recommend, the desk lamp did not match the description at all.",negative
REV-476,CUST-102129,"Would not recommend, the sneakers did not match the description at all.",negative
REV-477,CUST-105575,"Excellent quality phone case, exceeded my expectations. Will buy again!",positive
REV-478,CUST-105828,The sneakers arrived on time and packaging was perfect. Five stars.,positive
REV-479,CUST-100509,"Great customer support when my office chair had an issue, resolved quickly.",positive
REV-480,CUST-105185,"Would not recommend, the coffee maker did not match the description at all.",negative
REV-481,CUST-101723,"Would not recommend, the desk lamp did not match the description at all.",negative
REV-482,CUST-101805,The phone case arrived on time and packaging was perfect. Five stars.,positive
REV-483,CUST-103890,"Fast delivery and the blender works great, very happy with this purchase.",positive
REV-484,CUST-102122,"Overpriced for what you get, the sneakers feels cheap and flimsy.",negative
REV-485,CUST-102516,"Excellent quality sneakers, exceeded my expectations. Will buy again!",positive
REV-486,CUST-101143,"Would not recommend, the wireless earbuds did not match the description at all.",negative
REV-487,CUST-101622,Customer support never responded about my office chair refund request.,negative
REV-488,CUST-101530,"The phone case broke after one week, very disappointed with the quality.",negative
REV-489,CUST-100443,"The office chair broke after one week, very disappointed with the quality.",negative
REV-490,CUST-104683,"The sneakers broke after one week, very disappointed with the quality.",negative
REV-491,CUST-104442,"Great customer support when my wireless earbuds had an issue, resolved quickly.",positive
REV-492,CUST-104988,"Great customer support when my wireless earbuds had an issue, resolved quickly.",positive
REV-493,CUST-103769,Customer support never responded about my phone case refund request.,negative
REV-494,CUST-101618,Delivery took way too long and the coffee maker arrived damaged.,negative
REV-495,CUST-102848,Delivery took way too long and the wireless earbuds arrived damaged.,negative
REV-496,CUST-100222,"Fast delivery and the phone case works great, very happy with this purchase.",positive
REV-497,CUST-102586,The office chair arrived on time and packaging was perfect. Five stars.,positive
REV-498,CUST-105712,"Overpriced for what you get, the coffee maker feels cheap and flimsy.",negative
REV-499,CUST-100485,"Fast delivery and the coffee maker works great, very happy with this purchase.",positive
REV-500,CUST-102586,"Great customer support when my office chair had an issue, resolved quickly.",positive
REV-501,CUST-105773,"The backpack broke after one week, very disappointed with the quality.",negative
REV-502,CUST-103985,"Fast delivery and the sneakers works great, very happy with this purchase.",positive
REV-503,CUST-101312,"Love the phone case, exactly as described. Highly recommend to others.",positive
REV-504,CUST-104600,Customer support never responded about my backpack refund request.,negative
REV-505,CUST-105032,"Great customer support when my desk lamp had an issue, resolved quickly.",positive
REV-506,CUST-103789,"Overpriced for what you get, the sneakers feels cheap and flimsy.",negative
REV-507,CUST-101072,"Great customer support when my backpack had an issue, resolved quickly.",positive
REV-508,CUST-104481,"Love the coffee maker, exactly as described. Highly recommend to others.",positive
REV-509,CUST-101862,"Great customer support when my wireless earbuds had an issue, resolved quickly.",positive
REV-510,CUST-100634,"Excellent quality wireless earbuds, exceeded my expectations. Will buy again!",positive
REV-511,CUST-104163,"Great customer support when my office chair had an issue, resolved quickly.",positive
REV-512,CUST-104202,"Great customer support when my sneakers had an issue, resolved quickly.",positive
REV-513,CUST-105218,"The coffee maker broke after one week, very disappointed with the quality.",negative
REV-514,CUST-104191,The desk lamp arrived on time and packaging was perfect. Five stars.,positive
REV-515,CUST-100348,"Would not recommend, the coffee maker did not match the description at all.",negative
REV-516,CUST-100538,"Fast delivery and the sneakers works great, very happy with this purchase.",positive
REV-517,CUST-104130,"Great customer support when my desk lamp had an issue, resolved quickly.",positive
REV-518,CUST-103738,"Excellent quality phone case, exceeded my expectations. Will buy again!",positive
REV-519,CUST-100379,"The blender broke after one week, very disappointed with the quality.",negative
REV-520,CUST-100322,"Excellent quality office chair, exceeded my expectations. Will buy again!",positive
REV-521,CUST-100662,The backpack arrived on time and packaging was perfect. Five stars.,positive
REV-522,CUST-105723,The coffee maker arrived on time and packaging was perfect. Five stars.,positive
REV-523,CUST-101784,"Love the desk lamp, exactly as described. Highly recommend to others.",positive
REV-524,CUST-100754,"Great customer support when my wireless earbuds had an issue, resolved quickly.",positive
REV-525,CUST-101862,"Excellent quality coffee maker, exceeded my expectations. Will buy again!",positive
REV-526,CUST-104034,"Love the blender, exactly as described. Highly recommend to others.",positive
REV-527,CUST-102926,"Excellent quality sneakers, exceeded my expectations. Will buy again!",positive
REV-528,CUST-105170,The backpack arrived on time and packaging was perfect. Five stars.,positive
REV-529,CUST-100605,"Fast delivery and the wireless earbuds works great, very happy with this purchase.",positive
REV-530,CUST-105409,Delivery took way too long and the blender arrived damaged.,negative
REV-531,CUST-105905,"Love the sneakers, exactly as described. Highly recommend to others.",positive
REV-532,CUST-103652,"Love the wireless earbuds, exactly as described. Highly recommend to others.",positive
REV-533,CUST-102424,"Fast delivery and the phone case works great, very happy with this purchase.",positive
REV-534,CUST-102818,The blender arrived on time and packaging was perfect. Five stars.,positive
REV-535,CUST-100086,The office chair arrived on time and packaging was perfect. Five stars.,positive
REV-536,CUST-102015,"The office chair broke after one week, very disappointed with the quality.",negative
REV-537,CUST-102424,"Fast delivery and the backpack works great, very happy with this purchase.",positive
REV-538,CUST-100222,"Excellent quality coffee maker, exceeded my expectations. Will buy again!",positive
REV-539,CUST-105307,"Would not recommend, the wireless earbuds did not match the description at all.",negative
REV-540,CUST-104831,"Excellent quality sneakers, exceeded my expectations. Will buy again!",positive
REV-541,CUST-102526,"Love the blender, exactly as described. Highly recommend to others.",positive
REV-542,CUST-105257,"Fast delivery and the phone case works great, very happy with this purchase.",positive
REV-543,CUST-101598,Delivery took way too long and the blender arrived damaged.,negative
REV-544,CUST-102872,"Great customer support when my desk lamp had an issue, resolved quickly.",positive
REV-545,CUST-104457,"Overpriced for what you get, the wireless earbuds feels cheap and flimsy.",negative
REV-546,CUST-100461,"Excellent quality office chair, exceeded my expectations. Will buy again!",positive
REV-547,CUST-104512,Delivery took way too long and the phone case arrived damaged.,negative
REV-548,CUST-101632,"Love the office chair, exactly as described. Highly recommend to others.",positive
REV-549,CUST-103075,"Love the office chair, exactly as described. Highly recommend to others.",positive
REV-550,CUST-103861,"Overpriced for what you get, the sneakers feels cheap and flimsy.",negative
REV-551,CUST-101666,"Excellent quality blender, exceeded my expectations. Will buy again!",positive
REV-552,CUST-104209,"Love the office chair, exactly as described. Highly recommend to others.",positive
REV-553,CUST-101516,"Overpriced for what you get, the office chair feels cheap and flimsy.",negative
REV-554,CUST-100886,Delivery took way too long and the sneakers arrived damaged.,negative
REV-555,CUST-104239,"Overpriced for what you get, the coffee maker feels cheap and flimsy.",negative
REV-556,CUST-101687,Customer support never responded about my blender refund request.,negative
REV-557,CUST-102201,"The phone case broke after one week, very disappointed with the quality.",negative
REV-558,CUST-103539,Customer support never responded about my sneakers refund request.,negative
REV-559,CUST-101315,The phone case arrived on time and packaging was perfect. Five stars.,positive
REV-560,CUST-104435,"Fast delivery and the blender works great, very happy with this purchase.",positive
REV-561,CUST-105778,"The office chair broke after one week, very disappointed with the quality.",negative
REV-562,CUST-100225,"Great customer support when my backpack had an issue, resolved quickly.",positive
REV-563,CUST-105585,Delivery took way too long and the coffee maker arrived damaged.,negative
REV-564,CUST-105618,"The wireless earbuds broke after one week, very disappointed with the quality.",negative
REV-565,CUST-101008,"Great customer support when my wireless earbuds had an issue, resolved quickly.",positive
REV-566,CUST-101778,"Great customer support when my phone case had an issue, resolved quickly.",positive
REV-567,CUST-100609,"Great customer support when my blender had an issue, resolved quickly.",positive
REV-568,CUST-102840,"Excellent quality phone case, exceeded my expectations. Will buy again!",positive
REV-569,CUST-104092,"The coffee maker broke after one week, very disappointed with the quality.",negative
REV-570,CUST-101579,The coffee maker arrived on time and packaging was perfect. Five stars.,positive
REV-571,CUST-103170,"Love the phone case, exactly as described. Highly recommend to others.",positive
REV-572,CUST-103188,Delivery took way too long and the wireless earbuds arrived damaged.,negative
REV-573,CUST-100135,"Love the desk lamp, exactly as described. Highly recommend to others.",positive
REV-574,CUST-101971,"Great customer support when my backpack had an issue, resolved quickly.",positive
REV-575,CUST-101676,"Excellent quality desk lamp, exceeded my expectations. Will buy again!",positive
REV-576,CUST-101464,"The backpack broke after one week, very disappointed with the quality.",negative
REV-577,CUST-104796,"Great customer support when my backpack had an issue, resolved quickly.",positive
REV-578,CUST-103105,"Fast delivery and the coffee maker works great, very happy with this purchase.",positive
REV-579,CUST-103323,Delivery took way too long and the coffee maker arrived damaged.,negative
REV-580,CUST-102942,"Love the office chair, exactly as described. Highly recommend to others.",positive
REV-581,CUST-103725,"Excellent quality coffee maker, exceeded my expectations. Will buy again!",positive
REV-582,CUST-100616,"Great customer support when my coffee maker had an issue, resolved quickly.",positive
REV-583,CUST-102875,"Excellent quality blender, exceeded my expectations. Will buy again!",positive
REV-584,CUST-104689,"Would not recommend, the office chair did not match the description at all.",negative
REV-585,CUST-105041,"Love the blender, exactly as described. Highly recommend to others.",positive
REV-586,CUST-103778,"Great customer support when my backpack had an issue, resolved quickly.",positive
REV-587,CUST-101054,"Would not recommend, the office chair did not match the description at all.",negative
REV-588,CUST-105209,"Excellent quality phone case, exceeded my expectations. Will buy again!",positive
REV-589,CUST-104748,"Love the blender, exactly as described. Highly recommend to others.",positive
REV-590,CUST-101531,"Love the desk lamp, exactly as described. Highly recommend to others.",positive
REV-591,CUST-102879,"The wireless earbuds broke after one week, very disappointed with the quality.",negative
REV-592,CUST-101794,Customer support never responded about my phone case refund request.,negative
REV-593,CUST-105755,"Great customer support when my office chair had an issue, resolved quickly.",positive
REV-594,CUST-105899,"Love the wireless earbuds, exactly as described. Highly recommend to others.",positive
REV-595,CUST-102994,"Love the backpack, exactly as described. Highly recommend to others.",positive
REV-596,CUST-100392,"Fast delivery and the sneakers works great, very happy with this purchase.",positive
REV-597,CUST-102342,"The sneakers broke after one week, very disappointed with the quality.",negative
REV-598,CUST-102327,"Overpriced for what you get, the office chair feels cheap and flimsy.",negative
REV-599,CUST-101787,"Fast delivery and the office chair works great, very happy with this purchase.",positive
REV-600,CUST-101322,"Excellent quality backpack, exceeded my expectations. Will buy again!",positive
REV-601,CUST-105069,The wireless earbuds arrived on time and packaging was perfect. Five stars.,positive
REV-602,CUST-103450,"Great customer support when my office chair had an issue, resolved quickly.",positive
REV-603,CUST-102485,Customer support never responded about my coffee maker refund request.,negative
REV-604,CUST-102524,"Overpriced for what you get, the blender feels cheap and flimsy.",negative
REV-605,CUST-100399,"Great customer support when my sneakers had an issue, resolved quickly.",positive
REV-606,CUST-100662,The office chair arrived on time and packaging was perfect. Five stars.,positive
REV-607,CUST-103172,Customer support never responded about my blender refund request.,negative
REV-608,CUST-103900,"The blender broke after one week, very disappointed with the quality.",negative
REV-609,CUST-102519,"Excellent quality wireless earbuds, exceeded my expectations. Will buy again!",positive
REV-610,CUST-100903,"Love the backpack, exactly as described. Highly recommend to others.",positive
REV-611,CUST-100113,Delivery took way too long and the backpack arrived damaged.,negative
REV-612,CUST-103780,"The sneakers broke after one week, very disappointed with the quality.",negative
REV-613,CUST-100213,Delivery took way too long and the office chair arrived damaged.,negative
REV-614,CUST-105834,The wireless earbuds arrived on time and packaging was perfect. Five stars.,positive
REV-615,CUST-100156,"Excellent quality blender, exceeded my expectations. Will buy again!",positive
REV-616,CUST-100139,"Fast delivery and the phone case works great, very happy with this purchase.",positive
REV-617,CUST-101713,"Love the blender, exactly as described. Highly recommend to others.",positive
REV-618,CUST-105159,"Love the desk lamp, exactly as described. Highly recommend to others.",positive
REV-619,CUST-101138,"Love the sneakers, exactly as described. Highly recommend to others.",positive
REV-620,CUST-103566,"Would not recommend, the backpack did not match the description at all.",negative
REV-621,CUST-101566,"Great customer support when my coffee maker had an issue, resolved quickly.",positive
REV-622,CUST-105152,"Excellent quality coffee maker, exceeded my expectations. Will buy again!",positive
REV-623,CUST-100825,"Great customer support when my backpack had an issue, resolved quickly.",positive
REV-624,CUST-103730,"Would not recommend, the blender did not match the description at all.",negative
REV-625,CUST-101499,"Love the blender, exactly as described. Highly recommend to others.",positive
REV-626,CUST-102681,"Love the blender, exactly as described. Highly recommend to others.",positive
REV-627,CUST-100767,"Overpriced for what you get, the wireless earbuds feels cheap and flimsy.",negative
REV-628,CUST-104630,"Fast delivery and the phone case works great, very happy with this purchase.",positive
REV-629,CUST-105080,"Great customer support when my backpack had an issue, resolved quickly.",positive
REV-630,CUST-104519,The blender arrived on time and packaging was perfect. Five stars.,positive
REV-631,CUST-104043,"Overpriced for what you get, the backpack feels cheap and flimsy.",negative
REV-632,CUST-103424,"Would not recommend, the phone case did not match the description at all.",negative
REV-633,CUST-102704,"Fast delivery and the wireless earbuds works great, very happy with this purchase.",positive
REV-634,CUST-105084,"Overpriced for what you get, the sneakers feels cheap and flimsy.",negative
REV-635,CUST-104848,"The desk lamp broke after one week, very disappointed with the quality.",negative
REV-636,CUST-103085,"Excellent quality office chair, exceeded my expectations. Will buy again!",positive
REV-637,CUST-103027,Delivery took way too long and the office chair arrived damaged.,negative
REV-638,CUST-101031,The blender arrived on time and packaging was perfect. Five stars.,positive
REV-639,CUST-103653,"The backpack broke after one week, very disappointed with the quality.",negative
REV-640,CUST-103064,Customer support never responded about my desk lamp refund request.,negative
REV-641,CUST-104501,The backpack arrived on time and packaging was perfect. Five stars.,positive
REV-642,CUST-102796,Delivery took way too long and the office chair arrived damaged.,negative
REV-643,CUST-104130,"Great customer support when my desk lamp had an issue, resolved quickly.",positive
REV-644,CUST-101807,"Great customer support when my coffee maker had an issue, resolved quickly.",positive
REV-645,CUST-100077,"Fast delivery and the office chair works great, very happy with this purchase.",positive
REV-646,CUST-103170,"Great customer support when my phone case had an issue, resolved quickly.",positive
REV-647,CUST-101862,"The phone case broke after one week, very disappointed with the quality.",negative
REV-648,CUST-102433,Delivery took way too long and the coffee maker arrived damaged.,negative
REV-649,CUST-102952,Delivery took way too long and the desk lamp arrived damaged.,negative
REV-650,CUST-102015,"The phone case broke after one week, very disappointed with the quality.",negative
REV-651,CUST-101923,"The phone case broke after one week, very disappointed with the quality.",negative
REV-652,CUST-105012,"Love the sneakers, exactly as described. Highly recommend to others.",positive
REV-653,CUST-103640,The blender arrived on time and packaging was perfect. Five stars.,positive
REV-654,CUST-102355,"Excellent quality coffee maker, exceeded my expectations. Will buy again!",positive
REV-655,CUST-104934,"Love the backpack, exactly as described. Highly recommend to others.",positive
REV-656,CUST-101620,"Would not recommend, the coffee maker did not match the description at all.",negative
REV-657,CUST-103471,"Love the desk lamp, exactly as described. Highly recommend to others.",positive
REV-658,CUST-103049,"The phone case broke after one week, very disappointed with the quality.",negative
REV-659,CUST-100987,Delivery took way too long and the sneakers arrived damaged.,negative
REV-660,CUST-102078,"Fast delivery and the office chair works great, very happy with this purchase.",positive
REV-661,CUST-104608,Customer support never responded about my coffee maker refund request.,negative
REV-662,CUST-100842,"Love the desk lamp, exactly as described. Highly recommend to others.",positive
REV-663,CUST-102182,"Would not recommend, the backpack did not match the description at all.",negative
REV-664,CUST-102487,"Would not recommend, the sneakers did not match the description at all.",negative
REV-665,CUST-105120,"Fast delivery and the backpack works great, very happy with this purchase.",positive
REV-666,CUST-103539,The desk lamp arrived on time and packaging was perfect. Five stars.,positive
REV-667,CUST-101323,"Would not recommend, the sneakers did not match the description at all.",negative
REV-668,CUST-100791,The backpack arrived on time and packaging was perfect. Five stars.,positive
REV-669,CUST-105357,"Fast delivery and the phone case works great, very happy with this purchase.",positive
REV-670,CUST-100495,The coffee maker arrived on time and packaging was perfect. Five stars.,positive
REV-671,CUST-104030,"Would not recommend, the phone case did not match the description at all.",negative
REV-672,CUST-102719,The backpack arrived on time and packaging was perfect. Five stars.,positive
REV-673,CUST-100355,Delivery took way too long and the desk lamp arrived damaged.,negative
REV-674,CUST-103740,"Fast delivery and the phone case works great, very happy with this purchase.",positive
REV-675,CUST-104471,"Love the sneakers, exactly as described. Highly recommend to others.",positive
REV-676,CUST-102564,Delivery took way too long and the blender arrived damaged.,negative
REV-677,CUST-102734,The blender arrived on time and packaging was perfect. Five stars.,positive
REV-678,CUST-101246,The office chair arrived on time and packaging was perfect. Five stars.,positive
REV-679,CUST-101716,"Love the coffee maker, exactly as described. Highly recommend to others.",positive
REV-680,CUST-105839,"Would not recommend, the office chair did not match the description at all.",negative
REV-681,CUST-100510,"Love the coffee maker, exactly as described. Highly recommend to others.",positive
REV-682,CUST-103784,"Great customer support when my wireless earbuds had an issue, resolved quickly.",positive
REV-683,CUST-100007,"Fast delivery and the sneakers works great, very happy with this purchase.",positive
REV-684,CUST-104159,"Love the phone case, exactly as described. Highly recommend to others.",positive
REV-685,CUST-102211,Delivery took way too long and the blender arrived damaged.,negative
REV-686,CUST-102024,"Great customer support when my phone case had an issue, resolved quickly.",positive
REV-687,CUST-100865,"Fast delivery and the backpack works great, very happy with this purchase.",positive
REV-688,CUST-103297,"Fast delivery and the wireless earbuds works great, very happy with this purchase.",positive
REV-689,CUST-104402,"Fast delivery and the coffee maker works great, very happy with this purchase.",positive
REV-690,CUST-104397,Delivery took way too long and the wireless earbuds arrived damaged.,negative
REV-691,CUST-104022,"The office chair broke after one week, very disappointed with the quality.",negative
REV-692,CUST-104233,"Fast delivery and the backpack works great, very happy with this purchase.",positive
REV-693,CUST-103364,"Love the blender, exactly as described. Highly recommend to others.",positive
REV-694,CUST-104124,Delivery took way too long and the desk lamp arrived damaged.,negative
REV-695,CUST-105341,"The desk lamp broke after one week, very disappointed with the quality.",negative
REV-696,CUST-100507,"Overpriced for what you get, the coffee maker feels cheap and flimsy.",negative
REV-697,CUST-104527,The sneakers arrived on time and packaging was perfect. Five stars.,positive
REV-698,CUST-103246,Customer support never responded about my wireless earbuds refund request.,negative
REV-699,CUST-102210,"Would not recommend, the wireless earbuds did not match the description at all.",negative
REV-700,CUST-100515,"Love the desk lamp, exactly as described. Highly recommend to others.",positive
REV-701,CUST-101120,"The phone case broke after one week, very disappointed with the quality.",negative
REV-702,CUST-105784,"Love the phone case, exactly as described. Highly recommend to others.",positive
REV-703,CUST-104193,The phone case arrived on time and packaging was perfect. Five stars.,positive
REV-704,CUST-102199,Delivery took way too long and the desk lamp arrived damaged.,negative
REV-705,CUST-103081,"Excellent quality backpack, exceeded my expectations. Will buy again!",positive
REV-706,CUST-104596,"Excellent quality office chair, exceeded my expectations. Will buy again!",positive
REV-707,CUST-102434,"Fast delivery and the desk lamp works great, very happy with this purchase.",positive
REV-708,CUST-105193,The sneakers arrived on time and packaging was perfect. Five stars.,positive
REV-709,CUST-100173,The backpack arrived on time and packaging was perfect. Five stars.,positive
REV-710,CUST-101739,Customer support never responded about my phone case refund request.,negative
REV-711,CUST-101427,"Excellent quality desk lamp, exceeded my expectations. Will buy again!",positive
REV-712,CUST-105070,The sneakers arrived on time and packaging was perfect. Five stars.,positive
REV-713,CUST-100475,"Would not recommend, the office chair did not match the description at all.",negative
REV-714,CUST-105329,"Love the office chair, exactly as described. Highly recommend to others.",positive
REV-715,CUST-104518,The sneakers arrived on time and packaging was perfect. Five stars.,positive
REV-716,CUST-105801,"Overpriced for what you get, the wireless earbuds feels cheap and flimsy.",negative
REV-717,CUST-105840,Customer support never responded about my phone case refund request.,negative
REV-718,CUST-105297,"Love the coffee maker, exactly as described. Highly recommend to others.",positive
REV-719,CUST-101049,"Great customer support when my phone case had an issue, resolved quickly.",positive
REV-720,CUST-100492,"Fast delivery and the wireless earbuds works great, very happy with this purchase.",positive
REV-721,CUST-100633,"Would not recommend, the office chair did not match the description at all.",negative
REV-722,CUST-102698,"Love the sneakers, exactly as described. Highly recommend to others.",positive
REV-723,CUST-105288,"The desk lamp broke after one week, very disappointed with the quality.",negative
REV-724,CUST-104912,Delivery took way too long and the desk lamp arrived damaged.,negative
REV-725,CUST-101218,"Excellent quality blender, exceeded my expectations. Will buy again!",positive
REV-726,CUST-105401,"Overpriced for what you get, the desk lamp feels cheap and flimsy.",negative
REV-727,CUST-104943,"Would not recommend, the wireless earbuds did not match the description at all.",negative
REV-728,CUST-105874,"Great customer support when my backpack had an issue, resolved quickly.",positive
REV-729,CUST-102894,"Overpriced for what you get, the backpack feels cheap and flimsy.",negative
REV-730,CUST-105646,"Love the sneakers, exactly as described. Highly recommend to others.",positive
REV-731,CUST-103583,"Overpriced for what you get, the backpack feels cheap and flimsy.",negative
REV-732,CUST-104726,The office chair arrived on time and packaging was perfect. Five stars.,positive
REV-733,CUST-100749,"Love the desk lamp, exactly as described. Highly recommend to others.",positive
REV-734,CUST-103945,Customer support never responded about my blender refund request.,negative
REV-735,CUST-101558,"Fast delivery and the office chair works great, very happy with this purchase.",positive
REV-736,CUST-101802,"Overpriced for what you get, the sneakers feels cheap and flimsy.",negative
REV-737,CUST-104852,"Love the backpack, exactly as described. Highly recommend to others.",positive
REV-738,CUST-105942,The blender arrived on time and packaging was perfect. Five stars.,positive
REV-739,CUST-104821,The sneakers arrived on time and packaging was perfect. Five stars.,positive
REV-740,CUST-101269,"Great customer support when my wireless earbuds had an issue, resolved quickly.",positive
REV-741,CUST-102371,"Fast delivery and the coffee maker works great, very happy with this purchase.",positive
REV-742,CUST-104245,"Overpriced for what you get, the coffee maker feels cheap and flimsy.",negative
REV-743,CUST-103278,The wireless earbuds arrived on time and packaging was perfect. Five stars.,positive
REV-744,CUST-104238,"Love the wireless earbuds, exactly as described. Highly recommend to others.",positive
REV-745,CUST-105444,"Great customer support when my sneakers had an issue, resolved quickly.",positive
REV-746,CUST-105840,"Love the blender, exactly as described. Highly recommend to others.",positive
REV-747,CUST-104121,"Excellent quality office chair, exceeded my expectations. Will buy again!",positive
REV-748,CUST-102801,"Fast delivery and the blender works great, very happy with this purchase.",positive
REV-749,CUST-101298,"Great customer support when my sneakers had an issue, resolved quickly.",positive
REV-750,CUST-103964,The phone case arrived on time and packaging was perfect. Five stars.,positive
REV-751,CUST-101614,The phone case arrived on time and packaging was perfect. Five stars.,positive
REV-752,CUST-105590,Delivery took way too long and the desk lamp arrived damaged.,negative
REV-753,CUST-103096,"Fast delivery and the coffee maker works great, very happy with this purchase.",positive
REV-754,CUST-102747,"Fast delivery and the wireless earbuds works great, very happy with this purchase.",positive
REV-755,CUST-104122,"Great customer support when my blender had an issue, resolved quickly.",positive
REV-756,CUST-102285,"Great customer support when my desk lamp had an issue, resolved quickly.",positive
REV-757,CUST-104114,"Overpriced for what you get, the phone case feels cheap and flimsy.",negative
REV-758,CUST-104438,"Would not recommend, the phone case did not match the description at all.",negative
REV-759,CUST-105877,"Love the backpack, exactly as described. Highly recommend to others.",positive
REV-760,CUST-101683,"Fast delivery and the wireless earbuds works great, very happy with this purchase.",positive
REV-761,CUST-103046,"Great customer support when my phone case had an issue, resolved quickly.",positive
REV-762,CUST-100947,"Great customer support when my office chair had an issue, resolved quickly.",positive
REV-763,CUST-103728,The sneakers arrived on time and packaging was perfect. Five stars.,positive
REV-764,CUST-101610,"Great customer support when my wireless earbuds had an issue, resolved quickly.",positive
REV-765,CUST-101597,"Overpriced for what you get, the desk lamp feels cheap and flimsy.",negative
REV-766,CUST-100256,"Would not recommend, the backpack did not match the description at all.",negative
REV-767,CUST-102903,"Love the phone case, exactly as described. Highly recommend to others.",positive
REV-768,CUST-105330,Delivery took way too long and the desk lamp arrived damaged.,negative
REV-769,CUST-103431,"Fast delivery and the backpack works great, very happy with this purchase.",positive
REV-770,CUST-105614,The sneakers arrived on time and packaging was perfect. Five stars.,positive
REV-771,CUST-103643,"Excellent quality sneakers, exceeded my expectations. Will buy again!",positive
REV-772,CUST-103721,"Fast delivery and the sneakers works great, very happy with this purchase.",positive
REV-773,CUST-103521,"The backpack broke after one week, very disappointed with the quality.",negative
REV-774,CUST-101155,Delivery took way too long and the blender arrived damaged.,negative
REV-775,CUST-100659,"Great customer support when my phone case had an issue, resolved quickly.",positive
REV-776,CUST-100820,"Overpriced for what you get, the desk lamp feels cheap and flimsy.",negative
REV-777,CUST-103948,"Excellent quality sneakers, exceeded my expectations. Will buy again!",positive
REV-778,CUST-103264,"Great customer support when my blender had an issue, resolved quickly.",positive
REV-779,CUST-103255,Customer support never responded about my phone case refund request.,negative
REV-780,CUST-102377,Delivery took way too long and the coffee maker arrived damaged.,negative
REV-781,CUST-103606,"Excellent quality desk lamp, exceeded my expectations. Will buy again!",positive
REV-782,CUST-101738,"Fast delivery and the office chair works great, very happy with this purchase.",positive
REV-783,CUST-102443,Customer support never responded about my wireless earbuds refund request.,negative
REV-784,CUST-105069,"Overpriced for what you get, the coffee maker feels cheap and flimsy.",negative
REV-785,CUST-101605,"Great customer support when my sneakers had an issue, resolved quickly.",positive
REV-786,CUST-102740,The phone case arrived on time and packaging was perfect. Five stars.,positive
REV-787,CUST-100583,Customer support never responded about my wireless earbuds refund request.,negative
REV-788,CUST-105155,"Great customer support when my phone case had an issue, resolved quickly.",positive
REV-789,CUST-100141,"Love the wireless earbuds, exactly as described. Highly recommend to others.",positive
REV-790,CUST-102100,"Love the coffee maker, exactly as described. Highly recommend to others.",positive
REV-791,CUST-101726,"The backpack broke after one week, very disappointed with the quality.",negative
REV-792,CUST-102404,Delivery took way too long and the office chair arrived damaged.,negative
REV-793,CUST-101360,The phone case arrived on time and packaging was perfect. Five stars.,positive
REV-794,CUST-105982,Customer support never responded about my wireless earbuds refund request.,negative
REV-795,CUST-100457,Delivery took way too long and the phone case arrived damaged.,negative
REV-796,CUST-100954,"Great customer support when my office chair had an issue, resolved quickly.",positive
REV-797,CUST-103254,"Excellent quality phone case, exceeded my expectations. Will buy again!",positive
REV-798,CUST-101806,"Fast delivery and the office chair works great, very happy with this purchase.",positive
REV-799,CUST-104228,"Overpriced for what you get, the desk lamp feels cheap and flimsy.",negative
REV-800,CUST-103146,"Excellent quality backpack, exceeded my expectations. Will buy again!",positive
REV-801,CUST-100671,The office chair arrived on time and packaging was perfect. Five stars.,positive
REV-802,CUST-103050,"The desk lamp broke after one week, very disappointed with the quality.",negative
REV-803,CUST-104856,"Great customer support when my sneakers had an issue, resolved quickly.",positive
REV-804,CUST-103102,"Love the office chair, exactly as described. Highly recommend to others.",positive
REV-805,CUST-101116,The wireless earbuds arrived on time and packaging was perfect. Five stars.,positive
REV-806,CUST-105666,"Love the wireless earbuds, exactly as described. Highly recommend to others.",positive
REV-807,CUST-103236,Delivery took way too long and the backpack arrived damaged.,negative
REV-808,CUST-100605,The backpack arrived on time and packaging was perfect. Five stars.,positive
REV-809,CUST-100279,"Love the office chair, exactly as described. Highly recommend to others.",positive
REV-810,CUST-102403,"Would not recommend, the office chair did not match the description at all.",negative
REV-811,CUST-100996,"Fast delivery and the sneakers works great, very happy with this purchase.",positive
REV-812,CUST-100567,"Overpriced for what you get, the sneakers feels cheap and flimsy.",negative
REV-813,CUST-103574,Customer support never responded about my blender refund request.,negative
REV-814,CUST-103870,"Would not recommend, the blender did not match the description at all.",negative
REV-815,CUST-102980,"Love the wireless earbuds, exactly as described. Highly recommend to others.",positive
REV-816,CUST-101622,"Overpriced for what you get, the coffee maker feels cheap and flimsy.",negative
REV-817,CUST-101970,"Fast delivery and the office chair works great, very happy with this purchase.",positive
REV-818,CUST-102220,The office chair arrived on time and packaging was perfect. Five stars.,positive
REV-819,CUST-101991,Customer support never responded about my wireless earbuds refund request.,negative
REV-820,CUST-102683,The backpack arrived on time and packaging was perfect. Five stars.,positive
REV-821,CUST-103699,"Fast delivery and the phone case works great, very happy with this purchase.",positive
REV-822,CUST-102927,"Overpriced for what you get, the blender feels cheap and flimsy.",negative
REV-823,CUST-102808,Delivery took way too long and the phone case arrived damaged.,negative
REV-824,CUST-101111,"Fast delivery and the sneakers works great, very happy with this purchase.",positive
REV-825,CUST-103523,"Great customer support when my office chair had an issue, resolved quickly.",positive
REV-826,CUST-100251,"Fast delivery and the backpack works great, very happy with this purchase.",positive
REV-827,CUST-102938,"Love the sneakers, exactly as described. Highly recommend to others.",positive
REV-828,CUST-100564,"Great customer support when my sneakers had an issue, resolved quickly.",positive
REV-829,CUST-104743,"The coffee maker broke after one week, very disappointed with the quality.",negative
REV-830,CUST-103097,"The sneakers broke after one week, very disappointed with the quality.",negative
REV-831,CUST-101976,"Overpriced for what you get, the phone case feels cheap and flimsy.",negative
REV-832,CUST-103663,"The sneakers broke after one week, very disappointed with the quality.",negative
REV-833,CUST-100920,The wireless earbuds arrived on time and packaging was perfect. Five stars.,positive
REV-834,CUST-103677,"Love the sneakers, exactly as described. Highly recommend to others.",positive
REV-835,CUST-104747,"Love the desk lamp, exactly as described. Highly recommend to others.",positive
REV-836,CUST-101814,The desk lamp arrived on time and packaging was perfect. Five stars.,positive
REV-837,CUST-102738,Customer support never responded about my office chair refund request.,negative
REV-838,CUST-103183,"Love the office chair, exactly as described. Highly recommend to others.",positive
REV-839,CUST-103119,"Fast delivery and the sneakers works great, very happy with this purchase.",positive
REV-840,CUST-100995,"Great customer support when my office chair had an issue, resolved quickly.",positive
REV-841,CUST-100234,"Great customer support when my desk lamp had an issue, resolved quickly.",positive
REV-842,CUST-104141,"Great customer support when my backpack had an issue, resolved quickly.",positive
REV-843,CUST-103164,Customer support never responded about my wireless earbuds refund request.,negative
REV-844,CUST-103272,Customer support never responded about my blender refund request.,negative
REV-845,CUST-103849,"Excellent quality wireless earbuds, exceeded my expectations. Will buy again!",positive
REV-846,CUST-102855,"Great customer support when my backpack had an issue, resolved quickly.",positive
REV-847,CUST-104432,Delivery took way too long and the desk lamp arrived damaged.,negative
REV-848,CUST-103136,"The office chair broke after one week, very disappointed with the quality.",negative
REV-849,CUST-101464,The coffee maker arrived on time and packaging was perfect. Five stars.,positive
REV-850,CUST-104779,"Love the phone case, exactly as described. Highly recommend to others.",positive
REV-851,CUST-100634,"Would not recommend, the phone case did not match the description at all.",negative
REV-852,CUST-103606,"Would not recommend, the desk lamp did not match the description at all.",negative
REV-853,CUST-104962,"Love the blender, exactly as described. Highly recommend to others.",positive
REV-854,CUST-101163,"Great customer support when my sneakers had an issue, resolved quickly.",positive
REV-855,CUST-104199,"Great customer support when my office chair had an issue, resolved quickly.",positive
REV-856,CUST-102641,Delivery took way too long and the phone case arrived damaged.,negative
REV-857,CUST-101233,The phone case arrived on time and packaging was perfect. Five stars.,positive
REV-858,CUST-104844,"Love the backpack, exactly as described. Highly recommend to others.",positive
REV-859,CUST-104570,"Great customer support when my coffee maker had an issue, resolved quickly.",positive
REV-860,CUST-101140,"Fast delivery and the blender works great, very happy with this purchase.",positive
REV-861,CUST-103173,"Love the blender, exactly as described. Highly recommend to others.",positive
REV-862,CUST-103432,Delivery took way too long and the sneakers arrived damaged.,negative
REV-863,CUST-100438,"Excellent quality blender, exceeded my expectations. Will buy again!",positive
REV-864,CUST-105983,"Fast delivery and the office chair works great, very happy with this purchase.",positive
REV-865,CUST-101685,"Excellent quality phone case, exceeded my expectations. Will buy again!",positive
REV-866,CUST-103172,"Would not recommend, the office chair did not match the description at all.",negative
REV-867,CUST-101326,"Great customer support when my wireless earbuds had an issue, resolved quickly.",positive
REV-868,CUST-100043,"Fast delivery and the blender works great, very happy with this purchase.",positive
REV-869,CUST-100002,"Great customer support when my office chair had an issue, resolved quickly.",positive
REV-870,CUST-101573,"Fast delivery and the wireless earbuds works great, very happy with this purchase.",positive
REV-871,CUST-100915,"Would not recommend, the blender did not match the description at all.",negative
REV-872,CUST-103121,Delivery took way too long and the phone case arrived damaged.,negative
REV-873,CUST-100885,"Excellent quality coffee maker, exceeded my expectations. Will buy again!",positive
REV-874,CUST-103272,The office chair arrived on time and packaging was perfect. Five stars.,positive
REV-875,CUST-103964,"Great customer support when my blender had an issue, resolved quickly.",positive
REV-876,CUST-102338,"Overpriced for what you get, the phone case feels cheap and flimsy.",negative
REV-877,CUST-103781,"Great customer support when my blender had an issue, resolved quickly.",positive
REV-878,CUST-104579,"Overpriced for what you get, the backpack feels cheap and flimsy.",negative
REV-879,CUST-104400,The blender arrived on time and packaging was perfect. Five stars.,positive
REV-880,CUST-100943,Delivery took way too long and the backpack arrived damaged.,negative
REV-881,CUST-100908,"Would not recommend, the coffee maker did not match the description at all.",negative
REV-882,CUST-103786,"Great customer support when my coffee maker had an issue, resolved quickly.",positive
REV-883,CUST-101636,Customer support never responded about my office chair refund request.,negative
REV-884,CUST-100784,"Great customer support when my sneakers had an issue, resolved quickly.",positive
REV-885,CUST-104220,"Love the coffee maker, exactly as described. Highly recommend to others.",positive
REV-886,CUST-100355,"Fast delivery and the blender works great, very happy with this purchase.",positive
REV-887,CUST-101548,Customer support never responded about my sneakers refund request.,negative
REV-888,CUST-104855,The blender arrived on time and packaging was perfect. Five stars.,positive
REV-889,CUST-103206,"Would not recommend, the coffee maker did not match the description at all.",negative
REV-890,CUST-100878,"Love the blender, exactly as described. Highly recommend to others.",positive
REV-891,CUST-101265,Delivery took way too long and the sneakers arrived damaged.,negative
REV-892,CUST-100014,"Would not recommend, the office chair did not match the description at all.",negative
REV-893,CUST-100231,"Overpriced for what you get, the office chair feels cheap and flimsy.",negative
REV-894,CUST-100601,"The backpack broke after one week, very disappointed with the quality.",negative
REV-895,CUST-100400,"Excellent quality backpack, exceeded my expectations. Will buy again!",positive
REV-896,CUST-105776,"Would not recommend, the sneakers did not match the description at all.",negative
REV-897,CUST-103342,"Excellent quality desk lamp, exceeded my expectations. Will buy again!",positive
REV-898,CUST-105130,"Fast delivery and the sneakers works great, very happy with this purchase.",positive
REV-899,CUST-105074,"Great customer support when my sneakers had an issue, resolved quickly.",positive
REV-900,CUST-105856,"Great customer support when my backpack had an issue, resolved quickly.",positive
REV-901,CUST-100306,"Overpriced for what you get, the phone case feels cheap and flimsy.",negative
REV-902,CUST-105415,"Great customer support when my desk lamp had an issue, resolved quickly.",positive
REV-903,CUST-103065,"Would not recommend, the coffee maker did not match the description at all.",negative
REV-904,CUST-104603,Customer support never responded about my coffee maker refund request.,negative
REV-905,CUST-102485,"Love the office chair, exactly as described. Highly recommend to others.",positive
REV-906,CUST-105585,Customer support never responded about my sneakers refund request.,negative
REV-907,CUST-103624,"Would not recommend, the sneakers did not match the description at all.",negative
REV-908,CUST-102907,"Love the coffee maker, exactly as described. Highly recommend to others.",positive
REV-909,CUST-101201,"Great customer support when my office chair had an issue, resolved quickly.",positive
REV-910,CUST-103579,"Would not recommend, the coffee maker did not match the description at all.",negative
REV-911,CUST-101877,Delivery took way too long and the wireless earbuds arrived damaged.,negative
REV-912,CUST-103245,"Love the desk lamp, exactly as described. Highly recommend to others.",positive
REV-913,CUST-101644,Customer support never responded about my desk lamp refund request.,negative
REV-914,CUST-101338,The desk lamp arrived on time and packaging was perfect. Five stars.,positive
REV-915,CUST-104953,The sneakers arrived on time and packaging was perfect. Five stars.,positive
REV-916,CUST-102565,Customer support never responded about my blender refund request.,negative
REV-917,CUST-105162,"Would not recommend, the sneakers did not match the description at all.",negative
REV-918,CUST-104921,Customer support never responded about my backpack refund request.,negative
REV-919,CUST-101100,"Excellent quality phone case, exceeded my expectations. Will buy again!",positive
REV-920,CUST-101389,"Love the blender, exactly as described. Highly recommend to others.",positive
REV-921,CUST-103295,"Fast delivery and the coffee maker works great, very happy with this purchase.",positive
REV-922,CUST-101050,Delivery took way too long and the blender arrived damaged.,negative
REV-923,CUST-104211,"The phone case broke after one week, very disappointed with the quality.",negative
REV-924,CUST-105087,"Excellent quality desk lamp, exceeded my expectations. Will buy again!",positive
REV-925,CUST-102266,"Great customer support when my office chair had an issue, resolved quickly.",positive
REV-926,CUST-103141,"Great customer support when my coffee maker had an issue, resolved quickly.",positive
REV-927,CUST-105999,"Fast delivery and the wireless earbuds works great, very happy with this purchase.",positive
REV-928,CUST-100273,"Overpriced for what you get, the sneakers feels cheap and flimsy.",negative
REV-929,CUST-100330,"Great customer support when my blender had an issue, resolved quickly.",positive
REV-930,CUST-101832,The office chair arrived on time and packaging was perfect. Five stars.,positive
REV-931,CUST-100026,Delivery took way too long and the blender arrived damaged.,negative
REV-932,CUST-103563,"Fast delivery and the blender works great, very happy with this purchase.",positive
REV-933,CUST-104649,"Fast delivery and the phone case works great, very happy with this purchase.",positive
REV-934,CUST-101491,"Love the blender, exactly as described. Highly recommend to others.",positive
REV-935,CUST-100475,"Fast delivery and the blender works great, very happy with this purchase.",positive
REV-936,CUST-101359,"The backpack broke after one week, very disappointed with the quality.",negative
REV-937,CUST-103791,The blender arrived on time and packaging was perfect. Five stars.,positive
REV-938,CUST-101601,Customer support never responded about my sneakers refund request.,negative
REV-939,CUST-104937,"Excellent quality desk lamp, exceeded my expectations. Will buy again!",positive
REV-940,CUST-100435,"The blender broke after one week, very disappointed with the quality.",negative
REV-941,CUST-103013,"Great customer support when my desk lamp had an issue, resolved quickly.",positive
REV-942,CUST-102641,"The wireless earbuds broke after one week, very disappointed with the quality.",negative
REV-943,CUST-102461,"Fast delivery and the office chair works great, very happy with this purchase.",positive
REV-944,CUST-102265,"Fast delivery and the coffee maker works great, very happy with this purchase.",positive
REV-945,CUST-101821,Delivery took way too long and the blender arrived damaged.,negative
REV-946,CUST-102741,"Fast delivery and the phone case works great, very happy with this purchase.",positive
REV-947,CUST-105836,"Love the wireless earbuds, exactly as described. Highly recommend to others.",positive
REV-948,CUST-103869,"Excellent quality sneakers, exceeded my expectations. Will buy again!",positive
REV-949,CUST-104684,"Would not recommend, the wireless earbuds did not match the description at all.",negative
REV-950,CUST-100864,"Great customer support when my coffee maker had an issue, resolved quickly.",positive
REV-951,CUST-105378,"The blender broke after one week, very disappointed with the quality.",negative
REV-952,CUST-103145,"Great customer support when my coffee maker had an issue, resolved quickly.",positive
REV-953,CUST-105414,"Love the desk lamp, exactly as described. Highly recommend to others.",positive
REV-954,CUST-101792,"Would not recommend, the desk lamp did not match the description at all.",negative
REV-955,CUST-104542,"Fast delivery and the coffee maker works great, very happy with this purchase.",positive
REV-956,CUST-100292,"The blender broke after one week, very disappointed with the quality.",negative
REV-957,CUST-102004,"Excellent quality desk lamp, exceeded my expectations. Will buy again!",positive
REV-958,CUST-102153,The blender arrived on time and packaging was perfect. Five stars.,positive
REV-959,CUST-103840,"Great customer support when my desk lamp had an issue, resolved quickly.",positive
REV-960,CUST-104594,"Overpriced for what you get, the phone case feels cheap and flimsy.",negative
REV-961,CUST-101313,"Great customer support when my blender had an issue, resolved quickly.",positive
REV-962,CUST-105267,"Fast delivery and the wireless earbuds works great, very happy with this purchase.",positive
REV-963,CUST-101625,"Fast delivery and the sneakers works great, very happy with this purchase.",positive
REV-964,CUST-100508,"The backpack broke after one week, very disappointed with the quality.",negative
REV-965,CUST-103778,Customer support never responded about my blender refund request.,negative
REV-966,CUST-103371,"Fast delivery and the blender works great, very happy with this purchase.",positive
REV-967,CUST-102204,"Excellent quality coffee maker, exceeded my expectations. Will buy again!",positive
REV-968,CUST-103229,"Love the office chair, exactly as described. Highly recommend to others.",positive
REV-969,CUST-105886,"Great customer support when my office chair had an issue, resolved quickly.",positive
REV-970,CUST-102147,"Fast delivery and the backpack works great, very happy with this purchase.",positive
REV-971,CUST-102471,"Overpriced for what you get, the blender feels cheap and flimsy.",negative
REV-972,CUST-105711,"Fast delivery and the office chair works great, very happy with this purchase.",positive
REV-973,CUST-100449,"The backpack broke after one week, very disappointed with the quality.",negative
REV-974,CUST-105896,"Great customer support when my office chair had an issue, resolved quickly.",positive
REV-975,CUST-102025,"Great customer support when my phone case had an issue, resolved quickly.",positive
REV-976,CUST-100396,"Fast delivery and the coffee maker works great, very happy with this purchase.",positive
REV-977,CUST-103898,"Overpriced for what you get, the backpack feels cheap and flimsy.",negative
REV-978,CUST-100900,The phone case arrived on time and packaging was perfect. Five stars.,positive
REV-979,CUST-105056,The office chair arrived on time and packaging was perfect. Five stars.,positive
REV-980,CUST-105445,"Excellent quality sneakers, exceeded my expectations. Will buy again!",positive
REV-981,CUST-101760,"Overpriced for what you get, the sneakers feels cheap and flimsy.",negative
REV-982,CUST-103182,"Excellent quality backpack, exceeded my expectations. Will buy again!",positive
REV-983,CUST-104211,Delivery took way too long and the blender arrived damaged.,negative
REV-984,CUST-101400,"Great customer support when my coffee maker had an issue, resolved quickly.",positive
REV-985,CUST-105990,Delivery took way too long and the desk lamp arrived damaged.,negative
REV-986,CUST-101987,"Overpriced for what you get, the desk lamp feels cheap and flimsy.",negative
REV-987,CUST-102478,"The coffee maker broke after one week, very disappointed with the quality.",negative
REV-988,CUST-100346,"Great customer support when my phone case had an issue, resolved quickly.",positive
REV-989,CUST-101734,"Love the sneakers, exactly as described. Highly recommend to others.",positive
REV-990,CUST-102229,"Great customer support when my backpack had an issue, resolved quickly.",positive
REV-991,CUST-105283,"Fast delivery and the sneakers works great, very happy with this purchase.",positive
REV-992,CUST-105977,"Excellent quality backpack, exceeded my expectations. Will buy again!",positive
REV-993,CUST-101208,"Great customer support when my office chair had an issue, resolved quickly.",positive
REV-994,CUST-102269,"Overpriced for what you get, the phone case feels cheap and flimsy.",negative
REV-995,CUST-105703,Customer support never responded about my phone case refund request.,negative
REV-996,CUST-103576,"Fast delivery and the office chair works great, very happy with this purchase.",positive
REV-997,CUST-103166,"Great customer support when my backpack had an issue, resolved quickly.",positive
REV-998,CUST-104739,The sneakers arrived on time and packaging was perfect. Five stars.,positive
REV-999,CUST-104148,Delivery took way too long and the desk lamp arrived damaged.,negative
REV-1000,CUST-104975,"Great customer support when my desk lamp had an issue, resolved quickly.",positive
REV-1001,CUST-102309,The wireless earbuds arrived on time and packaging was perfect. Five stars.,positive
REV-1002,CUST-102312,"Excellent quality backpack, exceeded my expectations. Will buy again!",positive
REV-1003,CUST-104200,"Love the office chair, exactly as described. Highly recommend to others.",positive
REV-1004,CUST-104712,Customer support never responded about my phone case refund request.,negative
REV-1005,CUST-105485,The desk lamp arrived on time and packaging was perfect. Five stars.,positive
REV-1006,CUST-100673,"Excellent quality phone case, exceeded my expectations. Will buy again!",positive
REV-1007,CUST-101549,"Overpriced for what you get, the phone case feels cheap and flimsy.",negative
REV-1008,CUST-102044,"Overpriced for what you get, the office chair feels cheap and flimsy.",negative
REV-1009,CUST-103916,The wireless earbuds arrived on time and packaging was perfect. Five stars.,positive
REV-1010,CUST-101353,"Would not recommend, the wireless earbuds did not match the description at all.",negative
REV-1011,CUST-102666,"Overpriced for what you get, the wireless earbuds feels cheap and flimsy.",negative
REV-1012,CUST-102142,"Great customer support when my coffee maker had an issue, resolved quickly.",positive
REV-1013,CUST-101441,"Fast delivery and the coffee maker works great, very happy with this purchase.",positive
REV-1014,CUST-104639,Delivery took way too long and the office chair arrived damaged.,negative
REV-1015,CUST-105470,Delivery took way too long and the phone case arrived damaged.,negative
REV-1016,CUST-102597,"Fast delivery and the phone case works great, very happy with this purchase.",positive
REV-1017,CUST-104662,"Love the blender, exactly as described. Highly recommend to others.",positive
REV-1018,CUST-105673,"Fast delivery and the blender works great, very happy with this purchase.",positive
REV-1019,CUST-105563,"Great customer support when my blender had an issue, resolved quickly.",positive
REV-1020,CUST-101096,"Fast delivery and the sneakers works great, very happy with this purchase.",positive
REV-1021,CUST-103120,"Great customer support when my desk lamp had an issue, resolved quickly.",positive
REV-1022,CUST-104543,Customer support never responded about my backpack refund request.,negative
REV-1023,CUST-103882,"Excellent quality wireless earbuds, exceeded my expectations. Will buy again!",positive
REV-1024,CUST-102615,"Excellent quality backpack, exceeded my expectations. Will buy again!",positive
REV-1025,CUST-104625,Delivery took way too long and the desk lamp arrived damaged.,negative
REV-1026,CUST-104122,"Fast delivery and the backpack works great, very happy with this purchase.",positive
REV-1027,CUST-104196,"The phone case broke after one week, very disappointed with the quality.",negative
REV-1028,CUST-105705,Customer support never responded about my phone case refund request.,negative
REV-1029,CUST-105473,"Love the blender, exactly as described. Highly recommend to others.",positive
REV-1030,CUST-103436,"Great customer support when my sneakers had an issue, resolved quickly.",positive
REV-1031,CUST-101061,"Excellent quality wireless earbuds, exceeded my expectations. Will buy again!",positive
REV-1032,CUST-105165,"Fast delivery and the office chair works great, very happy with this purchase.",positive
REV-1033,CUST-103543,"Fast delivery and the office chair works great, very happy with this purchase.",positive
REV-1034,CUST-105640,The coffee maker arrived on time and packaging was perfect. Five stars.,positive
REV-1035,CUST-105173,"Love the coffee maker, exactly as described. Highly recommend to others.",positive
REV-1036,CUST-105851,Customer support never responded about my office chair refund request.,negative
REV-1037,CUST-105150,"Overpriced for what you get, the sneakers feels cheap and flimsy.",negative
REV-1038,CUST-103724,"Would not recommend, the sneakers did not match the description at all.",negative
REV-1039,CUST-103234,"Great customer support when my phone case had an issue, resolved quickly.",positive
REV-1040,CUST-104042,"Would not recommend, the blender did not match the description at all.",negative
REV-1041,CUST-104493,Delivery took way too long and the coffee maker arrived damaged.,negative
REV-1042,CUST-101189,"The phone case broke after one week, very disappointed with the quality.",negative
REV-1043,CUST-102689,Customer support never responded about my office chair refund request.,negative
REV-1044,CUST-102353,Delivery took way too long and the office chair arrived damaged.,negative
REV-1045,CUST-103620,"The office chair broke after one week, very disappointed with the quality.",negative
REV-1046,CUST-105373,"Love the backpack, exactly as described. Highly recommend to others.",positive
REV-1047,CUST-100434,"The desk lamp broke after one week, very disappointed with the quality.",negative
REV-1048,CUST-101970,Customer support never responded about my office chair refund request.,negative
REV-1049,CUST-101920,"The wireless earbuds broke after one week, very disappointed with the quality.",negative
REV-1050,CUST-102374,"Fast delivery and the coffee maker works great, very happy with this purchase.",positive
REV-1051,CUST-103918,"Great customer support when my backpack had an issue, resolved quickly.",positive
REV-1052,CUST-100125,"The wireless earbuds broke after one week, very disappointed with the quality.",negative
REV-1053,CUST-105109,"Excellent quality blender, exceeded my expectations. Will buy again!",positive
REV-1054,CUST-103528,Customer support never responded about my sneakers refund request.,negative
REV-1055,CUST-104756,"Great customer support when my phone case had an issue, resolved quickly.",positive
REV-1056,CUST-103161,The office chair arrived on time and packaging was perfect. Five stars.,positive
REV-1057,CUST-104606,The office chair arrived on time and packaging was perfect. Five stars.,positive
REV-1058,CUST-103568,"Fast delivery and the wireless earbuds works great, very happy with this purchase.",positive
REV-1059,CUST-101139,"Love the wireless earbuds, exactly as described. Highly recommend to others.",positive
REV-1060,CUST-104268,"Love the sneakers, exactly as described. Highly recommend to others.",positive
REV-1061,CUST-103055,"Would not recommend, the sneakers did not match the description at all.",negative
REV-1062,CUST-105125,"Would not recommend, the backpack did not match the description at all.",negative
REV-1063,CUST-104809,"Love the office chair, exactly as described. Highly recommend to others.",positive
REV-1064,CUST-104154,"Great customer support when my phone case had an issue, resolved quickly.",positive
REV-1065,CUST-100793,"Excellent quality phone case, exceeded my expectations. Will buy again!",positive
REV-1066,CUST-100920,"Excellent quality backpack, exceeded my expectations. Will buy again!",positive
REV-1067,CUST-100092,"Love the sneakers, exactly as described. Highly recommend to others.",positive
REV-1068,CUST-105785,"Fast delivery and the sneakers works great, very happy with this purchase.",positive
REV-1069,CUST-102119,"Excellent quality backpack, exceeded my expectations. Will buy again!",positive
REV-1070,CUST-104885,"Overpriced for what you get, the office chair feels cheap and flimsy.",negative
REV-1071,CUST-102915,"Excellent quality wireless earbuds, exceeded my expectations. Will buy again!",positive
REV-1072,CUST-100736,Customer support never responded about my blender refund request.,negative
REV-1073,CUST-102406,"Overpriced for what you get, the desk lamp feels cheap and flimsy.",negative
REV-1074,CUST-105420,"Great customer support when my wireless earbuds had an issue, resolved quickly.",positive
REV-1075,CUST-102127,Customer support never responded about my backpack refund request.,negative
REV-1076,CUST-103893,"Great customer support when my office chair had an issue, resolved quickly.",positive
REV-1077,CUST-104239,The phone case arrived on time and packaging was perfect. Five stars.,positive
REV-1078,CUST-102821,The phone case arrived on time and packaging was perfect. Five stars.,positive
REV-1079,CUST-104483,"Love the blender, exactly as described. Highly recommend to others.",positive
REV-1080,CUST-103983,"Love the sneakers, exactly as described. Highly recommend to others.",positive
REV-1081,CUST-100090,"Excellent quality sneakers, exceeded my expectations. Will buy again!",positive
REV-1082,CUST-103393,"Would not recommend, the wireless earbuds did not match the description at all.",negative
REV-1083,CUST-101897,"Fast delivery and the backpack works great, very happy with this purchase.",positive
REV-1084,CUST-102111,"Excellent quality desk lamp, exceeded my expectations. Will buy again!",positive
REV-1085,CUST-105480,Delivery took way too long and the wireless earbuds arrived damaged.,negative
REV-1086,CUST-103998,Customer support never responded about my wireless earbuds refund request.,negative
REV-1087,CUST-105910,"Love the phone case, exactly as described. Highly recommend to others.",positive
REV-1088,CUST-104463,"Love the backpack, exactly as described. Highly recommend to others.",positive
REV-1089,CUST-100523,"Love the desk lamp, exactly as described. Highly recommend to others.",positive
REV-1090,CUST-101379,"Overpriced for what you get, the blender feels cheap and flimsy.",negative
REV-1091,CUST-102115,"Would not recommend, the backpack did not match the description at all.",negative
REV-1092,CUST-103314,"Excellent quality sneakers, exceeded my expectations. Will buy again!",positive
REV-1093,CUST-104924,Customer support never responded about my phone case refund request.,negative
REV-1094,CUST-104360,Customer support never responded about my blender refund request.,negative
REV-1095,CUST-101940,"Fast delivery and the office chair works great, very happy with this purchase.",positive
REV-1096,CUST-104248,"Fast delivery and the sneakers works great, very happy with this purchase.",positive
REV-1097,CUST-102074,"Great customer support when my coffee maker had an issue, resolved quickly.",positive
REV-1098,CUST-101306,"Love the office chair, exactly as described. Highly recommend to others.",positive
REV-1099,CUST-102118,"Love the wireless earbuds, exactly as described. Highly recommend to others.",positive
REV-1100,CUST-104550,"Excellent quality coffee maker, exceeded my expectations. Will buy again!",positive
REV-1101,CUST-100503,The phone case arrived on time and packaging was perfect. Five stars.,positive
REV-1102,CUST-100389,"Fast delivery and the phone case works great, very happy with this purchase.",positive
REV-1103,CUST-105397,Customer support never responded about my blender refund request.,negative
REV-1104,CUST-104810,Delivery took way too long and the blender arrived damaged.,negative
REV-1105,CUST-103413,"Love the office chair, exactly as described. Highly recommend to others.",positive
REV-1106,CUST-105309,"Great customer support when my sneakers had an issue, resolved quickly.",positive
REV-1107,CUST-104160,The wireless earbuds arrived on time and packaging was perfect. Five stars.,positive
REV-1108,CUST-105039,"Great customer support when my sneakers had an issue, resolved quickly.",positive
REV-1109,CUST-104696,"Love the coffee maker, exactly as described. Highly recommend to others.",positive
REV-1110,CUST-104774,"Fast delivery and the coffee maker works great, very happy with this purchase.",positive
REV-1111,CUST-105907,"Would not recommend, the coffee maker did not match the description at all.",negative
REV-1112,CUST-101937,Delivery took way too long and the backpack arrived damaged.,negative
REV-1113,CUST-100286,"Love the backpack, exactly as described. Highly recommend to others.",positive
REV-1114,CUST-105549,"The backpack broke after one week, very disappointed with the quality.",negative
REV-1115,CUST-105066,Customer support never responded about my coffee maker refund request.,negative
REV-1116,CUST-101755,"Fast delivery and the blender works great, very happy with this purchase.",positive
REV-1117,CUST-105410,"Great customer support when my desk lamp had an issue, resolved quickly.",positive
REV-1118,CUST-101091,"Would not recommend, the wireless earbuds did not match the description at all.",negative
REV-1119,CUST-103891,"Overpriced for what you get, the coffee maker feels cheap and flimsy.",negative
REV-1120,CUST-100502,"The phone case broke after one week, very disappointed with the quality.",negative
REV-1121,CUST-103803,The blender arrived on time and packaging was perfect. Five stars.,positive
REV-1122,CUST-102713,"Great customer support when my phone case had an issue, resolved quickly.",positive
REV-1123,CUST-103947,"The desk lamp broke after one week, very disappointed with the quality.",negative
REV-1124,CUST-105972,The phone case arrived on time and packaging was perfect. Five stars.,positive
REV-1125,CUST-105607,"The office chair broke after one week, very disappointed with the quality.",negative
REV-1126,CUST-101151,"Love the wireless earbuds, exactly as described. Highly recommend to others.",positive
REV-1127,CUST-101080,"Great customer support when my desk lamp had an issue, resolved quickly.",positive
REV-1128,CUST-105369,"The blender broke after one week, very disappointed with the quality.",negative
REV-1129,CUST-102256,"Great customer support when my office chair had an issue, resolved quickly.",positive
REV-1130,CUST-104896,"Overpriced for what you get, the blender feels cheap and flimsy.",negative
REV-1131,CUST-104724,"Fast delivery and the backpack works great, very happy with this purchase.",positive
REV-1132,CUST-102960,"Excellent quality phone case, exceeded my expectations. Will buy again!",positive
REV-1133,CUST-103674,"Fast delivery and the coffee maker works great, very happy with this purchase.",positive
REV-1134,CUST-104449,"Fast delivery and the coffee maker works great, very happy with this purchase.",positive
REV-1135,CUST-102315,Delivery took way too long and the office chair arrived damaged.,negative
REV-1136,CUST-101305,"Love the desk lamp, exactly as described. Highly recommend to others.",positive
REV-1137,CUST-101459,"The desk lamp broke after one week, very disappointed with the quality.",negative
REV-1138,CUST-104850,Customer support never responded about my office chair refund request.,negative
REV-1139,CUST-105314,The phone case arrived on time and packaging was perfect. Five stars.,positive
REV-1140,CUST-101038,"Excellent quality office chair, exceeded my expectations. Will buy again!",positive
REV-1141,CUST-101351,"Love the office chair, exactly as described. Highly recommend to others.",positive
REV-1142,CUST-105475,"Excellent quality wireless earbuds, exceeded my expectations. Will buy again!",positive
REV-1143,CUST-101975,"Would not recommend, the coffee maker did not match the description at all.",negative
REV-1144,CUST-102986,"Love the coffee maker, exactly as described. Highly recommend to others.",positive
REV-1145,CUST-101094,The sneakers arrived on time and packaging was perfect. Five stars.,positive
REV-1146,CUST-102022,"Overpriced for what you get, the desk lamp feels cheap and flimsy.",negative
REV-1147,CUST-105957,"Love the coffee maker, exactly as described. Highly recommend to others.",positive
REV-1148,CUST-100705,Customer support never responded about my sneakers refund request.,negative
REV-1149,CUST-103059,"The desk lamp broke after one week, very disappointed with the quality.",negative
REV-1150,CUST-101370,"Overpriced for what you get, the wireless earbuds feels cheap and flimsy.",negative
REV-1151,CUST-104748,"Great customer support when my wireless earbuds had an issue, resolved quickly.",positive
REV-1152,CUST-102506,The coffee maker arrived on time and packaging was perfect. Five stars.,positive
REV-1153,CUST-103820,"The wireless earbuds broke after one week, very disappointed with the quality.",negative
REV-1154,CUST-101045,"Overpriced for what you get, the desk lamp feels cheap and flimsy.",negative
REV-1155,CUST-101506,"Love the wireless earbuds, exactly as described. Highly recommend to others.",positive
REV-1156,CUST-101149,The sneakers arrived on time and packaging was perfect. Five stars.,positive
REV-1157,CUST-100247,"Fast delivery and the office chair works great, very happy with this purchase.",positive
REV-1158,CUST-100585,"Excellent quality backpack, exceeded my expectations. Will buy again!",positive
REV-1159,CUST-104407,"Love the phone case, exactly as described. Highly recommend to others.",positive
REV-1160,CUST-101891,"Love the wireless earbuds, exactly as described. Highly recommend to others.",positive
REV-1161,CUST-101664,The phone case arrived on time and packaging was perfect. Five stars.,positive
REV-1162,CUST-102785,Customer support never responded about my blender refund request.,negative
REV-1163,CUST-101262,"Overpriced for what you get, the desk lamp feels cheap and flimsy.",negative
REV-1164,CUST-102468,"Great customer support when my desk lamp had an issue, resolved quickly.",positive
REV-1165,CUST-103897,"Great customer support when my backpack had an issue, resolved quickly.",positive
REV-1166,CUST-102460,"Great customer support when my phone case had an issue, resolved quickly.",positive
REV-1167,CUST-102726,"The office chair broke after one week, very disappointed with the quality.",negative
REV-1168,CUST-101762,"Overpriced for what you get, the backpack feels cheap and flimsy.",negative
REV-1169,CUST-103538,Customer support never responded about my office chair refund request.,negative
REV-1170,CUST-104366,"Would not recommend, the wireless earbuds did not match the description at all.",negative
REV-1171,CUST-102724,"Great customer support when my office chair had an issue, resolved quickly.",positive
REV-1172,CUST-102134,Delivery took way too long and the wireless earbuds arrived damaged.,negative
REV-1173,CUST-101100,Customer support never responded about my blender refund request.,negative
REV-1174,CUST-103075,"Would not recommend, the sneakers did not match the description at all.",negative
REV-1175,CUST-100700,"Overpriced for what you get, the blender feels cheap and flimsy.",negative
REV-1176,CUST-101435,The phone case arrived on time and packaging was perfect. Five stars.,positive
REV-1177,CUST-103796,"The office chair broke after one week, very disappointed with the quality.",negative
REV-1178,CUST-104128,"Excellent quality wireless earbuds, exceeded my expectations. Will buy again!",positive
REV-1179,CUST-100730,"The desk lamp broke after one week, very disappointed with the quality.",negative
REV-1180,CUST-104968,"Overpriced for what you get, the desk lamp feels cheap and flimsy.",negative
REV-1181,CUST-103762,"Love the phone case, exactly as described. Highly recommend to others.",positive
REV-1182,CUST-102240,"The sneakers broke after one week, very disappointed with the quality.",negative
REV-1183,CUST-103537,"Would not recommend, the coffee maker did not match the description at all.",negative
REV-1184,CUST-104895,"Love the desk lamp, exactly as described. Highly recommend to others.",positive
REV-1185,CUST-101745,"The desk lamp broke after one week, very disappointed with the quality.",negative
REV-1186,CUST-103116,"Fast delivery and the sneakers works great, very happy with this purchase.",positive
REV-1187,CUST-101540,"Fast delivery and the coffee maker works great, very happy with this purchase.",positive
REV-1188,CUST-104602,Delivery took way too long and the desk lamp arrived damaged.,negative
REV-1189,CUST-102526,Customer support never responded about my wireless earbuds refund request.,negative
REV-1190,CUST-100454,"Overpriced for what you get, the sneakers feels cheap and flimsy.",negative
REV-1191,CUST-100987,"Love the phone case, exactly as described. Highly recommend to others.",positive
REV-1192,CUST-100502,"Love the phone case, exactly as described. Highly recommend to others.",positive
REV-1193,CUST-105377,"Would not recommend, the backpack did not match the description at all.",negative
REV-1194,CUST-100923,"Fast delivery and the office chair works great, very happy with this purchase.",positive
REV-1195,CUST-102777,"Love the backpack, exactly as described. Highly recommend to others.",positive
REV-1196,CUST-100621,Delivery took way too long and the coffee maker arrived damaged.,negative
REV-1197,CUST-102997,"Love the coffee maker, exactly as described. Highly recommend to others.",positive
REV-1198,CUST-103718,"Great customer support when my blender had an issue, resolved quickly.",positive
REV-1199,CUST-102061,"Would not recommend, the blender did not match the description at all.",negative
REV-1200,CUST-105215,"Overpriced for what you get, the backpack feels cheap and flimsy.",negative
REV-1201,CUST-100743,"Fast delivery and the coffee maker works great, very happy with this purchase.",positive
REV-1202,CUST-103173,Delivery took way too long and the backpack arrived damaged.,negative
REV-1203,CUST-103501,Delivery took way too long and the backpack arrived damaged.,negative
REV-1204,CUST-104299,"Great customer support when my sneakers had an issue, resolved quickly.",positive
REV-1205,CUST-100670,Delivery took way too long and the phone case arrived damaged.,negative
REV-1206,CUST-104771,Customer support never responded about my phone case refund request.,negative
REV-1207,CUST-102099,"Overpriced for what you get, the sneakers feels cheap and flimsy.",negative
REV-1208,CUST-101213,"Would not recommend, the office chair did not match the description at all.",negative
REV-1209,CUST-105937,"Love the coffee maker, exactly as described. Highly recommend to others.",positive
REV-1210,CUST-103921,"Fast delivery and the wireless earbuds works great, very happy with this purchase.",positive
REV-1211,CUST-104027,"Great customer support when my coffee maker had an issue, resolved quickly.",positive
REV-1212,CUST-102928,"Overpriced for what you get, the coffee maker feels cheap and flimsy.",negative
REV-1213,CUST-101611,"Love the coffee maker, exactly as described. Highly recommend to others.",positive
REV-1214,CUST-101312,The desk lamp arrived on time and packaging was perfect. Five stars.,positive
REV-1215,CUST-101474,"Excellent quality coffee maker, exceeded my expectations. Will buy again!",positive
REV-1216,CUST-103949,The coffee maker arrived on time and packaging was perfect. Five stars.,positive
REV-1217,CUST-100706,"Great customer support when my phone case had an issue, resolved quickly.",positive
REV-1218,CUST-103405,Delivery took way too long and the coffee maker arrived damaged.,negative
REV-1219,CUST-100806,"Great customer support when my desk lamp had an issue, resolved quickly.",positive
REV-1220,CUST-104688,"Love the backpack, exactly as described. Highly recommend to others.",positive
REV-1221,CUST-102362,"Love the blender, exactly as described. Highly recommend to others.",positive
REV-1222,CUST-105805,The backpack arrived on time and packaging was perfect. Five stars.,positive
REV-1223,CUST-103201,"Would not recommend, the sneakers did not match the description at all.",negative
REV-1224,CUST-101310,Customer support never responded about my office chair refund request.,negative
REV-1225,CUST-102098,"The blender broke after one week, very disappointed with the quality.",negative
REV-1226,CUST-103454,"Love the sneakers, exactly as described. Highly recommend to others.",positive
REV-1227,CUST-105354,The phone case arrived on time and packaging was perfect. Five stars.,positive
REV-1228,CUST-100254,The desk lamp arrived on time and packaging was perfect. Five stars.,positive
REV-1229,CUST-104971,"Would not recommend, the backpack did not match the description at all.",negative
REV-1230,CUST-104128,"Fast delivery and the sneakers works great, very happy with this purchase.",positive
REV-1231,CUST-104530,The sneakers arrived on time and packaging was perfect. Five stars.,positive
REV-1232,CUST-100597,"Love the blender, exactly as described. Highly recommend to others.",positive
REV-1233,CUST-104379,"Excellent quality phone case, exceeded my expectations. Will buy again!",positive
REV-1234,CUST-102668,The backpack arrived on time and packaging was perfect. Five stars.,positive
REV-1235,CUST-101227,"Fast delivery and the sneakers works great, very happy with this purchase.",positive
REV-1236,CUST-100945,"Fast delivery and the desk lamp works great, very happy with this purchase.",positive
REV-1237,CUST-103241,"Fast delivery and the phone case works great, very happy with this purchase.",positive
REV-1238,CUST-104522,The office chair arrived on time and packaging was perfect. Five stars.,positive
REV-1239,CUST-104050,"The sneakers broke after one week, very disappointed with the quality.",negative
REV-1240,CUST-101367,"Love the wireless earbuds, exactly as described. Highly recommend to others.",positive
REV-1241,CUST-101956,"Overpriced for what you get, the backpack feels cheap and flimsy.",negative
REV-1242,CUST-102647,"Would not recommend, the blender did not match the description at all.",negative
REV-1243,CUST-101061,Customer support never responded about my office chair refund request.,negative
REV-1244,CUST-105081,Customer support never responded about my blender refund request.,negative
REV-1245,CUST-100960,"Love the blender, exactly as described. Highly recommend to others.",positive
REV-1246,CUST-103797,"Great customer support when my wireless earbuds had an issue, resolved quickly.",positive
REV-1247,CUST-105713,"Great customer support when my sneakers had an issue, resolved quickly.",positive
REV-1248,CUST-105335,The coffee maker arrived on time and packaging was perfect. Five stars.,positive
REV-1249,CUST-102951,"Great customer support when my coffee maker had an issue, resolved quickly.",positive
REV-1250,CUST-102778,"Excellent quality wireless earbuds, exceeded my expectations. Will buy again!",positive
REV-1251,CUST-100593,"The office chair broke after one week, very disappointed with the quality.",negative
REV-1252,CUST-102294,"Fast delivery and the coffee maker works great, very happy with this purchase.",positive
REV-1253,CUST-100438,Customer support never responded about my office chair refund request.,negative
REV-1254,CUST-103784,Delivery took way too long and the phone case arrived damaged.,negative
REV-1255,CUST-104511,"Would not recommend, the phone case did not match the description at all.",negative
REV-1256,CUST-103300,The blender arrived on time and packaging was perfect. Five stars.,positive
REV-1257,CUST-103717,"Excellent quality sneakers, exceeded my expectations. Will buy again!",positive
REV-1258,CUST-100849,"Fast delivery and the sneakers works great, very happy with this purchase.",positive
REV-1259,CUST-101513,"Fast delivery and the blender works great, very happy with this purchase.",positive
REV-1260,CUST-103281,"Love the wireless earbuds, exactly as described. Highly recommend to others.",positive
REV-1261,CUST-102154,"Excellent quality phone case, exceeded my expectations. Will buy again!",positive
REV-1262,CUST-101225,"Would not recommend, the sneakers did not match the description at all.",negative
REV-1263,CUST-104943,"The sneakers broke after one week, very disappointed with the quality.",negative
REV-1264,CUST-100176,The office chair arrived on time and packaging was perfect. Five stars.,positive
REV-1265,CUST-100205,The wireless earbuds arrived on time and packaging was perfect. Five stars.,positive
REV-1266,CUST-102378,"Would not recommend, the coffee maker did not match the description at all.",negative
REV-1267,CUST-105751,"Overpriced for what you get, the coffee maker feels cheap and flimsy.",negative
REV-1268,CUST-103742,"Excellent quality phone case, exceeded my expectations. Will buy again!",positive
REV-1269,CUST-105896,"Excellent quality backpack, exceeded my expectations. Will buy again!",positive
REV-1270,CUST-104255,Customer support never responded about my backpack refund request.,negative
REV-1271,CUST-101155,"Great customer support when my blender had an issue, resolved quickly.",positive
REV-1272,CUST-103053,"Love the office chair, exactly as described. Highly recommend to others.",positive
REV-1273,CUST-105499,"Excellent quality office chair, exceeded my expectations. Will buy again!",positive
REV-1274,CUST-102067,Delivery took way too long and the office chair arrived damaged.,negative
REV-1275,CUST-100608,The coffee maker arrived on time and packaging was perfect. Five stars.,positive
REV-1276,CUST-100154,Delivery took way too long and the sneakers arrived damaged.,negative
REV-1277,CUST-102527,"Great customer support when my blender had an issue, resolved quickly.",positive
REV-1278,CUST-100777,"Fast delivery and the wireless earbuds works great, very happy with this purchase.",positive
REV-1279,CUST-100989,"Fast delivery and the sneakers works great, very happy with this purchase.",positive
REV-1280,CUST-102637,"Love the desk lamp, exactly as described. Highly recommend to others.",positive
REV-1281,CUST-102373,Delivery took way too long and the wireless earbuds arrived damaged.,negative
REV-1282,CUST-101340,"Great customer support when my office chair had an issue, resolved quickly.",positive
REV-1283,CUST-104810,"Love the sneakers, exactly as described. Highly recommend to others.",positive
REV-1284,CUST-100056,The blender arrived on time and packaging was perfect. Five stars.,positive
REV-1285,CUST-103118,"Great customer support when my backpack had an issue, resolved quickly.",positive
REV-1286,CUST-103834,The wireless earbuds arrived on time and packaging was perfect. Five stars.,positive
REV-1287,CUST-103845,Delivery took way too long and the wireless earbuds arrived damaged.,negative
REV-1288,CUST-100252,"Would not recommend, the blender did not match the description at all.",negative
REV-1289,CUST-103008,"Great customer support when my sneakers had an issue, resolved quickly.",positive
REV-1290,CUST-100873,"Fast delivery and the wireless earbuds works great, very happy with this purchase.",positive
REV-1291,CUST-103203,"Great customer support when my wireless earbuds had an issue, resolved quickly.",positive
REV-1292,CUST-100092,"The backpack broke after one week, very disappointed with the quality.",negative
REV-1293,CUST-103585,"The phone case broke after one week, very disappointed with the quality.",negative
REV-1294,CUST-103245,Delivery took way too long and the blender arrived damaged.,negative
REV-1295,CUST-102181,Customer support never responded about my phone case refund request.,negative
REV-1296,CUST-105820,"Excellent quality desk lamp, exceeded my expectations. Will buy again!",positive
REV-1297,CUST-102693,"Would not recommend, the sneakers did not match the description at all.",negative
REV-1298,CUST-101487,Customer support never responded about my office chair refund request.,negative
REV-1299,CUST-100841,"Love the wireless earbuds, exactly as described. Highly recommend to others.",positive
REV-1300,CUST-105490,"Overpriced for what you get, the desk lamp feels cheap and flimsy.",negative
REV-1301,CUST-100161,The phone case arrived on time and packaging was perfect. Five stars.,positive
REV-1302,CUST-103312,"Fast delivery and the backpack works great, very happy with this purchase.",positive
REV-1303,CUST-100967,"Fast delivery and the office chair works great, very happy with this purchase.",positive
REV-1304,CUST-102551,"Excellent quality backpack, exceeded my expectations. Will buy again!",positive
REV-1305,CUST-104689,Delivery took way too long and the office chair arrived damaged.,negative
REV-1306,CUST-101614,"Love the wireless earbuds, exactly as described. Highly recommend to others.",positive
REV-1307,CUST-100416,"The backpack broke after one week, very disappointed with the quality.",negative
REV-1308,CUST-104798,The phone case arrived on time and packaging was perfect. Five stars.,positive
REV-1309,CUST-104204,The backpack arrived on time and packaging was perfect. Five stars.,positive
REV-1310,CUST-102317,"Great customer support when my backpack had an issue, resolved quickly.",positive
REV-1311,CUST-104477,"Fast delivery and the desk lamp works great, very happy with this purchase.",positive
REV-1312,CUST-100357,"Overpriced for what you get, the office chair feels cheap and flimsy.",negative
REV-1313,CUST-102660,"Would not recommend, the phone case did not match the description at all.",negative
REV-1314,CUST-105339,"Love the desk lamp, exactly as described. Highly recommend to others.",positive
REV-1315,CUST-103833,"Excellent quality backpack, exceeded my expectations. Will buy again!",positive
REV-1316,CUST-100033,"Love the coffee maker, exactly as described. Highly recommend to others.",positive
REV-1317,CUST-104430,"Love the sneakers, exactly as described. Highly recommend to others.",positive
REV-1318,CUST-100769,"Fast delivery and the backpack works great, very happy with this purchase.",positive
REV-1319,CUST-104686,"The desk lamp broke after one week, very disappointed with the quality.",negative
REV-1320,CUST-100855,"The sneakers broke after one week, very disappointed with the quality.",negative
REV-1321,CUST-105141,The coffee maker arrived on time and packaging was perfect. Five stars.,positive
REV-1322,CUST-101425,"Would not recommend, the desk lamp did not match the description at all.",negative
REV-1323,CUST-104320,Customer support never responded about my desk lamp refund request.,negative
REV-1324,CUST-103734,Customer support never responded about my coffee maker refund request.,negative
REV-1325,CUST-101554,Delivery took way too long and the office chair arrived damaged.,negative
REV-1326,CUST-100884,"Would not recommend, the coffee maker did not match the description at all.",negative
REV-1327,CUST-102594,"Love the desk lamp, exactly as described. Highly recommend to others.",positive
REV-1328,CUST-105853,"Love the coffee maker, exactly as described. Highly recommend to others.",positive
REV-1329,CUST-101919,"Would not recommend, the coffee maker did not match the description at all.",negative
REV-1330,CUST-101625,Delivery took way too long and the wireless earbuds arrived damaged.,negative
REV-1331,CUST-105168,"Excellent quality blender, exceeded my expectations. Will buy again!",positive
REV-1332,CUST-101327,Customer support never responded about my coffee maker refund request.,negative
REV-1333,CUST-104490,"Excellent quality blender, exceeded my expectations. Will buy again!",positive
REV-1334,CUST-103809,"Great customer support when my office chair had an issue, resolved quickly.",positive
REV-1335,CUST-100756,"Excellent quality phone case, exceeded my expectations. Will buy again!",positive
REV-1336,CUST-102722,"Fast delivery and the desk lamp works great, very happy with this purchase.",positive
REV-1337,CUST-101159,"Great customer support when my sneakers had an issue, resolved quickly.",positive
REV-1338,CUST-100483,Delivery took way too long and the sneakers arrived damaged.,negative
REV-1339,CUST-100507,The office chair arrived on time and packaging was perfect. Five stars.,positive
REV-1340,CUST-101364,"Would not recommend, the wireless earbuds did not match the description at all.",negative
REV-1341,CUST-102699,The wireless earbuds arrived on time and packaging was perfect. Five stars.,positive
REV-1342,CUST-102667,"Excellent quality wireless earbuds, exceeded my expectations. Will buy again!",positive
REV-1343,CUST-102109,"Love the phone case, exactly as described. Highly recommend to others.",positive
REV-1344,CUST-103090,"Excellent quality desk lamp, exceeded my expectations. Will buy again!",positive
REV-1345,CUST-100111,Delivery took way too long and the phone case arrived damaged.,negative
REV-1346,CUST-105774,"Love the desk lamp, exactly as described. Highly recommend to others.",positive
REV-1347,CUST-100966,Customer support never responded about my wireless earbuds refund request.,negative
REV-1348,CUST-101180,"Overpriced for what you get, the office chair feels cheap and flimsy.",negative
REV-1349,CUST-104760,"Fast delivery and the backpack works great, very happy with this purchase.",positive
REV-1350,CUST-104001,"Excellent quality phone case, exceeded my expectations. Will buy again!",positive
REV-1351,CUST-104045,The backpack arrived on time and packaging was perfect. Five stars.,positive
REV-1352,CUST-100829,"Overpriced for what you get, the coffee maker feels cheap and flimsy.",negative
REV-1353,CUST-102825,"Love the backpack, exactly as described. Highly recommend to others.",positive
REV-1354,CUST-103490,The phone case arrived on time and packaging was perfect. Five stars.,positive
REV-1355,CUST-102896,Delivery took way too long and the office chair arrived damaged.,negative
REV-1356,CUST-100536,The backpack arrived on time and packaging was perfect. Five stars.,positive
REV-1357,CUST-104529,"Fast delivery and the phone case works great, very happy with this purchase.",positive
REV-1358,CUST-102466,Customer support never responded about my blender refund request.,negative
REV-1359,CUST-103592,"Fast delivery and the wireless earbuds works great, very happy with this purchase.",positive
REV-1360,CUST-102834,Delivery took way too long and the backpack arrived damaged.,negative
REV-1361,CUST-100481,The wireless earbuds arrived on time and packaging was perfect. Five stars.,positive
REV-1362,CUST-102628,"Excellent quality coffee maker, exceeded my expectations. Will buy again!",positive
REV-1363,CUST-105358,Customer support never responded about my sneakers refund request.,negative
REV-1364,CUST-101327,"Love the coffee maker, exactly as described. Highly recommend to others.",positive
REV-1365,CUST-100751,"Would not recommend, the coffee maker did not match the description at all.",negative
REV-1366,CUST-101524,"Great customer support when my phone case had an issue, resolved quickly.",positive
REV-1367,CUST-103848,"Excellent quality backpack, exceeded my expectations. Will buy again!",positive
REV-1368,CUST-102263,Delivery took way too long and the phone case arrived damaged.,negative
REV-1369,CUST-103267,"Overpriced for what you get, the desk lamp feels cheap and flimsy.",negative
REV-1370,CUST-102354,Customer support never responded about my desk lamp refund request.,negative
REV-1371,CUST-102157,"Fast delivery and the phone case works great, very happy with this purchase.",positive
REV-1372,CUST-102667,"Great customer support when my backpack had an issue, resolved quickly.",positive
REV-1373,CUST-105649,"Overpriced for what you get, the desk lamp feels cheap and flimsy.",negative
REV-1374,CUST-103841,"The wireless earbuds broke after one week, very disappointed with the quality.",negative
REV-1375,CUST-100211,"The blender broke after one week, very disappointed with the quality.",negative
REV-1376,CUST-104163,The blender arrived on time and packaging was perfect. Five stars.,positive
REV-1377,CUST-105751,"Excellent quality blender, exceeded my expectations. Will buy again!",positive
REV-1378,CUST-102893,"Fast delivery and the sneakers works great, very happy with this purchase.",positive
REV-1379,CUST-102213,"The backpack broke after one week, very disappointed with the quality.",negative
REV-1380,CUST-102900,"Great customer support when my sneakers had an issue, resolved quickly.",positive
REV-1381,CUST-105944,Customer support never responded about my backpack refund request.,negative
REV-1382,CUST-104629,"Great customer support when my office chair had an issue, resolved quickly.",positive
REV-1383,CUST-102041,"Fast delivery and the desk lamp works great, very happy with this purchase.",positive
REV-1384,CUST-104036,"Fast delivery and the coffee maker works great, very happy with this purchase.",positive
REV-1385,CUST-103705,"Great customer support when my sneakers had an issue, resolved quickly.",positive
REV-1386,CUST-103370,The backpack arrived on time and packaging was perfect. Five stars.,positive
REV-1387,CUST-103010,Delivery took way too long and the backpack arrived damaged.,negative
REV-1388,CUST-105491,The desk lamp arrived on time and packaging was perfect. Five stars.,positive
REV-1389,CUST-102901,Delivery took way too long and the backpack arrived damaged.,negative
REV-1390,CUST-102117,"Overpriced for what you get, the desk lamp feels cheap and flimsy.",negative
REV-1391,CUST-101873,"Would not recommend, the office chair did not match the description at all.",negative
REV-1392,CUST-104273,"Love the sneakers, exactly as described. Highly recommend to others.",positive
REV-1393,CUST-105273,"Excellent quality wireless earbuds, exceeded my expectations. Will buy again!",positive
REV-1394,CUST-101840,"Would not recommend, the backpack did not match the description at all.",negative
REV-1395,CUST-103784,"The desk lamp broke after one week, very disappointed with the quality.",negative
REV-1396,CUST-101855,"Would not recommend, the phone case did not match the description at all.",negative
REV-1397,CUST-100335,"Great customer support when my backpack had an issue, resolved quickly.",positive
REV-1398,CUST-102029,The wireless earbuds arrived on time and packaging was perfect. Five stars.,positive
REV-1399,CUST-105583,"Would not recommend, the wireless earbuds did not match the description at all.",negative
REV-1400,CUST-101945,"Overpriced for what you get, the sneakers feels cheap and flimsy.",negative
REV-1401,CUST-101468,"Love the phone case, exactly as described. Highly recommend to others.",positive
REV-1402,CUST-101496,"Fast delivery and the phone case works great, very happy with this purchase.",positive
REV-1403,CUST-102734,Delivery took way too long and the backpack arrived damaged.,negative
REV-1404,CUST-103367,"Love the coffee maker, exactly as described. Highly recommend to others.",positive
REV-1405,CUST-101351,"Excellent quality wireless earbuds, exceeded my expectations. Will buy again!",positive
REV-1406,CUST-102393,"Fast delivery and the office chair works great, very happy with this purchase.",positive
REV-1407,CUST-100150,"Would not recommend, the sneakers did not match the description at all.",negative
REV-1408,CUST-103515,"Overpriced for what you get, the sneakers feels cheap and flimsy.",negative
REV-1409,CUST-105927,"Excellent quality sneakers, exceeded my expectations. Will buy again!",positive
REV-1410,CUST-105171,"Fast delivery and the sneakers works great, very happy with this purchase.",positive
REV-1411,CUST-101390,"The phone case broke after one week, very disappointed with the quality.",negative
REV-1412,CUST-102546,The sneakers arrived on time and packaging was perfect. Five stars.,positive
REV-1413,CUST-103335,"Fast delivery and the desk lamp works great, very happy with this purchase.",positive
REV-1414,CUST-100502,"The coffee maker broke after one week, very disappointed with the quality.",negative
REV-1415,CUST-100243,Customer support never responded about my office chair refund request.,negative
REV-1416,CUST-105525,Customer support never responded about my sneakers refund request.,negative
REV-1417,CUST-102998,"Excellent quality office chair, exceeded my expectations. Will buy again!",positive
REV-1418,CUST-102706,Customer support never responded about my blender refund request.,negative
REV-1419,CUST-103236,"Excellent quality wireless earbuds, exceeded my expectations. Will buy again!",positive
REV-1420,CUST-102739,"The office chair broke after one week, very disappointed with the quality.",negative
REV-1421,CUST-103559,The sneakers arrived on time and packaging was perfect. Five stars.,positive
REV-1422,CUST-101762,"Fast delivery and the wireless earbuds works great, very happy with this purchase.",positive
REV-1423,CUST-103136,Delivery took way too long and the backpack arrived damaged.,negative
REV-1424,CUST-105144,"Great customer support when my phone case had an issue, resolved quickly.",positive
REV-1425,CUST-101256,Customer support never responded about my blender refund request.,negative
REV-1426,CUST-102643,The desk lamp arrived on time and packaging was perfect. Five stars.,positive
REV-1427,CUST-103991,The sneakers arrived on time and packaging was perfect. Five stars.,positive
REV-1428,CUST-104545,"Love the wireless earbuds, exactly as described. Highly recommend to others.",positive
REV-1429,CUST-103997,"Great customer support when my coffee maker had an issue, resolved quickly.",positive
REV-1430,CUST-105321,The office chair arrived on time and packaging was perfect. Five stars.,positive
REV-1431,CUST-104473,The phone case arrived on time and packaging was perfect. Five stars.,positive
REV-1432,CUST-101310,The sneakers arrived on time and packaging was perfect. Five stars.,positive
REV-1433,CUST-104426,"Great customer support when my coffee maker had an issue, resolved quickly.",positive
REV-1434,CUST-101837,Delivery took way too long and the desk lamp arrived damaged.,negative
REV-1435,CUST-103411,"Love the blender, exactly as described. Highly recommend to others.",positive
REV-1436,CUST-100567,"Would not recommend, the blender did not match the description at all.",negative
REV-1437,CUST-101330,"Fast delivery and the phone case works great, very happy with this purchase.",positive
REV-1438,CUST-104138,The wireless earbuds arrived on time and packaging was perfect. Five stars.,positive
REV-1439,CUST-101096,"The desk lamp broke after one week, very disappointed with the quality.",negative
REV-1440,CUST-103800,Delivery took way too long and the coffee maker arrived damaged.,negative
REV-1441,CUST-103097,"Excellent quality sneakers, exceeded my expectations. Will buy again!",positive
REV-1442,CUST-103880,"Love the coffee maker, exactly as described. Highly recommend to others.",positive
REV-1443,CUST-105280,"Excellent quality sneakers, exceeded my expectations. Will buy again!",positive
REV-1444,CUST-100042,"Excellent quality desk lamp, exceeded my expectations. Will buy again!",positive
REV-1445,CUST-100975,"Great customer support when my coffee maker had an issue, resolved quickly.",positive
REV-1446,CUST-105766,Delivery took way too long and the coffee maker arrived damaged.,negative
REV-1447,CUST-105202,"The wireless earbuds broke after one week, very disappointed with the quality.",negative
REV-1448,CUST-104496,The blender arrived on time and packaging was perfect. Five stars.,positive
REV-1449,CUST-102261,"Love the sneakers, exactly as described. Highly recommend to others.",positive
REV-1450,CUST-105359,"Overpriced for what you get, the backpack feels cheap and flimsy.",negative
REV-1451,CUST-103328,"Overpriced for what you get, the coffee maker feels cheap and flimsy.",negative
REV-1452,CUST-102945,Delivery took way too long and the phone case arrived damaged.,negative
REV-1453,CUST-103504,The wireless earbuds arrived on time and packaging was perfect. Five stars.,positive
REV-1454,CUST-104372,"Excellent quality wireless earbuds, exceeded my expectations. Will buy again!",positive
REV-1455,CUST-104555,"Excellent quality office chair, exceeded my expectations. Will buy again!",positive
REV-1456,CUST-100233,"Fast delivery and the phone case works great, very happy with this purchase.",positive
REV-1457,CUST-101673,The desk lamp arrived on time and packaging was perfect. Five stars.,positive
REV-1458,CUST-101540,"Excellent quality coffee maker, exceeded my expectations. Will buy again!",positive
REV-1459,CUST-102686,"Overpriced for what you get, the coffee maker feels cheap and flimsy.",negative
REV-1460,CUST-100894,The wireless earbuds arrived on time and packaging was perfect. Five stars.,positive
REV-1461,CUST-101911,"Excellent quality desk lamp, exceeded my expectations. Will buy again!",positive
REV-1462,CUST-105782,Delivery took way too long and the office chair arrived damaged.,negative
REV-1463,CUST-102693,Delivery took way too long and the backpack arrived damaged.,negative
REV-1464,CUST-103414,Delivery took way too long and the wireless earbuds arrived damaged.,negative
REV-1465,CUST-100567,The office chair arrived on time and packaging was perfect. Five stars.,positive
REV-1466,CUST-103390,"Fast delivery and the desk lamp works great, very happy with this purchase.",positive
REV-1467,CUST-101382,"Great customer support when my wireless earbuds had an issue, resolved quickly.",positive
REV-1468,CUST-101425,"Would not recommend, the office chair did not match the description at all.",negative
REV-1469,CUST-101713,"Would not recommend, the blender did not match the description at all.",negative
REV-1470,CUST-101278,"Great customer support when my backpack had an issue, resolved quickly.",positive
REV-1471,CUST-105846,The phone case arrived on time and packaging was perfect. Five stars.,positive
REV-1472,CUST-105953,"Love the sneakers, exactly as described. Highly recommend to others.",positive
REV-1473,CUST-105142,Delivery took way too long and the wireless earbuds arrived damaged.,negative
REV-1474,CUST-103540,"The office chair broke after one week, very disappointed with the quality.",negative
REV-1475,CUST-105405,"Love the blender, exactly as described. Highly recommend to others.",positive
REV-1476,CUST-103583,"Love the blender, exactly as described. Highly recommend to others.",positive
REV-1477,CUST-101725,The backpack arrived on time and packaging was perfect. Five stars.,positive
REV-1478,CUST-104198,"Excellent quality blender, exceeded my expectations. Will buy again!",positive
REV-1479,CUST-102169,Delivery took way too long and the wireless earbuds arrived damaged.,negative
REV-1480,CUST-101706,"Love the backpack, exactly as described. Highly recommend to others.",positive
REV-1481,CUST-102707,The wireless earbuds arrived on time and packaging was perfect. Five stars.,positive
REV-1482,CUST-100260,"Would not recommend, the backpack did not match the description at all.",negative
REV-1483,CUST-100037,"Excellent quality blender, exceeded my expectations. Will buy again!",positive
REV-1484,CUST-100402,Delivery took way too long and the office chair arrived damaged.,negative
REV-1485,CUST-101341,"Would not recommend, the desk lamp did not match the description at all.",negative
REV-1486,CUST-102146,"Fast delivery and the wireless earbuds works great, very happy with this purchase.",positive
REV-1487,CUST-103707,The coffee maker arrived on time and packaging was perfect. Five stars.,positive
REV-1488,CUST-101559,"Great customer support when my phone case had an issue, resolved quickly.",positive
REV-1489,CUST-100104,"Excellent quality coffee maker, exceeded my expectations. Will buy again!",positive
REV-1490,CUST-105577,"Love the coffee maker, exactly as described. Highly recommend to others.",positive
REV-1491,CUST-102413,"Excellent quality phone case, exceeded my expectations. Will buy again!",positive
REV-1492,CUST-101658,"Great customer support when my sneakers had an issue, resolved quickly.",positive
REV-1493,CUST-105927,The desk lamp arrived on time and packaging was perfect. Five stars.,positive
REV-1494,CUST-103721,"Overpriced for what you get, the blender feels cheap and flimsy.",negative
REV-1495,CUST-101974,The backpack arrived on time and packaging was perfect. Five stars.,positive
REV-1496,CUST-103535,Customer support never responded about my blender refund request.,negative
REV-1497,CUST-101178,"Fast delivery and the coffee maker works great, very happy with this purchase.",positive
REV-1498,CUST-105606,Customer support never responded about my wireless earbuds refund request.,negative
REV-1499,CUST-100830,Delivery took way too long and the phone case arrived damaged.,negative
REV-1500,CUST-100352,Delivery took way too long and the desk lamp arrived damaged.,negative
REV-1501,CUST-101372,"Fast delivery and the blender works great, very happy with this purchase.",positive
REV-1502,CUST-101189,"Great customer support when my backpack had an issue, resolved quickly.",positive
REV-1503,CUST-100889,Customer support never responded about my desk lamp refund request.,negative
REV-1504,CUST-101563,"Great customer support when my office chair had an issue, resolved quickly.",positive
REV-1505,CUST-105313,"Fast delivery and the office chair works great, very happy with this purchase.",positive
REV-1506,CUST-101451,"Fast delivery and the backpack works great, very happy with this purchase.",positive
REV-1507,CUST-103934,The blender arrived on time and packaging was perfect. Five stars.,positive
REV-1508,CUST-101822,"Excellent quality blender, exceeded my expectations. Will buy again!",positive
REV-1509,CUST-104479,"Love the office chair, exactly as described. Highly recommend to others.",positive
REV-1510,CUST-104683,"The backpack broke after one week, very disappointed with the quality.",negative
REV-1511,CUST-101019,"The wireless earbuds broke after one week, very disappointed with the quality.",negative
REV-1512,CUST-102023,"Great customer support when my office chair had an issue, resolved quickly.",positive
REV-1513,CUST-100033,Delivery took way too long and the wireless earbuds arrived damaged.,negative
REV-1514,CUST-105903,"Great customer support when my office chair had an issue, resolved quickly.",positive
REV-1515,CUST-104448,"Excellent quality desk lamp, exceeded my expectations. Will buy again!",positive
REV-1516,CUST-104743,"Fast delivery and the phone case works great, very happy with this purchase.",positive
REV-1517,CUST-101421,The blender arrived on time and packaging was perfect. Five stars.,positive
REV-1518,CUST-104523,"Fast delivery and the phone case works great, very happy with this purchase.",positive
REV-1519,CUST-105826,"Fast delivery and the office chair works great, very happy with this purchase.",positive
REV-1520,CUST-105902,"Excellent quality blender, exceeded my expectations. Will buy again!",positive
REV-1521,CUST-102147,The wireless earbuds arrived on time and packaging was perfect. Five stars.,positive
REV-1522,CUST-104625,"Would not recommend, the coffee maker did not match the description at all.",negative
REV-1523,CUST-101035,"Great customer support when my wireless earbuds had an issue, resolved quickly.",positive
REV-1524,CUST-101804,"Love the coffee maker, exactly as described. Highly recommend to others.",positive
REV-1525,CUST-104557,The wireless earbuds arrived on time and packaging was perfect. Five stars.,positive
REV-1526,CUST-102842,Customer support never responded about my sneakers refund request.,negative
REV-1527,CUST-105260,"Love the coffee maker, exactly as described. Highly recommend to others.",positive
REV-1528,CUST-101167,"Overpriced for what you get, the blender feels cheap and flimsy.",negative
REV-1529,CUST-104860,"Excellent quality coffee maker, exceeded my expectations. Will buy again!",positive
REV-1530,CUST-101144,The wireless earbuds arrived on time and packaging was perfect. Five stars.,positive
REV-1531,CUST-100651,"Love the sneakers, exactly as described. Highly recommend to others.",positive
REV-1532,CUST-101665,Customer support never responded about my blender refund request.,negative
REV-1533,CUST-104125,"Great customer support when my phone case had an issue, resolved quickly.",positive
REV-1534,CUST-105012,The wireless earbuds arrived on time and packaging was perfect. Five stars.,positive
REV-1535,CUST-105004,The desk lamp arrived on time and packaging was perfect. Five stars.,positive
REV-1536,CUST-105059,"The wireless earbuds broke after one week, very disappointed with the quality.",negative
REV-1537,CUST-105765,"Overpriced for what you get, the coffee maker feels cheap and flimsy.",negative
REV-1538,CUST-100025,Delivery took way too long and the sneakers arrived damaged.,negative
REV-1539,CUST-103787,"Great customer support when my coffee maker had an issue, resolved quickly.",positive
REV-1540,CUST-102321,The phone case arrived on time and packaging was perfect. Five stars.,positive
REV-1541,CUST-100104,"Great customer support when my office chair had an issue, resolved quickly.",positive
REV-1542,CUST-102662,"Fast delivery and the backpack works great, very happy with this purchase.",positive
REV-1543,CUST-103967,"Love the coffee maker, exactly as described. Highly recommend to others.",positive
REV-1544,CUST-101679,"Love the desk lamp, exactly as described. Highly recommend to others.",positive
REV-1545,CUST-100890,"Great customer support when my backpack had an issue, resolved quickly.",positive
REV-1546,CUST-101290,"Excellent quality phone case, exceeded my expectations. Will buy again!",positive
REV-1547,CUST-102114,"Would not recommend, the coffee maker did not match the description at all.",negative
REV-1548,CUST-101079,"Great customer support when my desk lamp had an issue, resolved quickly.",positive
REV-1549,CUST-102970,"Would not recommend, the phone case did not match the description at all.",negative
REV-1550,CUST-104439,"Great customer support when my backpack had an issue, resolved quickly.",positive
REV-1551,CUST-105882,"Love the office chair, exactly as described. Highly recommend to others.",positive
REV-1552,CUST-105577,"Excellent quality office chair, exceeded my expectations. Will buy again!",positive
REV-1553,CUST-103637,The phone case arrived on time and packaging was perfect. Five stars.,positive
REV-1554,CUST-104697,"Fast delivery and the backpack works great, very happy with this purchase.",positive
REV-1555,CUST-101150,The sneakers arrived on time and packaging was perfect. Five stars.,positive
REV-1556,CUST-104935,"Excellent quality backpack, exceeded my expectations. Will buy again!",positive
REV-1557,CUST-105351,Customer support never responded about my office chair refund request.,negative
REV-1558,CUST-103762,"The office chair broke after one week, very disappointed with the quality.",negative
REV-1559,CUST-103342,Delivery took way too long and the sneakers arrived damaged.,negative
REV-1560,CUST-105384,"Great customer support when my coffee maker had an issue, resolved quickly.",positive
REV-1561,CUST-105380,"Great customer support when my wireless earbuds had an issue, resolved quickly.",positive
REV-1562,CUST-100923,"Fast delivery and the office chair works great, very happy with this purchase.",positive
REV-1563,CUST-103202,"Overpriced for what you get, the phone case feels cheap and flimsy.",negative
REV-1564,CUST-105552,"Great customer support when my wireless earbuds had an issue, resolved quickly.",positive
REV-1565,CUST-102579,"The desk lamp broke after one week, very disappointed with the quality.",negative
REV-1566,CUST-103914,"Great customer support when my wireless earbuds had an issue, resolved quickly.",positive
REV-1567,CUST-105888,"Excellent quality blender, exceeded my expectations. Will buy again!",positive
REV-1568,CUST-105193,The desk lamp arrived on time and packaging was perfect. Five stars.,positive
REV-1569,CUST-105439,"Overpriced for what you get, the sneakers feels cheap and flimsy.",negative
REV-1570,CUST-103205,"The blender broke after one week, very disappointed with the quality.",negative
REV-1571,CUST-103427,"Excellent quality blender, exceeded my expectations. Will buy again!",positive
REV-1572,CUST-100733,"Love the coffee maker, exactly as described. Highly recommend to others.",positive
REV-1573,CUST-102240,"Love the phone case, exactly as described. Highly recommend to others.",positive
REV-1574,CUST-104511,"Great customer support when my office chair had an issue, resolved quickly.",positive
REV-1575,CUST-103829,"Excellent quality desk lamp, exceeded my expectations. Will buy again!",positive
REV-1576,CUST-105396,"Overpriced for what you get, the phone case feels cheap and flimsy.",negative
REV-1577,CUST-104167,"Fast delivery and the backpack works great, very happy with this purchase.",positive
REV-1578,CUST-102509,"Great customer support when my desk lamp had an issue, resolved quickly.",positive
REV-1579,CUST-104127,"Love the wireless earbuds, exactly as described. Highly recommend to others.",positive
REV-1580,CUST-103751,"Excellent quality backpack, exceeded my expectations. Will buy again!",positive
REV-1581,CUST-105257,"Overpriced for what you get, the blender feels cheap and flimsy.",negative
REV-1582,CUST-102409,"Would not recommend, the phone case did not match the description at all.",negative
REV-1583,CUST-102268,"The sneakers broke after one week, very disappointed with the quality.",negative
REV-1584,CUST-100687,The wireless earbuds arrived on time and packaging was perfect. Five stars.,positive
REV-1585,CUST-104038,Delivery took way too long and the sneakers arrived damaged.,negative
REV-1586,CUST-105665,"Overpriced for what you get, the coffee maker feels cheap and flimsy.",negative
REV-1587,CUST-102228,Customer support never responded about my blender refund request.,negative
REV-1588,CUST-103393,"Excellent quality coffee maker, exceeded my expectations. Will buy again!",positive
REV-1589,CUST-100610,Delivery took way too long and the sneakers arrived damaged.,negative
REV-1590,CUST-104507,"Love the office chair, exactly as described. Highly recommend to others.",positive
REV-1591,CUST-104257,The desk lamp arrived on time and packaging was perfect. Five stars.,positive
REV-1592,CUST-102120,"Fast delivery and the wireless earbuds works great, very happy with this purchase.",positive
REV-1593,CUST-102658,"Great customer support when my coffee maker had an issue, resolved quickly.",positive
REV-1594,CUST-100926,"Great customer support when my desk lamp had an issue, resolved quickly.",positive
REV-1595,CUST-102210,"Great customer support when my desk lamp had an issue, resolved quickly.",positive
REV-1596,CUST-101759,"Love the desk lamp, exactly as described. Highly recommend to others.",positive
REV-1597,CUST-100886,"The wireless earbuds broke after one week, very disappointed with the quality.",negative
REV-1598,CUST-102186,"Fast delivery and the phone case works great, very happy with this purchase.",positive
REV-1599,CUST-105281,Delivery took way too long and the wireless earbuds arrived damaged.,negative
REV-1600,CUST-101995,Customer support never responded about my wireless earbuds refund request.,negative
REV-1601,CUST-104509,The phone case arrived on time and packaging was perfect. Five stars.,positive
REV-1602,CUST-103061,Customer support never responded about my sneakers refund request.,negative
REV-1603,CUST-100557,Delivery took way too long and the coffee maker arrived damaged.,negative
REV-1604,CUST-100471,The sneakers arrived on time and packaging was perfect. Five stars.,positive
REV-1605,CUST-102516,"The desk lamp broke after one week, very disappointed with the quality.",negative
REV-1606,CUST-101002,"The desk lamp broke after one week, very disappointed with the quality.",negative
REV-1607,CUST-103307,"Fast delivery and the office chair works great, very happy with this purchase.",positive
REV-1608,CUST-101564,"Excellent quality desk lamp, exceeded my expectations. Will buy again!",positive
REV-1609,CUST-104389,"Fast delivery and the wireless earbuds works great, very happy with this purchase.",positive
REV-1610,CUST-105989,"Love the wireless earbuds, exactly as described. Highly recommend to others.",positive
REV-1611,CUST-105078,"Love the desk lamp, exactly as described. Highly recommend to others.",positive
REV-1612,CUST-105997,The desk lamp arrived on time and packaging was perfect. Five stars.,positive
REV-1613,CUST-102490,Customer support never responded about my sneakers refund request.,negative
REV-1614,CUST-104318,"Great customer support when my backpack had an issue, resolved quickly.",positive
REV-1615,CUST-100836,Delivery took way too long and the wireless earbuds arrived damaged.,negative
REV-1616,CUST-105024,"Great customer support when my backpack had an issue, resolved quickly.",positive
REV-1617,CUST-101354,"Love the desk lamp, exactly as described. Highly recommend to others.",positive
REV-1618,CUST-104846,"Excellent quality coffee maker, exceeded my expectations. Will buy again!",positive
REV-1619,CUST-105562,"Excellent quality office chair, exceeded my expectations. Will buy again!",positive
REV-1620,CUST-105374,Delivery took way too long and the backpack arrived damaged.,negative
REV-1621,CUST-100982,Customer support never responded about my coffee maker refund request.,negative
REV-1622,CUST-105798,"Great customer support when my sneakers had an issue, resolved quickly.",positive
REV-1623,CUST-101224,"Fast delivery and the blender works great, very happy with this purchase.",positive
REV-1624,CUST-100879,"Love the blender, exactly as described. Highly recommend to others.",positive
REV-1625,CUST-100384,"Overpriced for what you get, the blender feels cheap and flimsy.",negative
REV-1626,CUST-104908,"Great customer support when my blender had an issue, resolved quickly.",positive
REV-1627,CUST-102006,"Love the backpack, exactly as described. Highly recommend to others.",positive
REV-1628,CUST-103482,"Excellent quality blender, exceeded my expectations. Will buy again!",positive
REV-1629,CUST-102608,"Love the office chair, exactly as described. Highly recommend to others.",positive
REV-1630,CUST-104782,"Great customer support when my blender had an issue, resolved quickly.",positive
REV-1631,CUST-104679,"Great customer support when my backpack had an issue, resolved quickly.",positive
REV-1632,CUST-103802,"Love the wireless earbuds, exactly as described. Highly recommend to others.",positive
REV-1633,CUST-103064,"Excellent quality wireless earbuds, exceeded my expectations. Will buy again!",positive
REV-1634,CUST-102393,Customer support never responded about my coffee maker refund request.,negative
REV-1635,CUST-100743,Delivery took way too long and the sneakers arrived damaged.,negative
REV-1636,CUST-103427,"Fast delivery and the coffee maker works great, very happy with this purchase.",positive
REV-1637,CUST-102651,"Love the blender, exactly as described. Highly recommend to others.",positive
REV-1638,CUST-105980,"Love the wireless earbuds, exactly as described. Highly recommend to others.",positive
REV-1639,CUST-105193,"Fast delivery and the sneakers works great, very happy with this purchase.",positive
REV-1640,CUST-104465,"The wireless earbuds broke after one week, very disappointed with the quality.",negative
REV-1641,CUST-100722,"Overpriced for what you get, the desk lamp feels cheap and flimsy.",negative
REV-1642,CUST-103605,"Love the backpack, exactly as described. Highly recommend to others.",positive
REV-1643,CUST-105679,Customer support never responded about my desk lamp refund request.,negative
REV-1644,CUST-105962,"Fast delivery and the wireless earbuds works great, very happy with this purchase.",positive
REV-1645,CUST-101248,"Excellent quality backpack, exceeded my expectations. Will buy again!",positive
REV-1646,CUST-104456,"Excellent quality coffee maker, exceeded my expectations. Will buy again!",positive
REV-1647,CUST-105418,"The wireless earbuds broke after one week, very disappointed with the quality.",negative
REV-1648,CUST-103585,The coffee maker arrived on time and packaging was perfect. Five stars.,positive
REV-1649,CUST-104186,"Fast delivery and the wireless earbuds works great, very happy with this purchase.",positive
REV-1650,CUST-102320,"Would not recommend, the phone case did not match the description at all.",negative
REV-1651,CUST-103333,"The phone case broke after one week, very disappointed with the quality.",negative
REV-1652,CUST-104416,"Great customer support when my wireless earbuds had an issue, resolved quickly.",positive
REV-1653,CUST-102290,"Love the backpack, exactly as described. Highly recommend to others.",positive
REV-1654,CUST-104889,Delivery took way too long and the coffee maker arrived damaged.,negative
REV-1655,CUST-103207,"The phone case broke after one week, very disappointed with the quality.",negative
REV-1656,CUST-103499,Customer support never responded about my coffee maker refund request.,negative
REV-1657,CUST-101016,"Fast delivery and the phone case works great, very happy with this purchase.",positive
REV-1658,CUST-100341,"Overpriced for what you get, the desk lamp feels cheap and flimsy.",negative
REV-1659,CUST-102896,"Great customer support when my backpack had an issue, resolved quickly.",positive
REV-1660,CUST-102539,The phone case arrived on time and packaging was perfect. Five stars.,positive
REV-1661,CUST-105487,"Would not recommend, the sneakers did not match the description at all.",negative
REV-1662,CUST-104416,Delivery took way too long and the sneakers arrived damaged.,negative
REV-1663,CUST-101473,Customer support never responded about my desk lamp refund request.,negative
REV-1664,CUST-104346,"Would not recommend, the office chair did not match the description at all.",negative
REV-1665,CUST-103477,"Fast delivery and the phone case works great, very happy with this purchase.",positive
REV-1666,CUST-101390,"Fast delivery and the coffee maker works great, very happy with this purchase.",positive
REV-1667,CUST-103754,Customer support never responded about my backpack refund request.,negative
REV-1668,CUST-102768,"Fast delivery and the blender works great, very happy with this purchase.",positive
REV-1669,CUST-101268,"The wireless earbuds broke after one week, very disappointed with the quality.",negative
REV-1670,CUST-105621,"Fast delivery and the desk lamp works great, very happy with this purchase.",positive
REV-1671,CUST-103966,Delivery took way too long and the wireless earbuds arrived damaged.,negative
REV-1672,CUST-101971,The phone case arrived on time and packaging was perfect. Five stars.,positive
REV-1673,CUST-104892,"Excellent quality backpack, exceeded my expectations. Will buy again!",positive
REV-1674,CUST-104700,The blender arrived on time and packaging was perfect. Five stars.,positive
REV-1675,CUST-104302,"Would not recommend, the wireless earbuds did not match the description at all.",negative
REV-1676,CUST-102839,"Fast delivery and the desk lamp works great, very happy with this purchase.",positive
REV-1677,CUST-102524,The wireless earbuds arrived on time and packaging was perfect. Five stars.,positive
REV-1678,CUST-103667,"Fast delivery and the coffee maker works great, very happy with this purchase.",positive
REV-1679,CUST-104573,"Would not recommend, the backpack did not match the description at all.",negative
REV-1680,CUST-101985,The office chair arrived on time and packaging was perfect. Five stars.,positive
REV-1681,CUST-103080,"Love the backpack, exactly as described. Highly recommend to others.",positive
REV-1682,CUST-104262,"Great customer support when my phone case had an issue, resolved quickly.",positive
REV-1683,CUST-100189,"Great customer support when my desk lamp had an issue, resolved quickly.",positive
REV-1684,CUST-102968,Delivery took way too long and the sneakers arrived damaged.,negative
REV-1685,CUST-103045,"Great customer support when my blender had an issue, resolved quickly.",positive
REV-1686,CUST-102892,Delivery took way too long and the coffee maker arrived damaged.,negative
REV-1687,CUST-100037,Customer support never responded about my coffee maker refund request.,negative
REV-1688,CUST-100078,"The coffee maker broke after one week, very disappointed with the quality.",negative
REV-1689,CUST-102836,"Would not recommend, the office chair did not match the description at all.",negative
REV-1690,CUST-101948,The wireless earbuds arrived on time and packaging was perfect. Five stars.,positive
REV-1691,CUST-104844,Delivery took way too long and the office chair arrived damaged.,negative
REV-1692,CUST-100421,"Fast delivery and the phone case works great, very happy with this purchase.",positive
REV-1693,CUST-105148,Delivery took way too long and the backpack arrived damaged.,negative
REV-1694,CUST-105618,"Fast delivery and the wireless earbuds works great, very happy with this purchase.",positive
REV-1695,CUST-100721,"The wireless earbuds broke after one week, very disappointed with the quality.",negative
REV-1696,CUST-103157,"Would not recommend, the coffee maker did not match the description at all.",negative
REV-1697,CUST-102661,"Would not recommend, the blender did not match the description at all.",negative
REV-1698,CUST-100179,"Overpriced for what you get, the office chair feels cheap and flimsy.",negative
REV-1699,CUST-103646,Delivery took way too long and the blender arrived damaged.,negative
REV-1700,CUST-100573,Delivery took way too long and the backpack arrived damaged.,negative
REV-1701,CUST-105948,"Great customer support when my desk lamp had an issue, resolved quickly.",positive
REV-1702,CUST-100171,"Would not recommend, the coffee maker did not match the description at all.",negative
REV-1703,CUST-105922,"Overpriced for what you get, the blender feels cheap and flimsy.",negative
REV-1704,CUST-101430,"Overpriced for what you get, the wireless earbuds feels cheap and flimsy.",negative
REV-1705,CUST-105175,"Fast delivery and the phone case works great, very happy with this purchase.",positive
REV-1706,CUST-100949,"The blender broke after one week, very disappointed with the quality.",negative
REV-1707,CUST-103833,"Excellent quality blender, exceeded my expectations. Will buy again!",positive
REV-1708,CUST-100511,Customer support never responded about my sneakers refund request.,negative
REV-1709,CUST-105749,"Great customer support when my blender had an issue, resolved quickly.",positive
REV-1710,CUST-101589,Customer support never responded about my desk lamp refund request.,negative
REV-1711,CUST-101180,The phone case arrived on time and packaging was perfect. Five stars.,positive
REV-1712,CUST-102522,"Fast delivery and the blender works great, very happy with this purchase.",positive
REV-1713,CUST-102622,"Fast delivery and the blender works great, very happy with this purchase.",positive
REV-1714,CUST-104976,The blender arrived on time and packaging was perfect. Five stars.,positive
REV-1715,CUST-105452,The office chair arrived on time and packaging was perfect. Five stars.,positive
REV-1716,CUST-103246,"Love the backpack, exactly as described. Highly recommend to others.",positive
REV-1717,CUST-102208,"Great customer support when my blender had an issue, resolved quickly.",positive
REV-1718,CUST-105830,Delivery took way too long and the wireless earbuds arrived damaged.,negative
REV-1719,CUST-100395,"Overpriced for what you get, the blender feels cheap and flimsy.",negative
REV-1720,CUST-102598,The wireless earbuds arrived on time and packaging was perfect. Five stars.,positive
REV-1721,CUST-100960,"Overpriced for what you get, the sneakers feels cheap and flimsy.",negative
REV-1722,CUST-100311,Delivery took way too long and the office chair arrived damaged.,negative
REV-1723,CUST-105938,"Overpriced for what you get, the coffee maker feels cheap and flimsy.",negative
REV-1724,CUST-103450,"Love the coffee maker, exactly as described. Highly recommend to others.",positive
REV-1725,CUST-100883,"Overpriced for what you get, the wireless earbuds feels cheap and flimsy.",negative
REV-1726,CUST-101121,Delivery took way too long and the sneakers arrived damaged.,negative
REV-1727,CUST-104410,"Great customer support when my phone case had an issue, resolved quickly.",positive
REV-1728,CUST-104418,"Fast delivery and the office chair works great, very happy with this purchase.",positive
REV-1729,CUST-103438,Customer support never responded about my wireless earbuds refund request.,negative
REV-1730,CUST-101596,"Love the coffee maker, exactly as described. Highly recommend to others.",positive
REV-1731,CUST-104825,"Would not recommend, the coffee maker did not match the description at all.",negative
REV-1732,CUST-104889,Delivery took way too long and the phone case arrived damaged.,negative
REV-1733,CUST-103450,"Fast delivery and the office chair works great, very happy with this purchase.",positive
REV-1734,CUST-105470,"Excellent quality desk lamp, exceeded my expectations. Will buy again!",positive
REV-1735,CUST-103040,Delivery took way too long and the phone case arrived damaged.,negative
REV-1736,CUST-102090,"Fast delivery and the coffee maker works great, very happy with this purchase.",positive
REV-1737,CUST-101531,"The desk lamp broke after one week, very disappointed with the quality.",negative
REV-1738,CUST-104604,"Would not recommend, the backpack did not match the description at all.",negative
REV-1739,CUST-105706,"Excellent quality office chair, exceeded my expectations. Will buy again!",positive
REV-1740,CUST-104776,"Love the coffee maker, exactly as described. Highly recommend to others.",positive
REV-1741,CUST-103737,"Excellent quality desk lamp, exceeded my expectations. Will buy again!",positive
REV-1742,CUST-105427,The office chair arrived on time and packaging was perfect. Five stars.,positive
REV-1743,CUST-103215,The blender arrived on time and packaging was perfect. Five stars.,positive
REV-1744,CUST-102587,The sneakers arrived on time and packaging was perfect. Five stars.,positive
REV-1745,CUST-102038,"Love the wireless earbuds, exactly as described. Highly recommend to others.",positive
REV-1746,CUST-102825,The sneakers arrived on time and packaging was perfect. Five stars.,positive
REV-1747,CUST-100690,"Great customer support when my desk lamp had an issue, resolved quickly.",positive
REV-1748,CUST-100967,The sneakers arrived on time and packaging was perfect. Five stars.,positive
REV-1749,CUST-102432,Customer support never responded about my phone case refund request.,negative
REV-1750,CUST-102235,"Love the backpack, exactly as described. Highly recommend to others.",positive
REV-1751,CUST-101371,Customer support never responded about my blender refund request.,negative
REV-1752,CUST-105316,Delivery took way too long and the sneakers arrived damaged.,negative
REV-1753,CUST-105094,"Great customer support when my blender had an issue, resolved quickly.",positive
REV-1754,CUST-104794,"Would not recommend, the backpack did not match the description at all.",negative
REV-1755,CUST-105808,"Excellent quality wireless earbuds, exceeded my expectations. Will buy again!",positive
REV-1756,CUST-103636,"Excellent quality coffee maker, exceeded my expectations. Will buy again!",positive
REV-1757,CUST-102930,"Fast delivery and the blender works great, very happy with this purchase.",positive
REV-1758,CUST-103576,"The office chair broke after one week, very disappointed with the quality.",negative
REV-1759,CUST-100642,"Excellent quality sneakers, exceeded my expectations. Will buy again!",positive
REV-1760,CUST-105918,"Fast delivery and the coffee maker works great, very happy with this purchase.",positive
REV-1761,CUST-100048,"Love the phone case, exactly as described. Highly recommend to others.",positive
REV-1762,CUST-102366,"Overpriced for what you get, the desk lamp feels cheap and flimsy.",negative
REV-1763,CUST-100181,"Overpriced for what you get, the desk lamp feels cheap and flimsy.",negative
REV-1764,CUST-104512,"The office chair broke after one week, very disappointed with the quality.",negative
REV-1765,CUST-103216,"The desk lamp broke after one week, very disappointed with the quality.",negative
REV-1766,CUST-101533,"Fast delivery and the backpack works great, very happy with this purchase.",positive
REV-1767,CUST-104840,"Would not recommend, the desk lamp did not match the description at all.",negative
REV-1768,CUST-105808,The wireless earbuds arrived on time and packaging was perfect. Five stars.,positive
REV-1769,CUST-104965,Delivery took way too long and the phone case arrived damaged.,negative
REV-1770,CUST-101373,"Excellent quality coffee maker, exceeded my expectations. Will buy again!",positive
REV-1771,CUST-104049,"Overpriced for what you get, the phone case feels cheap and flimsy.",negative
REV-1772,CUST-103079,"Would not recommend, the wireless earbuds did not match the description at all.",negative
REV-1773,CUST-104081,"Overpriced for what you get, the phone case feels cheap and flimsy.",negative
REV-1774,CUST-103504,"Would not recommend, the office chair did not match the description at all.",negative
REV-1775,CUST-104622,The sneakers arrived on time and packaging was perfect. Five stars.,positive
REV-1776,CUST-103524,"Great customer support when my blender had an issue, resolved quickly.",positive
REV-1777,CUST-101142,The blender arrived on time and packaging was perfect. Five stars.,positive
REV-1778,CUST-103663,Customer support never responded about my blender refund request.,negative
REV-1779,CUST-100930,The phone case arrived on time and packaging was perfect. Five stars.,positive
REV-1780,CUST-105172,"Excellent quality phone case, exceeded my expectations. Will buy again!",positive
REV-1781,CUST-100618,Delivery took way too long and the office chair arrived damaged.,negative
REV-1782,CUST-102990,"Overpriced for what you get, the wireless earbuds feels cheap and flimsy.",negative
REV-1783,CUST-105471,"Would not recommend, the backpack did not match the description at all.",negative
REV-1784,CUST-105217,"The phone case broke after one week, very disappointed with the quality.",negative
REV-1785,CUST-100100,"Fast delivery and the coffee maker works great, very happy with this purchase.",positive
REV-1786,CUST-101618,Customer support never responded about my blender refund request.,negative
REV-1787,CUST-104993,"Overpriced for what you get, the office chair feels cheap and flimsy.",negative
REV-1788,CUST-105949,"Fast delivery and the phone case works great, very happy with this purchase.",positive
REV-1789,CUST-105297,"Would not recommend, the blender did not match the description at all.",negative
REV-1790,CUST-102483,Customer support never responded about my backpack refund request.,negative
REV-1791,CUST-103330,"Excellent quality blender, exceeded my expectations. Will buy again!",positive
REV-1792,CUST-105439,"Love the wireless earbuds, exactly as described. Highly recommend to others.",positive
REV-1793,CUST-101153,"Excellent quality blender, exceeded my expectations. Will buy again!",positive
REV-1794,CUST-104221,The desk lamp arrived on time and packaging was perfect. Five stars.,positive
REV-1795,CUST-103808,"Fast delivery and the blender works great, very happy with this purchase.",positive
REV-1796,CUST-101530,"Great customer support when my phone case had an issue, resolved quickly.",positive
REV-1797,CUST-103114,The backpack arrived on time and packaging was perfect. Five stars.,positive
REV-1798,CUST-103039,Delivery took way too long and the backpack arrived damaged.,negative
REV-1799,CUST-100877,"Would not recommend, the phone case did not match the description at all.",negative
REV-1800,CUST-105944,Customer support never responded about my phone case refund request.,negative
REV-1801,CUST-103555,"Love the phone case, exactly as described. Highly recommend to others.",positive
REV-1802,CUST-100996,"Overpriced for what you get, the blender feels cheap and flimsy.",negative
REV-1803,CUST-101975,Delivery took way too long and the sneakers arrived damaged.,negative
REV-1804,CUST-101434,Customer support never responded about my desk lamp refund request.,negative
REV-1805,CUST-100043,"Excellent quality office chair, exceeded my expectations. Will buy again!",positive
REV-1806,CUST-104613,"Would not recommend, the backpack did not match the description at all.",negative
REV-1807,CUST-103982,"Love the blender, exactly as described. Highly recommend to others.",positive
REV-1808,CUST-100988,"Love the backpack, exactly as described. Highly recommend to others.",positive
REV-1809,CUST-104940,Customer support never responded about my desk lamp refund request.,negative
REV-1810,CUST-104551,Customer support never responded about my coffee maker refund request.,negative
REV-1811,CUST-104489,"Love the blender, exactly as described. Highly recommend to others.",positive
REV-1812,CUST-103349,Delivery took way too long and the phone case arrived damaged.,negative
REV-1813,CUST-102715,"Fast delivery and the phone case works great, very happy with this purchase.",positive
REV-1814,CUST-104768,"Excellent quality coffee maker, exceeded my expectations. Will buy again!",positive
REV-1815,CUST-103947,"Great customer support when my sneakers had an issue, resolved quickly.",positive
REV-1816,CUST-103587,"Great customer support when my wireless earbuds had an issue, resolved quickly.",positive
REV-1817,CUST-102465,Delivery took way too long and the sneakers arrived damaged.,negative
REV-1818,CUST-102900,"Overpriced for what you get, the phone case feels cheap and flimsy.",negative
REV-1819,CUST-100273,"The office chair broke after one week, very disappointed with the quality.",negative
REV-1820,CUST-100874,"Love the desk lamp, exactly as described. Highly recommend to others.",positive
REV-1821,CUST-104414,"Excellent quality backpack, exceeded my expectations. Will buy again!",positive
REV-1822,CUST-100501,"Love the blender, exactly as described. Highly recommend to others.",positive
REV-1823,CUST-105658,"The phone case broke after one week, very disappointed with the quality.",negative
REV-1824,CUST-102654,The wireless earbuds arrived on time and packaging was perfect. Five stars.,positive
REV-1825,CUST-100760,"Overpriced for what you get, the wireless earbuds feels cheap and flimsy.",negative
REV-1826,CUST-104301,Delivery took way too long and the sneakers arrived damaged.,negative
REV-1827,CUST-100836,"Overpriced for what you get, the phone case feels cheap and flimsy.",negative
REV-1828,CUST-104622,Delivery took way too long and the blender arrived damaged.,negative
REV-1829,CUST-101233,"Overpriced for what you get, the wireless earbuds feels cheap and flimsy.",negative
REV-1830,CUST-104829,Delivery took way too long and the desk lamp arrived damaged.,negative
REV-1831,CUST-102801,The blender arrived on time and packaging was perfect. Five stars.,positive
REV-1832,CUST-105209,"Love the sneakers, exactly as described. Highly recommend to others.",positive
REV-1833,CUST-102736,"Overpriced for what you get, the blender feels cheap and flimsy.",negative
REV-1834,CUST-102974,"The office chair broke after one week, very disappointed with the quality.",negative
REV-1835,CUST-104487,The phone case arrived on time and packaging was perfect. Five stars.,positive
REV-1836,CUST-101717,"Fast delivery and the phone case works great, very happy with this purchase.",positive
REV-1837,CUST-100069,"Would not recommend, the coffee maker did not match the description at all.",negative
REV-1838,CUST-102792,"Overpriced for what you get, the blender feels cheap and flimsy.",negative
REV-1839,CUST-101209,Delivery took way too long and the blender arrived damaged.,negative
REV-1840,CUST-102143,Customer support never responded about my office chair refund request.,negative
REV-1841,CUST-102321,"Excellent quality coffee maker, exceeded my expectations. Will buy again!",positive
REV-1842,CUST-101846,"Love the coffee maker, exactly as described. Highly recommend to others.",positive
REV-1843,CUST-103354,"Excellent quality desk lamp, exceeded my expectations. Will buy again!",positive
REV-1844,CUST-100253,"Excellent quality backpack, exceeded my expectations. Will buy again!",positive
REV-1845,CUST-100766,"Excellent quality sneakers, exceeded my expectations. Will buy again!",positive
REV-1846,CUST-101983,"The phone case broke after one week, very disappointed with the quality.",negative
REV-1847,CUST-105846,"Fast delivery and the sneakers works great, very happy with this purchase.",positive
REV-1848,CUST-104603,"Love the blender, exactly as described. Highly recommend to others.",positive
REV-1849,CUST-105475,"Fast delivery and the backpack works great, very happy with this purchase.",positive
REV-1850,CUST-100115,"Great customer support when my coffee maker had an issue, resolved quickly.",positive
REV-1851,CUST-105011,The desk lamp arrived on time and packaging was perfect. Five stars.,positive
REV-1852,CUST-100699,"Excellent quality coffee maker, exceeded my expectations. Will buy again!",positive
REV-1853,CUST-102091,"Excellent quality blender, exceeded my expectations. Will buy again!",positive
REV-1854,CUST-105517,"Love the backpack, exactly as described. Highly recommend to others.",positive
REV-1855,CUST-100261,"Love the phone case, exactly as described. Highly recommend to others.",positive
REV-1856,CUST-104161,"The sneakers broke after one week, very disappointed with the quality.",negative
REV-1857,CUST-100846,Delivery took way too long and the phone case arrived damaged.,negative
REV-1858,CUST-100798,"Great customer support when my office chair had an issue, resolved quickly.",positive
REV-1859,CUST-102498,"Fast delivery and the wireless earbuds works great, very happy with this purchase.",positive
REV-1860,CUST-100610,"Would not recommend, the phone case did not match the description at all.",negative
REV-1861,CUST-102136,"Love the backpack, exactly as described. Highly recommend to others.",positive
REV-1862,CUST-100199,The backpack arrived on time and packaging was perfect. Five stars.,positive
REV-1863,CUST-102909,Delivery took way too long and the desk lamp arrived damaged.,negative
REV-1864,CUST-100378,Customer support never responded about my phone case refund request.,negative
REV-1865,CUST-102111,"Great customer support when my phone case had an issue, resolved quickly.",positive
REV-1866,CUST-103055,"The phone case broke after one week, very disappointed with the quality.",negative
REV-1867,CUST-100336,"Great customer support when my blender had an issue, resolved quickly.",positive
REV-1868,CUST-103478,The wireless earbuds arrived on time and packaging was perfect. Five stars.,positive
REV-1869,CUST-102312,"Fast delivery and the backpack works great, very happy with this purchase.",positive
REV-1870,CUST-102813,"The coffee maker broke after one week, very disappointed with the quality.",negative
REV-1871,CUST-102884,"Excellent quality phone case, exceeded my expectations. Will buy again!",positive
REV-1872,CUST-102742,Delivery took way too long and the blender arrived damaged.,negative
REV-1873,CUST-102760,The phone case arrived on time and packaging was perfect. Five stars.,positive
REV-1874,CUST-100544,"Love the office chair, exactly as described. Highly recommend to others.",positive
REV-1875,CUST-101996,"Fast delivery and the backpack works great, very happy with this purchase.",positive
REV-1876,CUST-103305,"Fast delivery and the coffee maker works great, very happy with this purchase.",positive
REV-1877,CUST-101618,"Overpriced for what you get, the backpack feels cheap and flimsy.",negative
REV-1878,CUST-105729,"Excellent quality sneakers, exceeded my expectations. Will buy again!",positive
REV-1879,CUST-105935,Customer support never responded about my phone case refund request.,negative
REV-1880,CUST-104456,"Great customer support when my office chair had an issue, resolved quickly.",positive
REV-1881,CUST-100048,Customer support never responded about my phone case refund request.,negative
REV-1882,CUST-102981,"Would not recommend, the coffee maker did not match the description at all.",negative
REV-1883,CUST-102051,"Great customer support when my office chair had an issue, resolved quickly.",positive
REV-1884,CUST-102606,Customer support never responded about my backpack refund request.,negative
REV-1885,CUST-105910,The backpack arrived on time and packaging was perfect. Five stars.,positive
REV-1886,CUST-101466,Delivery took way too long and the sneakers arrived damaged.,negative
REV-1887,CUST-104065,"Excellent quality office chair, exceeded my expectations. Will buy again!",positive
REV-1888,CUST-102647,"Great customer support when my coffee maker had an issue, resolved quickly.",positive
REV-1889,CUST-100224,"Overpriced for what you get, the wireless earbuds feels cheap and flimsy.",negative
REV-1890,CUST-102841,"Fast delivery and the blender works great, very happy with this purchase.",positive
REV-1891,CUST-101135,The desk lamp arrived on time and packaging was perfect. Five stars.,positive
REV-1892,CUST-103228,"Great customer support when my office chair had an issue, resolved quickly.",positive
REV-1893,CUST-103905,"Love the blender, exactly as described. Highly recommend to others.",positive
REV-1894,CUST-105643,"Love the blender, exactly as described. Highly recommend to others.",positive
REV-1895,CUST-104781,"The wireless earbuds broke after one week, very disappointed with the quality.",negative
REV-1896,CUST-102428,"Overpriced for what you get, the phone case feels cheap and flimsy.",negative
REV-1897,CUST-103946,"Fast delivery and the desk lamp works great, very happy with this purchase.",positive
REV-1898,CUST-101831,"Fast delivery and the blender works great, very happy with this purchase.",positive
REV-1899,CUST-103235,Customer support never responded about my blender refund request.,negative
REV-1900,CUST-101361,"Fast delivery and the coffee maker works great, very happy with this purchase.",positive
REV-1901,CUST-103109,The wireless earbuds arrived on time and packaging was perfect. Five stars.,positive
REV-1902,CUST-103495,"The coffee maker broke after one week, very disappointed with the quality.",negative
REV-1903,CUST-102080,"Great customer support when my office chair had an issue, resolved quickly.",positive
REV-1904,CUST-102714,"Love the desk lamp, exactly as described. Highly recommend to others.",positive
REV-1905,CUST-100928,"Excellent quality backpack, exceeded my expectations. Will buy again!",positive
REV-1906,CUST-105647,"Would not recommend, the desk lamp did not match the description at all.",negative
REV-1907,CUST-101109,"Great customer support when my coffee maker had an issue, resolved quickly.",positive
REV-1908,CUST-101881,"Love the wireless earbuds, exactly as described. Highly recommend to others.",positive
REV-1909,CUST-103801,Delivery took way too long and the blender arrived damaged.,negative
REV-1910,CUST-104748,"The backpack broke after one week, very disappointed with the quality.",negative
REV-1911,CUST-100676,The sneakers arrived on time and packaging was perfect. Five stars.,positive
REV-1912,CUST-100433,Delivery took way too long and the office chair arrived damaged.,negative
REV-1913,CUST-102219,"Would not recommend, the blender did not match the description at all.",negative
REV-1914,CUST-105478,"Overpriced for what you get, the phone case feels cheap and flimsy.",negative
REV-1915,CUST-103113,"The desk lamp broke after one week, very disappointed with the quality.",negative
REV-1916,CUST-103766,"Great customer support when my office chair had an issue, resolved quickly.",positive
REV-1917,CUST-102471,"The backpack broke after one week, very disappointed with the quality.",negative
REV-1918,CUST-105979,"The backpack broke after one week, very disappointed with the quality.",negative
REV-1919,CUST-103638,"Excellent quality office chair, exceeded my expectations. Will buy again!",positive
REV-1920,CUST-100384,"Fast delivery and the office chair works great, very happy with this purchase.",positive
REV-1921,CUST-102296,"Overpriced for what you get, the phone case feels cheap and flimsy.",negative
REV-1922,CUST-105669,"Overpriced for what you get, the office chair feels cheap and flimsy.",negative
REV-1923,CUST-102588,"Overpriced for what you get, the phone case feels cheap and flimsy.",negative
REV-1924,CUST-102945,Delivery took way too long and the coffee maker arrived damaged.,negative
REV-1925,CUST-102308,"Would not recommend, the sneakers did not match the description at all.",negative
REV-1926,CUST-103808,"Great customer support when my desk lamp had an issue, resolved quickly.",positive
REV-1927,CUST-100122,"Would not recommend, the phone case did not match the description at all.",negative
REV-1928,CUST-104466,The coffee maker arrived on time and packaging was perfect. Five stars.,positive
REV-1929,CUST-101184,The blender arrived on time and packaging was perfect. Five stars.,positive
REV-1930,CUST-104070,Customer support never responded about my office chair refund request.,negative
REV-1931,CUST-103550,"Would not recommend, the backpack did not match the description at all.",negative
REV-1932,CUST-101116,Customer support never responded about my phone case refund request.,negative
REV-1933,CUST-102314,"Great customer support when my wireless earbuds had an issue, resolved quickly.",positive
REV-1934,CUST-100172,"Would not recommend, the phone case did not match the description at all.",negative
REV-1935,CUST-105517,The wireless earbuds arrived on time and packaging was perfect. Five stars.,positive
REV-1936,CUST-100285,"Would not recommend, the desk lamp did not match the description at all.",negative
REV-1937,CUST-104435,"Would not recommend, the wireless earbuds did not match the description at all.",negative
REV-1938,CUST-100463,Delivery took way too long and the office chair arrived damaged.,negative
REV-1939,CUST-100570,Customer support never responded about my sneakers refund request.,negative
REV-1940,CUST-102674,"Love the wireless earbuds, exactly as described. Highly recommend to others.",positive
REV-1941,CUST-103394,"Excellent quality desk lamp, exceeded my expectations. Will buy again!",positive
REV-1942,CUST-100501,"Love the phone case, exactly as described. Highly recommend to others.",positive
REV-1943,CUST-100176,"Overpriced for what you get, the backpack feels cheap and flimsy.",negative
REV-1944,CUST-101987,"Great customer support when my coffee maker had an issue, resolved quickly.",positive
REV-1945,CUST-105041,"The phone case broke after one week, very disappointed with the quality.",negative
REV-1946,CUST-101279,"Would not recommend, the office chair did not match the description at all.",negative
REV-1947,CUST-103307,"Excellent quality phone case, exceeded my expectations. Will buy again!",positive
REV-1948,CUST-100102,"Would not recommend, the wireless earbuds did not match the description at all.",negative
REV-1949,CUST-101451,"The desk lamp broke after one week, very disappointed with the quality.",negative
REV-1950,CUST-103342,Delivery took way too long and the desk lamp arrived damaged.,negative
REV-1951,CUST-102376,"Excellent quality phone case, exceeded my expectations. Will buy again!",positive
REV-1952,CUST-101781,"The blender broke after one week, very disappointed with the quality.",negative
REV-1953,CUST-100412,The phone case arrived on time and packaging was perfect. Five stars.,positive
REV-1954,CUST-104691,"Fast delivery and the phone case works great, very happy with this purchase.",positive
REV-1955,CUST-105529,"Love the sneakers, exactly as described. Highly recommend to others.",positive
REV-1956,CUST-104424,"Overpriced for what you get, the phone case feels cheap and flimsy.",negative
REV-1957,CUST-105748,The office chair arrived on time and packaging was perfect. Five stars.,positive
REV-1958,CUST-104842,Customer support never responded about my desk lamp refund request.,negative
REV-1959,CUST-102164,"Fast delivery and the wireless earbuds works great, very happy with this purchase.",positive
REV-1960,CUST-101282,"Love the desk lamp, exactly as described. Highly recommend to others.",positive
REV-1961,CUST-101603,"Excellent quality office chair, exceeded my expectations. Will buy again!",positive
REV-1962,CUST-105941,"Great customer support when my sneakers had an issue, resolved quickly.",positive
REV-1963,CUST-101072,"Fast delivery and the blender works great, very happy with this purchase.",positive
REV-1964,CUST-100316,Customer support never responded about my wireless earbuds refund request.,negative
REV-1965,CUST-103322,"Great customer support when my office chair had an issue, resolved quickly.",positive
REV-1966,CUST-100913,"Love the desk lamp, exactly as described. Highly recommend to others.",positive
REV-1967,CUST-104922,"Fast delivery and the sneakers works great, very happy with this purchase.",positive
REV-1968,CUST-101530,Customer support never responded about my office chair refund request.,negative
REV-1969,CUST-103593,"Love the desk lamp, exactly as described. Highly recommend to others.",positive
REV-1970,CUST-105160,Customer support never responded about my blender refund request.,negative
REV-1971,CUST-102856,"Fast delivery and the blender works great, very happy with this purchase.",positive
REV-1972,CUST-104465,"Great customer support when my sneakers had an issue, resolved quickly.",positive
REV-1973,CUST-103482,"Great customer support when my coffee maker had an issue, resolved quickly.",positive
REV-1974,CUST-102962,The desk lamp arrived on time and packaging was perfect. Five stars.,positive
REV-1975,CUST-100332,Delivery took way too long and the backpack arrived damaged.,negative
REV-1976,CUST-104815,"Love the blender, exactly as described. Highly recommend to others.",positive
REV-1977,CUST-103744,The blender arrived on time and packaging was perfect. Five stars.,positive
REV-1978,CUST-105957,"Fast delivery and the backpack works great, very happy with this purchase.",positive
REV-1979,CUST-103619,Customer support never responded about my coffee maker refund request.,negative
REV-1980,CUST-103582,"The phone case broke after one week, very disappointed with the quality.",negative
REV-1981,CUST-100243,The wireless earbuds arrived on time and packaging was perfect. Five stars.,positive
REV-1982,CUST-100517,Delivery took way too long and the sneakers arrived damaged.,negative
REV-1983,CUST-103550,"Fast delivery and the desk lamp works great, very happy with this purchase.",positive
REV-1984,CUST-101262,"Excellent quality blender, exceeded my expectations. Will buy again!",positive
REV-1985,CUST-105649,"Excellent quality coffee maker, exceeded my expectations. Will buy again!",positive
REV-1986,CUST-102712,"Excellent quality desk lamp, exceeded my expectations. Will buy again!",positive
REV-1987,CUST-100216,"Great customer support when my office chair had an issue, resolved quickly.",positive
REV-1988,CUST-101879,"Fast delivery and the office chair works great, very happy with this purchase.",positive
REV-1989,CUST-105070,"The blender broke after one week, very disappointed with the quality.",negative
REV-1990,CUST-102917,"Excellent quality wireless earbuds, exceeded my expectations. Will buy again!",positive
REV-1991,CUST-101418,"Love the backpack, exactly as described. Highly recommend to others.",positive
REV-1992,CUST-101557,"Fast delivery and the blender works great, very happy with this purchase.",positive
REV-1993,CUST-103393,"Would not recommend, the backpack did not match the description at all.",negative
REV-1994,CUST-104339,The coffee maker arrived on time and packaging was perfect. Five stars.,positive
REV-1995,CUST-105666,"Fast delivery and the desk lamp works great, very happy with this purchase.",positive
REV-1996,CUST-104250,"The wireless earbuds broke after one week, very disappointed with the quality.",negative
REV-1997,CUST-100295,"Excellent quality coffee maker, exceeded my expectations. Will buy again!",positive
REV-1998,CUST-102027,"Love the blender, exactly as described. Highly recommend to others.",positive
REV-1999,CUST-105970,The desk lamp arrived on time and packaging was perfect. Five stars.,positive
REV-2000,CUST-104877,"Great customer support when my desk lamp had an issue, resolved quickly.",positive
REV-2001,CUST-101015,"The wireless earbuds broke after one week, very disappointed with the quality.",negative
REV-2002,CUST-102559,"Love the phone case, exactly as described. Highly recommend to others.",positive
REV-2003,CUST-104432,"Great customer support when my wireless earbuds had an issue, resolved quickly.",positive
REV-2004,CUST-101729,Delivery took way too long and the blender arrived damaged.,negative
REV-2005,CUST-105391,"Great customer support when my coffee maker had an issue, resolved quickly.",positive
REV-2006,CUST-100464,"Would not recommend, the sneakers did not match the description at all.",negative
REV-2007,CUST-101591,"The backpack broke after one week, very disappointed with the quality.",negative
REV-2008,CUST-100735,"The wireless earbuds broke after one week, very disappointed with the quality.",negative
REV-2009,CUST-102045,The blender arrived on time and packaging was perfect. Five stars.,positive
REV-2010,CUST-100246,The blender arrived on time and packaging was perfect. Five stars.,positive
REV-2011,CUST-104743,Delivery took way too long and the desk lamp arrived damaged.,negative
REV-2012,CUST-105770,"Great customer support when my coffee maker had an issue, resolved quickly.",positive
REV-2013,CUST-105414,"Fast delivery and the office chair works great, very happy with this purchase.",positive
REV-2014,CUST-105448,"Would not recommend, the desk lamp did not match the description at all.",negative
REV-2015,CUST-103841,"Overpriced for what you get, the desk lamp feels cheap and flimsy.",negative
REV-2016,CUST-105030,"Overpriced for what you get, the desk lamp feels cheap and flimsy.",negative
REV-2017,CUST-101971,The office chair arrived on time and packaging was perfect. Five stars.,positive
REV-2018,CUST-105480,"Great customer support when my phone case had an issue, resolved quickly.",positive
REV-2019,CUST-100059,"Would not recommend, the phone case did not match the description at all.",negative
REV-2020,CUST-104864,"Love the coffee maker, exactly as described. Highly recommend to others.",positive
REV-2021,CUST-104639,"Great customer support when my sneakers had an issue, resolved quickly.",positive
REV-2022,CUST-102099,"Fast delivery and the coffee maker works great, very happy with this purchase.",positive
REV-2023,CUST-105108,Customer support never responded about my coffee maker refund request.,negative
REV-2024,CUST-101646,"The desk lamp broke after one week, very disappointed with the quality.",negative
REV-2025,CUST-100862,The blender arrived on time and packaging was perfect. Five stars.,positive
REV-2026,CUST-102908,"Would not recommend, the phone case did not match the description at all.",negative
REV-2027,CUST-104476,"Great customer support when my desk lamp had an issue, resolved quickly.",positive
REV-2028,CUST-105245,"The desk lamp broke after one week, very disappointed with the quality.",negative
REV-2029,CUST-101744,"Would not recommend, the backpack did not match the description at all.",negative
REV-2030,CUST-104818,"Excellent quality coffee maker, exceeded my expectations. Will buy again!",positive
REV-2031,CUST-104652,The blender arrived on time and packaging was perfect. Five stars.,positive
REV-2032,CUST-104366,"Love the coffee maker, exactly as described. Highly recommend to others.",positive
REV-2033,CUST-103654,"Excellent quality desk lamp, exceeded my expectations. Will buy again!",positive
REV-2034,CUST-105267,"The sneakers broke after one week, very disappointed with the quality.",negative
REV-2035,CUST-105887,"Love the office chair, exactly as described. Highly recommend to others.",positive
REV-2036,CUST-101311,"Would not recommend, the phone case did not match the description at all.",negative
REV-2037,CUST-100581,"Fast delivery and the backpack works great, very happy with this purchase.",positive
REV-2038,CUST-103543,Customer support never responded about my sneakers refund request.,negative
REV-2039,CUST-102050,The backpack arrived on time and packaging was perfect. Five stars.,positive
REV-2040,CUST-100991,"The backpack broke after one week, very disappointed with the quality.",negative
REV-2041,CUST-100685,The sneakers arrived on time and packaging was perfect. Five stars.,positive
REV-2042,CUST-100706,"Fast delivery and the office chair works great, very happy with this purchase.",positive
REV-2043,CUST-103208,Delivery took way too long and the coffee maker arrived damaged.,negative
REV-2044,CUST-105830,Delivery took way too long and the backpack arrived damaged.,negative
REV-2045,CUST-102341,Delivery took way too long and the sneakers arrived damaged.,negative
REV-2046,CUST-101193,The blender arrived on time and packaging was perfect. Five stars.,positive
REV-2047,CUST-103981,"Would not recommend, the sneakers did not match the description at all.",negative
REV-2048,CUST-100501,"Excellent quality phone case, exceeded my expectations. Will buy again!",positive
REV-2049,CUST-103768,"The backpack broke after one week, very disappointed with the quality.",negative
REV-2050,CUST-102859,"Fast delivery and the desk lamp works great, very happy with this purchase.",positive
REV-2051,CUST-103140,Delivery took way too long and the coffee maker arrived damaged.,negative
REV-2052,CUST-100306,"Would not recommend, the phone case did not match the description at all.",negative
REV-2053,CUST-104780,"The coffee maker broke after one week, very disappointed with the quality.",negative
REV-2054,CUST-102892,"Overpriced for what you get, the phone case feels cheap and flimsy.",negative
REV-2055,CUST-105374,"Would not recommend, the backpack did not match the description at all.",negative
REV-2056,CUST-105356,"Excellent quality backpack, exceeded my expectations. Will buy again!",positive
REV-2057,CUST-102308,"Excellent quality sneakers, exceeded my expectations. Will buy again!",positive
REV-2058,CUST-100794,"Overpriced for what you get, the blender feels cheap and flimsy.",negative
REV-2059,CUST-102863,"The blender broke after one week, very disappointed with the quality.",negative
REV-2060,CUST-101616,"The phone case broke after one week, very disappointed with the quality.",negative
REV-2061,CUST-100920,Customer support never responded about my wireless earbuds refund request.,negative
REV-2062,CUST-105052,Delivery took way too long and the coffee maker arrived damaged.,negative
REV-2063,CUST-101663,Customer support never responded about my sneakers refund request.,negative
REV-2064,CUST-104931,The blender arrived on time and packaging was perfect. Five stars.,positive
REV-2065,CUST-104575,"Excellent quality sneakers, exceeded my expectations. Will buy again!",positive
REV-2066,CUST-100504,"Fast delivery and the phone case works great, very happy with this purchase.",positive
REV-2067,CUST-103052,Customer support never responded about my office chair refund request.,negative
REV-2068,CUST-104714,"Love the desk lamp, exactly as described. Highly recommend to others.",positive
REV-2069,CUST-101165,"Great customer support when my backpack had an issue, resolved quickly.",positive
REV-2070,CUST-101236,"Love the sneakers, exactly as described. Highly recommend to others.",positive
REV-2071,CUST-103530,"Love the coffee maker, exactly as described. Highly recommend to others.",positive
REV-2072,CUST-102439,Customer support never responded about my backpack refund request.,negative
REV-2073,CUST-104830,"Would not recommend, the backpack did not match the description at all.",negative
REV-2074,CUST-104292,The backpack arrived on time and packaging was perfect. Five stars.,positive
REV-2075,CUST-101535,Customer support never responded about my backpack refund request.,negative
REV-2076,CUST-104631,"Great customer support when my desk lamp had an issue, resolved quickly.",positive
REV-2077,CUST-101693,Customer support never responded about my phone case refund request.,negative
REV-2078,CUST-104003,Customer support never responded about my sneakers refund request.,negative
REV-2079,CUST-100824,The office chair arrived on time and packaging was perfect. Five stars.,positive
REV-2080,CUST-103254,Delivery took way too long and the blender arrived damaged.,negative
REV-2081,CUST-101814,The office chair arrived on time and packaging was perfect. Five stars.,positive
REV-2082,CUST-100873,"Great customer support when my wireless earbuds had an issue, resolved quickly.",positive
REV-2083,CUST-102785,"Fast delivery and the blender works great, very happy with this purchase.",positive
REV-2084,CUST-100436,"Love the office chair, exactly as described. Highly recommend to others.",positive
REV-2085,CUST-105531,"The office chair broke after one week, very disappointed with the quality.",negative
REV-2086,CUST-100007,"Excellent quality phone case, exceeded my expectations. Will buy again!",positive
REV-2087,CUST-100088,"Love the sneakers, exactly as described. Highly recommend to others.",positive
REV-2088,CUST-100173,Delivery took way too long and the wireless earbuds arrived damaged.,negative
REV-2089,CUST-104146,"Love the coffee maker, exactly as described. Highly recommend to others.",positive
REV-2090,CUST-101427,"Love the office chair, exactly as described. Highly recommend to others.",positive
REV-2091,CUST-101880,"Great customer support when my phone case had an issue, resolved quickly.",positive
REV-2092,CUST-103220,The office chair arrived on time and packaging was perfect. Five stars.,positive
REV-2093,CUST-101218,"Excellent quality sneakers, exceeded my expectations. Will buy again!",positive
REV-2094,CUST-105631,"Great customer support when my blender had an issue, resolved quickly.",positive
REV-2095,CUST-101065,Customer support never responded about my desk lamp refund request.,negative
REV-2096,CUST-103360,Delivery took way too long and the office chair arrived damaged.,negative
REV-2097,CUST-105108,"Love the desk lamp, exactly as described. Highly recommend to others.",positive
REV-2098,CUST-103095,"Love the coffee maker, exactly as described. Highly recommend to others.",positive
REV-2099,CUST-103987,Customer support never responded about my sneakers refund request.,negative
REV-2100,CUST-104153,"The coffee maker broke after one week, very disappointed with the quality.",negative
REV-2101,CUST-103852,"Great customer support when my backpack had an issue, resolved quickly.",positive
REV-2102,CUST-105561,The blender arrived on time and packaging was perfect. Five stars.,positive
REV-2103,CUST-101700,"Would not recommend, the wireless earbuds did not match the description at all.",negative
REV-2104,CUST-101656,"Excellent quality blender, exceeded my expectations. Will buy again!",positive
REV-2105,CUST-105160,The office chair arrived on time and packaging was perfect. Five stars.,positive
REV-2106,CUST-103269,"Excellent quality desk lamp, exceeded my expectations. Will buy again!",positive
REV-2107,CUST-102556,"Overpriced for what you get, the backpack feels cheap and flimsy.",negative
REV-2108,CUST-102577,"Would not recommend, the blender did not match the description at all.",negative
REV-2109,CUST-100492,"Would not recommend, the phone case did not match the description at all.",negative
REV-2110,CUST-105826,"Overpriced for what you get, the desk lamp feels cheap and flimsy.",negative
REV-2111,CUST-103417,"Excellent quality wireless earbuds, exceeded my expectations. Will buy again!",positive
REV-2112,CUST-105523,"Great customer support when my phone case had an issue, resolved quickly.",positive
REV-2113,CUST-102668,Customer support never responded about my office chair refund request.,negative
REV-2114,CUST-104143,"Fast delivery and the desk lamp works great, very happy with this purchase.",positive
REV-2115,CUST-100289,"Great customer support when my wireless earbuds had an issue, resolved quickly.",positive
REV-2116,CUST-105356,"Excellent quality coffee maker, exceeded my expectations. Will buy again!",positive
REV-2117,CUST-104749,"Love the coffee maker, exactly as described. Highly recommend to others.",positive
REV-2118,CUST-102284,"Overpriced for what you get, the office chair feels cheap and flimsy.",negative
REV-2119,CUST-105394,"Fast delivery and the blender works great, very happy with this purchase.",positive
REV-2120,CUST-102394,"Overpriced for what you get, the phone case feels cheap and flimsy.",negative
REV-2121,CUST-103608,"Fast delivery and the backpack works great, very happy with this purchase.",positive
REV-2122,CUST-104390,"Love the sneakers, exactly as described. Highly recommend to others.",positive
REV-2123,CUST-100598,Customer support never responded about my office chair refund request.,negative
REV-2124,CUST-102624,Delivery took way too long and the coffee maker arrived damaged.,negative
REV-2125,CUST-101186,"Fast delivery and the office chair works great, very happy with this purchase.",positive
REV-2126,CUST-105051,"Love the coffee maker, exactly as described. Highly recommend to others.",positive
REV-2127,CUST-101767,"Fast delivery and the blender works great, very happy with this purchase.",positive
REV-2128,CUST-101286,The backpack arrived on time and packaging was perfect. Five stars.,positive
REV-2129,CUST-104517,"Great customer support when my phone case had an issue, resolved quickly.",positive
REV-2130,CUST-102276,Delivery took way too long and the backpack arrived damaged.,negative
REV-2131,CUST-102165,"The blender broke after one week, very disappointed with the quality.",negative
REV-2132,CUST-101832,"Fast delivery and the sneakers works great, very happy with this purchase.",positive
REV-2133,CUST-100034,"Fast delivery and the blender works great, very happy with this purchase.",positive
REV-2134,CUST-103558,"Overpriced for what you get, the sneakers feels cheap and flimsy.",negative
REV-2135,CUST-103515,"Fast delivery and the blender works great, very happy with this purchase.",positive
REV-2136,CUST-102477,"Overpriced for what you get, the office chair feels cheap and flimsy.",negative
REV-2137,CUST-103768,Customer support never responded about my wireless earbuds refund request.,negative
REV-2138,CUST-100454,"Fast delivery and the coffee maker works great, very happy with this purchase.",positive
REV-2139,CUST-100829,"Love the desk lamp, exactly as described. Highly recommend to others.",positive
REV-2140,CUST-104088,"Love the backpack, exactly as described. Highly recommend to others.",positive
REV-2141,CUST-105117,"Love the blender, exactly as described. Highly recommend to others.",positive
REV-2142,CUST-100575,"Excellent quality blender, exceeded my expectations. Will buy again!",positive
REV-2143,CUST-100947,The backpack arrived on time and packaging was perfect. Five stars.,positive
REV-2144,CUST-101719,"The phone case broke after one week, very disappointed with the quality.",negative
REV-2145,CUST-105207,"Fast delivery and the blender works great, very happy with this purchase.",positive
REV-2146,CUST-103728,"Excellent quality office chair, exceeded my expectations. Will buy again!",positive
REV-2147,CUST-103226,"The sneakers broke after one week, very disappointed with the quality.",negative
REV-2148,CUST-100190,"Great customer support when my backpack had an issue, resolved quickly.",positive
REV-2149,CUST-104356,"Great customer support when my phone case had an issue, resolved quickly.",positive
REV-2150,CUST-102770,"Fast delivery and the wireless earbuds works great, very happy with this purchase.",positive
REV-2151,CUST-102869,Delivery took way too long and the sneakers arrived damaged.,negative
REV-2152,CUST-105051,"The office chair broke after one week, very disappointed with the quality.",negative
REV-2153,CUST-103521,Customer support never responded about my office chair refund request.,negative
REV-2154,CUST-100371,"Love the coffee maker, exactly as described. Highly recommend to others.",positive
REV-2155,CUST-101943,"The office chair broke after one week, very disappointed with the quality.",negative
REV-2156,CUST-105978,The blender arrived on time and packaging was perfect. Five stars.,positive
REV-2157,CUST-103820,"Excellent quality phone case, exceeded my expectations. Will buy again!",positive
REV-2158,CUST-100270,The office chair arrived on time and packaging was perfect. Five stars.,positive
REV-2159,CUST-100179,"Great customer support when my backpack had an issue, resolved quickly.",positive
REV-2160,CUST-102418,Customer support never responded about my wireless earbuds refund request.,negative
REV-2161,CUST-102244,"Overpriced for what you get, the coffee maker feels cheap and flimsy.",negative
REV-2162,CUST-105347,"Would not recommend, the sneakers did not match the description at all.",negative
REV-2163,CUST-105157,"Fast delivery and the sneakers works great, very happy with this purchase.",positive
REV-2164,CUST-103542,"Great customer support when my desk lamp had an issue, resolved quickly.",positive
REV-2165,CUST-101330,"Would not recommend, the coffee maker did not match the description at all.",negative
REV-2166,CUST-101508,"Overpriced for what you get, the coffee maker feels cheap and flimsy.",negative
REV-2167,CUST-100721,"Would not recommend, the blender did not match the description at all.",negative
REV-2168,CUST-105761,"Love the coffee maker, exactly as described. Highly recommend to others.",positive
REV-2169,CUST-100602,"Fast delivery and the sneakers works great, very happy with this purchase.",positive
REV-2170,CUST-100062,"Overpriced for what you get, the phone case feels cheap and flimsy.",negative
REV-2171,CUST-105203,"Would not recommend, the coffee maker did not match the description at all.",negative
REV-2172,CUST-101082,"Overpriced for what you get, the coffee maker feels cheap and flimsy.",negative
REV-2173,CUST-105984,"Fast delivery and the coffee maker works great, very happy with this purchase.",positive
REV-2174,CUST-102886,The wireless earbuds arrived on time and packaging was perfect. Five stars.,positive
REV-2175,CUST-101062,The desk lamp arrived on time and packaging was perfect. Five stars.,positive
REV-2176,CUST-101197,"Excellent quality desk lamp, exceeded my expectations. Will buy again!",positive
REV-2177,CUST-105051,Delivery took way too long and the wireless earbuds arrived damaged.,negative
REV-2178,CUST-103337,The wireless earbuds arrived on time and packaging was perfect. Five stars.,positive
REV-2179,CUST-101284,"Would not recommend, the phone case did not match the description at all.",negative
REV-2180,CUST-105164,Delivery took way too long and the phone case arrived damaged.,negative
REV-2181,CUST-101461,"Would not recommend, the backpack did not match the description at all.",negative
REV-2182,CUST-102520,The backpack arrived on time and packaging was perfect. Five stars.,positive
REV-2183,CUST-100322,"Great customer support when my backpack had an issue, resolved quickly.",positive
REV-2184,CUST-104713,"Love the sneakers, exactly as described. Highly recommend to others.",positive
REV-2185,CUST-105404,Delivery took way too long and the coffee maker arrived damaged.,negative
REV-2186,CUST-102208,The phone case arrived on time and packaging was perfect. Five stars.,positive
REV-2187,CUST-105682,"Excellent quality backpack, exceeded my expectations. Will buy again!",positive
REV-2188,CUST-104182,"Great customer support when my blender had an issue, resolved quickly.",positive
REV-2189,CUST-104662,Delivery took way too long and the wireless earbuds arrived damaged.,negative
REV-2190,CUST-104337,"Fast delivery and the phone case works great, very happy with this purchase.",positive
REV-2191,CUST-101429,"Fast delivery and the blender works great, very happy with this purchase.",positive
REV-2192,CUST-100601,Delivery took way too long and the backpack arrived damaged.,negative
REV-2193,CUST-103131,"Great customer support when my phone case had an issue, resolved quickly.",positive
REV-2194,CUST-105690,"Great customer support when my office chair had an issue, resolved quickly.",positive
REV-2195,CUST-102301,"Love the backpack, exactly as described. Highly recommend to others.",positive
REV-2196,CUST-105693,"Excellent quality office chair, exceeded my expectations. Will buy again!",positive
REV-2197,CUST-105312,"Would not recommend, the desk lamp did not match the description at all.",negative
REV-2198,CUST-102446,"Excellent quality blender, exceeded my expectations. Will buy again!",positive
REV-2199,CUST-102025,"Great customer support when my desk lamp had an issue, resolved quickly.",positive
REV-2200,CUST-100674,Customer support never responded about my desk lamp refund request.,negative
REV-2201,CUST-105237,Customer support never responded about my wireless earbuds refund request.,negative
REV-2202,CUST-101423,"Love the backpack, exactly as described. Highly recommend to others.",positive
REV-2203,CUST-103166,The coffee maker arrived on time and packaging was perfect. Five stars.,positive
REV-2204,CUST-101019,"Overpriced for what you get, the backpack feels cheap and flimsy.",negative
REV-2205,CUST-100852,"Great customer support when my office chair had an issue, resolved quickly.",positive
REV-2206,CUST-101958,Delivery took way too long and the backpack arrived damaged.,negative
REV-2207,CUST-101061,"Excellent quality blender, exceeded my expectations. Will buy again!",positive
REV-2208,CUST-105146,"Fast delivery and the coffee maker works great, very happy with this purchase.",positive
REV-2209,CUST-102991,"Love the sneakers, exactly as described. Highly recommend to others.",positive
REV-2210,CUST-103513,"The backpack broke after one week, very disappointed with the quality.",negative
REV-2211,CUST-101635,"Fast delivery and the blender works great, very happy with this purchase.",positive
REV-2212,CUST-105906,Delivery took way too long and the phone case arrived damaged.,negative
REV-2213,CUST-104259,"Excellent quality phone case, exceeded my expectations. Will buy again!",positive
REV-2214,CUST-100789,Delivery took way too long and the backpack arrived damaged.,negative
REV-2215,CUST-101256,"The backpack broke after one week, very disappointed with the quality.",negative
REV-2216,CUST-104260,The desk lamp arrived on time and packaging was perfect. Five stars.,positive
REV-2217,CUST-104126,"Great customer support when my desk lamp had an issue, resolved quickly.",positive
REV-2218,CUST-101577,The wireless earbuds arrived on time and packaging was perfect. Five stars.,positive
REV-2219,CUST-102683,"Excellent quality wireless earbuds, exceeded my expectations. Will buy again!",positive
REV-2220,CUST-105565,"Love the sneakers, exactly as described. Highly recommend to others.",positive
REV-2221,CUST-104316,"Great customer support when my phone case had an issue, resolved quickly.",positive
REV-2222,CUST-102099,"Love the wireless earbuds, exactly as described. Highly recommend to others.",positive
REV-2223,CUST-102415,Delivery took way too long and the office chair arrived damaged.,negative
REV-2224,CUST-104072,"The wireless earbuds broke after one week, very disappointed with the quality.",negative
REV-2225,CUST-103315,"Fast delivery and the wireless earbuds works great, very happy with this purchase.",positive
REV-2226,CUST-101165,"Fast delivery and the sneakers works great, very happy with this purchase.",positive
REV-2227,CUST-104716,"The phone case broke after one week, very disappointed with the quality.",negative
REV-2228,CUST-102334,"Great customer support when my wireless earbuds had an issue, resolved quickly.",positive
REV-2229,CUST-102531,"Would not recommend, the office chair did not match the description at all.",negative
REV-2230,CUST-101653,"Overpriced for what you get, the desk lamp feels cheap and flimsy.",negative
REV-2231,CUST-104052,Customer support never responded about my office chair refund request.,negative
REV-2232,CUST-101190,"Overpriced for what you get, the desk lamp feels cheap and flimsy.",negative
REV-2233,CUST-104981,Customer support never responded about my sneakers refund request.,negative
REV-2234,CUST-101261,"Fast delivery and the phone case works great, very happy with this purchase.",positive
REV-2235,CUST-105441,Customer support never responded about my blender refund request.,negative
REV-2236,CUST-104542,"Love the desk lamp, exactly as described. Highly recommend to others.",positive
REV-2237,CUST-102687,"Would not recommend, the office chair did not match the description at all.",negative
REV-2238,CUST-101331,Customer support never responded about my desk lamp refund request.,negative
REV-2239,CUST-100589,"Would not recommend, the sneakers did not match the description at all.",negative
REV-2240,CUST-105439,"Fast delivery and the blender works great, very happy with this purchase.",positive
REV-2241,CUST-102754,Delivery took way too long and the wireless earbuds arrived damaged.,negative
REV-2242,CUST-102295,The wireless earbuds arrived on time and packaging was perfect. Five stars.,positive
REV-2243,CUST-102764,Customer support never responded about my wireless earbuds refund request.,negative
REV-2244,CUST-103918,"Love the office chair, exactly as described. Highly recommend to others.",positive
REV-2245,CUST-103945,"Love the blender, exactly as described. Highly recommend to others.",positive
REV-2246,CUST-105924,"The phone case broke after one week, very disappointed with the quality.",negative
REV-2247,CUST-102457,Delivery took way too long and the desk lamp arrived damaged.,negative
REV-2248,CUST-102709,"Would not recommend, the blender did not match the description at all.",negative
REV-2249,CUST-105812,"Overpriced for what you get, the blender feels cheap and flimsy.",negative
REV-2250,CUST-104082,"Fast delivery and the sneakers works great, very happy with this purchase.",positive
REV-2251,CUST-105093,"Would not recommend, the wireless earbuds did not match the description at all.",negative
REV-2252,CUST-102705,The phone case arrived on time and packaging was perfect. Five stars.,positive
REV-2253,CUST-100517,"Excellent quality coffee maker, exceeded my expectations. Will buy again!",positive
REV-2254,CUST-101983,"The desk lamp broke after one week, very disappointed with the quality.",negative
REV-2255,CUST-100036,The wireless earbuds arrived on time and packaging was perfect. Five stars.,positive
REV-2256,CUST-105645,"Excellent quality office chair, exceeded my expectations. Will buy again!",positive
REV-2257,CUST-100100,"Fast delivery and the sneakers works great, very happy with this purchase.",positive
REV-2258,CUST-101254,The backpack arrived on time and packaging was perfect. Five stars.,positive
REV-2259,CUST-101894,The backpack arrived on time and packaging was perfect. Five stars.,positive
REV-2260,CUST-101139,"Overpriced for what you get, the blender feels cheap and flimsy.",negative
REV-2261,CUST-103710,Customer support never responded about my backpack refund request.,negative
REV-2262,CUST-101352,"Love the blender, exactly as described. Highly recommend to others.",positive
REV-2263,CUST-100664,The blender arrived on time and packaging was perfect. Five stars.,positive
REV-2264,CUST-102459,"Love the office chair, exactly as described. Highly recommend to others.",positive
REV-2265,CUST-103397,"Fast delivery and the phone case works great, very happy with this purchase.",positive
REV-2266,CUST-104379,Delivery took way too long and the wireless earbuds arrived damaged.,negative
REV-2267,CUST-104115,The sneakers arrived on time and packaging was perfect. Five stars.,positive
REV-2268,CUST-100714,Delivery took way too long and the desk lamp arrived damaged.,negative
REV-2269,CUST-104477,The sneakers arrived on time and packaging was perfect. Five stars.,positive
REV-2270,CUST-103104,The sneakers arrived on time and packaging was perfect. Five stars.,positive
REV-2271,CUST-102755,"Great customer support when my phone case had an issue, resolved quickly.",positive
REV-2272,CUST-100505,Customer support never responded about my wireless earbuds refund request.,negative
REV-2273,CUST-102377,"Fast delivery and the phone case works great, very happy with this purchase.",positive
REV-2274,CUST-105303,"Overpriced for what you get, the sneakers feels cheap and flimsy.",negative
REV-2275,CUST-105104,Customer support never responded about my coffee maker refund request.,negative
REV-2276,CUST-105091,"Great customer support when my backpack had an issue, resolved quickly.",positive
REV-2277,CUST-103851,"Great customer support when my wireless earbuds had an issue, resolved quickly.",positive
REV-2278,CUST-102876,"Overpriced for what you get, the wireless earbuds feels cheap and flimsy.",negative
REV-2279,CUST-105001,"Overpriced for what you get, the wireless earbuds feels cheap and flimsy.",negative
REV-2280,CUST-104193,Customer support never responded about my sneakers refund request.,negative
REV-2281,CUST-102380,"Love the backpack, exactly as described. Highly recommend to others.",positive
REV-2282,CUST-103387,"Love the coffee maker, exactly as described. Highly recommend to others.",positive
REV-2283,CUST-104509,"Great customer support when my coffee maker had an issue, resolved quickly.",positive
REV-2284,CUST-104511,The sneakers arrived on time and packaging was perfect. Five stars.,positive
REV-2285,CUST-103202,The desk lamp arrived on time and packaging was perfect. Five stars.,positive
REV-2286,CUST-103323,"Fast delivery and the phone case works great, very happy with this purchase.",positive
REV-2287,CUST-100734,"Excellent quality office chair, exceeded my expectations. Will buy again!",positive
REV-2288,CUST-103816,"Love the desk lamp, exactly as described. Highly recommend to others.",positive
REV-2289,CUST-102617,The phone case arrived on time and packaging was perfect. Five stars.,positive
REV-2290,CUST-101023,Customer support never responded about my phone case refund request.,negative
REV-2291,CUST-101239,"Excellent quality backpack, exceeded my expectations. Will buy again!",positive
REV-2292,CUST-104579,The office chair arrived on time and packaging was perfect. Five stars.,positive
REV-2293,CUST-104343,Customer support never responded about my coffee maker refund request.,negative
REV-2294,CUST-101261,The blender arrived on time and packaging was perfect. Five stars.,positive
REV-2295,CUST-100766,"Would not recommend, the wireless earbuds did not match the description at all.",negative
REV-2296,CUST-102572,"The coffee maker broke after one week, very disappointed with the quality.",negative
REV-2297,CUST-103757,Delivery took way too long and the office chair arrived damaged.,negative
REV-2298,CUST-103740,Customer support never responded about my sneakers refund request.,negative
REV-2299,CUST-101564,"Would not recommend, the office chair did not match the description at all.",negative
REV-2300,CUST-104778,"Would not recommend, the coffee maker did not match the description at all.",negative
REV-2301,CUST-101015,"Excellent quality office chair, exceeded my expectations. Will buy again!",positive
REV-2302,CUST-103378,"Great customer support when my office chair had an issue, resolved quickly.",positive
REV-2303,CUST-105162,Delivery took way too long and the coffee maker arrived damaged.,negative
REV-2304,CUST-100567,"Love the wireless earbuds, exactly as described. Highly recommend to others.",positive
REV-2305,CUST-103124,Customer support never responded about my wireless earbuds refund request.,negative
REV-2306,CUST-104121,"Overpriced for what you get, the backpack feels cheap and flimsy.",negative
REV-2307,CUST-101691,"Overpriced for what you get, the sneakers feels cheap and flimsy.",negative
REV-2308,CUST-103647,"Great customer support when my sneakers had an issue, resolved quickly.",positive
REV-2309,CUST-104505,Delivery took way too long and the backpack arrived damaged.,negative
REV-2310,CUST-101009,Customer support never responded about my wireless earbuds refund request.,negative
REV-2311,CUST-104818,The desk lamp arrived on time and packaging was perfect. Five stars.,positive
REV-2312,CUST-101834,"Love the wireless earbuds, exactly as described. Highly recommend to others.",positive
REV-2313,CUST-102179,Delivery took way too long and the desk lamp arrived damaged.,negative
REV-2314,CUST-104615,"Fast delivery and the desk lamp works great, very happy with this purchase.",positive
REV-2315,CUST-101463,The desk lamp arrived on time and packaging was perfect. Five stars.,positive
REV-2316,CUST-103517,Delivery took way too long and the desk lamp arrived damaged.,negative
REV-2317,CUST-103244,"Excellent quality coffee maker, exceeded my expectations. Will buy again!",positive
REV-2318,CUST-102997,"Great customer support when my sneakers had an issue, resolved quickly.",positive
REV-2319,CUST-104344,Customer support never responded about my sneakers refund request.,negative
REV-2320,CUST-105949,The backpack arrived on time and packaging was perfect. Five stars.,positive
REV-2321,CUST-101233,Customer support never responded about my backpack refund request.,negative
REV-2322,CUST-100832,"The sneakers broke after one week, very disappointed with the quality.",negative
REV-2323,CUST-101659,The sneakers arrived on time and packaging was perfect. Five stars.,positive
REV-2324,CUST-102147,"The blender broke after one week, very disappointed with the quality.",negative
REV-2325,CUST-102824,"The office chair broke after one week, very disappointed with the quality.",negative
REV-2326,CUST-101310,"Would not recommend, the blender did not match the description at all.",negative
REV-2327,CUST-100292,"Overpriced for what you get, the coffee maker feels cheap and flimsy.",negative
REV-2328,CUST-103774,The wireless earbuds arrived on time and packaging was perfect. Five stars.,positive
REV-2329,CUST-102405,"Excellent quality desk lamp, exceeded my expectations. Will buy again!",positive
REV-2330,CUST-105231,The wireless earbuds arrived on time and packaging was perfect. Five stars.,positive
REV-2331,CUST-103973,"Fast delivery and the backpack works great, very happy with this purchase.",positive
REV-2332,CUST-102847,The wireless earbuds arrived on time and packaging was perfect. Five stars.,positive
REV-2333,CUST-103664,"Great customer support when my office chair had an issue, resolved quickly.",positive
REV-2334,CUST-101157,"Great customer support when my phone case had an issue, resolved quickly.",positive
REV-2335,CUST-103480,"Overpriced for what you get, the sneakers feels cheap and flimsy.",negative
REV-2336,CUST-104639,"The desk lamp broke after one week, very disappointed with the quality.",negative
REV-2337,CUST-102692,"Fast delivery and the desk lamp works great, very happy with this purchase.",positive
REV-2338,CUST-100430,"Excellent quality sneakers, exceeded my expectations. Will buy again!",positive
REV-2339,CUST-100381,Delivery took way too long and the coffee maker arrived damaged.,negative
REV-2340,CUST-104328,"Fast delivery and the backpack works great, very happy with this purchase.",positive
REV-2341,CUST-100975,The office chair arrived on time and packaging was perfect. Five stars.,positive
REV-2342,CUST-101197,"Fast delivery and the office chair works great, very happy with this purchase.",positive
REV-2343,CUST-101318,"Would not recommend, the coffee maker did not match the description at all.",negative
REV-2344,CUST-103396,The phone case arrived on time and packaging was perfect. Five stars.,positive
REV-2345,CUST-105568,Delivery took way too long and the blender arrived damaged.,negative
REV-2346,CUST-103220,"Overpriced for what you get, the wireless earbuds feels cheap and flimsy.",negative
REV-2347,CUST-100157,"Great customer support when my backpack had an issue, resolved quickly.",positive
REV-2348,CUST-101638,Delivery took way too long and the coffee maker arrived damaged.,negative
REV-2349,CUST-102998,"The backpack broke after one week, very disappointed with the quality.",negative
REV-2350,CUST-105678,"Overpriced for what you get, the phone case feels cheap and flimsy.",negative
REV-2351,CUST-104837,"Fast delivery and the blender works great, very happy with this purchase.",positive
REV-2352,CUST-101341,"Excellent quality backpack, exceeded my expectations. Will buy again!",positive
REV-2353,CUST-105892,"The blender broke after one week, very disappointed with the quality.",negative
REV-2354,CUST-105736,The sneakers arrived on time and packaging was perfect. Five stars.,positive
REV-2355,CUST-102837,The sneakers arrived on time and packaging was perfect. Five stars.,positive
REV-2356,CUST-100449,"Overpriced for what you get, the blender feels cheap and flimsy.",negative
REV-2357,CUST-104050,Customer support never responded about my office chair refund request.,negative
REV-2358,CUST-101527,"Great customer support when my sneakers had an issue, resolved quickly.",positive
REV-2359,CUST-102801,The wireless earbuds arrived on time and packaging was perfect. Five stars.,positive
REV-2360,CUST-102939,"Excellent quality wireless earbuds, exceeded my expectations. Will buy again!",positive
REV-2361,CUST-105608,"Overpriced for what you get, the sneakers feels cheap and flimsy.",negative
REV-2362,CUST-102766,"Would not recommend, the backpack did not match the description at all.",negative
REV-2363,CUST-103415,"Overpriced for what you get, the office chair feels cheap and flimsy.",negative
REV-2364,CUST-105473,"Great customer support when my sneakers had an issue, resolved quickly.",positive
REV-2365,CUST-101311,"Love the coffee maker, exactly as described. Highly recommend to others.",positive
REV-2366,CUST-102130,Customer support never responded about my blender refund request.,negative
REV-2367,CUST-101958,"Fast delivery and the blender works great, very happy with this purchase.",positive
REV-2368,CUST-104335,"Great customer support when my desk lamp had an issue, resolved quickly.",positive
REV-2369,CUST-105715,"Would not recommend, the backpack did not match the description at all.",negative
REV-2370,CUST-105828,"The sneakers broke after one week, very disappointed with the quality.",negative
REV-2371,CUST-105287,Customer support never responded about my desk lamp refund request.,negative
REV-2372,CUST-105581,"Fast delivery and the sneakers works great, very happy with this purchase.",positive
REV-2373,CUST-104749,"Would not recommend, the backpack did not match the description at all.",negative
REV-2374,CUST-103989,The sneakers arrived on time and packaging was perfect. Five stars.,positive
REV-2375,CUST-102094,"The sneakers broke after one week, very disappointed with the quality.",negative
REV-2376,CUST-102793,"Fast delivery and the coffee maker works great, very happy with this purchase.",positive
REV-2377,CUST-103067,Delivery took way too long and the desk lamp arrived damaged.,negative
REV-2378,CUST-104827,"Fast delivery and the office chair works great, very happy with this purchase.",positive
REV-2379,CUST-105981,"Fast delivery and the office chair works great, very happy with this purchase.",positive
REV-2380,CUST-101675,"Excellent quality desk lamp, exceeded my expectations. Will buy again!",positive
REV-2381,CUST-103716,"Great customer support when my blender had an issue, resolved quickly.",positive
REV-2382,CUST-101016,"Would not recommend, the sneakers did not match the description at all.",negative
REV-2383,CUST-101412,"Great customer support when my desk lamp had an issue, resolved quickly.",positive
REV-2384,CUST-102862,"Excellent quality sneakers, exceeded my expectations. Will buy again!",positive
REV-2385,CUST-103807,"Would not recommend, the backpack did not match the description at all.",negative
REV-2386,CUST-100934,The phone case arrived on time and packaging was perfect. Five stars.,positive
REV-2387,CUST-102889,"Overpriced for what you get, the phone case feels cheap and flimsy.",negative
REV-2388,CUST-103872,Delivery took way too long and the wireless earbuds arrived damaged.,negative
REV-2389,CUST-100026,"Great customer support when my wireless earbuds had an issue, resolved quickly.",positive
REV-2390,CUST-104344,"Excellent quality phone case, exceeded my expectations. Will buy again!",positive
REV-2391,CUST-102511,"Excellent quality coffee maker, exceeded my expectations. Will buy again!",positive
REV-2392,CUST-103901,"Great customer support when my sneakers had an issue, resolved quickly.",positive
REV-2393,CUST-104639,"Great customer support when my backpack had an issue, resolved quickly.",positive
REV-2394,CUST-104938,Delivery took way too long and the blender arrived damaged.,negative
REV-2395,CUST-103448,"The coffee maker broke after one week, very disappointed with the quality.",negative
REV-2396,CUST-101255,"Love the backpack, exactly as described. Highly recommend to others.",positive
REV-2397,CUST-105276,"The desk lamp broke after one week, very disappointed with the quality.",negative
REV-2398,CUST-100888,"Would not recommend, the wireless earbuds did not match the description at all.",negative
REV-2399,CUST-104646,"Great customer support when my backpack had an issue, resolved quickly.",positive
REV-2400,CUST-102344,"Excellent quality sneakers, exceeded my expectations. Will buy again!",positive
REV-2401,CUST-104484,"The coffee maker broke after one week, very disappointed with the quality.",negative
REV-2402,CUST-100050,"Love the phone case, exactly as described. Highly recommend to others.",positive
REV-2403,CUST-102058,Customer support never responded about my backpack refund request.,negative
REV-2404,CUST-102499,"Fast delivery and the blender works great, very happy with this purchase.",positive
REV-2405,CUST-103004,"Overpriced for what you get, the office chair feels cheap and flimsy.",negative
REV-2406,CUST-103995,"Great customer support when my coffee maker had an issue, resolved quickly.",positive
REV-2407,CUST-104681,The office chair arrived on time and packaging was perfect. Five stars.,positive
REV-2408,CUST-104615,"Great customer support when my sneakers had an issue, resolved quickly.",positive
REV-2409,CUST-104021,"Love the desk lamp, exactly as described. Highly recommend to others.",positive
REV-2410,CUST-100638,Delivery took way too long and the coffee maker arrived damaged.,negative
REV-2411,CUST-101624,"Excellent quality sneakers, exceeded my expectations. Will buy again!",positive
REV-2412,CUST-103775,"Would not recommend, the coffee maker did not match the description at all.",negative
REV-2413,CUST-104661,"Excellent quality phone case, exceeded my expectations. Will buy again!",positive
REV-2414,CUST-102445,"Overpriced for what you get, the wireless earbuds feels cheap and flimsy.",negative
REV-2415,CUST-104880,"Overpriced for what you get, the sneakers feels cheap and flimsy.",negative
REV-2416,CUST-101538,The wireless earbuds arrived on time and packaging was perfect. Five stars.,positive
REV-2417,CUST-104718,"Excellent quality coffee maker, exceeded my expectations. Will buy again!",positive
REV-2418,CUST-101411,"Love the office chair, exactly as described. Highly recommend to others.",positive
REV-2419,CUST-103061,Delivery took way too long and the wireless earbuds arrived damaged.,negative
REV-2420,CUST-104532,"Fast delivery and the phone case works great, very happy with this purchase.",positive
REV-2421,CUST-102705,"Excellent quality coffee maker, exceeded my expectations. Will buy again!",positive
REV-2422,CUST-102536,The sneakers arrived on time and packaging was perfect. Five stars.,positive
REV-2423,CUST-104240,"Great customer support when my blender had an issue, resolved quickly.",positive
REV-2424,CUST-100162,"Overpriced for what you get, the sneakers feels cheap and flimsy.",negative
REV-2425,CUST-105849,"Excellent quality backpack, exceeded my expectations. Will buy again!",positive
REV-2426,CUST-105365,"Excellent quality wireless earbuds, exceeded my expectations. Will buy again!",positive
REV-2427,CUST-100565,"Love the coffee maker, exactly as described. Highly recommend to others.",positive
REV-2428,CUST-100470,"The phone case broke after one week, very disappointed with the quality.",negative
REV-2429,CUST-102077,"Would not recommend, the coffee maker did not match the description at all.",negative
REV-2430,CUST-103292,"Fast delivery and the coffee maker works great, very happy with this purchase.",positive
REV-2431,CUST-103380,"Would not recommend, the phone case did not match the description at all.",negative
REV-2432,CUST-103789,Delivery took way too long and the desk lamp arrived damaged.,negative
REV-2433,CUST-103509,"Excellent quality blender, exceeded my expectations. Will buy again!",positive
REV-2434,CUST-104099,Customer support never responded about my blender refund request.,negative
REV-2435,CUST-101796,"Great customer support when my backpack had an issue, resolved quickly.",positive
REV-2436,CUST-104072,The office chair arrived on time and packaging was perfect. Five stars.,positive
REV-2437,CUST-105480,"Love the backpack, exactly as described. Highly recommend to others.",positive
REV-2438,CUST-104525,The office chair arrived on time and packaging was perfect. Five stars.,positive
REV-2439,CUST-103652,"The desk lamp broke after one week, very disappointed with the quality.",negative
REV-2440,CUST-100417,"Excellent quality office chair, exceeded my expectations. Will buy again!",positive
REV-2441,CUST-104887,"Love the office chair, exactly as described. Highly recommend to others.",positive
REV-2442,CUST-103982,"Would not recommend, the sneakers did not match the description at all.",negative
REV-2443,CUST-104609,"Fast delivery and the backpack works great, very happy with this purchase.",positive
REV-2444,CUST-102451,"Love the coffee maker, exactly as described. Highly recommend to others.",positive
REV-2445,CUST-100665,"Fast delivery and the blender works great, very happy with this purchase.",positive
REV-2446,CUST-102106,"Fast delivery and the wireless earbuds works great, very happy with this purchase.",positive
REV-2447,CUST-104223,"Fast delivery and the desk lamp works great, very happy with this purchase.",positive
REV-2448,CUST-102184,"Love the wireless earbuds, exactly as described. Highly recommend to others.",positive
REV-2449,CUST-103915,"Fast delivery and the office chair works great, very happy with this purchase.",positive
REV-2450,CUST-100733,Customer support never responded about my wireless earbuds refund request.,negative
REV-2451,CUST-100620,"Great customer support when my phone case had an issue, resolved quickly.",positive
REV-2452,CUST-103357,"Would not recommend, the blender did not match the description at all.",negative
REV-2453,CUST-102924,The sneakers arrived on time and packaging was perfect. Five stars.,positive
REV-2454,CUST-104151,Customer support never responded about my office chair refund request.,negative
REV-2455,CUST-102086,Customer support never responded about my phone case refund request.,negative
REV-2456,CUST-101263,"Love the wireless earbuds, exactly as described. Highly recommend to others.",positive
REV-2457,CUST-103906,"Great customer support when my coffee maker had an issue, resolved quickly.",positive
REV-2458,CUST-100872,The backpack arrived on time and packaging was perfect. Five stars.,positive
REV-2459,CUST-102560,"Excellent quality office chair, exceeded my expectations. Will buy again!",positive
REV-2460,CUST-100593,"Excellent quality wireless earbuds, exceeded my expectations. Will buy again!",positive
REV-2461,CUST-105150,"Love the wireless earbuds, exactly as described. Highly recommend to others.",positive
REV-2462,CUST-100718,The backpack arrived on time and packaging was perfect. Five stars.,positive
REV-2463,CUST-103566,Customer support never responded about my wireless earbuds refund request.,negative
REV-2464,CUST-100074,"The wireless earbuds broke after one week, very disappointed with the quality.",negative
REV-2465,CUST-102433,"Overpriced for what you get, the desk lamp feels cheap and flimsy.",negative
REV-2466,CUST-103443,"Overpriced for what you get, the sneakers feels cheap and flimsy.",negative
REV-2467,CUST-105287,"The blender broke after one week, very disappointed with the quality.",negative
REV-2468,CUST-105650,"Great customer support when my blender had an issue, resolved quickly.",positive
REV-2469,CUST-100754,"Fast delivery and the blender works great, very happy with this purchase.",positive
REV-2470,CUST-103057,"Overpriced for what you get, the office chair feels cheap and flimsy.",negative
REV-2471,CUST-105164,"Excellent quality phone case, exceeded my expectations. Will buy again!",positive
REV-2472,CUST-100947,"Love the coffee maker, exactly as described. Highly recommend to others.",positive
REV-2473,CUST-105759,"Overpriced for what you get, the office chair feels cheap and flimsy.",negative
REV-2474,CUST-103016,The coffee maker arrived on time and packaging was perfect. Five stars.,positive
REV-2475,CUST-105534,Customer support never responded about my desk lamp refund request.,negative
REV-2476,CUST-102382,The backpack arrived on time and packaging was perfect. Five stars.,positive
REV-2477,CUST-105381,"Fast delivery and the wireless earbuds works great, very happy with this purchase.",positive
REV-2478,CUST-105036,"The desk lamp broke after one week, very disappointed with the quality.",negative
REV-2479,CUST-102948,The backpack arrived on time and packaging was perfect. Five stars.,positive
REV-2480,CUST-101815,"Excellent quality office chair, exceeded my expectations. Will buy again!",positive
REV-2481,CUST-103585,Delivery took way too long and the backpack arrived damaged.,negative
REV-2482,CUST-105175,"The phone case broke after one week, very disappointed with the quality.",negative
REV-2483,CUST-101818,The desk lamp arrived on time and packaging was perfect. Five stars.,positive
REV-2484,CUST-102350,"Excellent quality coffee maker, exceeded my expectations. Will buy again!",positive
REV-2485,CUST-105734,"Great customer support when my blender had an issue, resolved quickly.",positive
REV-2486,CUST-101341,"Overpriced for what you get, the backpack feels cheap and flimsy.",negative
REV-2487,CUST-101661,"Overpriced for what you get, the phone case feels cheap and flimsy.",negative
REV-2488,CUST-103866,"Fast delivery and the coffee maker works great, very happy with this purchase.",positive
REV-2489,CUST-104555,"Love the desk lamp, exactly as described. Highly recommend to others.",positive
REV-2490,CUST-105165,Customer support never responded about my office chair refund request.,negative
REV-2491,CUST-100762,The backpack arrived on time and packaging was perfect. Five stars.,positive
REV-2492,CUST-104757,"Great customer support when my wireless earbuds had an issue, resolved quickly.",positive
REV-2493,CUST-101634,"Love the blender, exactly as described. Highly recommend to others.",positive
REV-2494,CUST-102341,"Excellent quality phone case, exceeded my expectations. Will buy again!",positive
REV-2495,CUST-105456,Delivery took way too long and the office chair arrived damaged.,negative
REV-2496,CUST-100471,Customer support never responded about my office chair refund request.,negative
REV-2497,CUST-102778,"Love the blender, exactly as described. Highly recommend to others.",positive
REV-2498,CUST-104374,"Fast delivery and the desk lamp works great, very happy with this purchase.",positive
REV-2499,CUST-103790,"Excellent quality blender, exceeded my expectations. Will buy again!",positive
REV-2500,CUST-104215,The sneakers arrived on time and packaging was perfect. Five stars.,positive
REV-2501,CUST-104035,"Excellent quality wireless earbuds, exceeded my expectations. Will buy again!",positive
REV-2502,CUST-101405,Customer support never responded about my wireless earbuds refund request.,negative
REV-2503,CUST-100880,"Fast delivery and the wireless earbuds works great, very happy with this purchase.",positive
REV-2504,CUST-104666,"The office chair broke after one week, very disappointed with the quality.",negative
REV-2505,CUST-103136,Delivery took way too long and the blender arrived damaged.,negative
REV-2506,CUST-104535,"Fast delivery and the desk lamp works great, very happy with this purchase.",positive
REV-2507,CUST-102666,The backpack arrived on time and packaging was perfect. Five stars.,positive
REV-2508,CUST-104351,"Great customer support when my coffee maker had an issue, resolved quickly.",positive
REV-2509,CUST-103621,Delivery took way too long and the backpack arrived damaged.,negative
REV-2510,CUST-103758,"Great customer support when my office chair had an issue, resolved quickly.",positive
REV-2511,CUST-101357,The coffee maker arrived on time and packaging was perfect. Five stars.,positive
REV-2512,CUST-100645,Customer support never responded about my wireless earbuds refund request.,negative
REV-2513,CUST-103899,"Would not recommend, the backpack did not match the description at all.",negative
REV-2514,CUST-103536,"Great customer support when my phone case had an issue, resolved quickly.",positive
REV-2515,CUST-102644,"Would not recommend, the coffee maker did not match the description at all.",negative
REV-2516,CUST-102568,"Great customer support when my wireless earbuds had an issue, resolved quickly.",positive
REV-2517,CUST-105303,"The coffee maker broke after one week, very disappointed with the quality.",negative
REV-2518,CUST-103582,Delivery took way too long and the phone case arrived damaged.,negative
REV-2519,CUST-102181,"The coffee maker broke after one week, very disappointed with the quality.",negative
REV-2520,CUST-104566,Customer support never responded about my backpack refund request.,negative
REV-2521,CUST-103104,"Would not recommend, the wireless earbuds did not match the description at all.",negative
REV-2522,CUST-103388,"Great customer support when my sneakers had an issue, resolved quickly.",positive
REV-2523,CUST-105993,"Overpriced for what you get, the office chair feels cheap and flimsy.",negative
REV-2524,CUST-101825,"Great customer support when my sneakers had an issue, resolved quickly.",positive
REV-2525,CUST-103297,"Would not recommend, the sneakers did not match the description at all.",negative
REV-2526,CUST-102333,The sneakers arrived on time and packaging was perfect. Five stars.,positive
REV-2527,CUST-101208,"The phone case broke after one week, very disappointed with the quality.",negative
REV-2528,CUST-105576,"Love the office chair, exactly as described. Highly recommend to others.",positive
REV-2529,CUST-101581,"Excellent quality desk lamp, exceeded my expectations. Will buy again!",positive
REV-2530,CUST-103126,"Great customer support when my phone case had an issue, resolved quickly.",positive
REV-2531,CUST-102190,"Excellent quality desk lamp, exceeded my expectations. Will buy again!",positive
REV-2532,CUST-102530,"Would not recommend, the desk lamp did not match the description at all.",negative
REV-2533,CUST-100629,"Fast delivery and the backpack works great, very happy with this purchase.",positive
REV-2534,CUST-100515,"Excellent quality sneakers, exceeded my expectations. Will buy again!",positive
REV-2535,CUST-100499,The sneakers arrived on time and packaging was perfect. Five stars.,positive
REV-2536,CUST-103032,"Overpriced for what you get, the desk lamp feels cheap and flimsy.",negative
REV-2537,CUST-104244,"The phone case broke after one week, very disappointed with the quality.",negative
REV-2538,CUST-102167,"Fast delivery and the sneakers works great, very happy with this purchase.",positive
REV-2539,CUST-100446,Delivery took way too long and the office chair arrived damaged.,negative
REV-2540,CUST-103052,"Fast delivery and the desk lamp works great, very happy with this purchase.",positive
REV-2541,CUST-105262,Customer support never responded about my sneakers refund request.,negative
REV-2542,CUST-104186,"Love the sneakers, exactly as described. Highly recommend to others.",positive
REV-2543,CUST-105324,"Love the wireless earbuds, exactly as described. Highly recommend to others.",positive
REV-2544,CUST-101901,"Great customer support when my wireless earbuds had an issue, resolved quickly.",positive
REV-2545,CUST-105839,The backpack arrived on time and packaging was perfect. Five stars.,positive
REV-2546,CUST-101793,"Would not recommend, the desk lamp did not match the description at all.",negative
REV-2547,CUST-100385,"Great customer support when my desk lamp had an issue, resolved quickly.",positive
REV-2548,CUST-102714,The phone case arrived on time and packaging was perfect. Five stars.,positive
REV-2549,CUST-100679,The desk lamp arrived on time and packaging was perfect. Five stars.,positive
REV-2550,CUST-103033,"Love the phone case, exactly as described. Highly recommend to others.",positive
REV-2551,CUST-101125,"Fast delivery and the sneakers works great, very happy with this purchase.",positive
REV-2552,CUST-102603,"Overpriced for what you get, the blender feels cheap and flimsy.",negative
REV-2553,CUST-102654,"The desk lamp broke after one week, very disappointed with the quality.",negative
REV-2554,CUST-103965,Delivery took way too long and the phone case arrived damaged.,negative
REV-2555,CUST-102499,"Overpriced for what you get, the phone case feels cheap and flimsy.",negative
REV-2556,CUST-100858,The office chair arrived on time and packaging was perfect. Five stars.,positive
REV-2557,CUST-104405,"The blender broke after one week, very disappointed with the quality.",negative
REV-2558,CUST-105508,"The desk lamp broke after one week, very disappointed with the quality.",negative
REV-2559,CUST-100648,"Fast delivery and the wireless earbuds works great, very happy with this purchase.",positive
REV-2560,CUST-102857,"Great customer support when my sneakers had an issue, resolved quickly.",positive
REV-2561,CUST-105117,"Great customer support when my desk lamp had an issue, resolved quickly.",positive
REV-2562,CUST-100640,"Love the desk lamp, exactly as described. Highly recommend to others.",positive
REV-2563,CUST-105020,"Excellent quality coffee maker, exceeded my expectations. Will buy again!",positive
REV-2564,CUST-105401,"Overpriced for what you get, the blender feels cheap and flimsy.",negative
REV-2565,CUST-100072,"Fast delivery and the desk lamp works great, very happy with this purchase.",positive
REV-2566,CUST-102400,Customer support never responded about my office chair refund request.,negative
REV-2567,CUST-102261,The desk lamp arrived on time and packaging was perfect. Five stars.,positive
REV-2568,CUST-104820,"The phone case broke after one week, very disappointed with the quality.",negative
REV-2569,CUST-103704,"Would not recommend, the backpack did not match the description at all.",negative
REV-2570,CUST-100807,Customer support never responded about my wireless earbuds refund request.,negative
REV-2571,CUST-101189,"Love the sneakers, exactly as described. Highly recommend to others.",positive
REV-2572,CUST-103639,"Great customer support when my coffee maker had an issue, resolved quickly.",positive
REV-2573,CUST-105207,"Fast delivery and the sneakers works great, very happy with this purchase.",positive
REV-2574,CUST-102682,"Great customer support when my backpack had an issue, resolved quickly.",positive
REV-2575,CUST-102813,Delivery took way too long and the sneakers arrived damaged.,negative
REV-2576,CUST-102642,"Excellent quality wireless earbuds, exceeded my expectations. Will buy again!",positive
REV-2577,CUST-105830,"Would not recommend, the phone case did not match the description at all.",negative
REV-2578,CUST-103500,Delivery took way too long and the backpack arrived damaged.,negative
REV-2579,CUST-105547,"Would not recommend, the sneakers did not match the description at all.",negative
REV-2580,CUST-104879,"The sneakers broke after one week, very disappointed with the quality.",negative
REV-2581,CUST-100175,"Fast delivery and the wireless earbuds works great, very happy with this purchase.",positive
REV-2582,CUST-102773,The coffee maker arrived on time and packaging was perfect. Five stars.,positive
REV-2583,CUST-102171,"Love the desk lamp, exactly as described. Highly recommend to others.",positive
REV-2584,CUST-101383,"The office chair broke after one week, very disappointed with the quality.",negative
REV-2585,CUST-104032,"The sneakers broke after one week, very disappointed with the quality.",negative
REV-2586,CUST-100610,"Love the office chair, exactly as described. Highly recommend to others.",positive
REV-2587,CUST-104951,"Overpriced for what you get, the backpack feels cheap and flimsy.",negative
REV-2588,CUST-101801,"Love the backpack, exactly as described. Highly recommend to others.",positive
REV-2589,CUST-105700,The wireless earbuds arrived on time and packaging was perfect. Five stars.,positive
REV-2590,CUST-102921,"Overpriced for what you get, the wireless earbuds feels cheap and flimsy.",negative
REV-2591,CUST-101209,Delivery took way too long and the coffee maker arrived damaged.,negative
REV-2592,CUST-100546,"The backpack broke after one week, very disappointed with the quality.",negative
REV-2593,CUST-103546,Delivery took way too long and the blender arrived damaged.,negative
REV-2594,CUST-102105,The desk lamp arrived on time and packaging was perfect. Five stars.,positive
REV-2595,CUST-100636,The backpack arrived on time and packaging was perfect. Five stars.,positive
REV-2596,CUST-102521,"Excellent quality blender, exceeded my expectations. Will buy again!",positive
REV-2597,CUST-100085,Customer support never responded about my backpack refund request.,negative
REV-2598,CUST-105527,"Would not recommend, the phone case did not match the description at all.",negative
REV-2599,CUST-104855,"Great customer support when my sneakers had an issue, resolved quickly.",positive
REV-2600,CUST-102422,"Excellent quality blender, exceeded my expectations. Will buy again!",positive
REV-2601,CUST-104825,"Great customer support when my blender had an issue, resolved quickly.",positive
REV-2602,CUST-100559,"Love the blender, exactly as described. Highly recommend to others.",positive
REV-2603,CUST-104619,"Love the backpack, exactly as described. Highly recommend to others.",positive
REV-2604,CUST-102506,The backpack arrived on time and packaging was perfect. Five stars.,positive
REV-2605,CUST-104917,The blender arrived on time and packaging was perfect. Five stars.,positive
REV-2606,CUST-104243,Customer support never responded about my coffee maker refund request.,negative
REV-2607,CUST-104564,"Love the office chair, exactly as described. Highly recommend to others.",positive
REV-2608,CUST-102830,Customer support never responded about my wireless earbuds refund request.,negative
REV-2609,CUST-105451,Delivery took way too long and the sneakers arrived damaged.,negative
REV-2610,CUST-104448,"Excellent quality sneakers, exceeded my expectations. Will buy again!",positive
REV-2611,CUST-100682,Delivery took way too long and the phone case arrived damaged.,negative
REV-2612,CUST-105463,"Great customer support when my phone case had an issue, resolved quickly.",positive
REV-2613,CUST-104002,Delivery took way too long and the phone case arrived damaged.,negative
REV-2614,CUST-105118,"Fast delivery and the desk lamp works great, very happy with this purchase.",positive
REV-2615,CUST-104498,"Would not recommend, the coffee maker did not match the description at all.",negative
REV-2616,CUST-101681,"Love the desk lamp, exactly as described. Highly recommend to others.",positive
REV-2617,CUST-100432,"Excellent quality phone case, exceeded my expectations. Will buy again!",positive
REV-2618,CUST-101145,"Excellent quality office chair, exceeded my expectations. Will buy again!",positive
REV-2619,CUST-103455,Customer support never responded about my coffee maker refund request.,negative
REV-2620,CUST-102193,"Excellent quality office chair, exceeded my expectations. Will buy again!",positive
REV-2621,CUST-104507,The blender arrived on time and packaging was perfect. Five stars.,positive
REV-2622,CUST-103028,"Would not recommend, the desk lamp did not match the description at all.",negative
REV-2623,CUST-100676,Delivery took way too long and the office chair arrived damaged.,negative
REV-2624,CUST-105024,"Would not recommend, the backpack did not match the description at all.",negative
REV-2625,CUST-100012,"Fast delivery and the coffee maker works great, very happy with this purchase.",positive
REV-2626,CUST-105699,"Would not recommend, the sneakers did not match the description at all.",negative
REV-2627,CUST-100614,Delivery took way too long and the office chair arrived damaged.,negative
REV-2628,CUST-103262,"Fast delivery and the wireless earbuds works great, very happy with this purchase.",positive
REV-2629,CUST-103974,"Would not recommend, the backpack did not match the description at all.",negative
REV-2630,CUST-101927,"Excellent quality blender, exceeded my expectations. Will buy again!",positive
REV-2631,CUST-102392,"Excellent quality sneakers, exceeded my expectations. Will buy again!",positive
REV-2632,CUST-102137,"Love the wireless earbuds, exactly as described. Highly recommend to others.",positive
REV-2633,CUST-105997,"Love the backpack, exactly as described. Highly recommend to others.",positive
REV-2634,CUST-100299,"Excellent quality backpack, exceeded my expectations. Will buy again!",positive
REV-2635,CUST-105996,"Overpriced for what you get, the phone case feels cheap and flimsy.",negative
REV-2636,CUST-103386,"Would not recommend, the backpack did not match the description at all.",negative
REV-2637,CUST-100747,"Excellent quality phone case, exceeded my expectations. Will buy again!",positive
REV-2638,CUST-104849,The phone case arrived on time and packaging was perfect. Five stars.,positive
REV-2639,CUST-102962,"Excellent quality backpack, exceeded my expectations. Will buy again!",positive
REV-2640,CUST-104401,"Love the coffee maker, exactly as described. Highly recommend to others.",positive
REV-2641,CUST-102267,Delivery took way too long and the wireless earbuds arrived damaged.,negative
REV-2642,CUST-101589,The sneakers arrived on time and packaging was perfect. Five stars.,positive
REV-2643,CUST-104224,"Overpriced for what you get, the coffee maker feels cheap and flimsy.",negative
REV-2644,CUST-101383,"Overpriced for what you get, the phone case feels cheap and flimsy.",negative
REV-2645,CUST-102750,"The backpack broke after one week, very disappointed with the quality.",negative
REV-2646,CUST-104325,"Excellent quality sneakers, exceeded my expectations. Will buy again!",positive
REV-2647,CUST-104371,"Fast delivery and the sneakers works great, very happy with this purchase.",positive
REV-2648,CUST-101162,"Excellent quality coffee maker, exceeded my expectations. Will buy again!",positive
REV-2649,CUST-105938,"Love the office chair, exactly as described. Highly recommend to others.",positive
REV-2650,CUST-105102,"Fast delivery and the sneakers works great, very happy with this purchase.",positive
REV-2651,CUST-104880,"Fast delivery and the coffee maker works great, very happy with this purchase.",positive
REV-2652,CUST-101008,"The phone case broke after one week, very disappointed with the quality.",negative
REV-2653,CUST-102481,"Overpriced for what you get, the phone case feels cheap and flimsy.",negative
REV-2654,CUST-100765,"Fast delivery and the office chair works great, very happy with this purchase.",positive
REV-2655,CUST-103924,"Fast delivery and the coffee maker works great, very happy with this purchase.",positive
REV-2656,CUST-100497,Customer support never responded about my sneakers refund request.,negative
REV-2657,CUST-105842,"Great customer support when my wireless earbuds had an issue, resolved quickly.",positive
REV-2658,CUST-102837,"Love the desk lamp, exactly as described. Highly recommend to others.",positive
REV-2659,CUST-100075,The coffee maker arrived on time and packaging was perfect. Five stars.,positive
REV-2660,CUST-105519,"The coffee maker broke after one week, very disappointed with the quality.",negative
REV-2661,CUST-100256,The desk lamp arrived on time and packaging was perfect. Five stars.,positive
REV-2662,CUST-101052,The blender arrived on time and packaging was perfect. Five stars.,positive
REV-2663,CUST-104688,"Overpriced for what you get, the coffee maker feels cheap and flimsy.",negative
REV-2664,CUST-103198,"Love the desk lamp, exactly as described. Highly recommend to others.",positive
REV-2665,CUST-100882,"Would not recommend, the office chair did not match the description at all.",negative
REV-2666,CUST-103270,"Would not recommend, the wireless earbuds did not match the description at all.",negative
REV-2667,CUST-100359,"The phone case broke after one week, very disappointed with the quality.",negative
REV-2668,CUST-100977,"Fast delivery and the desk lamp works great, very happy with this purchase.",positive
REV-2669,CUST-101720,"Love the blender, exactly as described. Highly recommend to others.",positive
REV-2670,CUST-101825,"Love the sneakers, exactly as described. Highly recommend to others.",positive
REV-2671,CUST-101129,"Would not recommend, the backpack did not match the description at all.",negative
REV-2672,CUST-101020,"The blender broke after one week, very disappointed with the quality.",negative
REV-2673,CUST-100805,Delivery took way too long and the desk lamp arrived damaged.,negative
REV-2674,CUST-101363,"The wireless earbuds broke after one week, very disappointed with the quality.",negative
REV-2675,CUST-104923,The phone case arrived on time and packaging was perfect. Five stars.,positive
REV-2676,CUST-101534,"Excellent quality coffee maker, exceeded my expectations. Will buy again!",positive
REV-2677,CUST-105555,Delivery took way too long and the office chair arrived damaged.,negative
REV-2678,CUST-103316,Customer support never responded about my wireless earbuds refund request.,negative
REV-2679,CUST-101693,"Love the sneakers, exactly as described. Highly recommend to others.",positive
REV-2680,CUST-102383,"Fast delivery and the desk lamp works great, very happy with this purchase.",positive
REV-2681,CUST-100426,"Would not recommend, the sneakers did not match the description at all.",negative
REV-2682,CUST-103019,The blender arrived on time and packaging was perfect. Five stars.,positive
REV-2683,CUST-100969,"Love the coffee maker, exactly as described. Highly recommend to others.",positive
REV-2684,CUST-102922,"The sneakers broke after one week, very disappointed with the quality.",negative
REV-2685,CUST-100546,"Great customer support when my desk lamp had an issue, resolved quickly.",positive
REV-2686,CUST-100359,"The desk lamp broke after one week, very disappointed with the quality.",negative
REV-2687,CUST-103346,"Love the sneakers, exactly as described. Highly recommend to others.",positive
REV-2688,CUST-100400,"Love the coffee maker, exactly as described. Highly recommend to others.",positive
REV-2689,CUST-102467,Customer support never responded about my coffee maker refund request.,negative
REV-2690,CUST-101765,"Love the phone case, exactly as described. Highly recommend to others.",positive
REV-2691,CUST-102292,"The desk lamp broke after one week, very disappointed with the quality.",negative
REV-2692,CUST-103519,The sneakers arrived on time and packaging was perfect. Five stars.,positive
REV-2693,CUST-102633,Delivery took way too long and the blender arrived damaged.,negative
REV-2694,CUST-101406,Delivery took way too long and the desk lamp arrived damaged.,negative
REV-2695,CUST-101389,"Fast delivery and the coffee maker works great, very happy with this purchase.",positive
REV-2696,CUST-104327,"Great customer support when my office chair had an issue, resolved quickly.",positive
REV-2697,CUST-101425,"Great customer support when my phone case had an issue, resolved quickly.",positive
REV-2698,CUST-105097,Customer support never responded about my sneakers refund request.,negative
REV-2699,CUST-104678,"Excellent quality phone case, exceeded my expectations. Will buy again!",positive
REV-2700,CUST-100313,"Would not recommend, the sneakers did not match the description at all.",negative
REV-2701,CUST-101104,"The coffee maker broke after one week, very disappointed with the quality.",negative
REV-2702,CUST-105652,"Love the coffee maker, exactly as described. Highly recommend to others.",positive
REV-2703,CUST-105846,"Great customer support when my blender had an issue, resolved quickly.",positive
REV-2704,CUST-102684,"Would not recommend, the coffee maker did not match the description at all.",negative
REV-2705,CUST-101382,Delivery took way too long and the sneakers arrived damaged.,negative
REV-2706,CUST-103513,"Fast delivery and the desk lamp works great, very happy with this purchase.",positive
REV-2707,CUST-104011,"Fast delivery and the coffee maker works great, very happy with this purchase.",positive
REV-2708,CUST-105501,"Excellent quality coffee maker, exceeded my expectations. Will buy again!",positive
REV-2709,CUST-103948,Customer support never responded about my backpack refund request.,negative
REV-2710,CUST-102284,"Love the wireless earbuds, exactly as described. Highly recommend to others.",positive
REV-2711,CUST-102185,Customer support never responded about my blender refund request.,negative
REV-2712,CUST-105609,Customer support never responded about my blender refund request.,negative
REV-2713,CUST-105488,"Love the desk lamp, exactly as described. Highly recommend to others.",positive
REV-2714,CUST-100028,Delivery took way too long and the coffee maker arrived damaged.,negative
REV-2715,CUST-104117,"Fast delivery and the phone case works great, very happy with this purchase.",positive
REV-2716,CUST-104881,Customer support never responded about my blender refund request.,negative
REV-2717,CUST-104158,"Fast delivery and the phone case works great, very happy with this purchase.",positive
REV-2718,CUST-103469,"Would not recommend, the phone case did not match the description at all.",negative
REV-2719,CUST-102378,"Excellent quality phone case, exceeded my expectations. Will buy again!",positive
REV-2720,CUST-103886,Customer support never responded about my phone case refund request.,negative
REV-2721,CUST-105467,"Great customer support when my sneakers had an issue, resolved quickly.",positive
REV-2722,CUST-101395,"Fast delivery and the blender works great, very happy with this purchase.",positive
REV-2723,CUST-102868,The office chair arrived on time and packaging was perfect. Five stars.,positive
REV-2724,CUST-100344,"Excellent quality phone case, exceeded my expectations. Will buy again!",positive
REV-2725,CUST-103109,"Great customer support when my office chair had an issue, resolved quickly.",positive
REV-2726,CUST-104446,"Great customer support when my backpack had an issue, resolved quickly.",positive
REV-2727,CUST-105138,"Love the wireless earbuds, exactly as described. Highly recommend to others.",positive
REV-2728,CUST-104478,"Excellent quality sneakers, exceeded my expectations. Will buy again!",positive
REV-2729,CUST-102124,"Fast delivery and the office chair works great, very happy with this purchase.",positive
REV-2730,CUST-102253,The wireless earbuds arrived on time and packaging was perfect. Five stars.,positive
REV-2731,CUST-105498,"Great customer support when my blender had an issue, resolved quickly.",positive
REV-2732,CUST-105633,"Love the blender, exactly as described. Highly recommend to others.",positive
REV-2733,CUST-103583,Customer support never responded about my sneakers refund request.,negative
REV-2734,CUST-101713,"Would not recommend, the office chair did not match the description at all.",negative
REV-2735,CUST-104690,"Excellent quality desk lamp, exceeded my expectations. Will buy again!",positive
REV-2736,CUST-100812,"Excellent quality wireless earbuds, exceeded my expectations. Will buy again!",positive
REV-2737,CUST-104957,"Would not recommend, the office chair did not match the description at all.",negative
REV-2738,CUST-102575,"Love the office chair, exactly as described. Highly recommend to others.",positive
REV-2739,CUST-104784,"Excellent quality backpack, exceeded my expectations. Will buy again!",positive
REV-2740,CUST-100919,"Excellent quality backpack, exceeded my expectations. Will buy again!",positive
REV-2741,CUST-101112,"Great customer support when my wireless earbuds had an issue, resolved quickly.",positive
REV-2742,CUST-102139,"Great customer support when my phone case had an issue, resolved quickly.",positive
REV-2743,CUST-101284,"Love the wireless earbuds, exactly as described. Highly recommend to others.",positive
REV-2744,CUST-103328,"Overpriced for what you get, the desk lamp feels cheap and flimsy.",negative
REV-2745,CUST-103077,"Fast delivery and the sneakers works great, very happy with this purchase.",positive
REV-2746,CUST-103926,"Excellent quality office chair, exceeded my expectations. Will buy again!",positive
REV-2747,CUST-100890,Delivery took way too long and the wireless earbuds arrived damaged.,negative
REV-2748,CUST-102116,Delivery took way too long and the backpack arrived damaged.,negative
REV-2749,CUST-105043,Customer support never responded about my office chair refund request.,negative
REV-2750,CUST-101666,"Fast delivery and the backpack works great, very happy with this purchase.",positive
REV-2751,CUST-101217,"Fast delivery and the coffee maker works great, very happy with this purchase.",positive
REV-2752,CUST-104651,"Would not recommend, the office chair did not match the description at all.",negative
REV-2753,CUST-104021,"Love the backpack, exactly as described. Highly recommend to others.",positive
REV-2754,CUST-100107,"The blender broke after one week, very disappointed with the quality.",negative
REV-2755,CUST-102201,"Love the desk lamp, exactly as described. Highly recommend to others.",positive
REV-2756,CUST-101495,"Overpriced for what you get, the phone case feels cheap and flimsy.",negative
REV-2757,CUST-103805,"Excellent quality phone case, exceeded my expectations. Will buy again!",positive
REV-2758,CUST-105223,"Great customer support when my wireless earbuds had an issue, resolved quickly.",positive
REV-2759,CUST-103159,Customer support never responded about my backpack refund request.,negative
REV-2760,CUST-104174,"Fast delivery and the backpack works great, very happy with this purchase.",positive
REV-2761,CUST-102440,"Great customer support when my sneakers had an issue, resolved quickly.",positive
REV-2762,CUST-105362,Customer support never responded about my blender refund request.,negative
REV-2763,CUST-100445,"Fast delivery and the sneakers works great, very happy with this purchase.",positive
REV-2764,CUST-103190,Customer support never responded about my coffee maker refund request.,negative
REV-2765,CUST-105905,"Would not recommend, the coffee maker did not match the description at all.",negative
REV-2766,CUST-104640,"Excellent quality coffee maker, exceeded my expectations. Will buy again!",positive
REV-2767,CUST-100237,"Overpriced for what you get, the office chair feels cheap and flimsy.",negative
REV-2768,CUST-105383,"Love the coffee maker, exactly as described. Highly recommend to others.",positive
REV-2769,CUST-100955,"The desk lamp broke after one week, very disappointed with the quality.",negative
REV-2770,CUST-105584,"Fast delivery and the blender works great, very happy with this purchase.",positive
REV-2771,CUST-103086,"Excellent quality blender, exceeded my expectations. Will buy again!",positive
REV-2772,CUST-102836,"Overpriced for what you get, the sneakers feels cheap and flimsy.",negative
REV-2773,CUST-100099,Customer support never responded about my blender refund request.,negative
REV-2774,CUST-100804,"Overpriced for what you get, the sneakers feels cheap and flimsy.",negative
REV-2775,CUST-100972,"Love the blender, exactly as described. Highly recommend to others.",positive
REV-2776,CUST-105180,Customer support never responded about my wireless earbuds refund request.,negative
REV-2777,CUST-104291,Customer support never responded about my desk lamp refund request.,negative
REV-2778,CUST-104770,"Love the wireless earbuds, exactly as described. Highly recommend to others.",positive
REV-2779,CUST-100547,Delivery took way too long and the wireless earbuds arrived damaged.,negative
REV-2780,CUST-102971,"Fast delivery and the phone case works great, very happy with this purchase.",positive
REV-2781,CUST-101110,"The blender broke after one week, very disappointed with the quality.",negative
REV-2782,CUST-100844,"Excellent quality backpack, exceeded my expectations. Will buy again!",positive
REV-2783,CUST-105582,"Great customer support when my coffee maker had an issue, resolved quickly.",positive
REV-2784,CUST-105112,"Would not recommend, the sneakers did not match the description at all.",negative
REV-2785,CUST-105509,"Fast delivery and the desk lamp works great, very happy with this purchase.",positive
REV-2786,CUST-102379,"Great customer support when my desk lamp had an issue, resolved quickly.",positive
REV-2787,CUST-101926,"Would not recommend, the phone case did not match the description at all.",negative
REV-2788,CUST-101018,"Great customer support when my desk lamp had an issue, resolved quickly.",positive
REV-2789,CUST-102250,"Love the coffee maker, exactly as described. Highly recommend to others.",positive
REV-2790,CUST-104921,The desk lamp arrived on time and packaging was perfect. Five stars.,positive
REV-2791,CUST-105280,Customer support never responded about my backpack refund request.,negative
REV-2792,CUST-101290,Customer support never responded about my office chair refund request.,negative
REV-2793,CUST-100546,"Love the blender, exactly as described. Highly recommend to others.",positive
REV-2794,CUST-100528,"Overpriced for what you get, the backpack feels cheap and flimsy.",negative
REV-2795,CUST-100592,Customer support never responded about my phone case refund request.,negative
REV-2796,CUST-100871,The office chair arrived on time and packaging was perfect. Five stars.,positive
REV-2797,CUST-105773,"Excellent quality office chair, exceeded my expectations. Will buy again!",positive
REV-2798,CUST-101765,"Love the sneakers, exactly as described. Highly recommend to others.",positive
REV-2799,CUST-100947,"Great customer support when my coffee maker had an issue, resolved quickly.",positive
REV-2800,CUST-105869,"Love the coffee maker, exactly as described. Highly recommend to others.",positive
REV-2801,CUST-101269,"Fast delivery and the office chair works great, very happy with this purchase.",positive
REV-2802,CUST-100502,"Overpriced for what you get, the backpack feels cheap and flimsy.",negative
REV-2803,CUST-100676,"Would not recommend, the backpack did not match the description at all.",negative
REV-2804,CUST-102734,"Would not recommend, the office chair did not match the description at all.",negative
REV-2805,CUST-104785,"Would not recommend, the wireless earbuds did not match the description at all.",negative
REV-2806,CUST-100966,"Excellent quality wireless earbuds, exceeded my expectations. Will buy again!",positive
REV-2807,CUST-102800,"The office chair broke after one week, very disappointed with the quality.",negative
REV-2808,CUST-103468,Customer support never responded about my desk lamp refund request.,negative
REV-2809,CUST-102508,"Fast delivery and the wireless earbuds works great, very happy with this purchase.",positive
REV-2810,CUST-101850,"Overpriced for what you get, the blender feels cheap and flimsy.",negative
REV-2811,CUST-105167,"Fast delivery and the wireless earbuds works great, very happy with this purchase.",positive
REV-2812,CUST-102281,"Love the coffee maker, exactly as described. Highly recommend to others.",positive
REV-2813,CUST-105837,"Fast delivery and the wireless earbuds works great, very happy with this purchase.",positive
REV-2814,CUST-101289,"Overpriced for what you get, the sneakers feels cheap and flimsy.",negative
REV-2815,CUST-103486,"Overpriced for what you get, the desk lamp feels cheap and flimsy.",negative
REV-2816,CUST-100778,"Excellent quality coffee maker, exceeded my expectations. Will buy again!",positive
REV-2817,CUST-102182,The coffee maker arrived on time and packaging was perfect. Five stars.,positive
REV-2818,CUST-102449,Customer support never responded about my sneakers refund request.,negative
REV-2819,CUST-100501,Delivery took way too long and the sneakers arrived damaged.,negative
REV-2820,CUST-105839,The coffee maker arrived on time and packaging was perfect. Five stars.,positive
REV-2821,CUST-100500,"Great customer support when my wireless earbuds had an issue, resolved quickly.",positive
REV-2822,CUST-100185,"The phone case broke after one week, very disappointed with the quality.",negative
REV-2823,CUST-101051,"Fast delivery and the backpack works great, very happy with this purchase.",positive
REV-2824,CUST-100051,"Love the backpack, exactly as described. Highly recommend to others.",positive
REV-2825,CUST-103434,The wireless earbuds arrived on time and packaging was perfect. Five stars.,positive
REV-2826,CUST-103472,"Great customer support when my wireless earbuds had an issue, resolved quickly.",positive
REV-2827,CUST-101042,"Fast delivery and the phone case works great, very happy with this purchase.",positive
REV-2828,CUST-105436,"Great customer support when my sneakers had an issue, resolved quickly.",positive
REV-2829,CUST-103539,"Fast delivery and the wireless earbuds works great, very happy with this purchase.",positive
REV-2830,CUST-105204,Delivery took way too long and the blender arrived damaged.,negative
REV-2831,CUST-101128,"Fast delivery and the wireless earbuds works great, very happy with this purchase.",positive
REV-2832,CUST-102024,"Would not recommend, the phone case did not match the description at all.",negative
REV-2833,CUST-104334,"Love the backpack, exactly as described. Highly recommend to others.",positive
REV-2834,CUST-104646,"Love the backpack, exactly as described. Highly recommend to others.",positive
REV-2835,CUST-101651,"The coffee maker broke after one week, very disappointed with the quality.",negative
REV-2836,CUST-105293,"Excellent quality blender, exceeded my expectations. Will buy again!",positive
REV-2837,CUST-104701,Delivery took way too long and the wireless earbuds arrived damaged.,negative
REV-2838,CUST-103504,The desk lamp arrived on time and packaging was perfect. Five stars.,positive
REV-2839,CUST-100772,The phone case arrived on time and packaging was perfect. Five stars.,positive
REV-2840,CUST-100439,"Overpriced for what you get, the wireless earbuds feels cheap and flimsy.",negative
REV-2841,CUST-101456,"Love the wireless earbuds, exactly as described. Highly recommend to others.",positive
REV-2842,CUST-101351,"Overpriced for what you get, the backpack feels cheap and flimsy.",negative
REV-2843,CUST-101230,The backpack arrived on time and packaging was perfect. Five stars.,positive
REV-2844,CUST-103493,"Would not recommend, the phone case did not match the description at all.",negative
REV-2845,CUST-105085,The coffee maker arrived on time and packaging was perfect. Five stars.,positive
REV-2846,CUST-100461,Delivery took way too long and the backpack arrived damaged.,negative
REV-2847,CUST-102188,"Fast delivery and the phone case works great, very happy with this purchase.",positive
REV-2848,CUST-101518,"Love the office chair, exactly as described. Highly recommend to others.",positive
REV-2849,CUST-101063,"Excellent quality office chair, exceeded my expectations. Will buy again!",positive
REV-2850,CUST-101219,"Would not recommend, the backpack did not match the description at all.",negative
REV-2851,CUST-101761,The desk lamp arrived on time and packaging was perfect. Five stars.,positive
REV-2852,CUST-102806,The wireless earbuds arrived on time and packaging was perfect. Five stars.,positive
REV-2853,CUST-104404,"Fast delivery and the office chair works great, very happy with this purchase.",positive
REV-2854,CUST-102128,The blender arrived on time and packaging was perfect. Five stars.,positive
REV-2855,CUST-103635,"Fast delivery and the sneakers works great, very happy with this purchase.",positive
REV-2856,CUST-101268,"The coffee maker broke after one week, very disappointed with the quality.",negative
REV-2857,CUST-102502,"Excellent quality coffee maker, exceeded my expectations. Will buy again!",positive
REV-2858,CUST-100698,"Love the office chair, exactly as described. Highly recommend to others.",positive
REV-2859,CUST-104567,"Fast delivery and the wireless earbuds works great, very happy with this purchase.",positive
REV-2860,CUST-103409,"Love the phone case, exactly as described. Highly recommend to others.",positive
REV-2861,CUST-102838,Delivery took way too long and the wireless earbuds arrived damaged.,negative
REV-2862,CUST-102924,"Excellent quality coffee maker, exceeded my expectations. Will buy again!",positive
REV-2863,CUST-103672,"Excellent quality backpack, exceeded my expectations. Will buy again!",positive
REV-2864,CUST-103056,The wireless earbuds arrived on time and packaging was perfect. Five stars.,positive
REV-2865,CUST-102583,"Overpriced for what you get, the office chair feels cheap and flimsy.",negative
REV-2866,CUST-104087,"Fast delivery and the coffee maker works great, very happy with this purchase.",positive
REV-2867,CUST-103694,"Would not recommend, the coffee maker did not match the description at all.",negative
REV-2868,CUST-103336,The phone case arrived on time and packaging was perfect. Five stars.,positive
REV-2869,CUST-101785,"Would not recommend, the backpack did not match the description at all.",negative
REV-2870,CUST-104318,"Overpriced for what you get, the backpack feels cheap and flimsy.",negative
REV-2871,CUST-101291,"Great customer support when my blender had an issue, resolved quickly.",positive
REV-2872,CUST-105353,"Would not recommend, the wireless earbuds did not match the description at all.",negative
REV-2873,CUST-105481,Customer support never responded about my desk lamp refund request.,negative
REV-2874,CUST-100595,"Excellent quality coffee maker, exceeded my expectations. Will buy again!",positive
REV-2875,CUST-103768,The coffee maker arrived on time and packaging was perfect. Five stars.,positive
REV-2876,CUST-104526,"Excellent quality coffee maker, exceeded my expectations. Will buy again!",positive
REV-2877,CUST-100027,"Love the wireless earbuds, exactly as described. Highly recommend to others.",positive
REV-2878,CUST-102887,"Great customer support when my desk lamp had an issue, resolved quickly.",positive
REV-2879,CUST-104216,The wireless earbuds arrived on time and packaging was perfect. Five stars.,positive
REV-2880,CUST-105335,The blender arrived on time and packaging was perfect. Five stars.,positive
REV-2881,CUST-104433,Customer support never responded about my wireless earbuds refund request.,negative
REV-2882,CUST-102763,The wireless earbuds arrived on time and packaging was perfect. Five stars.,positive
REV-2883,CUST-104709,"Overpriced for what you get, the desk lamp feels cheap and flimsy.",negative
REV-2884,CUST-103817,Delivery took way too long and the backpack arrived damaged.,negative
REV-2885,CUST-105029,"Great customer support when my blender had an issue, resolved quickly.",positive
REV-2886,CUST-105779,The backpack arrived on time and packaging was perfect. Five stars.,positive
REV-2887,CUST-100703,"Overpriced for what you get, the phone case feels cheap and flimsy.",negative
REV-2888,CUST-103476,"Great customer support when my desk lamp had an issue, resolved quickly.",positive
REV-2889,CUST-101633,The desk lamp arrived on time and packaging was perfect. Five stars.,positive
REV-2890,CUST-104305,"Great customer support when my phone case had an issue, resolved quickly.",positive
REV-2891,CUST-105420,"Fast delivery and the wireless earbuds works great, very happy with this purchase.",positive
REV-2892,CUST-100498,"Excellent quality blender, exceeded my expectations. Will buy again!",positive
REV-2893,CUST-102396,"Would not recommend, the desk lamp did not match the description at all.",negative
REV-2894,CUST-103618,The phone case arrived on time and packaging was perfect. Five stars.,positive
REV-2895,CUST-101356,"Would not recommend, the coffee maker did not match the description at all.",negative
REV-2896,CUST-100528,"Love the phone case, exactly as described. Highly recommend to others.",positive
REV-2897,CUST-104913,"Love the coffee maker, exactly as described. Highly recommend to others.",positive
REV-2898,CUST-104790,"Excellent quality wireless earbuds, exceeded my expectations. Will buy again!",positive
REV-2899,CUST-105130,Delivery took way too long and the backpack arrived damaged.,negative
REV-2900,CUST-105012,"Overpriced for what you get, the desk lamp feels cheap and flimsy.",negative
REV-2901,CUST-101466,"Overpriced for what you get, the phone case feels cheap and flimsy.",negative
REV-2902,CUST-102567,"Excellent quality wireless earbuds, exceeded my expectations. Will buy again!",positive
REV-2903,CUST-104770,"Great customer support when my desk lamp had an issue, resolved quickly.",positive
REV-2904,CUST-102078,"Fast delivery and the backpack works great, very happy with this purchase.",positive
REV-2905,CUST-105451,"Excellent quality sneakers, exceeded my expectations. Will buy again!",positive
REV-2906,CUST-100246,"Great customer support when my office chair had an issue, resolved quickly.",positive
REV-2907,CUST-101251,The sneakers arrived on time and packaging was perfect. Five stars.,positive
REV-2908,CUST-102003,"Excellent quality wireless earbuds, exceeded my expectations. Will buy again!",positive
REV-2909,CUST-101847,"Love the sneakers, exactly as described. Highly recommend to others.",positive
REV-2910,CUST-100014,"Overpriced for what you get, the blender feels cheap and flimsy.",negative
REV-2911,CUST-102512,"Fast delivery and the sneakers works great, very happy with this purchase.",positive
REV-2912,CUST-102898,The backpack arrived on time and packaging was perfect. Five stars.,positive
REV-2913,CUST-105157,"Fast delivery and the wireless earbuds works great, very happy with this purchase.",positive
REV-2914,CUST-103255,Customer support never responded about my sneakers refund request.,negative
REV-2915,CUST-102547,"Fast delivery and the backpack works great, very happy with this purchase.",positive
REV-2916,CUST-102442,Delivery took way too long and the wireless earbuds arrived damaged.,negative
REV-2917,CUST-101857,Delivery took way too long and the office chair arrived damaged.,negative
REV-2918,CUST-105281,"Overpriced for what you get, the office chair feels cheap and flimsy.",negative
REV-2919,CUST-104212,"The wireless earbuds broke after one week, very disappointed with the quality.",negative
REV-2920,CUST-100848,"The desk lamp broke after one week, very disappointed with the quality.",negative
REV-2921,CUST-104654,"Fast delivery and the coffee maker works great, very happy with this purchase.",positive
REV-2922,CUST-100656,The blender arrived on time and packaging was perfect. Five stars.,positive
REV-2923,CUST-100163,Delivery took way too long and the wireless earbuds arrived damaged.,negative
REV-2924,CUST-100902,The phone case arrived on time and packaging was perfect. Five stars.,positive
REV-2925,CUST-105647,"Great customer support when my blender had an issue, resolved quickly.",positive
REV-2926,CUST-104054,"Great customer support when my desk lamp had an issue, resolved quickly.",positive
REV-2927,CUST-103089,"Fast delivery and the wireless earbuds works great, very happy with this purchase.",positive
REV-2928,CUST-104960,"Excellent quality blender, exceeded my expectations. Will buy again!",positive
REV-2929,CUST-102772,"Excellent quality coffee maker, exceeded my expectations. Will buy again!",positive
REV-2930,CUST-105583,"Excellent quality coffee maker, exceeded my expectations. Will buy again!",positive
REV-2931,CUST-102587,"Great customer support when my blender had an issue, resolved quickly.",positive
REV-2932,CUST-104190,"Would not recommend, the blender did not match the description at all.",negative
REV-2933,CUST-103155,Delivery took way too long and the office chair arrived damaged.,negative
REV-2934,CUST-104419,"Love the phone case, exactly as described. Highly recommend to others.",positive
REV-2935,CUST-105494,"Would not recommend, the wireless earbuds did not match the description at all.",negative
REV-2936,CUST-104036,The backpack arrived on time and packaging was perfect. Five stars.,positive
REV-2937,CUST-104575,The sneakers arrived on time and packaging was perfect. Five stars.,positive
REV-2938,CUST-103423,"Love the backpack, exactly as described. Highly recommend to others.",positive
REV-2939,CUST-104087,"Love the coffee maker, exactly as described. Highly recommend to others.",positive
REV-2940,CUST-101718,"Love the coffee maker, exactly as described. Highly recommend to others.",positive
REV-2941,CUST-103503,"Would not recommend, the blender did not match the description at all.",negative
REV-2942,CUST-102874,"Overpriced for what you get, the backpack feels cheap and flimsy.",negative
REV-2943,CUST-104282,"Fast delivery and the backpack works great, very happy with this purchase.",positive
REV-2944,CUST-103364,"The phone case broke after one week, very disappointed with the quality.",negative
REV-2945,CUST-103663,Customer support never responded about my wireless earbuds refund request.,negative
REV-2946,CUST-102882,"Would not recommend, the wireless earbuds did not match the description at all.",negative
REV-2947,CUST-105435,The coffee maker arrived on time and packaging was perfect. Five stars.,positive
REV-2948,CUST-100995,"Great customer support when my phone case had an issue, resolved quickly.",positive
REV-2949,CUST-103152,"Would not recommend, the blender did not match the description at all.",negative
REV-2950,CUST-102821,Delivery took way too long and the sneakers arrived damaged.,negative
REV-2951,CUST-102023,"The desk lamp broke after one week, very disappointed with the quality.",negative
REV-2952,CUST-100370,"Fast delivery and the blender works great, very happy with this purchase.",positive
REV-2953,CUST-102363,"The backpack broke after one week, very disappointed with the quality.",negative
REV-2954,CUST-103743,"Great customer support when my sneakers had an issue, resolved quickly.",positive
REV-2955,CUST-103868,Customer support never responded about my phone case refund request.,negative
REV-2956,CUST-104506,The coffee maker arrived on time and packaging was perfect. Five stars.,positive
REV-2957,CUST-104901,"Great customer support when my phone case had an issue, resolved quickly.",positive
REV-2958,CUST-100816,Delivery took way too long and the sneakers arrived damaged.,negative
REV-2959,CUST-103046,"Excellent quality coffee maker, exceeded my expectations. Will buy again!",positive
REV-2960,CUST-100021,The office chair arrived on time and packaging was perfect. Five stars.,positive
REV-2961,CUST-102571,"Love the wireless earbuds, exactly as described. Highly recommend to others.",positive
REV-2962,CUST-100042,Delivery took way too long and the office chair arrived damaged.,negative
REV-2963,CUST-100329,"Overpriced for what you get, the office chair feels cheap and flimsy.",negative
REV-2964,CUST-102579,"Fast delivery and the coffee maker works great, very happy with this purchase.",positive
REV-2965,CUST-104977,"Love the coffee maker, exactly as described. Highly recommend to others.",positive
REV-2966,CUST-105040,"Overpriced for what you get, the office chair feels cheap and flimsy.",negative
REV-2967,CUST-105481,"Would not recommend, the wireless earbuds did not match the description at all.",negative
REV-2968,CUST-100284,"Fast delivery and the phone case works great, very happy with this purchase.",positive
REV-2969,CUST-102598,"The wireless earbuds broke after one week, very disappointed with the quality.",negative
REV-2970,CUST-100898,"Love the backpack, exactly as described. Highly recommend to others.",positive
REV-2971,CUST-104105,"Excellent quality wireless earbuds, exceeded my expectations. Will buy again!",positive
REV-2972,CUST-102508,"Overpriced for what you get, the desk lamp feels cheap and flimsy.",negative
REV-2973,CUST-100242,"Great customer support when my phone case had an issue, resolved quickly.",positive
REV-2974,CUST-105642,"Excellent quality office chair, exceeded my expectations. Will buy again!",positive
REV-2975,CUST-104766,"Great customer support when my blender had an issue, resolved quickly.",positive
REV-2976,CUST-100618,The blender arrived on time and packaging was perfect. Five stars.,positive
REV-2977,CUST-101723,"Great customer support when my phone case had an issue, resolved quickly.",positive
REV-2978,CUST-104085,Customer support never responded about my backpack refund request.,negative
REV-2979,CUST-104619,"The desk lamp broke after one week, very disappointed with the quality.",negative
REV-2980,CUST-101744,"Fast delivery and the backpack works great, very happy with this purchase.",positive
REV-2981,CUST-103790,Customer support never responded about my desk lamp refund request.,negative
REV-2982,CUST-105377,Delivery took way too long and the blender arrived damaged.,negative
REV-2983,CUST-102938,"Overpriced for what you get, the sneakers feels cheap and flimsy.",negative
REV-2984,CUST-100540,"Fast delivery and the backpack works great, very happy with this purchase.",positive
REV-2985,CUST-102872,Customer support never responded about my office chair refund request.,negative
REV-2986,CUST-105166,"Love the backpack, exactly as described. Highly recommend to others.",positive
REV-2987,CUST-104730,"Great customer support when my blender had an issue, resolved quickly.",positive
REV-2988,CUST-102576,"The coffee maker broke after one week, very disappointed with the quality.",negative
REV-2989,CUST-105412,"Great customer support when my coffee maker had an issue, resolved quickly.",positive
REV-2990,CUST-100487,Delivery took way too long and the coffee maker arrived damaged.,negative
REV-2991,CUST-100388,"Love the backpack, exactly as described. Highly recommend to others.",positive
REV-2992,CUST-103691,"Love the sneakers, exactly as described. Highly recommend to others.",positive
REV-2993,CUST-101571,"Overpriced for what you get, the coffee maker feels cheap and flimsy.",negative
REV-2994,CUST-105391,The desk lamp arrived on time and packaging was perfect. Five stars.,positive
REV-2995,CUST-105476,Delivery took way too long and the blender arrived damaged.,negative
REV-2996,CUST-104838,"Great customer support when my phone case had an issue, resolved quickly.",positive
REV-2997,CUST-100098,"Excellent quality coffee maker, exceeded my expectations. Will buy again!",positive
REV-2998,CUST-105382,"Great customer support when my backpack had an issue, resolved quickly.",positive
REV-2999,CUST-100638,Delivery took way too long and the coffee maker arrived damaged.,negative
REV-3000,CUST-100125,"Excellent quality coffee maker, exceeded my expectations. Will buy again!",positive
REV-3001,CUST-102552,"Great customer support when my desk lamp had an issue, resolved quickly.",positive
REV-3002,CUST-100074,"Great customer support when my phone case had an issue, resolved quickly.",positive
REV-3003,CUST-102708,"Excellent quality blender, exceeded my expectations. Will buy again!",positive
REV-3004,CUST-101385,"Overpriced for what you get, the phone case feels cheap and flimsy.",negative
REV-3005,CUST-104149,"Fast delivery and the coffee maker works great, very happy with this purchase.",positive
REV-3006,CUST-103129,"The blender broke after one week, very disappointed with the quality.",negative
REV-3007,CUST-102395,"The blender broke after one week, very disappointed with the quality.",negative
REV-3008,CUST-103034,"Fast delivery and the wireless earbuds works great, very happy with this purchase.",positive
REV-3009,CUST-101956,The office chair arrived on time and packaging was perfect. Five stars.,positive
REV-3010,CUST-105243,"Overpriced for what you get, the wireless earbuds feels cheap and flimsy.",negative
REV-3011,CUST-103678,"Excellent quality office chair, exceeded my expectations. Will buy again!",positive
REV-3012,CUST-104062,"Fast delivery and the coffee maker works great, very happy with this purchase.",positive
REV-3013,CUST-104982,The blender arrived on time and packaging was perfect. Five stars.,positive
REV-3014,CUST-101060,"The coffee maker broke after one week, very disappointed with the quality.",negative
REV-3015,CUST-103183,"Overpriced for what you get, the desk lamp feels cheap and flimsy.",negative
REV-3016,CUST-101432,Delivery took way too long and the phone case arrived damaged.,negative
REV-3017,CUST-105863,"The wireless earbuds broke after one week, very disappointed with the quality.",negative
REV-3018,CUST-102401,"The coffee maker broke after one week, very disappointed with the quality.",negative
REV-3019,CUST-105139,The office chair arrived on time and packaging was perfect. Five stars.,positive
REV-3020,CUST-102006,Customer support never responded about my backpack refund request.,negative
REV-3021,CUST-102501,"Overpriced for what you get, the sneakers feels cheap and flimsy.",negative
REV-3022,CUST-104831,"Excellent quality sneakers, exceeded my expectations. Will buy again!",positive
REV-3023,CUST-103805,"Fast delivery and the wireless earbuds works great, very happy with this purchase.",positive
REV-3024,CUST-105260,"Great customer support when my desk lamp had an issue, resolved quickly.",positive
REV-3025,CUST-103736,"Overpriced for what you get, the desk lamp feels cheap and flimsy.",negative
REV-3026,CUST-103972,Delivery took way too long and the blender arrived damaged.,negative
REV-3027,CUST-101136,The backpack arrived on time and packaging was perfect. Five stars.,positive
REV-3028,CUST-102311,Customer support never responded about my backpack refund request.,negative
REV-3029,CUST-102727,The sneakers arrived on time and packaging was perfect. Five stars.,positive
REV-3030,CUST-101169,"Love the coffee maker, exactly as described. Highly recommend to others.",positive
REV-3031,CUST-103287,Delivery took way too long and the backpack arrived damaged.,negative
REV-3032,CUST-102601,The desk lamp arrived on time and packaging was perfect. Five stars.,positive
REV-3033,CUST-100785,"Excellent quality phone case, exceeded my expectations. Will buy again!",positive
REV-3034,CUST-100273,"Overpriced for what you get, the coffee maker feels cheap and flimsy.",negative
REV-3035,CUST-103457,"Would not recommend, the coffee maker did not match the description at all.",negative
REV-3036,CUST-102488,"Great customer support when my coffee maker had an issue, resolved quickly.",positive
REV-3037,CUST-102614,"Fast delivery and the blender works great, very happy with this purchase.",positive
REV-3038,CUST-103594,The office chair arrived on time and packaging was perfect. Five stars.,positive
REV-3039,CUST-104618,"Would not recommend, the phone case did not match the description at all.",negative
REV-3040,CUST-100697,Delivery took way too long and the sneakers arrived damaged.,negative
REV-3041,CUST-105876,"Excellent quality office chair, exceeded my expectations. Will buy again!",positive
REV-3042,CUST-101805,Customer support never responded about my blender refund request.,negative
REV-3043,CUST-102193,"Fast delivery and the backpack works great, very happy with this purchase.",positive
REV-3044,CUST-104329,"Fast delivery and the phone case works great, very happy with this purchase.",positive
REV-3045,CUST-103113,"Great customer support when my sneakers had an issue, resolved quickly.",positive
REV-3046,CUST-100904,"Excellent quality coffee maker, exceeded my expectations. Will buy again!",positive
REV-3047,CUST-104359,"Great customer support when my blender had an issue, resolved quickly.",positive
REV-3048,CUST-105378,"Overpriced for what you get, the blender feels cheap and flimsy.",negative
REV-3049,CUST-101520,"Fast delivery and the coffee maker works great, very happy with this purchase.",positive
REV-3050,CUST-100911,Customer support never responded about my wireless earbuds refund request.,negative
REV-3051,CUST-103064,"Would not recommend, the desk lamp did not match the description at all.",negative
REV-3052,CUST-105849,"Excellent quality desk lamp, exceeded my expectations. Will buy again!",positive
REV-3053,CUST-101132,Customer support never responded about my wireless earbuds refund request.,negative
REV-3054,CUST-105103,The phone case arrived on time and packaging was perfect. Five stars.,positive
REV-3055,CUST-103394,"Fast delivery and the sneakers works great, very happy with this purchase.",positive
REV-3056,CUST-105413,The office chair arrived on time and packaging was perfect. Five stars.,positive
REV-3057,CUST-102554,"Would not recommend, the phone case did not match the description at all.",negative
REV-3058,CUST-101581,"Love the blender, exactly as described. Highly recommend to others.",positive
REV-3059,CUST-102528,The blender arrived on time and packaging was perfect. Five stars.,positive
REV-3060,CUST-100392,The coffee maker arrived on time and packaging was perfect. Five stars.,positive
REV-3061,CUST-104207,"Love the desk lamp, exactly as described. Highly recommend to others.",positive
REV-3062,CUST-105812,Customer support never responded about my wireless earbuds refund request.,negative
REV-3063,CUST-100773,"Excellent quality phone case, exceeded my expectations. Will buy again!",positive
REV-3064,CUST-101040,"Fast delivery and the office chair works great, very happy with this purchase.",positive
REV-3065,CUST-104411,"Fast delivery and the blender works great, very happy with this purchase.",positive
REV-3066,CUST-105221,"The blender broke after one week, very disappointed with the quality.",negative
REV-3067,CUST-101245,Delivery took way too long and the office chair arrived damaged.,negative
REV-3068,CUST-102392,The coffee maker arrived on time and packaging was perfect. Five stars.,positive
REV-3069,CUST-102665,"Great customer support when my office chair had an issue, resolved quickly.",positive
REV-3070,CUST-105679,"Fast delivery and the coffee maker works great, very happy with this purchase.",positive
REV-3071,CUST-101726,"The backpack broke after one week, very disappointed with the quality.",negative
REV-3072,CUST-105391,"Overpriced for what you get, the phone case feels cheap and flimsy.",negative
REV-3073,CUST-101878,"Great customer support when my blender had an issue, resolved quickly.",positive
REV-3074,CUST-103620,Customer support never responded about my backpack refund request.,negative
REV-3075,CUST-102876,"Excellent quality blender, exceeded my expectations. Will buy again!",positive
REV-3076,CUST-103195,"Great customer support when my wireless earbuds had an issue, resolved quickly.",positive
REV-3077,CUST-104777,"Great customer support when my sneakers had an issue, resolved quickly.",positive
REV-3078,CUST-100750,"Excellent quality backpack, exceeded my expectations. Will buy again!",positive
REV-3079,CUST-102691,The desk lamp arrived on time and packaging was perfect. Five stars.,positive
REV-3080,CUST-104775,Delivery took way too long and the wireless earbuds arrived damaged.,negative
REV-3081,CUST-105155,"Fast delivery and the office chair works great, very happy with this purchase.",positive
REV-3082,CUST-102608,Customer support never responded about my coffee maker refund request.,negative
REV-3083,CUST-103548,Delivery took way too long and the sneakers arrived damaged.,negative
REV-3084,CUST-100363,"Overpriced for what you get, the desk lamp feels cheap and flimsy.",negative
REV-3085,CUST-101589,"Excellent quality backpack, exceeded my expectations. Will buy again!",positive
REV-3086,CUST-103888,"Fast delivery and the coffee maker works great, very happy with this purchase.",positive
REV-3087,CUST-104688,"Fast delivery and the phone case works great, very happy with this purchase.",positive
REV-3088,CUST-102888,"Great customer support when my office chair had an issue, resolved quickly.",positive
REV-3089,CUST-103139,"Love the blender, exactly as described. Highly recommend to others.",positive
REV-3090,CUST-105470,The phone case arrived on time and packaging was perfect. Five stars.,positive
REV-3091,CUST-104533,"Love the phone case, exactly as described. Highly recommend to others.",positive
REV-3092,CUST-104259,"Excellent quality office chair, exceeded my expectations. Will buy again!",positive
REV-3093,CUST-105157,"Excellent quality desk lamp, exceeded my expectations. Will buy again!",positive
REV-3094,CUST-104203,"Excellent quality desk lamp, exceeded my expectations. Will buy again!",positive
REV-3095,CUST-102296,Customer support never responded about my blender refund request.,negative
REV-3096,CUST-103046,"Great customer support when my phone case had an issue, resolved quickly.",positive
REV-3097,CUST-104250,"Excellent quality wireless earbuds, exceeded my expectations. Will buy again!",positive
REV-3098,CUST-105016,The wireless earbuds arrived on time and packaging was perfect. Five stars.,positive
REV-3099,CUST-101802,"Great customer support when my wireless earbuds had an issue, resolved quickly.",positive
REV-3100,CUST-102653,The coffee maker arrived on time and packaging was perfect. Five stars.,positive
REV-3101,CUST-104940,"Love the office chair, exactly as described. Highly recommend to others.",positive
REV-3102,CUST-104170,"Would not recommend, the blender did not match the description at all.",negative
REV-3103,CUST-101489,"Excellent quality office chair, exceeded my expectations. Will buy again!",positive
REV-3104,CUST-100722,"Great customer support when my office chair had an issue, resolved quickly.",positive
REV-3105,CUST-102373,The coffee maker arrived on time and packaging was perfect. Five stars.,positive
REV-3106,CUST-101969,"Excellent quality phone case, exceeded my expectations. Will buy again!",positive
REV-3107,CUST-103325,"Great customer support when my wireless earbuds had an issue, resolved quickly.",positive
REV-3108,CUST-104510,"Great customer support when my blender had an issue, resolved quickly.",positive
REV-3109,CUST-101106,"Would not recommend, the blender did not match the description at all.",negative
REV-3110,CUST-102843,"Excellent quality office chair, exceeded my expectations. Will buy again!",positive
REV-3111,CUST-101232,Delivery took way too long and the wireless earbuds arrived damaged.,negative
REV-3112,CUST-104680,"Fast delivery and the sneakers works great, very happy with this purchase.",positive
REV-3113,CUST-104746,"Love the sneakers, exactly as described. Highly recommend to others.",positive
REV-3114,CUST-102316,"Fast delivery and the backpack works great, very happy with this purchase.",positive
REV-3115,CUST-102647,Customer support never responded about my desk lamp refund request.,negative
REV-3116,CUST-101769,"The backpack broke after one week, very disappointed with the quality.",negative
REV-3117,CUST-105347,"The wireless earbuds broke after one week, very disappointed with the quality.",negative
REV-3118,CUST-105784,"Excellent quality desk lamp, exceeded my expectations. Will buy again!",positive
REV-3119,CUST-104297,"Overpriced for what you get, the office chair feels cheap and flimsy.",negative
REV-3120,CUST-101417,"The backpack broke after one week, very disappointed with the quality.",negative
REV-3121,CUST-103917,Delivery took way too long and the sneakers arrived damaged.,negative
REV-3122,CUST-100521,Customer support never responded about my blender refund request.,negative
REV-3123,CUST-100714,"Great customer support when my wireless earbuds had an issue, resolved quickly.",positive
REV-3124,CUST-102567,"Overpriced for what you get, the phone case feels cheap and flimsy.",negative
REV-3125,CUST-102719,"Excellent quality phone case, exceeded my expectations. Will buy again!",positive
REV-3126,CUST-100812,"The coffee maker broke after one week, very disappointed with the quality.",negative
REV-3127,CUST-100719,"Love the coffee maker, exactly as described. Highly recommend to others.",positive
REV-3128,CUST-100350,"Overpriced for what you get, the desk lamp feels cheap and flimsy.",negative
REV-3129,CUST-102097,"Love the backpack, exactly as described. Highly recommend to others.",positive
REV-3130,CUST-105563,"Fast delivery and the blender works great, very happy with this purchase.",positive
REV-3131,CUST-100165,"Love the wireless earbuds, exactly as described. Highly recommend to others.",positive
REV-3132,CUST-100397,"The blender broke after one week, very disappointed with the quality.",negative
REV-3133,CUST-102102,"Fast delivery and the blender works great, very happy with this purchase.",positive
REV-3134,CUST-105690,"Would not recommend, the wireless earbuds did not match the description at all.",negative
REV-3135,CUST-105449,"Love the phone case, exactly as described. Highly recommend to others.",positive
REV-3136,CUST-103872,Customer support never responded about my sneakers refund request.,negative
REV-3137,CUST-101395,The desk lamp arrived on time and packaging was perfect. Five stars.,positive
REV-3138,CUST-101630,"Would not recommend, the blender did not match the description at all.",negative
REV-3139,CUST-104582,"Love the phone case, exactly as described. Highly recommend to others.",positive
REV-3140,CUST-100198,"Excellent quality office chair, exceeded my expectations. Will buy again!",positive
REV-3141,CUST-105002,"Great customer support when my office chair had an issue, resolved quickly.",positive
REV-3142,CUST-100994,Customer support never responded about my blender refund request.,negative
REV-3143,CUST-101104,"Overpriced for what you get, the coffee maker feels cheap and flimsy.",negative
REV-3144,CUST-105853,"Fast delivery and the wireless earbuds works great, very happy with this purchase.",positive
REV-3145,CUST-102896,Delivery took way too long and the phone case arrived damaged.,negative
REV-3146,CUST-103003,"Love the office chair, exactly as described. Highly recommend to others.",positive
REV-3147,CUST-100732,"The desk lamp broke after one week, very disappointed with the quality.",negative
REV-3148,CUST-104213,"Fast delivery and the coffee maker works great, very happy with this purchase.",positive
REV-3149,CUST-100975,Delivery took way too long and the desk lamp arrived damaged.,negative
REV-3150,CUST-100319,"Love the sneakers, exactly as described. Highly recommend to others.",positive
REV-3151,CUST-103985,"Would not recommend, the office chair did not match the description at all.",negative
REV-3152,CUST-102238,"Great customer support when my coffee maker had an issue, resolved quickly.",positive
REV-3153,CUST-100036,Delivery took way too long and the desk lamp arrived damaged.,negative
REV-3154,CUST-100950,"Love the office chair, exactly as described. Highly recommend to others.",positive
REV-3155,CUST-100303,"Overpriced for what you get, the blender feels cheap and flimsy.",negative
REV-3156,CUST-105931,"Love the office chair, exactly as described. Highly recommend to others.",positive
REV-3157,CUST-101709,"Love the blender, exactly as described. Highly recommend to others.",positive
REV-3158,CUST-105041,"Fast delivery and the phone case works great, very happy with this purchase.",positive
REV-3159,CUST-103417,"Great customer support when my backpack had an issue, resolved quickly.",positive
REV-3160,CUST-105526,"Excellent quality sneakers, exceeded my expectations. Will buy again!",positive
REV-3161,CUST-101088,"Great customer support when my desk lamp had an issue, resolved quickly.",positive
REV-3162,CUST-101397,"The coffee maker broke after one week, very disappointed with the quality.",negative
REV-3163,CUST-102904,"Fast delivery and the wireless earbuds works great, very happy with this purchase.",positive
REV-3164,CUST-105600,"The sneakers broke after one week, very disappointed with the quality.",negative
REV-3165,CUST-102900,"Excellent quality coffee maker, exceeded my expectations. Will buy again!",positive
REV-3166,CUST-101095,The office chair arrived on time and packaging was perfect. Five stars.,positive
REV-3167,CUST-100369,"Excellent quality wireless earbuds, exceeded my expectations. Will buy again!",positive
REV-3168,CUST-102699,Delivery took way too long and the sneakers arrived damaged.,negative
REV-3169,CUST-102588,"Excellent quality blender, exceeded my expectations. Will buy again!",positive
REV-3170,CUST-104721,"Love the coffee maker, exactly as described. Highly recommend to others.",positive
REV-3171,CUST-105307,"The office chair broke after one week, very disappointed with the quality.",negative
REV-3172,CUST-101008,"Fast delivery and the coffee maker works great, very happy with this purchase.",positive
REV-3173,CUST-105801,"Would not recommend, the wireless earbuds did not match the description at all.",negative
REV-3174,CUST-105994,Customer support never responded about my phone case refund request.,negative
REV-3175,CUST-103070,"Love the sneakers, exactly as described. Highly recommend to others.",positive
REV-3176,CUST-101076,"Fast delivery and the office chair works great, very happy with this purchase.",positive
REV-3177,CUST-105447,"Overpriced for what you get, the backpack feels cheap and flimsy.",negative
REV-3178,CUST-105643,Customer support never responded about my backpack refund request.,negative
REV-3179,CUST-100237,"Great customer support when my phone case had an issue, resolved quickly.",positive
REV-3180,CUST-101746,"Overpriced for what you get, the phone case feels cheap and flimsy.",negative
REV-3181,CUST-104724,The phone case arrived on time and packaging was perfect. Five stars.,positive
REV-3182,CUST-103528,"Would not recommend, the desk lamp did not match the description at all.",negative
REV-3183,CUST-102733,The wireless earbuds arrived on time and packaging was perfect. Five stars.,positive
REV-3184,CUST-101081,The desk lamp arrived on time and packaging was perfect. Five stars.,positive
REV-3185,CUST-105621,"Overpriced for what you get, the wireless earbuds feels cheap and flimsy.",negative
REV-3186,CUST-104674,The sneakers arrived on time and packaging was perfect. Five stars.,positive
REV-3187,CUST-100870,"The sneakers broke after one week, very disappointed with the quality.",negative
REV-3188,CUST-101249,"Love the office chair, exactly as described. Highly recommend to others.",positive
REV-3189,CUST-104871,Customer support never responded about my phone case refund request.,negative
REV-3190,CUST-105659,"Fast delivery and the coffee maker works great, very happy with this purchase.",positive
REV-3191,CUST-104010,"Would not recommend, the backpack did not match the description at all.",negative
REV-3192,CUST-103745,The backpack arrived on time and packaging was perfect. Five stars.,positive
REV-3193,CUST-103923,The office chair arrived on time and packaging was perfect. Five stars.,positive
REV-3194,CUST-102452,"Would not recommend, the wireless earbuds did not match the description at all.",negative
REV-3195,CUST-102795,The backpack arrived on time and packaging was perfect. Five stars.,positive
REV-3196,CUST-100284,"Overpriced for what you get, the phone case feels cheap and flimsy.",negative
REV-3197,CUST-104822,"Excellent quality sneakers, exceeded my expectations. Will buy again!",positive
REV-3198,CUST-100759,"The desk lamp broke after one week, very disappointed with the quality.",negative
REV-3199,CUST-104214,"Love the sneakers, exactly as described. Highly recommend to others.",positive
REV-3200,CUST-101446,"Overpriced for what you get, the sneakers feels cheap and flimsy.",negative
REV-3201,CUST-100247,The backpack arrived on time and packaging was perfect. Five stars.,positive
REV-3202,CUST-100678,Delivery took way too long and the blender arrived damaged.,negative
REV-3203,CUST-103891,"Overpriced for what you get, the blender feels cheap and flimsy.",negative
REV-3204,CUST-101883,"Great customer support when my sneakers had an issue, resolved quickly.",positive
REV-3205,CUST-102594,"Fast delivery and the blender works great, very happy with this purchase.",positive
REV-3206,CUST-100667,"The office chair broke after one week, very disappointed with the quality.",negative
REV-3207,CUST-103592,"Overpriced for what you get, the phone case feels cheap and flimsy.",negative
REV-3208,CUST-102234,"Overpriced for what you get, the desk lamp feels cheap and flimsy.",negative
REV-3209,CUST-104801,Delivery took way too long and the office chair arrived damaged.,negative
REV-3210,CUST-102069,Delivery took way too long and the coffee maker arrived damaged.,negative
REV-3211,CUST-102865,Delivery took way too long and the phone case arrived damaged.,negative
REV-3212,CUST-104031,"Excellent quality phone case, exceeded my expectations. Will buy again!",positive
REV-3213,CUST-105954,Customer support never responded about my desk lamp refund request.,negative
REV-3214,CUST-103075,"Excellent quality desk lamp, exceeded my expectations. Will buy again!",positive
REV-3215,CUST-104798,"Excellent quality office chair, exceeded my expectations. Will buy again!",positive
REV-3216,CUST-105000,The blender arrived on time and packaging was perfect. Five stars.,positive
REV-3217,CUST-102204,"Overpriced for what you get, the sneakers feels cheap and flimsy.",negative
REV-3218,CUST-105892,Customer support never responded about my phone case refund request.,negative
REV-3219,CUST-101884,The phone case arrived on time and packaging was perfect. Five stars.,positive
REV-3220,CUST-103678,"Overpriced for what you get, the office chair feels cheap and flimsy.",negative
REV-3221,CUST-104960,The wireless earbuds arrived on time and packaging was perfect. Five stars.,positive
REV-3222,CUST-105570,Delivery took way too long and the backpack arrived damaged.,negative
REV-3223,CUST-104868,"Would not recommend, the desk lamp did not match the description at all.",negative
REV-3224,CUST-103036,The wireless earbuds arrived on time and packaging was perfect. Five stars.,positive
REV-3225,CUST-104331,"Excellent quality wireless earbuds, exceeded my expectations. Will buy again!",positive
REV-3226,CUST-103027,"Love the sneakers, exactly as described. Highly recommend to others.",positive
REV-3227,CUST-103878,"Love the blender, exactly as described. Highly recommend to others.",positive
REV-3228,CUST-104355,"Great customer support when my blender had an issue, resolved quickly.",positive
REV-3229,CUST-103857,"Fast delivery and the office chair works great, very happy with this purchase.",positive
REV-3230,CUST-105638,"Great customer support when my desk lamp had an issue, resolved quickly.",positive
REV-3231,CUST-103775,"Love the coffee maker, exactly as described. Highly recommend to others.",positive
REV-3232,CUST-101702,"Fast delivery and the phone case works great, very happy with this purchase.",positive
REV-3233,CUST-101048,"Love the desk lamp, exactly as described. Highly recommend to others.",positive
REV-3234,CUST-101900,"Would not recommend, the wireless earbuds did not match the description at all.",negative
REV-3235,CUST-100631,"Love the wireless earbuds, exactly as described. Highly recommend to others.",positive
REV-3236,CUST-104243,"Love the backpack, exactly as described. Highly recommend to others.",positive
REV-3237,CUST-105476,Customer support never responded about my office chair refund request.,negative
REV-3238,CUST-100770,"Overpriced for what you get, the phone case feels cheap and flimsy.",negative
REV-3239,CUST-101130,The wireless earbuds arrived on time and packaging was perfect. Five stars.,positive
REV-3240,CUST-102203,The phone case arrived on time and packaging was perfect. Five stars.,positive
REV-3241,CUST-100172,Delivery took way too long and the coffee maker arrived damaged.,negative
REV-3242,CUST-105825,Delivery took way too long and the desk lamp arrived damaged.,negative
REV-3243,CUST-100607,"Love the coffee maker, exactly as described. Highly recommend to others.",positive
REV-3244,CUST-104783,"Great customer support when my blender had an issue, resolved quickly.",positive
REV-3245,CUST-105234,"Great customer support when my phone case had an issue, resolved quickly.",positive
REV-3246,CUST-102115,"Fast delivery and the desk lamp works great, very happy with this purchase.",positive
REV-3247,CUST-103831,"Fast delivery and the wireless earbuds works great, very happy with this purchase.",positive
REV-3248,CUST-103686,The office chair arrived on time and packaging was perfect. Five stars.,positive
REV-3249,CUST-103580,Delivery took way too long and the blender arrived damaged.,negative
REV-3250,CUST-102941,The sneakers arrived on time and packaging was perfect. Five stars.,positive
REV-3251,CUST-103331,"Fast delivery and the backpack works great, very happy with this purchase.",positive
REV-3252,CUST-105943,"Excellent quality desk lamp, exceeded my expectations. Will buy again!",positive
REV-3253,CUST-101074,"Would not recommend, the desk lamp did not match the description at all.",negative
REV-3254,CUST-100427,"Love the sneakers, exactly as described. Highly recommend to others.",positive
REV-3255,CUST-102222,"Excellent quality sneakers, exceeded my expectations. Will buy again!",positive
REV-3256,CUST-105847,"Overpriced for what you get, the backpack feels cheap and flimsy.",negative
REV-3257,CUST-100711,"Great customer support when my desk lamp had an issue, resolved quickly.",positive
REV-3258,CUST-105162,Customer support never responded about my wireless earbuds refund request.,negative
REV-3259,CUST-102923,"Love the office chair, exactly as described. Highly recommend to others.",positive
REV-3260,CUST-102409,Delivery took way too long and the wireless earbuds arrived damaged.,negative
REV-3261,CUST-102259,"The office chair broke after one week, very disappointed with the quality.",negative
REV-3262,CUST-102875,"Excellent quality backpack, exceeded my expectations. Will buy again!",positive
REV-3263,CUST-102492,"Overpriced for what you get, the coffee maker feels cheap and flimsy.",negative
REV-3264,CUST-101417,Customer support never responded about my desk lamp refund request.,negative
REV-3265,CUST-105503,"Excellent quality office chair, exceeded my expectations. Will buy again!",positive
REV-3266,CUST-101262,Customer support never responded about my wireless earbuds refund request.,negative
REV-3267,CUST-102192,"Fast delivery and the coffee maker works great, very happy with this purchase.",positive
REV-3268,CUST-104245,"Would not recommend, the office chair did not match the description at all.",negative
REV-3269,CUST-100646,"Excellent quality phone case, exceeded my expectations. Will buy again!",positive
REV-3270,CUST-101706,"Overpriced for what you get, the sneakers feels cheap and flimsy.",negative
REV-3271,CUST-103144,"Great customer support when my sneakers had an issue, resolved quickly.",positive
REV-3272,CUST-102195,"Would not recommend, the backpack did not match the description at all.",negative
REV-3273,CUST-104993,"Excellent quality phone case, exceeded my expectations. Will buy again!",positive
REV-3274,CUST-100789,"Overpriced for what you get, the sneakers feels cheap and flimsy.",negative
REV-3275,CUST-100879,Delivery took way too long and the office chair arrived damaged.,negative
REV-3276,CUST-105094,"Fast delivery and the desk lamp works great, very happy with this purchase.",positive
REV-3277,CUST-103382,"Excellent quality sneakers, exceeded my expectations. Will buy again!",positive
REV-3278,CUST-100851,"Great customer support when my desk lamp had an issue, resolved quickly.",positive
REV-3279,CUST-105101,"Love the desk lamp, exactly as described. Highly recommend to others.",positive
REV-3280,CUST-100746,"Excellent quality coffee maker, exceeded my expectations. Will buy again!",positive
REV-3281,CUST-100192,"The office chair broke after one week, very disappointed with the quality.",negative
REV-3282,CUST-105286,"Great customer support when my wireless earbuds had an issue, resolved quickly.",positive
REV-3283,CUST-100720,The wireless earbuds arrived on time and packaging was perfect. Five stars.,positive
REV-3284,CUST-100736,The desk lamp arrived on time and packaging was perfect. Five stars.,positive
REV-3285,CUST-104386,"Excellent quality blender, exceeded my expectations. Will buy again!",positive
REV-3286,CUST-104274,"Would not recommend, the blender did not match the description at all.",negative
REV-3287,CUST-102686,"Love the coffee maker, exactly as described. Highly recommend to others.",positive
REV-3288,CUST-103201,Delivery took way too long and the backpack arrived damaged.,negative
REV-3289,CUST-100572,"Love the sneakers, exactly as described. Highly recommend to others.",positive
REV-3290,CUST-105327,"Love the blender, exactly as described. Highly recommend to others.",positive
REV-3291,CUST-101229,"Excellent quality phone case, exceeded my expectations. Will buy again!",positive
REV-3292,CUST-101386,"Fast delivery and the office chair works great, very happy with this purchase.",positive
REV-3293,CUST-101148,The office chair arrived on time and packaging was perfect. Five stars.,positive
REV-3294,CUST-102384,"Fast delivery and the desk lamp works great, very happy with this purchase.",positive
REV-3295,CUST-105657,The phone case arrived on time and packaging was perfect. Five stars.,positive
REV-3296,CUST-104664,"Love the blender, exactly as described. Highly recommend to others.",positive
REV-3297,CUST-102013,"Would not recommend, the desk lamp did not match the description at all.",negative
REV-3298,CUST-103534,Delivery took way too long and the office chair arrived damaged.,negative
REV-3299,CUST-102764,The wireless earbuds arrived on time and packaging was perfect. Five stars.,positive
REV-3300,CUST-103921,Customer support never responded about my office chair refund request.,negative
REV-3301,CUST-102140,The coffee maker arrived on time and packaging was perfect. Five stars.,positive
REV-3302,CUST-104319,Delivery took way too long and the desk lamp arrived damaged.,negative
REV-3303,CUST-101426,Delivery took way too long and the sneakers arrived damaged.,negative
REV-3304,CUST-104470,"Love the sneakers, exactly as described. Highly recommend to others.",positive
REV-3305,CUST-101653,"The sneakers broke after one week, very disappointed with the quality.",negative
REV-3306,CUST-101613,The blender arrived on time and packaging was perfect. Five stars.,positive
REV-3307,CUST-104738,"Overpriced for what you get, the backpack feels cheap and flimsy.",negative
REV-3308,CUST-104731,"Overpriced for what you get, the phone case feels cheap and flimsy.",negative
REV-3309,CUST-101750,"The backpack broke after one week, very disappointed with the quality.",negative
REV-3310,CUST-101719,"Fast delivery and the coffee maker works great, very happy with this purchase.",positive
REV-3311,CUST-104837,"Fast delivery and the phone case works great, very happy with this purchase.",positive
REV-3312,CUST-105833,"Fast delivery and the blender works great, very happy with this purchase.",positive
REV-3313,CUST-105925,"Great customer support when my wireless earbuds had an issue, resolved quickly.",positive
REV-3314,CUST-100115,"Excellent quality wireless earbuds, exceeded my expectations. Will buy again!",positive
REV-3315,CUST-101918,Customer support never responded about my backpack refund request.,negative
REV-3316,CUST-102702,"Great customer support when my wireless earbuds had an issue, resolved quickly.",positive
REV-3317,CUST-102752,The blender arrived on time and packaging was perfect. Five stars.,positive
REV-3318,CUST-102302,"Great customer support when my phone case had an issue, resolved quickly.",positive
REV-3319,CUST-105283,Customer support never responded about my phone case refund request.,negative
REV-3320,CUST-100539,Delivery took way too long and the desk lamp arrived damaged.,negative
REV-3321,CUST-100363,"Overpriced for what you get, the coffee maker feels cheap and flimsy.",negative
REV-3322,CUST-105905,"Great customer support when my backpack had an issue, resolved quickly.",positive
REV-3323,CUST-100292,"Fast delivery and the blender works great, very happy with this purchase.",positive
REV-3324,CUST-104147,The wireless earbuds arrived on time and packaging was perfect. Five stars.,positive
REV-3325,CUST-104058,"Fast delivery and the blender works great, very happy with this purchase.",positive
REV-3326,CUST-101206,"Fast delivery and the wireless earbuds works great, very happy with this purchase.",positive
REV-3327,CUST-100753,Customer support never responded about my phone case refund request.,negative
REV-3328,CUST-105335,"Fast delivery and the backpack works great, very happy with this purchase.",positive
REV-3329,CUST-100638,"Overpriced for what you get, the phone case feels cheap and flimsy.",negative
REV-3330,CUST-100292,The phone case arrived on time and packaging was perfect. Five stars.,positive
REV-3331,CUST-104358,The office chair arrived on time and packaging was perfect. Five stars.,positive
REV-3332,CUST-103674,"Fast delivery and the desk lamp works great, very happy with this purchase.",positive
REV-3333,CUST-104738,Delivery took way too long and the phone case arrived damaged.,negative
REV-3334,CUST-104570,"Love the phone case, exactly as described. Highly recommend to others.",positive
REV-3335,CUST-103979,Delivery took way too long and the phone case arrived damaged.,negative
REV-3336,CUST-101221,"Overpriced for what you get, the office chair feels cheap and flimsy.",negative
REV-3337,CUST-102938,The phone case arrived on time and packaging was perfect. Five stars.,positive
REV-3338,CUST-104638,"Love the blender, exactly as described. Highly recommend to others.",positive
REV-3339,CUST-104840,"Fast delivery and the desk lamp works great, very happy with this purchase.",positive
REV-3340,CUST-104172,Delivery took way too long and the backpack arrived damaged.,negative
REV-3341,CUST-102451,"Excellent quality phone case, exceeded my expectations. Will buy again!",positive
REV-3342,CUST-105473,"The blender broke after one week, very disappointed with the quality.",negative
REV-3343,CUST-102121,"Excellent quality backpack, exceeded my expectations. Will buy again!",positive
REV-3344,CUST-102029,"Excellent quality sneakers, exceeded my expectations. Will buy again!",positive
REV-3345,CUST-102578,"Fast delivery and the blender works great, very happy with this purchase.",positive
REV-3346,CUST-102395,"Fast delivery and the sneakers works great, very happy with this purchase.",positive
REV-3347,CUST-100680,Delivery took way too long and the desk lamp arrived damaged.,negative
REV-3348,CUST-105742,"Would not recommend, the coffee maker did not match the description at all.",negative
REV-3349,CUST-103929,"Love the coffee maker, exactly as described. Highly recommend to others.",positive
REV-3350,CUST-104611,"Great customer support when my desk lamp had an issue, resolved quickly.",positive
REV-3351,CUST-100335,"Fast delivery and the coffee maker works great, very happy with this purchase.",positive
REV-3352,CUST-105532,"Overpriced for what you get, the phone case feels cheap and flimsy.",negative
REV-3353,CUST-104297,"Excellent quality phone case, exceeded my expectations. Will buy again!",positive
REV-3354,CUST-101998,"Fast delivery and the office chair works great, very happy with this purchase.",positive
REV-3355,CUST-103385,Delivery took way too long and the blender arrived damaged.,negative
REV-3356,CUST-102493,"Fast delivery and the backpack works great, very happy with this purchase.",positive
REV-3357,CUST-104378,"Fast delivery and the desk lamp works great, very happy with this purchase.",positive
REV-3358,CUST-101412,"Love the blender, exactly as described. Highly recommend to others.",positive
REV-3359,CUST-100195,"Would not recommend, the coffee maker did not match the description at all.",negative
REV-3360,CUST-101284,"The backpack broke after one week, very disappointed with the quality.",negative
REV-3361,CUST-101958,"The blender broke after one week, very disappointed with the quality.",negative
REV-3362,CUST-104919,"Love the phone case, exactly as described. Highly recommend to others.",positive
REV-3363,CUST-104492,"Love the sneakers, exactly as described. Highly recommend to others.",positive
REV-3364,CUST-101758,"Overpriced for what you get, the blender feels cheap and flimsy.",negative
REV-3365,CUST-100007,"Excellent quality office chair, exceeded my expectations. Will buy again!",positive
REV-3366,CUST-105760,"Excellent quality phone case, exceeded my expectations. Will buy again!",positive
REV-3367,CUST-100210,Delivery took way too long and the office chair arrived damaged.,negative
REV-3368,CUST-104616,"Love the phone case, exactly as described. Highly recommend to others.",positive
REV-3369,CUST-103954,"Fast delivery and the blender works great, very happy with this purchase.",positive
REV-3370,CUST-101344,"Love the desk lamp, exactly as described. Highly recommend to others.",positive
REV-3371,CUST-100033,"Excellent quality office chair, exceeded my expectations. Will buy again!",positive
REV-3372,CUST-104237,"Excellent quality sneakers, exceeded my expectations. Will buy again!",positive
REV-3373,CUST-101148,"Love the blender, exactly as described. Highly recommend to others.",positive
REV-3374,CUST-101548,"Overpriced for what you get, the sneakers feels cheap and flimsy.",negative
REV-3375,CUST-105852,The phone case arrived on time and packaging was perfect. Five stars.,positive
REV-3376,CUST-101417,"Love the desk lamp, exactly as described. Highly recommend to others.",positive
REV-3377,CUST-100122,The office chair arrived on time and packaging was perfect. Five stars.,positive
REV-3378,CUST-101507,"Great customer support when my phone case had an issue, resolved quickly.",positive
REV-3379,CUST-100521,The phone case arrived on time and packaging was perfect. Five stars.,positive
REV-3380,CUST-100139,"Overpriced for what you get, the desk lamp feels cheap and flimsy.",negative
REV-3381,CUST-105509,"Excellent quality desk lamp, exceeded my expectations. Will buy again!",positive
REV-3382,CUST-100139,The backpack arrived on time and packaging was perfect. Five stars.,positive
REV-3383,CUST-101949,"Excellent quality backpack, exceeded my expectations. Will buy again!",positive
REV-3384,CUST-105295,"Fast delivery and the coffee maker works great, very happy with this purchase.",positive
REV-3385,CUST-100043,"Great customer support when my phone case had an issue, resolved quickly.",positive
REV-3386,CUST-105293,"The office chair broke after one week, very disappointed with the quality.",negative
REV-3387,CUST-100877,"Love the office chair, exactly as described. Highly recommend to others.",positive
REV-3388,CUST-100864,"Overpriced for what you get, the backpack feels cheap and flimsy.",negative
REV-3389,CUST-102557,"Overpriced for what you get, the desk lamp feels cheap and flimsy.",negative
REV-3390,CUST-105964,"Great customer support when my office chair had an issue, resolved quickly.",positive
REV-3391,CUST-101515,"The office chair broke after one week, very disappointed with the quality.",negative
REV-3392,CUST-100245,The desk lamp arrived on time and packaging was perfect. Five stars.,positive
REV-3393,CUST-103234,"Overpriced for what you get, the backpack feels cheap and flimsy.",negative
REV-3394,CUST-105225,"Great customer support when my wireless earbuds had an issue, resolved quickly.",positive
REV-3395,CUST-104815,"Love the office chair, exactly as described. Highly recommend to others.",positive
REV-3396,CUST-100932,"Great customer support when my backpack had an issue, resolved quickly.",positive
REV-3397,CUST-105197,Customer support never responded about my wireless earbuds refund request.,negative
REV-3398,CUST-100766,The blender arrived on time and packaging was perfect. Five stars.,positive
REV-3399,CUST-103010,"Fast delivery and the blender works great, very happy with this purchase.",positive
REV-3400,CUST-101688,"Would not recommend, the phone case did not match the description at all.",negative
REV-3401,CUST-105202,"Excellent quality office chair, exceeded my expectations. Will buy again!",positive
REV-3402,CUST-105463,"Love the wireless earbuds, exactly as described. Highly recommend to others.",positive
REV-3403,CUST-104504,"Great customer support when my office chair had an issue, resolved quickly.",positive
REV-3404,CUST-101041,"Fast delivery and the desk lamp works great, very happy with this purchase.",positive
REV-3405,CUST-105681,"The wireless earbuds broke after one week, very disappointed with the quality.",negative
REV-3406,CUST-103709,"Overpriced for what you get, the backpack feels cheap and flimsy.",negative
REV-3407,CUST-100970,"Overpriced for what you get, the coffee maker feels cheap and flimsy.",negative
REV-3408,CUST-103108,"Great customer support when my backpack had an issue, resolved quickly.",positive
REV-3409,CUST-101432,"Overpriced for what you get, the sneakers feels cheap and flimsy.",negative
REV-3410,CUST-100670,"Great customer support when my backpack had an issue, resolved quickly.",positive
REV-3411,CUST-103553,"Fast delivery and the desk lamp works great, very happy with this purchase.",positive
REV-3412,CUST-103975,"Excellent quality office chair, exceeded my expectations. Will buy again!",positive
REV-3413,CUST-103949,"Fast delivery and the wireless earbuds works great, very happy with this purchase.",positive
REV-3414,CUST-103260,"Overpriced for what you get, the phone case feels cheap and flimsy.",negative
REV-3415,CUST-104134,"Overpriced for what you get, the desk lamp feels cheap and flimsy.",negative
REV-3416,CUST-104071,"The blender broke after one week, very disappointed with the quality.",negative
REV-3417,CUST-104843,"Great customer support when my backpack had an issue, resolved quickly.",positive
REV-3418,CUST-101266,Customer support never responded about my desk lamp refund request.,negative
REV-3419,CUST-100778,"Would not recommend, the backpack did not match the description at all.",negative
REV-3420,CUST-104780,"Great customer support when my backpack had an issue, resolved quickly.",positive
REV-3421,CUST-105939,"The desk lamp broke after one week, very disappointed with the quality.",negative
REV-3422,CUST-101768,"Love the desk lamp, exactly as described. Highly recommend to others.",positive
REV-3423,CUST-102953,"Excellent quality desk lamp, exceeded my expectations. Will buy again!",positive
REV-3424,CUST-105718,Delivery took way too long and the phone case arrived damaged.,negative
REV-3425,CUST-101316,The office chair arrived on time and packaging was perfect. Five stars.,positive
REV-3426,CUST-101736,"Fast delivery and the phone case works great, very happy with this purchase.",positive
REV-3427,CUST-102226,Delivery took way too long and the desk lamp arrived damaged.,negative
REV-3428,CUST-104341,"Would not recommend, the coffee maker did not match the description at all.",negative
REV-3429,CUST-102806,"Love the backpack, exactly as described. Highly recommend to others.",positive
REV-3430,CUST-103700,Delivery took way too long and the office chair arrived damaged.,negative
REV-3431,CUST-102529,"Love the backpack, exactly as described. Highly recommend to others.",positive
REV-3432,CUST-104085,"Overpriced for what you get, the blender feels cheap and flimsy.",negative
REV-3433,CUST-104120,"Fast delivery and the phone case works great, very happy with this purchase.",positive
REV-3434,CUST-101802,"Would not recommend, the sneakers did not match the description at all.",negative
REV-3435,CUST-105573,"Great customer support when my sneakers had an issue, resolved quickly.",positive
REV-3436,CUST-105410,"Excellent quality sneakers, exceeded my expectations. Will buy again!",positive
REV-3437,CUST-100074,Customer support never responded about my coffee maker refund request.,negative
REV-3438,CUST-104462,Delivery took way too long and the coffee maker arrived damaged.,negative
REV-3439,CUST-103469,"Excellent quality office chair, exceeded my expectations. Will buy again!",positive
REV-3440,CUST-102587,Customer support never responded about my office chair refund request.,negative
REV-3441,CUST-105739,"Overpriced for what you get, the coffee maker feels cheap and flimsy.",negative
REV-3442,CUST-100641,"Fast delivery and the coffee maker works great, very happy with this purchase.",positive
REV-3443,CUST-103128,Delivery took way too long and the blender arrived damaged.,negative
REV-3444,CUST-104909,"Fast delivery and the desk lamp works great, very happy with this purchase.",positive
REV-3445,CUST-104531,"Great customer support when my sneakers had an issue, resolved quickly.",positive
REV-3446,CUST-103085,"Would not recommend, the coffee maker did not match the description at all.",negative
REV-3447,CUST-104220,Customer support never responded about my wireless earbuds refund request.,negative
REV-3448,CUST-103358,"Love the wireless earbuds, exactly as described. Highly recommend to others.",positive
REV-3449,CUST-100953,"Overpriced for what you get, the office chair feels cheap and flimsy.",negative
REV-3450,CUST-103512,"Love the sneakers, exactly as described. Highly recommend to others.",positive
REV-3451,CUST-101885,"Great customer support when my wireless earbuds had an issue, resolved quickly.",positive
REV-3452,CUST-100447,The wireless earbuds arrived on time and packaging was perfect. Five stars.,positive
REV-3453,CUST-104495,"The blender broke after one week, very disappointed with the quality.",negative
REV-3454,CUST-102033,"Fast delivery and the desk lamp works great, very happy with this purchase.",positive
REV-3455,CUST-103927,"Great customer support when my office chair had an issue, resolved quickly.",positive
REV-3456,CUST-104392,"Fast delivery and the coffee maker works great, very happy with this purchase.",positive
REV-3457,CUST-104252,"Love the sneakers, exactly as described. Highly recommend to others.",positive
REV-3458,CUST-105397,"Fast delivery and the backpack works great, very happy with this purchase.",positive
REV-3459,CUST-104143,"Fast delivery and the desk lamp works great, very happy with this purchase.",positive
REV-3460,CUST-101097,"Fast delivery and the phone case works great, very happy with this purchase.",positive
REV-3461,CUST-102194,"Overpriced for what you get, the office chair feels cheap and flimsy.",negative
REV-3462,CUST-103214,"Overpriced for what you get, the office chair feels cheap and flimsy.",negative
REV-3463,CUST-102540,"Would not recommend, the backpack did not match the description at all.",negative
REV-3464,CUST-104582,Customer support never responded about my backpack refund request.,negative
REV-3465,CUST-101312,Customer support never responded about my phone case refund request.,negative
REV-3466,CUST-101509,"Fast delivery and the blender works great, very happy with this purchase.",positive
REV-3467,CUST-102999,"Fast delivery and the wireless earbuds works great, very happy with this purchase.",positive
REV-3468,CUST-100514,"Overpriced for what you get, the wireless earbuds feels cheap and flimsy.",negative
REV-3469,CUST-101456,"Excellent quality sneakers, exceeded my expectations. Will buy again!",positive
REV-3470,CUST-104335,Customer support never responded about my blender refund request.,negative
REV-3471,CUST-103289,"Overpriced for what you get, the sneakers feels cheap and flimsy.",negative
REV-3472,CUST-100217,"Great customer support when my sneakers had an issue, resolved quickly.",positive
REV-3473,CUST-102900,Delivery took way too long and the office chair arrived damaged.,negative
REV-3474,CUST-105872,"Great customer support when my blender had an issue, resolved quickly.",positive
REV-3475,CUST-104609,"The wireless earbuds broke after one week, very disappointed with the quality.",negative
REV-3476,CUST-105649,Delivery took way too long and the office chair arrived damaged.,negative
REV-3477,CUST-101537,"Excellent quality wireless earbuds, exceeded my expectations. Will buy again!",positive
REV-3478,CUST-102368,"Love the office chair, exactly as described. Highly recommend to others.",positive
REV-3479,CUST-102618,The backpack arrived on time and packaging was perfect. Five stars.,positive
REV-3480,CUST-102037,"The office chair broke after one week, very disappointed with the quality.",negative
REV-3481,CUST-103148,"Love the sneakers, exactly as described. Highly recommend to others.",positive
REV-3482,CUST-100934,"Great customer support when my sneakers had an issue, resolved quickly.",positive
REV-3483,CUST-101297,"Would not recommend, the desk lamp did not match the description at all.",negative
REV-3484,CUST-104374,Delivery took way too long and the backpack arrived damaged.,negative
REV-3485,CUST-102469,"Excellent quality coffee maker, exceeded my expectations. Will buy again!",positive
REV-3486,CUST-103595,"Would not recommend, the wireless earbuds did not match the description at all.",negative
REV-3487,CUST-104900,"Love the phone case, exactly as described. Highly recommend to others.",positive
REV-3488,CUST-101489,"Great customer support when my sneakers had an issue, resolved quickly.",positive
REV-3489,CUST-104685,"Excellent quality office chair, exceeded my expectations. Will buy again!",positive
REV-3490,CUST-102405,Customer support never responded about my phone case refund request.,negative
REV-3491,CUST-102515,"Great customer support when my backpack had an issue, resolved quickly.",positive
REV-3492,CUST-100736,"Great customer support when my office chair had an issue, resolved quickly.",positive
REV-3493,CUST-100743,"Fast delivery and the backpack works great, very happy with this purchase.",positive
REV-3494,CUST-102366,The coffee maker arrived on time and packaging was perfect. Five stars.,positive
REV-3495,CUST-105828,Customer support never responded about my wireless earbuds refund request.,negative
REV-3496,CUST-103344,"Fast delivery and the backpack works great, very happy with this purchase.",positive
REV-3497,CUST-101851,The phone case arrived on time and packaging was perfect. Five stars.,positive
REV-3498,CUST-102671,"Excellent quality coffee maker, exceeded my expectations. Will buy again!",positive
REV-3499,CUST-102170,"Love the desk lamp, exactly as described. Highly recommend to others.",positive
REV-3500,CUST-100395,Delivery took way too long and the sneakers arrived damaged.,negative
REV-3501,CUST-101215,Customer support never responded about my blender refund request.,negative
REV-3502,CUST-103976,"Overpriced for what you get, the desk lamp feels cheap and flimsy.",negative
REV-3503,CUST-100072,"Excellent quality blender, exceeded my expectations. Will buy again!",positive
REV-3504,CUST-101939,The wireless earbuds arrived on time and packaging was perfect. Five stars.,positive
REV-3505,CUST-100652,The desk lamp arrived on time and packaging was perfect. Five stars.,positive
REV-3506,CUST-100386,"The blender broke after one week, very disappointed with the quality.",negative
REV-3507,CUST-105745,"Would not recommend, the backpack did not match the description at all.",negative
REV-3508,CUST-103542,"Fast delivery and the phone case works great, very happy with this purchase.",positive
REV-3509,CUST-100812,"Would not recommend, the coffee maker did not match the description at all.",negative
REV-3510,CUST-101306,Customer support never responded about my blender refund request.,negative
REV-3511,CUST-104817,"Overpriced for what you get, the wireless earbuds feels cheap and flimsy.",negative
REV-3512,CUST-103851,"Would not recommend, the office chair did not match the description at all.",negative
REV-3513,CUST-105861,"Great customer support when my phone case had an issue, resolved quickly.",positive
REV-3514,CUST-101915,"Fast delivery and the wireless earbuds works great, very happy with this purchase.",positive
REV-3515,CUST-103739,"The blender broke after one week, very disappointed with the quality.",negative
REV-3516,CUST-103158,"Fast delivery and the wireless earbuds works great, very happy with this purchase.",positive
REV-3517,CUST-104365,"Love the blender, exactly as described. Highly recommend to others.",positive
REV-3518,CUST-103468,Customer support never responded about my coffee maker refund request.,negative
REV-3519,CUST-103204,"Great customer support when my blender had an issue, resolved quickly.",positive
REV-3520,CUST-100069,"Would not recommend, the phone case did not match the description at all.",negative
REV-3521,CUST-102313,"The wireless earbuds broke after one week, very disappointed with the quality.",negative
REV-3522,CUST-100857,"Great customer support when my desk lamp had an issue, resolved quickly.",positive
REV-3523,CUST-103295,Customer support never responded about my office chair refund request.,negative
REV-3524,CUST-100983,"Excellent quality office chair, exceeded my expectations. Will buy again!",positive
REV-3525,CUST-101414,Customer support never responded about my wireless earbuds refund request.,negative
REV-3526,CUST-100288,Customer support never responded about my wireless earbuds refund request.,negative
REV-3527,CUST-101468,"Fast delivery and the sneakers works great, very happy with this purchase.",positive
REV-3528,CUST-103016,Customer support never responded about my desk lamp refund request.,negative
REV-3529,CUST-100204,"Excellent quality phone case, exceeded my expectations. Will buy again!",positive
REV-3530,CUST-100841,The phone case arrived on time and packaging was perfect. Five stars.,positive
REV-3531,CUST-101118,"Love the coffee maker, exactly as described. Highly recommend to others.",positive
REV-3532,CUST-103603,"Fast delivery and the desk lamp works great, very happy with this purchase.",positive
REV-3533,CUST-100754,"Fast delivery and the desk lamp works great, very happy with this purchase.",positive
REV-3534,CUST-103256,The coffee maker arrived on time and packaging was perfect. Five stars.,positive
REV-3535,CUST-104257,Delivery took way too long and the coffee maker arrived damaged.,negative
REV-3536,CUST-103686,"Overpriced for what you get, the coffee maker feels cheap and flimsy.",negative
REV-3537,CUST-100725,"Excellent quality blender, exceeded my expectations. Will buy again!",positive
REV-3538,CUST-100410,The blender arrived on time and packaging was perfect. Five stars.,positive
REV-3539,CUST-102325,"Would not recommend, the office chair did not match the description at all.",negative
REV-3540,CUST-100815,The coffee maker arrived on time and packaging was perfect. Five stars.,positive
REV-3541,CUST-104766,"Excellent quality phone case, exceeded my expectations. Will buy again!",positive
REV-3542,CUST-104622,"Love the phone case, exactly as described. Highly recommend to others.",positive
REV-3543,CUST-104190,Customer support never responded about my phone case refund request.,negative
REV-3544,CUST-105093,The office chair arrived on time and packaging was perfect. Five stars.,positive
REV-3545,CUST-101009,"Excellent quality backpack, exceeded my expectations. Will buy again!",positive
REV-3546,CUST-100903,Customer support never responded about my office chair refund request.,negative
REV-3547,CUST-103476,"Excellent quality wireless earbuds, exceeded my expectations. Will buy again!",positive
REV-3548,CUST-105707,Customer support never responded about my coffee maker refund request.,negative
REV-3549,CUST-105639,"Excellent quality desk lamp, exceeded my expectations. Will buy again!",positive
REV-3550,CUST-101106,"Fast delivery and the phone case works great, very happy with this purchase.",positive
REV-3551,CUST-105520,"Excellent quality sneakers, exceeded my expectations. Will buy again!",positive
REV-3552,CUST-105171,"Would not recommend, the desk lamp did not match the description at all.",negative
REV-3553,CUST-102049,The blender arrived on time and packaging was perfect. Five stars.,positive
REV-3554,CUST-105742,"Fast delivery and the sneakers works great, very happy with this purchase.",positive
REV-3555,CUST-100666,Delivery took way too long and the coffee maker arrived damaged.,negative
REV-3556,CUST-104705,"Would not recommend, the sneakers did not match the description at all.",negative
REV-3557,CUST-100130,"The sneakers broke after one week, very disappointed with the quality.",negative
REV-3558,CUST-101418,"Excellent quality sneakers, exceeded my expectations. Will buy again!",positive
REV-3559,CUST-104901,Delivery took way too long and the backpack arrived damaged.,negative
REV-3560,CUST-100527,"The office chair broke after one week, very disappointed with the quality.",negative
REV-3561,CUST-105740,"Overpriced for what you get, the backpack feels cheap and flimsy.",negative
REV-3562,CUST-102921,"Love the phone case, exactly as described. Highly recommend to others.",positive
REV-3563,CUST-101833,"Love the office chair, exactly as described. Highly recommend to others.",positive
REV-3564,CUST-103964,"The desk lamp broke after one week, very disappointed with the quality.",negative
REV-3565,CUST-102942,The office chair arrived on time and packaging was perfect. Five stars.,positive
REV-3566,CUST-102231,"Would not recommend, the sneakers did not match the description at all.",negative
REV-3567,CUST-105210,"Would not recommend, the coffee maker did not match the description at all.",negative
REV-3568,CUST-105522,"Fast delivery and the office chair works great, very happy with this purchase.",positive
REV-3569,CUST-105296,"Love the backpack, exactly as described. Highly recommend to others.",positive
REV-3570,CUST-104796,The wireless earbuds arrived on time and packaging was perfect. Five stars.,positive
REV-3571,CUST-105690,Delivery took way too long and the coffee maker arrived damaged.,negative
REV-3572,CUST-103063,"Great customer support when my blender had an issue, resolved quickly.",positive
REV-3573,CUST-102951,"The wireless earbuds broke after one week, very disappointed with the quality.",negative
REV-3574,CUST-100520,"Fast delivery and the phone case works great, very happy with this purchase.",positive
REV-3575,CUST-102063,"Fast delivery and the sneakers works great, very happy with this purchase.",positive
REV-3576,CUST-102834,Customer support never responded about my blender refund request.,negative
REV-3577,CUST-102860,"Love the wireless earbuds, exactly as described. Highly recommend to others.",positive
REV-3578,CUST-101659,"Overpriced for what you get, the phone case feels cheap and flimsy.",negative
REV-3579,CUST-100013,"Fast delivery and the office chair works great, very happy with this purchase.",positive
REV-3580,CUST-100188,"Great customer support when my coffee maker had an issue, resolved quickly.",positive
REV-3581,CUST-100976,Customer support never responded about my office chair refund request.,negative
REV-3582,CUST-104992,"Great customer support when my coffee maker had an issue, resolved quickly.",positive
REV-3583,CUST-102000,"Overpriced for what you get, the blender feels cheap and flimsy.",negative
REV-3584,CUST-100984,"Fast delivery and the coffee maker works great, very happy with this purchase.",positive
REV-3585,CUST-103942,"Love the desk lamp, exactly as described. Highly recommend to others.",positive
REV-3586,CUST-105345,"Overpriced for what you get, the office chair feels cheap and flimsy.",negative
REV-3587,CUST-101229,"Fast delivery and the sneakers works great, very happy with this purchase.",positive
REV-3588,CUST-102177,The coffee maker arrived on time and packaging was perfect. Five stars.,positive
REV-3589,CUST-105835,"Excellent quality wireless earbuds, exceeded my expectations. Will buy again!",positive
REV-3590,CUST-104264,"Excellent quality desk lamp, exceeded my expectations. Will buy again!",positive
REV-3591,CUST-101981,The desk lamp arrived on time and packaging was perfect. Five stars.,positive
REV-3592,CUST-104544,"Love the blender, exactly as described. Highly recommend to others.",positive
REV-3593,CUST-102357,"The desk lamp broke after one week, very disappointed with the quality.",negative
REV-3594,CUST-102518,Customer support never responded about my wireless earbuds refund request.,negative
REV-3595,CUST-105946,"Love the coffee maker, exactly as described. Highly recommend to others.",positive
REV-3596,CUST-103370,"Fast delivery and the blender works great, very happy with this purchase.",positive
REV-3597,CUST-102136,"Excellent quality phone case, exceeded my expectations. Will buy again!",positive
REV-3598,CUST-102334,"Would not recommend, the sneakers did not match the description at all.",negative
REV-3599,CUST-101948,"The desk lamp broke after one week, very disappointed with the quality.",negative
REV-3600,CUST-103915,"Excellent quality wireless earbuds, exceeded my expectations. Will buy again!",positive
REV-3601,CUST-105737,"Love the backpack, exactly as described. Highly recommend to others.",positive
REV-3602,CUST-100405,"Overpriced for what you get, the desk lamp feels cheap and flimsy.",negative
REV-3603,CUST-104944,"Excellent quality desk lamp, exceeded my expectations. Will buy again!",positive
REV-3604,CUST-103361,"Overpriced for what you get, the sneakers feels cheap and flimsy.",negative
REV-3605,CUST-105759,Delivery took way too long and the phone case arrived damaged.,negative
REV-3606,CUST-105278,"Fast delivery and the sneakers works great, very happy with this purchase.",positive
REV-3607,CUST-105258,Customer support never responded about my office chair refund request.,negative
REV-3608,CUST-104233,"Overpriced for what you get, the blender feels cheap and flimsy.",negative
REV-3609,CUST-100274,"Love the backpack, exactly as described. Highly recommend to others.",positive
REV-3610,CUST-105452,"The office chair broke after one week, very disappointed with the quality.",negative
REV-3611,CUST-100443,"Fast delivery and the wireless earbuds works great, very happy with this purchase.",positive
REV-3612,CUST-102228,"Great customer support when my backpack had an issue, resolved quickly.",positive
REV-3613,CUST-104598,"Excellent quality wireless earbuds, exceeded my expectations. Will buy again!",positive
REV-3614,CUST-103096,"The backpack broke after one week, very disappointed with the quality.",negative
REV-3615,CUST-100119,"The wireless earbuds broke after one week, very disappointed with the quality.",negative
REV-3616,CUST-101652,"Love the blender, exactly as described. Highly recommend to others.",positive
REV-3617,CUST-103363,"Excellent quality sneakers, exceeded my expectations. Will buy again!",positive
REV-3618,CUST-103015,"Fast delivery and the sneakers works great, very happy with this purchase.",positive
REV-3619,CUST-105302,"The coffee maker broke after one week, very disappointed with the quality.",negative
REV-3620,CUST-102361,"Fast delivery and the coffee maker works great, very happy with this purchase.",positive
REV-3621,CUST-101857,"Overpriced for what you get, the office chair feels cheap and flimsy.",negative
REV-3622,CUST-105084,"Excellent quality desk lamp, exceeded my expectations. Will buy again!",positive
REV-3623,CUST-102379,The blender arrived on time and packaging was perfect. Five stars.,positive
REV-3624,CUST-105449,"Overpriced for what you get, the wireless earbuds feels cheap and flimsy.",negative
REV-3625,CUST-104405,"Excellent quality backpack, exceeded my expectations. Will buy again!",positive
REV-3626,CUST-104226,The wireless earbuds arrived on time and packaging was perfect. Five stars.,positive
REV-3627,CUST-103655,"Would not recommend, the desk lamp did not match the description at all.",negative
REV-3628,CUST-104950,"Overpriced for what you get, the phone case feels cheap and flimsy.",negative
REV-3629,CUST-102313,"Fast delivery and the desk lamp works great, very happy with this purchase.",positive
REV-3630,CUST-104361,"Excellent quality backpack, exceeded my expectations. Will buy again!",positive
REV-3631,CUST-105977,"Would not recommend, the desk lamp did not match the description at all.",negative
REV-3632,CUST-101439,"The blender broke after one week, very disappointed with the quality.",negative
REV-3633,CUST-103696,"Great customer support when my wireless earbuds had an issue, resolved quickly.",positive
REV-3634,CUST-105394,The backpack arrived on time and packaging was perfect. Five stars.,positive
REV-3635,CUST-101689,"Love the desk lamp, exactly as described. Highly recommend to others.",positive
REV-3636,CUST-101507,"The coffee maker broke after one week, very disappointed with the quality.",negative
REV-3637,CUST-100369,"Excellent quality backpack, exceeded my expectations. Will buy again!",positive
REV-3638,CUST-105537,The desk lamp arrived on time and packaging was perfect. Five stars.,positive
REV-3639,CUST-101947,"Fast delivery and the phone case works great, very happy with this purchase.",positive
REV-3640,CUST-105446,"Love the coffee maker, exactly as described. Highly recommend to others.",positive
REV-3641,CUST-104303,Delivery took way too long and the backpack arrived damaged.,negative
REV-3642,CUST-101330,"Love the blender, exactly as described. Highly recommend to others.",positive
REV-3643,CUST-101175,"Fast delivery and the backpack works great, very happy with this purchase.",positive
REV-3644,CUST-103924,"Would not recommend, the desk lamp did not match the description at all.",negative
REV-3645,CUST-105520,"Fast delivery and the desk lamp works great, very happy with this purchase.",positive
REV-3646,CUST-100449,"Excellent quality office chair, exceeded my expectations. Will buy again!",positive
REV-3647,CUST-105623,"Overpriced for what you get, the blender feels cheap and flimsy.",negative
REV-3648,CUST-101488,"Would not recommend, the sneakers did not match the description at all.",negative
REV-3649,CUST-105053,"Overpriced for what you get, the office chair feels cheap and flimsy.",negative
REV-3650,CUST-103100,"Love the sneakers, exactly as described. Highly recommend to others.",positive
REV-3651,CUST-103706,Customer support never responded about my wireless earbuds refund request.,negative
REV-3652,CUST-102882,"Excellent quality blender, exceeded my expectations. Will buy again!",positive
REV-3653,CUST-101523,Customer support never responded about my blender refund request.,negative
REV-3654,CUST-102427,"Love the blender, exactly as described. Highly recommend to others.",positive
REV-3655,CUST-102511,Customer support never responded about my office chair refund request.,negative
REV-3656,CUST-101783,Customer support never responded about my desk lamp refund request.,negative
REV-3657,CUST-102317,"Overpriced for what you get, the desk lamp feels cheap and flimsy.",negative
REV-3658,CUST-102841,"Love the wireless earbuds, exactly as described. Highly recommend to others.",positive
REV-3659,CUST-100429,"Love the blender, exactly as described. Highly recommend to others.",positive
REV-3660,CUST-102361,"Great customer support when my phone case had an issue, resolved quickly.",positive
REV-3661,CUST-105388,"The wireless earbuds broke after one week, very disappointed with the quality.",negative
REV-3662,CUST-103021,"Would not recommend, the desk lamp did not match the description at all.",negative
REV-3663,CUST-104857,Delivery took way too long and the coffee maker arrived damaged.,negative
REV-3664,CUST-100631,"Excellent quality desk lamp, exceeded my expectations. Will buy again!",positive
REV-3665,CUST-102786,"Love the office chair, exactly as described. Highly recommend to others.",positive
REV-3666,CUST-105510,"Great customer support when my wireless earbuds had an issue, resolved quickly.",positive
REV-3667,CUST-103372,"Fast delivery and the blender works great, very happy with this purchase.",positive
REV-3668,CUST-104661,"Love the wireless earbuds, exactly as described. Highly recommend to others.",positive
REV-3669,CUST-101697,"Excellent quality phone case, exceeded my expectations. Will buy again!",positive
REV-3670,CUST-103411,Delivery took way too long and the blender arrived damaged.,negative
REV-3671,CUST-102193,"Overpriced for what you get, the wireless earbuds feels cheap and flimsy.",negative
REV-3672,CUST-103221,"Fast delivery and the desk lamp works great, very happy with this purchase.",positive
REV-3673,CUST-105507,"Excellent quality desk lamp, exceeded my expectations. Will buy again!",positive
REV-3674,CUST-105460,"Overpriced for what you get, the sneakers feels cheap and flimsy.",negative
REV-3675,CUST-101856,Customer support never responded about my blender refund request.,negative
REV-3676,CUST-104624,"Love the coffee maker, exactly as described. Highly recommend to others.",positive
REV-3677,CUST-104091,"The backpack broke after one week, very disappointed with the quality.",negative
REV-3678,CUST-101390,"Love the office chair, exactly as described. Highly recommend to others.",positive
REV-3679,CUST-103931,Delivery took way too long and the wireless earbuds arrived damaged.,negative
REV-3680,CUST-102438,"The coffee maker broke after one week, very disappointed with the quality.",negative
REV-3681,CUST-103187,The blender arrived on time and packaging was perfect. Five stars.,positive
REV-3682,CUST-103522,"Fast delivery and the backpack works great, very happy with this purchase.",positive
REV-3683,CUST-100365,"Would not recommend, the coffee maker did not match the description at all.",negative
REV-3684,CUST-104798,"The backpack broke after one week, very disappointed with the quality.",negative
REV-3685,CUST-104212,"Great customer support when my desk lamp had an issue, resolved quickly.",positive
REV-3686,CUST-102999,"Fast delivery and the phone case works great, very happy with this purchase.",positive
REV-3687,CUST-102185,"Great customer support when my wireless earbuds had an issue, resolved quickly.",positive
REV-3688,CUST-104037,The wireless earbuds arrived on time and packaging was perfect. Five stars.,positive
REV-3689,CUST-105937,"Fast delivery and the blender works great, very happy with this purchase.",positive
REV-3690,CUST-103528,The desk lamp arrived on time and packaging was perfect. Five stars.,positive
REV-3691,CUST-104364,"The office chair broke after one week, very disappointed with the quality.",negative
REV-3692,CUST-105939,"The office chair broke after one week, very disappointed with the quality.",negative
REV-3693,CUST-103274,"Great customer support when my desk lamp had an issue, resolved quickly.",positive
REV-3694,CUST-101213,"Would not recommend, the coffee maker did not match the description at all.",negative
REV-3695,CUST-104099,"Would not recommend, the backpack did not match the description at all.",negative
REV-3696,CUST-104205,"The desk lamp broke after one week, very disappointed with the quality.",negative
REV-3697,CUST-102683,Customer support never responded about my coffee maker refund request.,negative
REV-3698,CUST-105866,Customer support never responded about my blender refund request.,negative
REV-3699,CUST-105217,"Would not recommend, the office chair did not match the description at all.",negative
REV-3700,CUST-105238,"Overpriced for what you get, the backpack feels cheap and flimsy.",negative
REV-3701,CUST-104055,The blender arrived on time and packaging was perfect. Five stars.,positive
REV-3702,CUST-100558,Customer support never responded about my office chair refund request.,negative
REV-3703,CUST-104395,Delivery took way too long and the sneakers arrived damaged.,negative
REV-3704,CUST-104416,"Would not recommend, the coffee maker did not match the description at all.",negative
REV-3705,CUST-100511,"Excellent quality sneakers, exceeded my expectations. Will buy again!",positive
REV-3706,CUST-105665,"Fast delivery and the backpack works great, very happy with this purchase.",positive
REV-3707,CUST-103443,"Love the coffee maker, exactly as described. Highly recommend to others.",positive
REV-3708,CUST-101504,The desk lamp arrived on time and packaging was perfect. Five stars.,positive
REV-3709,CUST-103535,"Love the phone case, exactly as described. Highly recommend to others.",positive
REV-3710,CUST-102852,Customer support never responded about my blender refund request.,negative
REV-3711,CUST-104674,"Overpriced for what you get, the backpack feels cheap and flimsy.",negative
REV-3712,CUST-104375,Delivery took way too long and the phone case arrived damaged.,negative
REV-3713,CUST-101869,"Excellent quality office chair, exceeded my expectations. Will buy again!",positive
REV-3714,CUST-102857,"The desk lamp broke after one week, very disappointed with the quality.",negative
REV-3715,CUST-105615,"Overpriced for what you get, the office chair feels cheap and flimsy.",negative
REV-3716,CUST-101381,"Fast delivery and the phone case works great, very happy with this purchase.",positive
REV-3717,CUST-101055,"Excellent quality backpack, exceeded my expectations. Will buy again!",positive
REV-3718,CUST-101672,Delivery took way too long and the wireless earbuds arrived damaged.,negative
REV-3719,CUST-100970,"The backpack broke after one week, very disappointed with the quality.",negative
REV-3720,CUST-104192,"Excellent quality office chair, exceeded my expectations. Will buy again!",positive
REV-3721,CUST-100926,"Great customer support when my backpack had an issue, resolved quickly.",positive
REV-3722,CUST-102512,"Great customer support when my sneakers had an issue, resolved quickly.",positive
REV-3723,CUST-105212,Customer support never responded about my office chair refund request.,negative
REV-3724,CUST-105436,"Overpriced for what you get, the phone case feels cheap and flimsy.",negative
REV-3725,CUST-103922,"Love the backpack, exactly as described. Highly recommend to others.",positive
REV-3726,CUST-101965,"Fast delivery and the backpack works great, very happy with this purchase.",positive
REV-3727,CUST-103547,"Fast delivery and the blender works great, very happy with this purchase.",positive
REV-3728,CUST-101830,"Fast delivery and the blender works great, very happy with this purchase.",positive
REV-3729,CUST-103073,The wireless earbuds arrived on time and packaging was perfect. Five stars.,positive
REV-3730,CUST-104361,"Excellent quality desk lamp, exceeded my expectations. Will buy again!",positive
REV-3731,CUST-102654,"Fast delivery and the coffee maker works great, very happy with this purchase.",positive
REV-3732,CUST-103377,"Would not recommend, the phone case did not match the description at all.",negative
REV-3733,CUST-103364,"Fast delivery and the backpack works great, very happy with this purchase.",positive
REV-3734,CUST-103264,"Excellent quality wireless earbuds, exceeded my expectations. Will buy again!",positive
REV-3735,CUST-104887,The phone case arrived on time and packaging was perfect. Five stars.,positive
REV-3736,CUST-103343,"The phone case broke after one week, very disappointed with the quality.",negative
REV-3737,CUST-105356,"Would not recommend, the desk lamp did not match the description at all.",negative
REV-3738,CUST-101181,"Great customer support when my phone case had an issue, resolved quickly.",positive
REV-3739,CUST-100361,"Love the wireless earbuds, exactly as described. Highly recommend to others.",positive
REV-3740,CUST-102477,"The backpack broke after one week, very disappointed with the quality.",negative
REV-3741,CUST-103501,"Love the wireless earbuds, exactly as described. Highly recommend to others.",positive
REV-3742,CUST-102217,"Great customer support when my office chair had an issue, resolved quickly.",positive
REV-3743,CUST-105247,"Great customer support when my blender had an issue, resolved quickly.",positive
REV-3744,CUST-101444,"Love the phone case, exactly as described. Highly recommend to others.",positive
REV-3745,CUST-100580,"Love the desk lamp, exactly as described. Highly recommend to others.",positive
REV-3746,CUST-101347,The blender arrived on time and packaging was perfect. Five stars.,positive
REV-3747,CUST-103395,"Great customer support when my phone case had an issue, resolved quickly.",positive
REV-3748,CUST-100043,Customer support never responded about my wireless earbuds refund request.,negative
REV-3749,CUST-104622,"Excellent quality backpack, exceeded my expectations. Will buy again!",positive
REV-3750,CUST-102985,The blender arrived on time and packaging was perfect. Five stars.,positive
REV-3751,CUST-105637,"Excellent quality sneakers, exceeded my expectations. Will buy again!",positive
REV-3752,CUST-104292,"The wireless earbuds broke after one week, very disappointed with the quality.",negative
REV-3753,CUST-103440,"Excellent quality office chair, exceeded my expectations. Will buy again!",positive
REV-3754,CUST-103129,"Love the backpack, exactly as described. Highly recommend to others.",positive
REV-3755,CUST-102672,"Would not recommend, the blender did not match the description at all.",negative
REV-3756,CUST-100332,"Great customer support when my desk lamp had an issue, resolved quickly.",positive
REV-3757,CUST-101624,"Would not recommend, the coffee maker did not match the description at all.",negative
REV-3758,CUST-101014,"Would not recommend, the wireless earbuds did not match the description at all.",negative
REV-3759,CUST-102722,"Excellent quality blender, exceeded my expectations. Will buy again!",positive
REV-3760,CUST-100729,The backpack arrived on time and packaging was perfect. Five stars.,positive
REV-3761,CUST-105788,The coffee maker arrived on time and packaging was perfect. Five stars.,positive
REV-3762,CUST-100384,"Excellent quality wireless earbuds, exceeded my expectations. Will buy again!",positive
REV-3763,CUST-104121,The office chair arrived on time and packaging was perfect. Five stars.,positive
REV-3764,CUST-105051,The backpack arrived on time and packaging was perfect. Five stars.,positive
REV-3765,CUST-101277,"The desk lamp broke after one week, very disappointed with the quality.",negative
REV-3766,CUST-101038,"Fast delivery and the office chair works great, very happy with this purchase.",positive
REV-3767,CUST-102131,Customer support never responded about my blender refund request.,negative
REV-3768,CUST-103160,"Fast delivery and the wireless earbuds works great, very happy with this purchase.",positive
REV-3769,CUST-103426,"Love the coffee maker, exactly as described. Highly recommend to others.",positive
REV-3770,CUST-105204,"Fast delivery and the desk lamp works great, very happy with this purchase.",positive
REV-3771,CUST-101085,"Love the wireless earbuds, exactly as described. Highly recommend to others.",positive
REV-3772,CUST-101691,The desk lamp arrived on time and packaging was perfect. Five stars.,positive
REV-3773,CUST-105825,"Fast delivery and the desk lamp works great, very happy with this purchase.",positive
REV-3774,CUST-100365,"Would not recommend, the blender did not match the description at all.",negative
REV-3775,CUST-101775,The coffee maker arrived on time and packaging was perfect. Five stars.,positive
REV-3776,CUST-105063,"The sneakers broke after one week, very disappointed with the quality.",negative
REV-3777,CUST-101620,"Fast delivery and the coffee maker works great, very happy with this purchase.",positive
REV-3778,CUST-103702,Delivery took way too long and the sneakers arrived damaged.,negative
REV-3779,CUST-103259,"Great customer support when my coffee maker had an issue, resolved quickly.",positive
REV-3780,CUST-101617,"Excellent quality desk lamp, exceeded my expectations. Will buy again!",positive
REV-3781,CUST-104660,"Love the office chair, exactly as described. Highly recommend to others.",positive
REV-3782,CUST-105433,"Fast delivery and the phone case works great, very happy with this purchase.",positive
REV-3783,CUST-100249,Delivery took way too long and the wireless earbuds arrived damaged.,negative
REV-3784,CUST-104840,The sneakers arrived on time and packaging was perfect. Five stars.,positive
REV-3785,CUST-104619,"Fast delivery and the wireless earbuds works great, very happy with this purchase.",positive
REV-3786,CUST-103338,The sneakers arrived on time and packaging was perfect. Five stars.,positive
REV-3787,CUST-100255,"The backpack broke after one week, very disappointed with the quality.",negative
REV-3788,CUST-102190,"Love the sneakers, exactly as described. Highly recommend to others.",positive
REV-3789,CUST-104129,"Excellent quality sneakers, exceeded my expectations. Will buy again!",positive
REV-3790,CUST-103848,Customer support never responded about my desk lamp refund request.,negative
REV-3791,CUST-100906,"Excellent quality phone case, exceeded my expectations. Will buy again!",positive
REV-3792,CUST-101886,"Great customer support when my wireless earbuds had an issue, resolved quickly.",positive
REV-3793,CUST-104475,"Love the sneakers, exactly as described. Highly recommend to others.",positive
REV-3794,CUST-104172,"The desk lamp broke after one week, very disappointed with the quality.",negative
REV-3795,CUST-102362,"Excellent quality wireless earbuds, exceeded my expectations. Will buy again!",positive
REV-3796,CUST-104031,"Great customer support when my blender had an issue, resolved quickly.",positive
REV-3797,CUST-104829,"Excellent quality phone case, exceeded my expectations. Will buy again!",positive
REV-3798,CUST-104461,"Love the phone case, exactly as described. Highly recommend to others.",positive
REV-3799,CUST-100348,"Fast delivery and the backpack works great, very happy with this purchase.",positive
REV-3800,CUST-103642,"Fast delivery and the desk lamp works great, very happy with this purchase.",positive
REV-3801,CUST-103637,"Overpriced for what you get, the sneakers feels cheap and flimsy.",negative
REV-3802,CUST-101124,"The wireless earbuds broke after one week, very disappointed with the quality.",negative
REV-3803,CUST-100961,"Overpriced for what you get, the coffee maker feels cheap and flimsy.",negative
REV-3804,CUST-105815,"Fast delivery and the phone case works great, very happy with this purchase.",positive
REV-3805,CUST-104461,"Great customer support when my backpack had an issue, resolved quickly.",positive
REV-3806,CUST-101440,"Great customer support when my desk lamp had an issue, resolved quickly.",positive
REV-3807,CUST-100382,"The coffee maker broke after one week, very disappointed with the quality.",negative
REV-3808,CUST-104994,Customer support never responded about my wireless earbuds refund request.,negative
REV-3809,CUST-102729,"Excellent quality coffee maker, exceeded my expectations. Will buy again!",positive
REV-3810,CUST-101360,"Excellent quality wireless earbuds, exceeded my expectations. Will buy again!",positive
REV-3811,CUST-101325,"The phone case broke after one week, very disappointed with the quality.",negative
REV-3812,CUST-101211,"Fast delivery and the office chair works great, very happy with this purchase.",positive
REV-3813,CUST-104704,"Fast delivery and the sneakers works great, very happy with this purchase.",positive
REV-3814,CUST-105330,"Great customer support when my wireless earbuds had an issue, resolved quickly.",positive
REV-3815,CUST-101415,The backpack arrived on time and packaging was perfect. Five stars.,positive
REV-3816,CUST-105563,Customer support never responded about my coffee maker refund request.,negative
REV-3817,CUST-100021,"Love the office chair, exactly as described. Highly recommend to others.",positive
REV-3818,CUST-104044,"Great customer support when my desk lamp had an issue, resolved quickly.",positive
REV-3819,CUST-101233,"Fast delivery and the phone case works great, very happy with this purchase.",positive
REV-3820,CUST-102053,"Excellent quality backpack, exceeded my expectations. Will buy again!",positive
REV-3821,CUST-101550,Delivery took way too long and the desk lamp arrived damaged.,negative
REV-3822,CUST-103499,"Excellent quality backpack, exceeded my expectations. Will buy again!",positive
REV-3823,CUST-102399,"Fast delivery and the sneakers works great, very happy with this purchase.",positive
REV-3824,CUST-104504,"Overpriced for what you get, the sneakers feels cheap and flimsy.",negative
REV-3825,CUST-105839,The phone case arrived on time and packaging was perfect. Five stars.,positive
REV-3826,CUST-104460,"Overpriced for what you get, the blender feels cheap and flimsy.",negative
REV-3827,CUST-103881,"Great customer support when my office chair had an issue, resolved quickly.",positive
REV-3828,CUST-105105,"Excellent quality phone case, exceeded my expectations. Will buy again!",positive
REV-3829,CUST-100252,Customer support never responded about my backpack refund request.,negative
REV-3830,CUST-101829,"Fast delivery and the blender works great, very happy with this purchase.",positive
REV-3831,CUST-104611,"Overpriced for what you get, the backpack feels cheap and flimsy.",negative
REV-3832,CUST-102698,"Love the blender, exactly as described. Highly recommend to others.",positive
REV-3833,CUST-104309,"The office chair broke after one week, very disappointed with the quality.",negative
REV-3834,CUST-104630,"Great customer support when my wireless earbuds had an issue, resolved quickly.",positive
REV-3835,CUST-100225,"Great customer support when my desk lamp had an issue, resolved quickly.",positive
REV-3836,CUST-101473,"Fast delivery and the coffee maker works great, very happy with this purchase.",positive
REV-3837,CUST-100343,"Love the backpack, exactly as described. Highly recommend to others.",positive
REV-3838,CUST-105735,"Would not recommend, the phone case did not match the description at all.",negative
REV-3839,CUST-101200,"Great customer support when my wireless earbuds had an issue, resolved quickly.",positive
REV-3840,CUST-105487,"Fast delivery and the blender works great, very happy with this purchase.",positive
REV-3841,CUST-105754,"The coffee maker broke after one week, very disappointed with the quality.",negative
REV-3842,CUST-104003,Delivery took way too long and the coffee maker arrived damaged.,negative
REV-3843,CUST-105847,The office chair arrived on time and packaging was perfect. Five stars.,positive
REV-3844,CUST-100013,Customer support never responded about my sneakers refund request.,negative
REV-3845,CUST-103800,The blender arrived on time and packaging was perfect. Five stars.,positive
REV-3846,CUST-101308,"Love the desk lamp, exactly as described. Highly recommend to others.",positive
REV-3847,CUST-104328,"Great customer support when my phone case had an issue, resolved quickly.",positive
REV-3848,CUST-102162,"Would not recommend, the office chair did not match the description at all.",negative
REV-3849,CUST-103593,"Great customer support when my backpack had an issue, resolved quickly.",positive
REV-3850,CUST-105642,"Love the blender, exactly as described. Highly recommend to others.",positive
REV-3851,CUST-100782,The backpack arrived on time and packaging was perfect. Five stars.,positive
REV-3852,CUST-100133,"Fast delivery and the office chair works great, very happy with this purchase.",positive
REV-3853,CUST-102027,"Excellent quality office chair, exceeded my expectations. Will buy again!",positive
REV-3854,CUST-100411,"Love the wireless earbuds, exactly as described. Highly recommend to others.",positive
REV-3855,CUST-103844,"The coffee maker broke after one week, very disappointed with the quality.",negative
REV-3856,CUST-105549,"Would not recommend, the phone case did not match the description at all.",negative
REV-3857,CUST-105378,"Would not recommend, the desk lamp did not match the description at all.",negative
REV-3858,CUST-100436,"Great customer support when my wireless earbuds had an issue, resolved quickly.",positive
REV-3859,CUST-105181,The coffee maker arrived on time and packaging was perfect. Five stars.,positive
REV-3860,CUST-105565,Customer support never responded about my blender refund request.,negative
REV-3861,CUST-102908,"Great customer support when my wireless earbuds had an issue, resolved quickly.",positive
REV-3862,CUST-100907,"Excellent quality blender, exceeded my expectations. Will buy again!",positive
REV-3863,CUST-101563,Customer support never responded about my sneakers refund request.,negative
REV-3864,CUST-100081,"Excellent quality backpack, exceeded my expectations. Will buy again!",positive
REV-3865,CUST-105021,"Great customer support when my desk lamp had an issue, resolved quickly.",positive
REV-3866,CUST-103639,"Fast delivery and the office chair works great, very happy with this purchase.",positive
REV-3867,CUST-101532,Delivery took way too long and the coffee maker arrived damaged.,negative
REV-3868,CUST-101567,"Would not recommend, the coffee maker did not match the description at all.",negative
REV-3869,CUST-100751,"Excellent quality blender, exceeded my expectations. Will buy again!",positive
REV-3870,CUST-105780,"Would not recommend, the blender did not match the description at all.",negative
REV-3871,CUST-103275,"Fast delivery and the office chair works great, very happy with this purchase.",positive
REV-3872,CUST-104330,"Love the phone case, exactly as described. Highly recommend to others.",positive
REV-3873,CUST-104547,"Would not recommend, the backpack did not match the description at all.",negative
REV-3874,CUST-104025,Delivery took way too long and the coffee maker arrived damaged.,negative
REV-3875,CUST-104059,"Great customer support when my blender had an issue, resolved quickly.",positive
REV-3876,CUST-100410,"Overpriced for what you get, the wireless earbuds feels cheap and flimsy.",negative
REV-3877,CUST-100224,The backpack arrived on time and packaging was perfect. Five stars.,positive
REV-3878,CUST-101299,"Overpriced for what you get, the phone case feels cheap and flimsy.",negative
REV-3879,CUST-103752,"Excellent quality blender, exceeded my expectations. Will buy again!",positive
REV-3880,CUST-103127,"Would not recommend, the office chair did not match the description at all.",negative
REV-3881,CUST-103108,"Great customer support when my office chair had an issue, resolved quickly.",positive
REV-3882,CUST-104272,"Would not recommend, the sneakers did not match the description at all.",negative
REV-3883,CUST-100998,The sneakers arrived on time and packaging was perfect. Five stars.,positive
REV-3884,CUST-104765,The coffee maker arrived on time and packaging was perfect. Five stars.,positive
REV-3885,CUST-101556,"The coffee maker broke after one week, very disappointed with the quality.",negative
REV-3886,CUST-104273,"Excellent quality phone case, exceeded my expectations. Will buy again!",positive
REV-3887,CUST-102420,"Great customer support when my backpack had an issue, resolved quickly.",positive
REV-3888,CUST-102122,"Love the backpack, exactly as described. Highly recommend to others.",positive
REV-3889,CUST-102899,The backpack arrived on time and packaging was perfect. Five stars.,positive
REV-3890,CUST-104097,Customer support never responded about my phone case refund request.,negative
REV-3891,CUST-105768,The desk lamp arrived on time and packaging was perfect. Five stars.,positive
REV-3892,CUST-103529,The office chair arrived on time and packaging was perfect. Five stars.,positive
REV-3893,CUST-104576,"Overpriced for what you get, the desk lamp feels cheap and flimsy.",negative
REV-3894,CUST-101140,"The phone case broke after one week, very disappointed with the quality.",negative
REV-3895,CUST-103289,"Fast delivery and the blender works great, very happy with this purchase.",positive
REV-3896,CUST-100058,The desk lamp arrived on time and packaging was perfect. Five stars.,positive
REV-3897,CUST-105274,The desk lamp arrived on time and packaging was perfect. Five stars.,positive
REV-3898,CUST-100619,"Love the blender, exactly as described. Highly recommend to others.",positive
REV-3899,CUST-104224,"Love the phone case, exactly as described. Highly recommend to others.",positive
REV-3900,CUST-103290,"Fast delivery and the backpack works great, very happy with this purchase.",positive
REV-3901,CUST-104915,"Love the office chair, exactly as described. Highly recommend to others.",positive
REV-3902,CUST-100543,Customer support never responded about my wireless earbuds refund request.,negative
REV-3903,CUST-104237,"Excellent quality sneakers, exceeded my expectations. Will buy again!",positive
REV-3904,CUST-104864,"Excellent quality blender, exceeded my expectations. Will buy again!",positive
REV-3905,CUST-105691,"Overpriced for what you get, the coffee maker feels cheap and flimsy.",negative
REV-3906,CUST-104699,Delivery took way too long and the phone case arrived damaged.,negative
REV-3907,CUST-105898,The sneakers arrived on time and packaging was perfect. Five stars.,positive
REV-3908,CUST-100653,Customer support never responded about my coffee maker refund request.,negative
REV-3909,CUST-103095,"Love the desk lamp, exactly as described. Highly recommend to others.",positive
REV-3910,CUST-105681,"Fast delivery and the blender works great, very happy with this purchase.",positive
REV-3911,CUST-104889,The wireless earbuds arrived on time and packaging was perfect. Five stars.,positive
REV-3912,CUST-103862,The wireless earbuds arrived on time and packaging was perfect. Five stars.,positive
REV-3913,CUST-105095,"Fast delivery and the desk lamp works great, very happy with this purchase.",positive
REV-3914,CUST-104135,"Overpriced for what you get, the coffee maker feels cheap and flimsy.",negative
REV-3915,CUST-104931,"Fast delivery and the blender works great, very happy with this purchase.",positive
REV-3916,CUST-102971,Customer support never responded about my backpack refund request.,negative
REV-3917,CUST-102309,"Fast delivery and the sneakers works great, very happy with this purchase.",positive
REV-3918,CUST-105378,"Fast delivery and the office chair works great, very happy with this purchase.",positive
REV-3919,CUST-103852,The coffee maker arrived on time and packaging was perfect. Five stars.,positive
REV-3920,CUST-103157,The office chair arrived on time and packaging was perfect. Five stars.,positive
REV-3921,CUST-101687,The desk lamp arrived on time and packaging was perfect. Five stars.,positive
REV-3922,CUST-104585,"Fast delivery and the backpack works great, very happy with this purchase.",positive
REV-3923,CUST-103099,"The wireless earbuds broke after one week, very disappointed with the quality.",negative
REV-3924,CUST-101735,"Would not recommend, the wireless earbuds did not match the description at all.",negative
REV-3925,CUST-102012,"Great customer support when my backpack had an issue, resolved quickly.",positive
REV-3926,CUST-103291,"Love the desk lamp, exactly as described. Highly recommend to others.",positive
REV-3927,CUST-104104,"Excellent quality blender, exceeded my expectations. Will buy again!",positive
REV-3928,CUST-105369,Customer support never responded about my phone case refund request.,negative
REV-3929,CUST-104919,The coffee maker arrived on time and packaging was perfect. Five stars.,positive
REV-3930,CUST-104712,"Love the desk lamp, exactly as described. Highly recommend to others.",positive
REV-3931,CUST-105894,"Love the blender, exactly as described. Highly recommend to others.",positive
REV-3932,CUST-105347,"Fast delivery and the coffee maker works great, very happy with this purchase.",positive
REV-3933,CUST-103123,The coffee maker arrived on time and packaging was perfect. Five stars.,positive
REV-3934,CUST-100506,"Love the phone case, exactly as described. Highly recommend to others.",positive
REV-3935,CUST-104874,"Great customer support when my blender had an issue, resolved quickly.",positive
REV-3936,CUST-105381,Customer support never responded about my sneakers refund request.,negative
REV-3937,CUST-102762,Delivery took way too long and the backpack arrived damaged.,negative
REV-3938,CUST-100171,The backpack arrived on time and packaging was perfect. Five stars.,positive
REV-3939,CUST-101134,"Overpriced for what you get, the backpack feels cheap and flimsy.",negative
REV-3940,CUST-103735,Delivery took way too long and the desk lamp arrived damaged.,negative
REV-3941,CUST-102433,"Great customer support when my phone case had an issue, resolved quickly.",positive
REV-3942,CUST-100192,"The phone case broke after one week, very disappointed with the quality.",negative
REV-3943,CUST-101876,"Overpriced for what you get, the backpack feels cheap and flimsy.",negative
REV-3944,CUST-104124,"Excellent quality sneakers, exceeded my expectations. Will buy again!",positive
REV-3945,CUST-103912,"Love the desk lamp, exactly as described. Highly recommend to others.",positive
REV-3946,CUST-103195,"Great customer support when my backpack had an issue, resolved quickly.",positive
REV-3947,CUST-103778,"Fast delivery and the office chair works great, very happy with this purchase.",positive
REV-3948,CUST-105755,"Excellent quality desk lamp, exceeded my expectations. Will buy again!",positive
REV-3949,CUST-103458,Delivery took way too long and the wireless earbuds arrived damaged.,negative
REV-3950,CUST-104332,"Excellent quality desk lamp, exceeded my expectations. Will buy again!",positive
REV-3951,CUST-104086,Customer support never responded about my blender refund request.,negative
REV-3952,CUST-100119,"Love the phone case, exactly as described. Highly recommend to others.",positive
REV-3953,CUST-100507,"Love the desk lamp, exactly as described. Highly recommend to others.",positive
REV-3954,CUST-104045,The sneakers arrived on time and packaging was perfect. Five stars.,positive
REV-3955,CUST-100338,"Overpriced for what you get, the sneakers feels cheap and flimsy.",negative
REV-3956,CUST-103418,Delivery took way too long and the phone case arrived damaged.,negative
REV-3957,CUST-103979,"Overpriced for what you get, the sneakers feels cheap and flimsy.",negative
REV-3958,CUST-101230,"Fast delivery and the sneakers works great, very happy with this purchase.",positive
REV-3959,CUST-100288,"Overpriced for what you get, the desk lamp feels cheap and flimsy.",negative
REV-3960,CUST-104094,"Would not recommend, the phone case did not match the description at all.",negative
REV-3961,CUST-101636,The coffee maker arrived on time and packaging was perfect. Five stars.,positive
REV-3962,CUST-105035,"Excellent quality desk lamp, exceeded my expectations. Will buy again!",positive
REV-3963,CUST-102125,"Excellent quality coffee maker, exceeded my expectations. Will buy again!",positive
REV-3964,CUST-101233,"Love the blender, exactly as described. Highly recommend to others.",positive
REV-3965,CUST-105725,"Overpriced for what you get, the wireless earbuds feels cheap and flimsy.",negative
REV-3966,CUST-105684,"Overpriced for what you get, the blender feels cheap and flimsy.",negative
REV-3967,CUST-101436,The office chair arrived on time and packaging was perfect. Five stars.,positive
REV-3968,CUST-101432,Customer support never responded about my backpack refund request.,negative
REV-3969,CUST-105259,"Excellent quality desk lamp, exceeded my expectations. Will buy again!",positive
REV-3970,CUST-100093,"Love the wireless earbuds, exactly as described. Highly recommend to others.",positive
REV-3971,CUST-103755,Customer support never responded about my sneakers refund request.,negative
REV-3972,CUST-103004,The wireless earbuds arrived on time and packaging was perfect. Five stars.,positive
REV-3973,CUST-101638,"Would not recommend, the coffee maker did not match the description at all.",negative
REV-3974,CUST-101476,"Fast delivery and the sneakers works great, very happy with this purchase.",positive
REV-3975,CUST-101805,"Love the office chair, exactly as described. Highly recommend to others.",positive
REV-3976,CUST-102011,"Excellent quality coffee maker, exceeded my expectations. Will buy again!",positive
REV-3977,CUST-102189,Delivery took way too long and the wireless earbuds arrived damaged.,negative
REV-3978,CUST-105518,Delivery took way too long and the office chair arrived damaged.,negative
REV-3979,CUST-103694,The desk lamp arrived on time and packaging was perfect. Five stars.,positive
REV-3980,CUST-100393,"The phone case broke after one week, very disappointed with the quality.",negative
REV-3981,CUST-105359,"Would not recommend, the wireless earbuds did not match the description at all.",negative
REV-3982,CUST-104640,Delivery took way too long and the backpack arrived damaged.,negative
REV-3983,CUST-102069,"Would not recommend, the coffee maker did not match the description at all.",negative
REV-3984,CUST-104877,"Overpriced for what you get, the blender feels cheap and flimsy.",negative
REV-3985,CUST-105190,"Great customer support when my blender had an issue, resolved quickly.",positive
REV-3986,CUST-103605,Customer support never responded about my phone case refund request.,negative
REV-3987,CUST-104330,"The desk lamp broke after one week, very disappointed with the quality.",negative
REV-3988,CUST-101364,"Great customer support when my backpack had an issue, resolved quickly.",positive
REV-3989,CUST-103307,"Excellent quality desk lamp, exceeded my expectations. Will buy again!",positive
REV-3990,CUST-101596,"Overpriced for what you get, the desk lamp feels cheap and flimsy.",negative
REV-3991,CUST-102427,Delivery took way too long and the coffee maker arrived damaged.,negative
REV-3992,CUST-105285,"Overpriced for what you get, the office chair feels cheap and flimsy.",negative
REV-3993,CUST-101628,"Overpriced for what you get, the wireless earbuds feels cheap and flimsy.",negative
REV-3994,CUST-102713,"Love the sneakers, exactly as described. Highly recommend to others.",positive
REV-3995,CUST-104869,"Fast delivery and the coffee maker works great, very happy with this purchase.",positive
REV-3996,CUST-101375,The backpack arrived on time and packaging was perfect. Five stars.,positive
REV-3997,CUST-103265,"Great customer support when my wireless earbuds had an issue, resolved quickly.",positive
REV-3998,CUST-102430,"Overpriced for what you get, the backpack feels cheap and flimsy.",negative
REV-3999,CUST-102014,"Fast delivery and the desk lamp works great, very happy with this purchase.",positive
REV-4000,CUST-103957,Customer support never responded about my sneakers refund request.,negative
