customer_id,tenure_months,avg_order_value,orders_last_90d,days_since_last_order,support_tickets,plan_type,region,churned_next_30d,cancellation_reason,refund_after_churn
CUST-100000,29,583.5,0,121,1,basic,NCR,0,,0
CUST-100001,27,1870.43,2,52,1,standard,Region IV-A,0,,0
CUST-100002,52,942.26,3,7,1,basic,Region VII,0,,0
CUST-100003,3,958.54,1,187,1,basic,NCR,0,,0
CUST-100004,13,1084.82,2,151,2,standard,NCR,0,,0
CUST-100005,28,1126.28,0,162,2,standard,Region IV-A,1,unknown,1
CUST-100006,49,1596.89,8,127,1,premium,NCR,0,,0
CUST-100007,28,366.62,3,50,1,basic,NCR,0,,0
CUST-100008,38,724.05,2,126,2,basic,Region VII,0,,0
CUST-100009,11,690.55,0,114,3,standard,Region III,0,,0
CUST-100010,56,1324.92,3,133,1,basic,Region IV-A,0,,0
CUST-100011,47,795.61,5,5,0,standard,Region VII,0,,0
CUST-100012,3,1254.41,1,99,1,standard,NCR,0,,0
CUST-100013,42,1109.42,5,165,0,basic,Region III,0,,0
CUST-100014,8,1159.5,3,84,1,standard,Region III,0,,0
CUST-100015,34,853.61,2,98,1,basic,Region IV-A,0,,0
CUST-100016,42,776.67,1,181,0,basic,Region IV-A,0,,0
CUST-100017,55,1740.17,4,98,1,premium,NCR,0,,0
CUST-100018,5,463.04,0,94,2,basic,Region IV-A,0,,0
CUST-100019,17,950.79,1,27,1,basic,Region VII,0,,0
CUST-100020,41,470.15,2,87,1,standard,Region XI,0,,0
CUST-100021,16,529.29,2,6,1,basic,Region IV-A,0,,0
CUST-100022,43,572.66,8,167,0,basic,Region VII,0,,0
CUST-100023,11,295.56,0,188,2,basic,Region XI,0,,0
CUST-100024,10,854.48,1,103,2,basic,Region VII,0,,0
CUST-100025,33,482.98,4,146,0,basic,Region IV-A,0,,0
CUST-100026,41,1726.04,2,118,0,standard,Region IV-A,0,,0
CUST-100027,13,668.33,1,52,3,basic,Region XI,0,,0
CUST-100028,52,1694.31,1,42,2,premium,Region VII,0,,0
CUST-100029,52,1340.73,3,4,2,basic,Region III,0,,0
CUST-100030,5,1018.18,0,146,0,basic,Region IV-A,1,no_longer_needed,0
CUST-100031,18,1211.22,0,127,0,premium,Region VII,0,,0
CUST-100032,33,1024.48,3,36,3,standard,Region IV-A,0,,0
CUST-100033,29,297.12,3,173,1,basic,Region IV-A,0,,0
CUST-100034,16,1104.62,0,12,2,basic,Region VII,0,,0
CUST-100035,32,2537.29,2,94,1,standard,Region III,0,,0
CUST-100036,57,1279.62,6,4,1,basic,Region VII,0,,0
CUST-100037,19,594.44,1,133,1,basic,Region VII,0,,0
CUST-100038,13,879.65,0,96,2,standard,Region XI,0,,0
CUST-100039,44,1560.62,3,190,2,standard,Region XI,0,,0
CUST-100040,34,407.29,2,125,0,standard,Region VII,0,,0
CUST-100041,41,331.55,4,96,0,basic,Region VII,0,,0
CUST-100042,39,1098.7,4,86,2,premium,Region VII,0,,0
CUST-100043,45,526.35,2,162,2,basic,Region III,1,no_longer_needed,0
CUST-100044,44,459.19,4,166,0,standard,Region XI,0,,0
CUST-100045,36,979.68,2,69,1,basic,Region IV-A,0,,0
CUST-100046,27,849.96,1,188,1,standard,Region XI,1,too_expensive,1
CUST-100047,28,853.22,2,2,2,standard,Region III,0,,0
CUST-100048,16,831.64,3,168,4,basic,Region III,0,,0
CUST-100049,27,514.17,4,170,2,standard,Region VII,0,,0
CUST-100050,36,1331.95,3,74,1,premium,Region IV-A,0,,0
CUST-100051,43,260.88,3,189,2,basic,Region IV-A,1,unknown,0
CUST-100052,46,978.35,0,97,2,basic,Region III,0,,0
CUST-100053,23,1408.36,4,11,0,basic,Region III,0,,0
CUST-100054,44,1351.42,5,69,0,standard,Region VII,0,,0
CUST-100055,26,781.59,0,129,2,standard,NCR,0,,0
CUST-100056,22,1033.64,2,98,1,basic,NCR,0,,0
CUST-100057,10,655.16,0,141,1,basic,Region XI,0,,0
CUST-100058,16,1056.19,2,170,0,standard,Region XI,0,,0
CUST-100059,41,1000.14,2,173,0,basic,NCR,0,,0
CUST-100060,13,81.14,2,128,1,basic,NCR,0,,0
CUST-100061,5,224.11,0,134,0,basic,Region III,1,unknown,0
CUST-100062,17,934.13,2,38,0,standard,Region IV-A,0,,0
CUST-100063,59,1056.68,8,164,1,premium,NCR,0,,0
CUST-100064,9,995.2,1,116,1,standard,Region XI,0,,0
CUST-100065,9,821.45,1,146,1,basic,Region IV-A,0,,0
CUST-100066,24,784.34,1,88,4,standard,Region IV-A,0,,0
CUST-100067,23,618.71,1,76,1,basic,NCR,0,,0
CUST-100068,55,990.9,2,145,0,premium,Region III,0,,0
CUST-100069,15,880.81,2,26,2,basic,Region VII,0,,0
CUST-100070,25,1777.77,0,43,0,premium,Region VII,0,,0
CUST-100071,18,870.84,1,178,0,premium,Region III,0,,0
CUST-100072,15,1744.08,1,95,2,premium,Region IV-A,0,,0
CUST-100073,20,948.06,4,190,1,basic,NCR,0,,0
CUST-100074,16,1346.1,0,106,1,standard,Region IV-A,0,,0
CUST-100075,43,1676.92,7,4,0,standard,Region III,0,,0
CUST-100076,47,534.99,2,133,0,basic,Region XI,1,unknown,0
CUST-100077,11,1309.11,1,140,2,basic,Region III,0,,0
CUST-100078,30,1690.08,1,165,1,standard,Region IV-A,0,,0
CUST-100079,16,895.08,0,19,1,premium,Region VII,0,,0
CUST-100080,52,1073.18,3,111,1,standard,NCR,0,,0
CUST-100081,6,804.06,2,141,4,basic,Region III,0,,0
CUST-100082,25,1739.72,3,13,3,standard,Region XI,0,,0
CUST-100083,20,2633.91,2,42,0,basic,Region VII,0,,0
CUST-100084,22,1103.13,3,173,2,basic,Region III,0,,0
CUST-100085,56,2331.65,4,195,1,standard,Region IV-A,0,,0
CUST-100086,32,723.8,3,42,0,standard,Region XI,0,,0
CUST-100087,23,1295.26,1,148,3,standard,NCR,0,,0
CUST-100088,48,985.29,7,122,0,standard,Region III,0,,0
CUST-100089,46,990.0,5,140,1,basic,Region III,0,,0
CUST-100090,9,1363.74,1,129,1,standard,Region VII,0,,0
CUST-100091,28,1222.39,0,43,0,basic,Region IV-A,0,,0
CUST-100092,25,1225.16,1,3,2,premium,Region IV-A,0,,0
CUST-100093,27,1296.64,4,47,3,premium,Region III,0,,0
CUST-100094,21,1767.79,3,64,1,premium,Region III,0,,0
CUST-100095,49,1511.46,3,111,1,premium,Region IV-A,0,,0
CUST-100096,59,754.36,6,81,0,standard,Region VII,0,,0
CUST-100097,2,708.3,0,32,3,basic,Region XI,1,found_alternative,0
CUST-100098,51,1612.39,2,199,2,standard,Region VII,0,,0
CUST-100099,52,416.04,4,63,1,basic,NCR,0,,0
CUST-100100,22,1003.05,3,90,2,standard,Region IV-A,0,,0
CUST-100101,29,323.29,2,183,2,basic,Region III,0,,0
CUST-100102,7,2030.01,1,127,0,premium,Region XI,0,,0
CUST-100103,21,2958.82,2,90,0,standard,Region IV-A,0,,0
CUST-100104,15,1894.33,0,25,0,standard,Region III,0,,0
CUST-100105,54,557.21,3,68,0,basic,Region III,0,,0
CUST-100106,7,805.38,0,196,2,standard,NCR,0,,0
CUST-100107,21,1987.28,1,171,2,premium,Region IV-A,0,,0
CUST-100108,29,1291.75,0,73,2,basic,Region III,0,,0
CUST-100109,58,1777.73,5,133,1,basic,Region IV-A,0,,0
CUST-100110,49,776.16,6,47,1,basic,Region III,0,,0
CUST-100111,56,626.98,4,90,1,standard,Region IV-A,0,,0
CUST-100112,19,1037.13,2,111,1,standard,Region VII,0,,0
CUST-100113,16,968.5,0,154,4,standard,Region VII,1,unknown,0
CUST-100114,34,2393.2,1,77,1,basic,Region XI,0,,0
CUST-100115,21,1122.56,1,42,2,basic,NCR,0,,0
CUST-100116,1,825.09,0,53,0,premium,NCR,0,,0
CUST-100117,48,1397.41,5,21,0,standard,Region IV-A,0,,0
CUST-100118,6,1437.9,0,74,1,basic,Region IV-A,0,,0
CUST-100119,12,1314.5,2,57,2,basic,Region VII,0,,0
CUST-100120,56,1271.06,4,198,2,basic,Region III,0,,0
CUST-100121,44,1151.64,3,63,2,standard,Region IV-A,0,,0
CUST-100122,38,947.51,0,133,1,standard,Region VII,0,,0
CUST-100123,8,611.65,1,180,1,standard,Region VII,1,unknown,0
CUST-100124,15,2094.68,1,24,1,standard,Region IV-A,0,,0
CUST-100125,13,1665.01,0,193,5,premium,Region IV-A,0,,0
CUST-100126,38,565.13,2,117,3,basic,NCR,0,,0
CUST-100127,30,844.87,2,10,2,basic,Region IV-A,0,,0
CUST-100128,22,364.04,2,2,1,basic,Region IV-A,0,,0
CUST-100129,45,1440.41,3,178,1,premium,NCR,0,,0
CUST-100130,46,1804.75,6,92,3,standard,Region XI,0,,0
CUST-100131,44,1400.31,2,165,2,standard,Region VII,0,,0
CUST-100132,7,1660.15,0,46,1,standard,Region VII,0,,0
CUST-100133,36,1351.28,4,37,3,basic,Region IV-A,0,,0
CUST-100134,13,1013.66,0,170,2,basic,Region XI,0,,0
CUST-100135,17,976.25,1,94,1,standard,NCR,0,,0
CUST-100136,58,1232.63,0,18,0,premium,Region XI,0,,0
CUST-100137,25,1772.61,1,96,0,basic,Region III,0,,0
CUST-100138,47,1086.82,6,57,2,basic,Region XI,0,,0
CUST-100139,15,1640.7,0,41,1,premium,NCR,0,,0
CUST-100140,58,1333.12,5,134,3,standard,Region III,0,,0
CUST-100141,17,922.57,1,76,2,standard,Region IV-A,1,found_alternative,0
CUST-100142,11,1004.62,0,57,1,basic,Region VII,0,,0
CUST-100143,20,530.68,3,32,0,basic,NCR,0,,0
CUST-100144,11,598.4,1,166,1,basic,Region III,0,,0
CUST-100145,36,1177.65,0,112,0,basic,Region XI,0,,0
CUST-100146,9,1314.8,1,183,0,standard,NCR,1,too_expensive,1
CUST-100147,13,1448.97,1,67,1,standard,Region XI,0,,0
CUST-100148,42,1546.5,1,1,3,standard,Region VII,0,,0
CUST-100149,3,676.86,0,92,2,basic,Region XI,1,no_longer_needed,1
CUST-100150,26,804.71,3,67,2,basic,Region XI,0,,0
CUST-100151,41,1398.16,2,99,1,standard,Region III,0,,0
CUST-100152,27,491.58,0,96,3,basic,Region XI,0,,0
CUST-100153,2,91.81,0,105,1,basic,Region IV-A,0,,0
CUST-100154,10,267.28,0,158,4,basic,Region III,0,,0
CUST-100155,58,583.97,4,36,0,basic,Region XI,0,,0
CUST-100156,46,683.6,7,195,2,basic,Region IV-A,0,,0
CUST-100157,21,982.06,1,2,2,basic,Region VII,0,,0
CUST-100158,52,2050.71,8,105,0,premium,Region VII,0,,0
CUST-100159,1,708.02,0,114,1,basic,Region III,0,,0
CUST-100160,3,805.71,1,156,1,standard,Region XI,0,,0
CUST-100161,53,612.57,5,60,2,standard,Region XI,0,,0
CUST-100162,40,766.94,1,141,2,standard,Region IV-A,1,unknown,0
CUST-100163,36,761.79,4,12,0,standard,Region IV-A,0,,0
CUST-100164,21,869.72,2,87,2,basic,NCR,0,,0
CUST-100165,49,513.29,3,75,2,basic,Region VII,0,,0
CUST-100166,36,912.55,4,192,0,standard,Region XI,0,,0
CUST-100167,26,1221.55,0,197,1,premium,Region XI,1,unknown,0
CUST-100168,23,817.42,0,176,0,basic,Region IV-A,0,,0
CUST-100169,21,1113.9,1,123,0,basic,Region XI,0,,0
CUST-100170,34,1603.62,3,8,0,premium,Region VII,0,,0
CUST-100171,39,703.95,0,144,0,standard,Region IV-A,0,,0
CUST-100172,48,824.85,5,40,3,standard,Region XI,0,,0
CUST-100173,24,1484.18,4,168,2,standard,NCR,0,,0
CUST-100174,15,2001.06,2,76,1,premium,Region VII,0,,0
CUST-100175,33,578.9,3,135,0,standard,Region VII,0,,0
CUST-100176,35,548.41,4,111,1,standard,Region IV-A,0,,0
CUST-100177,17,2054.05,4,88,1,standard,Region VII,0,,0
CUST-100178,5,365.29,0,128,2,basic,Region XI,1,too_expensive,0
CUST-100179,20,1087.37,1,173,0,premium,Region IV-A,0,,0
CUST-100180,5,1273.39,1,146,2,premium,Region III,0,,0
CUST-100181,5,725.33,1,61,3,standard,Region IV-A,0,,0
CUST-100182,57,493.47,5,36,1,basic,Region IV-A,0,,0
CUST-100183,47,744.8,5,50,1,standard,Region IV-A,0,,0
CUST-100184,3,868.53,0,104,0,basic,Region III,0,,0
CUST-100185,21,507.43,1,51,1,standard,Region IV-A,0,,0
CUST-100186,16,1234.53,1,159,2,basic,Region III,0,,0
CUST-100187,58,353.62,6,69,5,standard,Region XI,0,,0
CUST-100188,26,898.84,2,39,1,premium,Region IV-A,0,,0
CUST-100189,16,1691.27,3,155,2,basic,Region XI,0,,0
CUST-100190,38,839.12,0,149,5,standard,Region III,0,,0
CUST-100191,29,1157.22,2,21,1,premium,Region III,0,,0
CUST-100192,12,218.35,1,104,2,basic,Region III,0,,0
CUST-100193,19,201.89,1,104,2,basic,Region IV-A,0,,0
CUST-100194,8,762.05,2,75,1,basic,Region VII,1,unknown,0
CUST-100195,41,465.66,5,120,2,standard,Region IV-A,1,found_alternative,0
CUST-100196,58,481.81,5,103,2,basic,Region XI,0,,0
CUST-100197,48,1080.41,3,186,2,basic,Region IV-A,0,,0
CUST-100198,23,855.1,0,26,0,basic,Region XI,0,,0
CUST-100199,29,636.73,4,76,1,basic,NCR,0,,0
CUST-100200,4,805.04,1,80,1,basic,Region III,0,,0
CUST-100201,22,1345.13,1,95,2,standard,Region VII,0,,0
CUST-100202,2,579.35,1,145,2,basic,Region III,0,,0
CUST-100203,44,1465.01,3,137,1,standard,Region VII,0,,0
CUST-100204,54,1011.36,8,188,1,standard,Region IV-A,0,,0
CUST-100205,12,1968.78,2,33,1,premium,Region IV-A,0,,0
CUST-100206,40,800.68,2,51,1,basic,Region IV-A,0,,0
CUST-100207,36,550.24,5,81,4,standard,Region XI,0,,0
CUST-100208,25,724.59,1,146,0,standard,Region VII,0,,0
CUST-100209,44,991.76,5,6,2,standard,Region XI,0,,0
CUST-100210,41,2636.95,2,45,1,basic,NCR,0,,0
CUST-100211,16,451.82,0,0,3,basic,Region XI,0,,0
CUST-100212,48,2535.79,6,12,1,standard,Region XI,0,,0
CUST-100213,39,1283.38,5,84,2,basic,Region XI,0,,0
CUST-100214,19,1916.81,3,52,1,premium,Region IV-A,0,,0
CUST-100215,44,1347.73,3,163,1,standard,Region IV-A,0,,0
CUST-100216,38,2423.98,7,22,0,standard,Region IV-A,0,,0
CUST-100217,7,1100.95,0,76,0,premium,Region XI,0,,0
CUST-100218,10,1509.6,0,14,2,standard,Region XI,0,,0
CUST-100219,20,339.31,3,110,0,basic,Region XI,0,,0
CUST-100220,3,504.26,0,128,1,basic,Region XI,0,,0
CUST-100221,24,1395.12,2,94,2,standard,Region VII,0,,0
CUST-100222,28,1333.64,2,22,3,basic,Region III,0,,0
CUST-100223,46,1577.68,3,85,1,premium,NCR,0,,0
CUST-100224,11,189.42,1,170,3,basic,Region XI,1,found_alternative,0
CUST-100225,34,443.78,1,122,1,basic,NCR,0,,0
CUST-100226,40,550.52,10,116,1,standard,NCR,0,,0
CUST-100227,27,965.58,1,189,3,standard,Region IV-A,0,,0
CUST-100228,54,896.52,3,41,2,premium,Region VII,0,,0
CUST-100229,19,516.58,0,110,0,basic,Region VII,0,,0
CUST-100230,25,507.58,2,62,1,basic,Region III,0,,0
CUST-100231,1,1768.99,0,169,0,standard,Region IV-A,0,,0
CUST-100232,25,1142.91,3,154,1,premium,Region XI,0,,0
CUST-100233,2,2246.08,0,67,1,basic,Region VII,0,,0
CUST-100234,59,842.98,4,169,0,standard,Region XI,0,,0
CUST-100235,15,1054.08,1,55,3,basic,Region VII,1,unknown,0
CUST-100236,48,1142.89,7,87,3,standard,NCR,0,,0
CUST-100237,7,816.25,0,15,1,basic,Region III,0,,0
CUST-100238,17,1869.5,0,88,1,premium,NCR,0,,0
CUST-100239,8,747.76,1,116,0,basic,NCR,0,,0
CUST-100240,22,766.35,2,130,1,standard,Region XI,0,,0
CUST-100241,36,1402.15,4,147,2,standard,Region VII,0,,0
CUST-100242,25,392.23,3,149,1,basic,Region XI,0,,0
CUST-100243,36,610.31,7,125,0,basic,Region III,0,,0
CUST-100244,48,1517.65,9,79,1,standard,Region XI,0,,0
CUST-100245,3,952.6,0,170,2,standard,Region XI,1,unknown,0
CUST-100246,26,1250.71,0,62,3,standard,NCR,0,,0
CUST-100247,36,1156.77,5,42,3,standard,Region XI,0,,0
CUST-100248,31,538.1,5,55,0,basic,NCR,0,,0
CUST-100249,9,1318.74,1,133,1,premium,Region IV-A,0,,0
CUST-100250,13,379.56,2,127,0,basic,NCR,0,,0
CUST-100251,23,1639.22,2,99,0,standard,Region IV-A,0,,0
CUST-100252,39,1223.15,3,180,1,premium,NCR,1,too_expensive,0
CUST-100253,59,2048.69,3,63,1,premium,Region XI,0,,0
CUST-100254,22,680.22,2,24,0,basic,Region IV-A,0,,0
CUST-100255,31,1044.58,6,97,1,basic,Region XI,0,,0
CUST-100256,19,633.35,3,57,1,standard,Region IV-A,0,,0
CUST-100257,3,1327.25,0,144,1,basic,Region IV-A,1,poor_support,0
CUST-100258,24,949.26,2,103,1,standard,Region VII,0,,0
CUST-100259,21,814.2,1,178,1,standard,Region XI,0,,0
CUST-100260,9,352.41,0,150,3,basic,Region III,0,,0
CUST-100261,40,2946.87,1,120,1,basic,Region IV-A,0,,0
CUST-100262,16,557.94,0,83,0,standard,Region III,0,,0
CUST-100263,14,2459.61,2,132,2,standard,NCR,0,,0
CUST-100264,23,1826.91,1,71,0,basic,Region XI,0,,0
CUST-100265,57,293.95,4,186,0,basic,Region IV-A,0,,0
CUST-100266,38,740.45,3,118,0,basic,Region III,0,,0
CUST-100267,26,949.68,2,148,1,standard,Region VII,1,unknown,0
CUST-100268,49,1004.6,1,43,1,standard,Region XI,0,,0
CUST-100269,2,1504.7,0,44,3,premium,Region XI,0,,0
CUST-100270,20,2062.65,2,95,2,premium,Region IV-A,0,,0
CUST-100271,32,592.31,3,153,4,standard,NCR,0,,0
CUST-100272,29,1303.55,6,182,1,premium,Region IV-A,0,,0
CUST-100273,40,568.15,2,25,2,basic,Region IV-A,0,,0
CUST-100274,42,778.35,4,19,1,standard,Region III,0,,0
CUST-100275,27,1024.77,1,26,2,standard,Region IV-A,0,,0
CUST-100276,55,909.83,3,19,1,standard,Region IV-A,0,,0
CUST-100277,55,371.58,7,190,1,standard,Region XI,0,,0
CUST-100278,29,913.3,4,29,0,basic,NCR,0,,0
CUST-100279,54,789.53,6,22,0,premium,Region VII,0,,0
CUST-100280,38,1971.41,3,63,2,premium,Region VII,0,,0
CUST-100281,9,1425.27,0,165,0,premium,Region III,0,,0
CUST-100282,8,625.77,3,182,2,basic,Region III,0,,0
CUST-100283,5,885.67,0,135,5,premium,Region XI,0,,0
CUST-100284,13,1179.78,0,118,5,standard,Region III,0,,0
CUST-100285,19,991.73,0,151,3,standard,Region VII,0,,0
CUST-100286,5,773.53,0,18,2,basic,Region IV-A,1,found_alternative,0
CUST-100287,36,1090.51,1,112,2,standard,Region XI,0,,0
CUST-100288,25,1345.82,1,11,2,standard,Region VII,0,,0
CUST-100289,36,1161.1,2,151,2,standard,Region XI,1,no_longer_needed,0
CUST-100290,30,2351.02,3,98,2,premium,Region XI,0,,0
CUST-100291,17,1093.84,3,190,1,basic,NCR,0,,0
CUST-100292,37,1147.72,4,120,2,standard,Region XI,0,,0
CUST-100293,57,793.46,6,148,3,basic,Region XI,0,,0
CUST-100294,19,412.64,1,12,1,basic,NCR,0,,0
CUST-100295,19,256.9,2,63,0,basic,Region IV-A,0,,0
CUST-100296,31,102.6,4,91,0,basic,Region III,0,,0
CUST-100297,48,1058.73,4,178,1,basic,Region XI,0,,0
CUST-100298,32,749.48,1,135,3,basic,Region III,0,,0
CUST-100299,50,1111.43,3,95,4,basic,NCR,0,,0
CUST-100300,5,1934.07,0,129,0,standard,NCR,0,,0
CUST-100301,6,705.67,0,31,0,basic,Region VII,0,,0
CUST-100302,24,299.67,4,137,0,basic,NCR,0,,0
CUST-100303,14,1303.0,1,181,0,basic,Region III,1,found_alternative,0
CUST-100304,2,666.62,0,67,1,basic,Region IV-A,0,,0
CUST-100305,13,514.41,2,82,1,basic,NCR,0,,0
CUST-100306,16,1087.39,2,191,1,premium,NCR,0,,0
CUST-100307,55,1302.14,1,49,0,standard,Region XI,0,,0
CUST-100308,47,1042.4,2,135,1,basic,Region IV-A,0,,0
CUST-100309,21,1734.1,0,127,0,standard,Region III,0,,0
CUST-100310,57,362.22,7,41,2,basic,Region XI,0,,0
CUST-100311,50,607.98,3,199,1,standard,NCR,0,,0
CUST-100312,15,1449.69,1,190,2,premium,Region III,0,,0
CUST-100313,29,908.37,4,168,0,basic,Region XI,0,,0
CUST-100314,55,1369.81,3,131,1,basic,Region VII,0,,0
CUST-100315,27,1676.77,0,50,2,standard,Region IV-A,0,,0
CUST-100316,22,829.25,1,2,0,basic,Region XI,0,,0
CUST-100317,54,1480.16,3,142,4,basic,Region IV-A,0,,0
CUST-100318,39,981.67,4,139,2,standard,Region VII,0,,0
CUST-100319,27,987.64,1,50,1,standard,Region XI,0,,0
CUST-100320,52,653.47,7,24,0,basic,Region IV-A,0,,0
CUST-100321,44,596.47,7,102,1,standard,Region IV-A,0,,0
CUST-100322,21,244.9,2,199,2,basic,Region VII,1,found_alternative,0
CUST-100323,26,839.87,1,28,1,basic,NCR,0,,0
CUST-100324,3,1567.44,0,62,1,standard,Region IV-A,0,,0
CUST-100325,7,749.85,0,57,1,standard,Region VII,0,,0
CUST-100326,57,1663.12,5,34,1,standard,Region III,0,,0
CUST-100327,4,1894.13,0,198,1,standard,Region VII,1,too_expensive,1
CUST-100328,50,859.59,4,171,0,standard,Region IV-A,0,,0
CUST-100329,13,803.39,2,91,0,premium,NCR,0,,0
CUST-100330,32,901.15,1,74,1,standard,NCR,0,,0
CUST-100331,43,379.77,6,148,0,basic,Region IV-A,0,,0
CUST-100332,59,1572.37,3,196,1,standard,NCR,0,,0
CUST-100333,23,864.35,6,87,0,basic,Region III,0,,0
CUST-100334,55,451.32,2,173,0,standard,Region IV-A,0,,0
CUST-100335,27,1001.41,4,0,0,basic,NCR,0,,0
CUST-100336,52,1373.32,6,125,0,basic,Region IV-A,0,,0
CUST-100337,7,1050.88,0,130,0,standard,Region III,0,,0
CUST-100338,16,820.19,0,84,0,standard,Region III,0,,0
CUST-100339,37,958.13,4,83,1,basic,Region XI,0,,0
CUST-100340,42,1853.03,8,29,3,basic,Region XI,0,,0
CUST-100341,48,1752.08,0,52,3,standard,Region III,0,,0
CUST-100342,22,915.23,3,131,1,premium,Region XI,0,,0
CUST-100343,37,858.12,2,39,2,basic,Region III,0,,0
CUST-100344,37,390.84,3,57,0,basic,Region III,0,,0
CUST-100345,59,562.17,8,97,3,basic,Region XI,0,,0
CUST-100346,7,1566.84,0,21,0,basic,NCR,1,found_alternative,0
CUST-100347,1,855.76,0,179,1,basic,Region III,0,,0
CUST-100348,34,1014.94,3,181,1,premium,Region XI,0,,0
CUST-100349,1,893.84,0,68,1,standard,Region XI,0,,0
CUST-100350,12,1170.7,0,56,1,basic,Region XI,0,,0
CUST-100351,30,540.6,2,113,1,basic,Region XI,0,,0
CUST-100352,16,883.62,0,177,1,basic,Region XI,0,,0
CUST-100353,16,818.31,0,10,0,standard,Region IV-A,0,,0
CUST-100354,21,605.23,6,7,2,basic,Region III,0,,0
CUST-100355,41,1656.29,4,144,0,basic,Region III,0,,0
CUST-100356,22,1088.38,2,139,2,standard,NCR,0,,0
CUST-100357,47,1057.35,3,156,2,basic,NCR,0,,0
CUST-100358,10,1079.44,3,119,1,standard,Region XI,0,,0
CUST-100359,7,874.77,0,75,0,premium,NCR,0,,0
CUST-100360,10,365.39,1,8,0,basic,Region VII,0,,0
CUST-100361,55,1651.33,1,87,1,basic,Region III,0,,0
CUST-100362,17,2152.27,2,21,2,premium,Region VII,0,,0
CUST-100363,2,812.77,0,13,2,basic,Region IV-A,0,,0
CUST-100364,19,458.1,3,114,2,basic,NCR,0,,0
CUST-100365,41,484.64,1,184,2,standard,Region III,0,,0
CUST-100366,22,2622.41,0,150,3,standard,Region VII,1,found_alternative,0
CUST-100367,23,950.96,2,110,2,premium,Region XI,0,,0
CUST-100368,6,482.92,1,39,0,basic,Region III,0,,0
CUST-100369,40,536.15,3,27,1,basic,Region III,0,,0
CUST-100370,14,451.83,0,19,0,basic,Region VII,0,,0
CUST-100371,6,771.12,1,148,0,basic,Region IV-A,0,,0
CUST-100372,43,2465.59,2,165,1,standard,NCR,0,,0
CUST-100373,56,701.58,7,155,1,basic,NCR,0,,0
CUST-100374,37,923.39,2,1,4,basic,Region III,0,,0
CUST-100375,56,1101.85,3,40,1,basic,Region III,0,,0
CUST-100376,24,1258.01,2,95,2,basic,NCR,0,,0
CUST-100377,31,813.29,2,90,2,basic,Region VII,0,,0
CUST-100378,22,675.56,1,26,2,standard,Region IV-A,0,,0
CUST-100379,31,1109.49,2,88,0,basic,Region VII,0,,0
CUST-100380,53,2099.26,1,117,1,standard,NCR,0,,0
CUST-100381,38,228.19,2,74,2,basic,Region IV-A,0,,0
CUST-100382,2,518.97,0,107,2,basic,Region IV-A,0,,0
CUST-100383,35,1553.69,3,172,0,premium,Region IV-A,0,,0
CUST-100384,23,1734.41,0,32,4,premium,Region XI,0,,0
CUST-100385,33,595.37,1,141,0,basic,Region IV-A,0,,0
CUST-100386,33,1252.04,5,152,0,basic,Region IV-A,0,,0
CUST-100387,35,2078.72,1,176,3,premium,Region XI,0,,0
CUST-100388,52,1203.78,4,51,2,standard,Region III,0,,0
CUST-100389,51,1225.18,8,105,1,basic,Region III,0,,0
CUST-100390,58,702.91,5,87,1,basic,NCR,0,,0
CUST-100391,37,338.14,3,161,1,basic,Region VII,0,,0
CUST-100392,17,665.4,1,35,3,standard,NCR,0,,0
CUST-100393,12,2298.9,0,47,0,standard,Region III,0,,0
CUST-100394,51,1487.76,2,57,0,basic,Region IV-A,0,,0
CUST-100395,54,396.47,5,55,1,basic,Region IV-A,0,,0
CUST-100396,3,369.98,0,168,3,basic,NCR,0,,0
CUST-100397,13,1374.24,0,98,2,standard,Region IV-A,0,,0
CUST-100398,41,3594.33,1,137,1,premium,Region XI,0,,0
CUST-100399,10,1079.69,1,98,3,standard,NCR,0,,0
CUST-100400,3,716.98,1,152,1,standard,Region IV-A,0,,0
CUST-100401,59,1294.01,6,8,0,basic,Region IV-A,0,,0
CUST-100402,6,1863.46,0,46,1,standard,Region III,0,,0
CUST-100403,13,1124.95,0,117,1,basic,Region IV-A,0,,0
CUST-100404,59,1032.12,8,53,3,basic,Region III,0,,0
CUST-100405,6,391.4,0,3,2,basic,NCR,0,,0
CUST-100406,48,1558.31,4,152,0,standard,Region XI,0,,0
CUST-100407,34,1136.99,1,38,1,basic,Region XI,0,,0
CUST-100408,32,635.52,1,172,1,basic,Region III,0,,0
CUST-100409,49,913.55,5,62,2,premium,NCR,0,,0
CUST-100410,2,850.79,0,104,3,standard,NCR,0,,0
CUST-100411,4,792.28,0,167,4,basic,Region XI,1,no_longer_needed,0
CUST-100412,12,1181.02,3,67,1,basic,Region XI,0,,0
CUST-100413,29,1554.21,4,39,1,standard,Region IV-A,0,,0
CUST-100414,57,744.31,6,83,0,basic,Region XI,0,,0
CUST-100415,5,706.0,0,78,0,basic,Region III,0,,0
CUST-100416,25,1436.09,1,120,2,basic,Region IV-A,0,,0
CUST-100417,26,974.64,3,129,1,basic,NCR,0,,0
CUST-100418,12,1378.96,0,192,4,standard,Region IV-A,0,,0
CUST-100419,21,889.77,0,29,1,standard,Region VII,0,,0
CUST-100420,12,1419.81,1,39,0,basic,Region XI,0,,0
CUST-100421,9,1138.34,0,14,0,premium,Region VII,0,,0
CUST-100422,31,2458.28,2,16,1,standard,Region VII,0,,0
CUST-100423,55,610.98,3,1,0,standard,Region VII,0,,0
CUST-100424,24,826.34,0,71,5,basic,Region VII,0,,0
CUST-100425,38,339.73,5,192,1,basic,Region IV-A,0,,0
CUST-100426,40,1333.49,4,9,1,standard,Region IV-A,0,,0
CUST-100427,50,1771.84,2,7,1,standard,NCR,0,,0
CUST-100428,49,1132.34,2,66,0,basic,NCR,0,,0
CUST-100429,54,618.09,3,130,2,basic,Region VII,0,,0
CUST-100430,49,339.56,6,132,0,basic,Region IV-A,0,,0
CUST-100431,55,613.88,4,0,1,basic,Region XI,0,,0
CUST-100432,57,1150.54,5,4,2,basic,NCR,0,,0
CUST-100433,45,417.08,1,165,1,basic,Region III,0,,0
CUST-100434,30,258.41,4,162,0,basic,Region III,0,,0
CUST-100435,19,1295.28,3,133,2,premium,Region XI,0,,0
CUST-100436,34,597.35,0,29,2,standard,Region III,0,,0
CUST-100437,49,948.49,5,195,0,basic,Region VII,0,,0
CUST-100438,45,745.5,3,147,2,basic,NCR,0,,0
CUST-100439,31,679.96,3,187,0,basic,Region IV-A,0,,0
CUST-100440,5,2363.49,0,123,1,basic,Region IV-A,0,,0
CUST-100441,17,1280.76,2,193,0,standard,Region VII,0,,0
CUST-100442,35,117.31,4,22,0,basic,Region IV-A,0,,0
CUST-100443,23,2781.59,4,15,2,premium,NCR,0,,0
CUST-100444,27,822.0,5,191,0,basic,NCR,0,,0
CUST-100445,18,1239.49,1,117,0,premium,NCR,0,,0
CUST-100446,5,1160.37,0,122,0,standard,Region III,1,no_longer_needed,0
CUST-100447,28,622.09,2,149,1,standard,Region VII,0,,0
CUST-100448,27,1328.75,4,186,3,premium,Region III,0,,0
CUST-100449,47,1396.05,3,24,0,basic,Region XI,0,,0
CUST-100450,7,663.74,0,53,2,basic,NCR,0,,0
CUST-100451,29,567.92,2,41,1,basic,Region IV-A,0,,0
CUST-100452,51,743.9,4,53,1,standard,Region VII,0,,0
CUST-100453,16,1875.99,3,81,0,premium,NCR,0,,0
CUST-100454,19,960.62,1,113,0,basic,Region IV-A,0,,0
CUST-100455,6,2434.9,0,169,0,standard,NCR,0,,0
CUST-100456,34,1995.2,1,46,3,basic,Region VII,0,,0
CUST-100457,51,691.79,4,163,1,basic,Region IV-A,0,,0
CUST-100458,29,1361.39,3,114,2,standard,Region XI,0,,0
CUST-100459,25,623.29,0,163,0,basic,Region VII,1,too_expensive,0
CUST-100460,45,564.9,4,160,2,basic,Region III,1,too_expensive,0
CUST-100461,27,791.74,2,55,0,standard,NCR,0,,0
CUST-100462,24,755.73,2,155,1,standard,NCR,0,,0
CUST-100463,46,1652.09,8,153,1,standard,NCR,0,,0
CUST-100464,17,560.64,0,112,1,basic,Region III,0,,0
CUST-100465,51,633.5,5,18,0,basic,Region VII,0,,0
CUST-100466,16,1201.15,0,190,3,standard,Region III,0,,0
CUST-100467,31,1501.95,3,189,2,premium,NCR,0,,0
CUST-100468,15,851.3,3,68,1,basic,NCR,0,,0
CUST-100469,38,1790.1,1,99,1,standard,Region IV-A,0,,0
CUST-100470,26,801.27,1,85,1,standard,Region III,0,,0
CUST-100471,15,754.34,0,143,3,standard,Region VII,0,,0
CUST-100472,44,328.68,6,63,2,standard,Region III,0,,0
CUST-100473,56,1127.89,6,194,0,basic,NCR,0,,0
CUST-100474,2,1356.46,0,17,3,standard,Region III,0,,0
CUST-100475,34,1460.03,1,82,1,basic,Region IV-A,0,,0
CUST-100476,43,687.4,2,91,0,basic,NCR,0,,0
CUST-100477,43,755.73,3,60,2,basic,NCR,0,,0
CUST-100478,14,1368.56,0,94,1,basic,Region XI,0,,0
CUST-100479,7,859.85,1,63,1,standard,Region III,1,found_alternative,0
CUST-100480,31,1413.38,2,71,1,premium,Region VII,0,,0
CUST-100481,38,1524.27,1,18,2,basic,Region XI,0,,0
CUST-100482,18,1086.94,1,80,0,basic,NCR,0,,0
CUST-100483,22,1272.19,3,135,1,premium,Region VII,0,,0
CUST-100484,32,1351.33,3,183,1,basic,Region XI,0,,0
CUST-100485,27,769.83,4,199,2,basic,NCR,0,,0
CUST-100486,29,1618.71,3,157,0,standard,Region III,0,,0
CUST-100487,41,1559.17,4,174,1,premium,NCR,0,,0
CUST-100488,59,844.39,8,69,0,standard,NCR,0,,0
CUST-100489,47,393.78,3,193,0,basic,Region III,0,,0
CUST-100490,1,1487.98,1,173,2,standard,NCR,0,,0
CUST-100491,21,1557.28,2,42,1,standard,Region XI,0,,0
CUST-100492,1,2240.65,1,144,4,premium,Region III,1,poor_support,0
CUST-100493,52,1148.93,1,13,1,basic,Region VII,0,,0
CUST-100494,39,1322.88,3,65,0,premium,NCR,0,,0
CUST-100495,13,1188.35,0,55,0,standard,Region VII,0,,0
CUST-100496,50,842.21,2,157,1,basic,Region VII,1,found_alternative,0
CUST-100497,34,708.01,3,121,2,basic,NCR,0,,0
CUST-100498,4,363.04,0,60,2,basic,Region IV-A,0,,0
CUST-100499,9,999.54,0,146,2,premium,Region XI,0,,0
CUST-100500,48,1262.12,4,20,1,basic,Region VII,0,,0
CUST-100501,18,738.82,1,156,0,standard,Region XI,0,,0
CUST-100502,31,685.41,2,173,3,basic,Region IV-A,0,,0
CUST-100503,53,515.52,4,9,0,standard,Region III,0,,0
CUST-100504,18,281.23,2,149,1,basic,Region IV-A,0,,0
CUST-100505,1,1095.6,0,121,1,premium,Region IV-A,0,,0
CUST-100506,5,1485.96,1,46,1,standard,Region XI,0,,0
CUST-100507,55,1526.44,3,53,1,standard,Region IV-A,0,,0
CUST-100508,36,1157.45,5,43,1,standard,Region VII,0,,0
CUST-100509,20,787.27,2,52,5,standard,Region IV-A,0,,0
CUST-100510,5,2333.35,0,65,1,premium,Region III,0,,0
CUST-100511,42,678.25,2,156,3,basic,Region III,0,,0
CUST-100512,3,2422.94,0,56,0,premium,Region XI,0,,0
CUST-100513,6,1019.55,2,178,3,basic,Region III,0,,0
CUST-100514,36,1654.63,6,109,0,standard,Region IV-A,0,,0
CUST-100515,38,2009.06,3,119,0,premium,Region VII,0,,0
CUST-100516,34,815.62,3,180,1,premium,NCR,0,,0
CUST-100517,54,391.72,5,3,0,basic,Region VII,0,,0
CUST-100518,16,648.33,1,83,1,basic,Region XI,0,,0
CUST-100519,33,744.39,5,65,0,standard,Region IV-A,0,,0
CUST-100520,19,1055.54,1,160,2,basic,Region IV-A,1,no_longer_needed,0
CUST-100521,22,1705.2,1,188,1,premium,Region IV-A,0,,0
CUST-100522,9,612.06,0,191,0,basic,Region VII,0,,0
CUST-100523,47,570.79,4,124,1,basic,NCR,0,,0
CUST-100524,42,1597.22,1,55,1,standard,Region VII,0,,0
CUST-100525,43,577.2,1,166,1,basic,Region IV-A,0,,0
CUST-100526,9,1486.57,0,115,0,basic,NCR,0,,0
CUST-100527,7,921.56,1,95,2,basic,Region XI,0,,0
CUST-100528,47,1523.85,0,90,1,premium,NCR,0,,0
CUST-100529,40,681.08,4,89,2,standard,Region IV-A,0,,0
CUST-100530,2,1791.8,0,173,3,premium,Region XI,0,,0
CUST-100531,40,385.74,6,110,1,basic,Region XI,0,,0
CUST-100532,58,1190.51,4,176,0,basic,Region VII,0,,0
CUST-100533,45,1102.49,4,168,1,basic,Region VII,0,,0
CUST-100534,17,1117.27,1,55,1,basic,Region IV-A,0,,0
CUST-100535,19,1100.42,1,189,0,basic,Region VII,1,no_longer_needed,0
CUST-100536,45,1344.33,1,67,0,basic,Region XI,0,,0
CUST-100537,24,1036.21,2,106,2,basic,Region IV-A,0,,0
CUST-100538,44,471.53,5,186,0,standard,Region IV-A,0,,0
CUST-100539,57,975.31,4,191,0,basic,NCR,0,,0
CUST-100540,24,718.87,3,29,1,standard,Region XI,0,,0
CUST-100541,34,314.57,2,156,3,basic,Region XI,0,,0
CUST-100542,29,672.34,3,104,1,standard,Region VII,0,,0
CUST-100543,31,792.08,1,155,2,standard,Region VII,0,,0
CUST-100544,5,1384.6,1,173,1,standard,Region III,1,found_alternative,0
CUST-100545,59,933.85,6,188,1,standard,Region XI,0,,0
CUST-100546,32,1330.54,2,20,0,basic,NCR,0,,0
CUST-100547,14,513.67,0,28,0,basic,Region VII,0,,0
CUST-100548,34,947.86,3,133,0,standard,Region III,0,,0
CUST-100549,24,1128.99,4,9,1,premium,Region IV-A,0,,0
CUST-100550,49,422.84,2,122,0,standard,NCR,0,,0
CUST-100551,45,822.6,6,23,1,basic,NCR,0,,0
CUST-100552,23,3027.27,1,142,1,standard,Region III,0,,0
CUST-100553,43,922.51,6,113,3,premium,Region III,0,,0
CUST-100554,2,1196.14,0,184,1,basic,Region XI,0,,0
CUST-100555,58,1349.73,7,171,5,basic,Region IV-A,0,,0
CUST-100556,31,1097.6,1,63,1,standard,NCR,0,,0
CUST-100557,39,598.62,5,10,1,standard,Region XI,0,,0
CUST-100558,39,2326.06,2,114,2,basic,Region VII,0,,0
CUST-100559,19,1091.1,2,101,0,basic,Region XI,0,,0
CUST-100560,41,2070.6,2,83,4,standard,Region XI,0,,0
CUST-100561,24,502.01,1,125,1,standard,Region IV-A,0,,0
CUST-100562,41,808.3,2,139,2,standard,NCR,0,,0
CUST-100563,6,326.86,0,121,3,basic,Region IV-A,0,,0
CUST-100564,9,1429.36,0,190,0,basic,Region VII,1,no_longer_needed,0
CUST-100565,55,501.87,5,58,1,standard,NCR,0,,0
CUST-100566,44,740.87,5,102,2,basic,Region XI,0,,0
CUST-100567,8,692.86,0,48,2,basic,Region III,0,,0
CUST-100568,13,451.72,0,134,1,standard,Region VII,0,,0
CUST-100569,33,1148.32,2,4,1,basic,Region XI,0,,0
CUST-100570,1,1279.52,0,123,1,standard,Region XI,0,,0
CUST-100571,24,537.93,0,31,0,basic,Region VII,0,,0
CUST-100572,20,2068.93,2,0,2,standard,Region III,0,,0
CUST-100573,8,481.08,1,2,1,standard,Region IV-A,0,,0
CUST-100574,18,401.73,0,131,1,standard,Region IV-A,0,,0
CUST-100575,18,1472.11,1,97,3,premium,Region XI,0,,0
CUST-100576,4,422.37,0,115,0,basic,NCR,0,,0
CUST-100577,38,1010.02,5,132,3,standard,NCR,0,,0
CUST-100578,17,1546.59,1,35,1,basic,NCR,0,,0
CUST-100579,2,912.4,0,122,0,premium,Region XI,0,,0
CUST-100580,2,1439.45,0,93,3,basic,Region IV-A,0,,0
CUST-100581,57,579.91,3,143,0,standard,Region VII,0,,0
CUST-100582,7,604.24,0,99,2,basic,NCR,0,,0
CUST-100583,54,1616.89,7,16,0,basic,NCR,0,,0
CUST-100584,10,1162.63,3,29,0,basic,Region VII,0,,0
CUST-100585,5,444.06,0,113,0,basic,Region VII,0,,0
CUST-100586,33,968.85,3,3,0,basic,Region IV-A,0,,0
CUST-100587,52,575.0,2,40,2,basic,NCR,0,,0
CUST-100588,5,875.85,1,184,0,standard,Region IV-A,0,,0
CUST-100589,20,696.51,2,129,1,basic,Region VII,0,,0
CUST-100590,45,1066.44,7,165,1,basic,Region III,0,,0
CUST-100591,4,1438.12,1,161,2,premium,Region III,1,too_expensive,0
CUST-100592,11,958.67,2,160,3,standard,Region VII,0,,0
CUST-100593,19,722.72,2,127,2,basic,Region III,0,,0
CUST-100594,48,907.9,2,109,0,basic,NCR,0,,0
CUST-100595,48,813.43,4,79,1,basic,Region VII,0,,0
CUST-100596,42,809.47,5,135,3,standard,NCR,0,,0
CUST-100597,40,1523.7,5,77,0,premium,Region IV-A,0,,0
CUST-100598,2,1271.83,0,128,2,standard,Region IV-A,0,,0
CUST-100599,15,1539.04,3,111,3,premium,NCR,0,,0
CUST-100600,55,1577.74,3,62,2,standard,Region VII,0,,0
CUST-100601,43,1129.67,3,178,4,premium,Region XI,0,,0
CUST-100602,15,763.67,1,187,2,standard,Region XI,0,,0
CUST-100603,42,1940.67,4,131,1,standard,Region III,0,,0
CUST-100604,43,707.07,6,75,2,standard,Region III,0,,0
CUST-100605,44,916.46,5,19,2,standard,Region VII,0,,0
CUST-100606,58,169.16,4,146,3,basic,Region IV-A,0,,0
CUST-100607,32,331.34,3,156,0,basic,Region VII,0,,0
CUST-100608,4,606.95,1,119,0,basic,Region III,0,,0
CUST-100609,49,586.95,5,10,0,basic,NCR,0,,0
CUST-100610,1,1282.07,0,171,2,premium,NCR,1,unknown,0
CUST-100611,38,2173.94,2,74,3,standard,Region XI,0,,0
CUST-100612,47,214.45,1,14,3,basic,Region IV-A,0,,0
CUST-100613,8,780.59,0,75,2,basic,Region IV-A,0,,0
CUST-100614,48,725.98,10,101,0,basic,Region VII,0,,0
CUST-100615,48,2353.75,6,124,1,standard,Region III,0,,0
CUST-100616,39,1857.87,4,194,0,premium,Region III,0,,0
CUST-100617,20,578.86,2,167,0,basic,Region IV-A,0,,0
CUST-100618,12,1667.02,4,42,3,basic,NCR,0,,0
CUST-100619,42,1148.17,3,55,2,premium,Region VII,0,,0
CUST-100620,10,1569.86,0,196,1,standard,NCR,0,,0
CUST-100621,40,2416.15,4,126,3,premium,NCR,0,,0
CUST-100622,11,839.46,0,166,0,basic,Region VII,0,,0
CUST-100623,20,383.65,3,115,1,basic,Region III,1,too_expensive,0
CUST-100624,30,450.24,5,65,1,standard,Region VII,0,,0
CUST-100625,10,858.79,0,121,0,basic,Region IV-A,0,,0
CUST-100626,47,1538.27,5,160,2,standard,NCR,0,,0
CUST-100627,42,3355.92,2,3,1,standard,Region VII,0,,0
CUST-100628,1,1564.84,0,19,3,basic,NCR,0,,0
CUST-100629,51,802.62,3,102,3,basic,Region III,0,,0
CUST-100630,43,619.42,4,197,0,standard,Region VII,0,,0
CUST-100631,50,1321.29,9,187,3,premium,Region IV-A,0,,0
CUST-100632,36,1909.32,3,76,1,basic,Region III,0,,0
CUST-100633,37,2575.52,4,49,1,standard,Region III,0,,0
CUST-100634,23,544.18,0,72,1,basic,Region IV-A,0,,0
CUST-100635,14,1279.58,0,157,1,premium,Region III,0,,0
CUST-100636,14,1981.67,0,140,0,standard,Region XI,0,,0
CUST-100637,19,1671.87,0,144,3,basic,Region VII,1,unknown,0
CUST-100638,18,810.04,1,131,3,standard,Region XI,0,,0
CUST-100639,45,1442.73,5,197,1,standard,Region III,0,,0
CUST-100640,31,832.8,1,177,1,standard,Region XI,0,,0
CUST-100641,25,1477.39,2,63,2,basic,Region III,0,,0
CUST-100642,43,1047.24,1,156,1,standard,Region III,0,,0
CUST-100643,44,889.08,4,170,2,standard,Region III,0,,0
CUST-100644,56,1256.24,4,183,4,basic,Region IV-A,0,,0
CUST-100645,19,833.59,2,55,0,basic,Region VII,0,,0
CUST-100646,15,1837.22,0,73,4,premium,NCR,0,,0
CUST-100647,1,651.36,0,91,2,standard,Region IV-A,0,,0
CUST-100648,10,459.74,1,102,2,basic,Region XI,1,unknown,0
CUST-100649,36,1354.35,6,96,0,premium,Region IV-A,0,,0
CUST-100650,48,492.97,5,184,0,basic,Region VII,0,,0
CUST-100651,36,856.81,5,140,1,standard,Region VII,0,,0
CUST-100652,59,766.93,7,81,3,basic,Region XI,0,,0
CUST-100653,38,532.81,3,49,3,basic,Region VII,0,,0
CUST-100654,53,2471.73,4,19,1,premium,Region IV-A,0,,0
CUST-100655,16,721.99,2,67,1,standard,NCR,0,,0
CUST-100656,20,740.37,1,183,1,basic,Region XI,0,,0
CUST-100657,48,1350.51,9,195,2,premium,Region III,0,,0
CUST-100658,39,1455.85,4,165,0,premium,Region XI,0,,0
CUST-100659,29,888.64,1,130,0,standard,Region III,0,,0
CUST-100660,57,1319.82,3,10,1,basic,Region IV-A,0,,0
CUST-100661,45,1368.3,4,110,0,basic,Region XI,0,,0
CUST-100662,18,793.68,5,10,1,standard,NCR,0,,0
CUST-100663,37,2031.25,6,11,2,premium,Region III,0,,0
CUST-100664,24,527.1,1,61,0,basic,Region VII,0,,0
CUST-100665,25,742.28,0,199,0,basic,Region III,0,,0
CUST-100666,48,795.08,3,99,0,basic,Region XI,0,,0
CUST-100667,41,359.11,0,153,3,basic,Region IV-A,0,,0
CUST-100668,1,759.46,0,159,0,standard,Region XI,0,,0
CUST-100669,34,285.5,3,195,1,basic,Region IV-A,0,,0
CUST-100670,39,1103.27,2,184,0,standard,NCR,0,,0
CUST-100671,31,626.01,6,67,1,standard,Region XI,0,,0
CUST-100672,18,1785.37,0,179,0,basic,Region IV-A,0,,0
CUST-100673,39,1187.49,3,25,2,premium,Region III,0,,0
CUST-100674,56,1216.67,5,113,0,basic,Region VII,0,,0
CUST-100675,6,1171.3,0,149,0,basic,Region III,0,,0
CUST-100676,36,506.39,8,152,0,basic,Region IV-A,0,,0
CUST-100677,54,847.64,2,147,1,standard,Region VII,0,,0
CUST-100678,24,593.95,2,168,0,basic,Region IV-A,0,,0
CUST-100679,20,1523.99,3,174,0,premium,Region VII,0,,0
CUST-100680,15,2851.52,2,129,1,basic,NCR,0,,0
CUST-100681,14,898.22,2,1,1,basic,Region XI,0,,0
CUST-100682,24,819.37,4,23,0,standard,Region VII,0,,0
CUST-100683,46,1544.06,3,117,2,premium,Region VII,0,,0
CUST-100684,11,627.29,0,141,0,standard,Region XI,1,unknown,0
CUST-100685,14,474.31,1,28,2,basic,Region IV-A,0,,0
CUST-100686,59,1801.69,6,18,1,basic,NCR,0,,0
CUST-100687,59,676.91,2,95,1,basic,NCR,0,,0
CUST-100688,14,711.0,2,183,0,standard,Region XI,0,,0
CUST-100689,25,586.02,1,199,1,standard,Region XI,0,,0
CUST-100690,24,761.45,3,38,4,basic,NCR,0,,0
CUST-100691,18,602.11,3,149,3,standard,Region VII,0,,0
CUST-100692,10,1742.53,1,153,0,standard,Region VII,0,,0
CUST-100693,4,1168.63,1,52,1,basic,NCR,0,,0
CUST-100694,37,551.83,3,166,1,basic,Region VII,0,,0
CUST-100695,3,2279.02,0,124,0,standard,Region IV-A,0,,0
CUST-100696,37,594.34,4,184,0,basic,Region III,1,unknown,0
CUST-100697,6,676.33,0,96,1,basic,Region IV-A,0,,0
CUST-100698,10,481.17,0,46,1,basic,Region XI,0,,0
CUST-100699,1,1361.87,0,90,1,standard,Region III,0,,0
CUST-100700,24,627.12,4,71,2,standard,Region VII,0,,0
CUST-100701,20,818.68,2,13,1,standard,Region VII,0,,0
CUST-100702,20,515.85,0,17,2,basic,Region VII,0,,0
CUST-100703,19,1145.09,3,128,1,standard,Region VII,0,,0
CUST-100704,56,309.39,5,122,0,basic,Region VII,0,,0
CUST-100705,26,964.99,1,122,1,standard,Region III,0,,0
CUST-100706,48,2090.01,4,45,0,premium,NCR,0,,0
CUST-100707,14,595.73,0,18,1,standard,Region XI,0,,0
CUST-100708,29,1148.48,1,171,0,basic,Region III,0,,0
CUST-100709,4,1535.82,0,25,2,standard,Region XI,0,,0
CUST-100710,16,693.99,3,180,0,basic,Region III,0,,0
CUST-100711,5,162.37,1,92,1,basic,Region III,0,,0
CUST-100712,2,1721.62,0,99,1,premium,NCR,0,,0
CUST-100713,11,1462.15,2,107,1,basic,Region IV-A,0,,0
CUST-100714,10,1938.05,2,146,0,basic,Region XI,0,,0
CUST-100715,19,1062.9,1,38,0,standard,Region XI,0,,0
CUST-100716,44,479.03,3,24,1,standard,Region III,0,,0
CUST-100717,9,1360.65,0,166,1,standard,Region IV-A,0,,0
CUST-100718,37,257.49,3,18,0,basic,Region VII,0,,0
CUST-100719,22,1265.88,2,141,1,standard,Region XI,0,,0
CUST-100720,24,1221.45,2,13,4,basic,Region VII,0,,0
CUST-100721,55,2115.78,9,45,0,premium,Region III,0,,0
CUST-100722,28,575.66,3,129,3,basic,Region III,0,,0
CUST-100723,16,413.83,1,160,1,basic,Region VII,0,,0
CUST-100724,15,1070.89,1,18,0,standard,NCR,0,,0
CUST-100725,10,309.05,1,117,3,basic,Region IV-A,0,,0
CUST-100726,48,865.71,5,3,0,standard,Region VII,0,,0
CUST-100727,40,509.01,5,63,0,basic,Region III,0,,0
CUST-100728,16,1355.11,3,169,0,basic,Region IV-A,0,,0
CUST-100729,29,1715.02,4,165,0,basic,Region VII,0,,0
CUST-100730,30,1064.64,3,101,0,basic,Region IV-A,0,,0
CUST-100731,3,1259.48,0,102,0,basic,NCR,0,,0
CUST-100732,54,824.42,5,40,1,basic,Region IV-A,0,,0
CUST-100733,47,785.33,2,87,0,basic,Region III,0,,0
CUST-100734,32,513.58,1,19,2,standard,Region VII,0,,0
CUST-100735,43,1205.79,4,3,2,standard,Region III,0,,0
CUST-100736,7,1211.12,0,45,1,basic,Region XI,0,,0
CUST-100737,58,660.67,2,164,2,basic,NCR,1,poor_support,0
CUST-100738,38,679.24,3,82,0,basic,Region XI,0,,0
CUST-100739,56,173.05,6,55,3,basic,NCR,0,,0
CUST-100740,51,690.16,3,20,2,basic,Region VII,0,,0
CUST-100741,35,1361.67,1,58,1,basic,Region III,0,,0
CUST-100742,18,1526.97,0,88,2,premium,NCR,0,,0
CUST-100743,41,989.03,2,167,1,standard,Region III,0,,0
CUST-100744,31,364.63,4,28,1,basic,NCR,0,,0
CUST-100745,25,565.93,0,17,2,basic,NCR,0,,0
CUST-100746,42,499.77,4,11,1,basic,Region III,0,,0
CUST-100747,53,394.98,6,190,0,basic,NCR,0,,0
CUST-100748,11,1174.53,1,192,2,standard,Region XI,0,,0
CUST-100749,33,580.01,4,66,0,basic,Region XI,0,,0
CUST-100750,46,1285.6,3,66,2,basic,Region IV-A,0,,0
CUST-100751,20,743.79,2,66,2,basic,NCR,1,poor_support,0
CUST-100752,21,2325.51,1,20,3,standard,Region XI,0,,0
CUST-100753,1,573.08,0,139,3,basic,Region VII,1,found_alternative,0
CUST-100754,20,2071.72,2,196,1,premium,NCR,0,,0
CUST-100755,35,1647.55,2,72,3,basic,NCR,0,,0
CUST-100756,58,541.61,3,48,1,basic,Region VII,0,,0
CUST-100757,32,707.95,4,54,0,basic,NCR,0,,0
CUST-100758,18,858.73,3,48,1,standard,Region VII,0,,0
CUST-100759,48,523.86,1,31,3,basic,Region IV-A,0,,0
CUST-100760,12,1092.72,1,149,0,basic,Region XI,1,too_expensive,1
CUST-100761,12,1165.78,1,66,2,basic,Region III,0,,0
CUST-100762,31,493.98,3,103,1,basic,Region IV-A,0,,0
CUST-100763,49,488.15,4,194,3,basic,Region IV-A,0,,0
CUST-100764,13,1007.66,0,81,2,standard,Region XI,0,,0
CUST-100765,1,993.38,1,26,1,standard,Region VII,0,,0
CUST-100766,43,512.87,4,37,3,standard,Region VII,0,,0
CUST-100767,35,1707.48,1,187,2,premium,Region III,0,,0
CUST-100768,41,236.5,6,141,2,basic,Region IV-A,0,,0
CUST-100769,24,1058.12,3,114,1,premium,NCR,1,too_expensive,0
CUST-100770,7,842.52,0,21,2,basic,Region III,0,,0
CUST-100771,20,1098.57,1,134,0,basic,Region XI,0,,0
CUST-100772,28,690.23,3,23,2,standard,NCR,0,,0
CUST-100773,26,694.92,0,159,2,basic,NCR,1,found_alternative,0
CUST-100774,53,580.34,8,69,0,basic,Region IV-A,0,,0
CUST-100775,14,345.27,0,8,3,standard,Region VII,0,,0
CUST-100776,19,597.04,1,172,1,basic,Region XI,0,,0
CUST-100777,11,384.21,0,194,1,basic,Region IV-A,0,,0
CUST-100778,34,997.13,1,141,0,standard,Region VII,0,,0
CUST-100779,48,346.42,7,151,0,basic,Region III,0,,0
CUST-100780,53,569.66,7,89,0,basic,Region IV-A,0,,0
CUST-100781,14,694.19,0,160,1,basic,Region III,0,,0
CUST-100782,26,1383.51,0,39,1,premium,NCR,0,,0
CUST-100783,44,1251.65,1,85,3,premium,Region III,0,,0
CUST-100784,3,1686.4,1,181,0,standard,Region III,0,,0
CUST-100785,42,875.03,3,119,2,basic,Region IV-A,0,,0
CUST-100786,8,1049.24,2,122,1,basic,Region VII,0,,0
CUST-100787,2,705.03,0,112,0,basic,Region XI,0,,0
CUST-100788,7,293.34,1,30,1,standard,Region XI,0,,0
CUST-100789,52,574.71,1,19,1,standard,Region III,0,,0
CUST-100790,41,541.43,2,10,1,standard,Region XI,0,,0
CUST-100791,47,644.59,4,38,1,basic,Region XI,0,,0
CUST-100792,41,2212.25,3,32,0,premium,Region IV-A,0,,0
CUST-100793,47,851.14,8,153,1,basic,Region III,0,,0
CUST-100794,30,1245.9,4,124,1,basic,Region VII,0,,0
CUST-100795,48,413.99,2,98,1,basic,NCR,0,,0
CUST-100796,4,1033.54,1,75,0,standard,Region III,0,,0
CUST-100797,35,2044.8,1,37,2,premium,Region IV-A,0,,0
CUST-100798,45,1258.21,2,133,0,basic,Region XI,0,,0
CUST-100799,59,1116.41,3,171,1,premium,Region XI,0,,0
CUST-100800,22,704.73,2,115,0,basic,Region XI,0,,0
CUST-100801,11,1306.1,2,34,0,basic,Region IV-A,0,,0
CUST-100802,43,489.0,7,94,2,basic,NCR,0,,0
CUST-100803,5,676.82,0,184,1,basic,Region VII,0,,0
CUST-100804,46,436.26,5,148,1,standard,Region XI,0,,0
CUST-100805,42,1188.36,3,150,4,basic,Region IV-A,0,,0
CUST-100806,41,1146.9,4,50,0,basic,Region IV-A,0,,0
CUST-100807,18,207.77,3,163,2,basic,Region XI,1,no_longer_needed,0
CUST-100808,8,927.05,0,145,2,standard,NCR,0,,0
CUST-100809,36,1966.31,5,101,0,premium,Region XI,0,,0
CUST-100810,22,609.15,1,195,0,standard,Region IV-A,0,,0
CUST-100811,24,903.77,2,100,4,basic,Region VII,0,,0
CUST-100812,12,573.04,1,41,3,basic,NCR,0,,0
CUST-100813,20,1353.47,2,23,0,basic,Region VII,0,,0
CUST-100814,50,778.46,4,32,1,premium,Region III,0,,0
CUST-100815,53,191.51,4,186,3,basic,Region IV-A,0,,0
CUST-100816,21,1084.14,3,114,0,premium,Region IV-A,0,,0
CUST-100817,9,1018.31,1,77,0,standard,Region XI,0,,0
CUST-100818,2,1026.42,0,55,0,standard,Region VII,0,,0
CUST-100819,12,477.65,4,114,0,standard,Region IV-A,0,,0
CUST-100820,1,972.3,0,180,3,basic,Region IV-A,1,too_expensive,0
CUST-100821,40,1091.03,4,14,2,basic,Region III,0,,0
CUST-100822,38,779.0,2,143,1,basic,Region VII,0,,0
CUST-100823,47,1371.14,2,39,0,basic,Region XI,0,,0
CUST-100824,20,1264.45,0,81,2,standard,Region IV-A,0,,0
CUST-100825,50,566.84,5,173,1,basic,Region VII,0,,0
CUST-100826,11,2215.66,1,140,1,premium,Region III,0,,0
CUST-100827,14,2365.54,1,87,1,premium,Region IV-A,0,,0
CUST-100828,55,913.41,6,178,0,basic,Region IV-A,0,,0
CUST-100829,53,420.79,4,76,3,basic,Region VII,0,,0
CUST-100830,36,1342.28,4,66,0,basic,Region III,0,,0
CUST-100831,36,310.41,4,52,0,basic,Region III,0,,0
CUST-100832,42,690.99,4,165,2,standard,Region III,0,,0
CUST-100833,49,1493.14,6,191,1,standard,Region IV-A,0,,0
CUST-100834,14,652.87,5,64,0,standard,Region III,0,,0
CUST-100835,5,1534.2,1,135,2,basic,NCR,0,,0
CUST-100836,11,668.69,2,121,4,standard,Region IV-A,0,,0
CUST-100837,22,878.7,1,98,1,standard,Region XI,0,,0
CUST-100838,14,1190.94,2,92,2,premium,NCR,0,,0
CUST-100839,31,1337.05,2,190,1,standard,Region VII,0,,0
CUST-100840,9,1325.24,1,174,0,standard,Region XI,0,,0
CUST-100841,35,579.9,4,115,0,basic,Region XI,0,,0
CUST-100842,42,1253.47,1,110,2,standard,Region XI,0,,0
CUST-100843,6,840.82,0,186,2,basic,Region III,0,,0
CUST-100844,17,1131.4,0,49,0,basic,NCR,0,,0
CUST-100845,32,1042.35,4,31,3,basic,Region XI,0,,0
CUST-100846,4,414.47,0,153,1,basic,Region VII,0,,0
CUST-100847,40,1539.33,4,82,1,basic,Region III,0,,0
CUST-100848,45,206.88,2,10,2,basic,Region XI,0,,0
CUST-100849,22,875.76,0,109,1,standard,Region III,0,,0
CUST-100850,1,1255.72,0,191,0,standard,Region VII,0,,0
CUST-100851,30,1332.77,4,35,0,premium,Region XI,0,,0
CUST-100852,52,937.92,3,182,0,standard,Region VII,0,,0
CUST-100853,18,617.36,1,126,1,basic,Region VII,0,,0
CUST-100854,51,819.23,4,196,1,standard,NCR,0,,0
CUST-100855,52,1691.76,3,147,0,standard,Region XI,0,,0
CUST-100856,17,695.11,1,191,1,basic,Region IV-A,1,found_alternative,1
CUST-100857,36,1295.22,4,47,0,premium,Region VII,0,,0
CUST-100858,3,1075.83,0,91,1,premium,Region VII,0,,0
CUST-100859,33,1058.49,3,78,1,basic,Region III,0,,0
CUST-100860,52,547.81,4,124,0,standard,Region VII,0,,0
CUST-100861,56,1946.69,7,185,3,basic,Region III,1,found_alternative,0
CUST-100862,12,1016.56,1,121,1,premium,Region III,0,,0
CUST-100863,40,938.11,4,117,3,standard,Region XI,0,,0
CUST-100864,4,935.37,0,155,1,basic,Region VII,1,poor_support,0
CUST-100865,17,1534.28,1,139,2,standard,Region IV-A,1,no_longer_needed,0
CUST-100866,50,853.63,6,27,1,standard,NCR,0,,0
CUST-100867,38,531.67,6,159,1,basic,Region VII,0,,0
CUST-100868,24,1054.38,1,113,1,standard,Region VII,0,,0
CUST-100869,57,738.21,3,44,2,standard,NCR,0,,0
CUST-100870,45,648.89,9,40,2,basic,Region VII,0,,0
CUST-100871,2,1891.65,0,143,1,standard,Region III,0,,0
CUST-100872,5,413.92,1,158,0,basic,Region VII,0,,0
CUST-100873,37,149.9,0,177,2,basic,Region XI,0,,0
CUST-100874,52,710.48,3,53,2,standard,Region VII,0,,0
CUST-100875,10,295.03,0,190,0,basic,Region XI,0,,0
CUST-100876,32,1034.42,2,48,1,basic,NCR,0,,0
CUST-100877,49,1130.81,4,19,4,premium,Region III,0,,0
CUST-100878,51,1613.33,1,43,0,standard,NCR,0,,0
CUST-100879,38,889.75,1,41,0,standard,NCR,0,,0
CUST-100880,59,549.28,2,11,2,standard,Region III,0,,0
CUST-100881,56,1867.79,6,1,0,premium,NCR,0,,0
CUST-100882,50,1027.02,8,3,0,premium,Region III,0,,0
CUST-100883,40,148.66,3,79,3,basic,NCR,0,,0
CUST-100884,59,910.93,8,15,3,basic,NCR,0,,0
CUST-100885,2,473.13,0,60,0,basic,Region XI,1,no_longer_needed,0
CUST-100886,6,952.49,1,92,1,basic,Region VII,0,,0
CUST-100887,31,1162.68,0,117,1,basic,Region IV-A,1,too_expensive,0
CUST-100888,40,1099.53,3,34,0,standard,Region IV-A,0,,0
CUST-100889,54,738.52,5,48,0,standard,Region III,0,,0
CUST-100890,41,1892.89,5,159,1,premium,Region IV-A,0,,0
CUST-100891,14,400.24,0,140,1,basic,Region VII,0,,0
CUST-100892,54,953.37,7,81,0,basic,Region IV-A,0,,0
CUST-100893,5,1065.05,0,191,0,basic,Region VII,1,poor_support,0
CUST-100894,6,757.64,0,102,0,basic,Region IV-A,0,,0
CUST-100895,43,1147.65,3,20,2,basic,Region III,0,,0
CUST-100896,57,1453.72,6,21,1,premium,Region XI,0,,0
CUST-100897,30,922.92,2,42,1,basic,Region XI,0,,0
CUST-100898,8,1399.98,0,60,1,standard,Region III,0,,0
CUST-100899,3,827.58,0,38,3,basic,Region IV-A,0,,0
CUST-100900,58,1476.08,8,149,0,standard,Region VII,0,,0
CUST-100901,17,2098.81,1,195,1,premium,Region III,0,,0
CUST-100902,38,1572.19,2,104,1,premium,Region VII,0,,0
CUST-100903,20,1164.78,1,116,2,basic,Region XI,0,,0
CUST-100904,13,1359.66,0,178,0,premium,Region III,0,,0
CUST-100905,40,1513.63,2,62,0,basic,NCR,0,,0
CUST-100906,44,1141.56,2,116,1,standard,Region XI,0,,0
CUST-100907,28,1108.43,0,76,2,basic,Region XI,0,,0
CUST-100908,30,555.18,6,187,3,standard,Region XI,0,,0
CUST-100909,29,1305.91,3,162,3,standard,Region VII,0,,0
CUST-100910,35,1046.98,4,123,2,standard,NCR,0,,0
CUST-100911,48,1283.69,4,150,0,standard,Region XI,0,,0
CUST-100912,42,1093.33,5,161,1,basic,NCR,0,,0
CUST-100913,17,1754.29,0,83,4,premium,NCR,0,,0
CUST-100914,15,1063.35,3,108,2,basic,Region VII,0,,0
CUST-100915,40,662.33,1,56,1,basic,Region III,0,,0
CUST-100916,39,1818.74,4,32,0,basic,Region XI,0,,0
CUST-100917,22,1364.42,1,191,1,basic,Region XI,0,,0
CUST-100918,50,702.7,2,29,1,basic,Region XI,0,,0
CUST-100919,25,931.65,1,167,1,standard,Region XI,0,,0
CUST-100920,20,68.57,3,115,1,basic,Region IV-A,0,,0
CUST-100921,33,619.45,3,1,2,standard,Region XI,0,,0
CUST-100922,12,463.83,1,156,1,basic,Region XI,0,,0
CUST-100923,42,942.95,3,101,0,standard,Region III,0,,0
CUST-100924,53,1483.82,8,36,2,basic,Region IV-A,0,,0
CUST-100925,56,647.43,8,8,2,basic,Region VII,0,,0
CUST-100926,27,615.38,2,149,1,standard,Region XI,0,,0
CUST-100927,16,1623.28,1,109,0,premium,Region III,1,found_alternative,1
CUST-100928,29,1666.18,2,92,2,premium,Region III,0,,0
CUST-100929,7,651.31,1,188,1,basic,Region III,0,,0
CUST-100930,40,1983.52,0,187,1,premium,Region VII,0,,0
CUST-100931,26,1685.16,1,3,0,standard,Region IV-A,0,,0
CUST-100932,8,818.78,0,54,2,premium,Region III,0,,0
CUST-100933,33,1070.41,4,61,1,basic,Region VII,0,,0
CUST-100934,43,139.12,2,82,0,basic,Region VII,0,,0
CUST-100935,14,697.55,1,100,2,basic,Region IV-A,0,,0
CUST-100936,24,2551.99,1,144,2,standard,Region VII,0,,0
CUST-100937,53,1041.24,7,51,1,basic,Region III,0,,0
CUST-100938,42,502.56,5,64,1,basic,NCR,0,,0
CUST-100939,48,1352.43,2,24,0,standard,Region XI,0,,0
CUST-100940,27,1076.54,1,4,0,premium,Region VII,0,,0
CUST-100941,30,1145.66,5,54,2,standard,Region XI,0,,0
CUST-100942,30,667.85,4,126,0,standard,Region XI,0,,0
CUST-100943,27,594.49,1,77,2,basic,Region III,0,,0
CUST-100944,9,1970.63,0,47,0,premium,Region IV-A,0,,0
CUST-100945,3,1791.52,0,62,1,basic,Region XI,0,,0
CUST-100946,50,893.69,8,192,3,basic,NCR,0,,0
CUST-100947,32,1172.22,2,198,1,basic,Region XI,0,,0
CUST-100948,32,543.29,0,117,3,basic,NCR,0,,0
CUST-100949,36,632.18,1,192,1,standard,Region III,0,,0
CUST-100950,25,1089.94,1,194,1,standard,Region IV-A,1,no_longer_needed,0
CUST-100951,53,809.37,3,126,4,basic,Region VII,0,,0
CUST-100952,28,2367.56,4,157,1,basic,Region III,0,,0
CUST-100953,30,684.08,2,10,0,basic,Region XI,0,,0
CUST-100954,32,666.13,1,38,1,basic,Region VII,0,,0
CUST-100955,10,1638.95,0,15,0,premium,Region VII,0,,0
CUST-100956,11,784.34,2,149,0,standard,Region VII,0,,0
CUST-100957,11,457.65,0,139,1,basic,NCR,0,,0
CUST-100958,15,952.09,1,95,1,basic,Region XI,1,poor_support,0
CUST-100959,10,525.46,1,133,1,standard,Region VII,0,,0
CUST-100960,14,1255.31,0,178,5,standard,NCR,0,,0
CUST-100961,56,1176.58,6,35,0,premium,Region VII,0,,0
CUST-100962,22,1140.06,1,143,1,basic,NCR,0,,0
CUST-100963,47,1783.08,2,176,2,standard,Region VII,0,,0
CUST-100964,24,457.9,0,148,0,basic,Region IV-A,0,,0
CUST-100965,49,906.98,4,143,0,standard,NCR,0,,0
CUST-100966,45,1321.94,8,145,2,basic,Region III,0,,0
CUST-100967,50,1143.17,5,40,1,standard,NCR,0,,0
CUST-100968,18,1812.04,1,43,2,basic,Region XI,0,,0
CUST-100969,6,1162.55,1,181,3,standard,Region XI,0,,0
CUST-100970,19,1490.96,0,50,1,basic,Region XI,1,poor_support,0
CUST-100971,42,593.32,5,147,2,standard,Region IV-A,0,,0
CUST-100972,39,447.51,4,90,0,basic,Region III,0,,0
CUST-100973,42,1933.12,1,181,2,standard,Region XI,0,,0
CUST-100974,59,441.36,6,57,2,basic,Region III,0,,0
CUST-100975,14,1943.87,0,178,3,standard,Region IV-A,1,poor_support,0
CUST-100976,27,737.2,2,177,1,standard,NCR,0,,0
CUST-100977,29,295.33,3,0,2,basic,Region XI,0,,0
CUST-100978,9,679.86,2,128,1,basic,NCR,0,,0
CUST-100979,40,343.8,2,107,3,basic,NCR,0,,0
CUST-100980,3,1083.74,0,93,1,basic,Region XI,1,too_expensive,0
CUST-100981,53,390.09,9,20,1,standard,Region XI,0,,0
CUST-100982,6,2059.14,1,132,1,basic,Region XI,0,,0
CUST-100983,7,807.68,1,68,0,basic,Region XI,0,,0
CUST-100984,11,1117.34,1,106,1,basic,NCR,0,,0
CUST-100985,53,1198.95,6,59,0,basic,Region III,0,,0
CUST-100986,51,860.93,5,169,2,basic,Region VII,0,,0
CUST-100987,55,1246.2,4,102,0,standard,Region III,0,,0
CUST-100988,50,622.61,3,90,2,basic,Region VII,0,,0
CUST-100989,55,1796.65,6,169,0,premium,Region XI,0,,0
CUST-100990,28,389.75,3,18,0,standard,Region XI,0,,0
CUST-100991,1,1854.07,0,29,0,basic,Region VII,0,,0
CUST-100992,26,1208.98,6,38,1,premium,Region VII,0,,0
CUST-100993,14,1531.57,1,93,1,standard,Region IV-A,0,,0
CUST-100994,15,1657.12,2,22,0,standard,NCR,0,,0
CUST-100995,41,587.38,1,170,3,basic,Region IV-A,0,,0
CUST-100996,10,1008.53,0,133,1,standard,Region XI,0,,0
CUST-100997,19,737.79,1,93,1,basic,Region XI,0,,0
CUST-100998,24,937.26,0,68,1,standard,Region III,0,,0
CUST-100999,4,495.34,1,53,0,basic,Region VII,0,,0
CUST-101000,42,776.35,5,197,1,basic,Region III,0,,0
CUST-101001,46,918.27,3,112,3,standard,Region IV-A,0,,0
CUST-101002,33,1566.47,3,87,2,basic,Region VII,0,,0
CUST-101003,2,900.87,0,3,0,basic,Region IV-A,0,,0
CUST-101004,47,775.38,5,45,0,standard,Region VII,0,,0
CUST-101005,27,1620.31,1,90,0,basic,NCR,0,,0
CUST-101006,16,1449.79,2,90,0,basic,Region III,0,,0
CUST-101007,56,681.51,5,105,2,basic,Region XI,0,,0
CUST-101008,51,1468.93,6,20,1,premium,Region VII,0,,0
CUST-101009,26,1827.13,2,44,1,standard,Region XI,0,,0
CUST-101010,27,1500.95,1,79,0,standard,Region XI,0,,0
CUST-101011,54,505.18,7,50,0,standard,Region III,0,,0
CUST-101012,12,673.24,1,25,2,standard,Region III,0,,0
CUST-101013,25,808.66,5,20,1,standard,Region III,0,,0
CUST-101014,34,849.44,2,174,1,standard,Region IV-A,0,,0
CUST-101015,21,1348.01,3,178,1,premium,Region III,0,,0
CUST-101016,19,1224.83,2,166,0,standard,Region III,0,,0
CUST-101017,7,747.63,0,9,1,basic,NCR,0,,0
CUST-101018,16,1423.75,1,140,0,basic,Region III,0,,0
CUST-101019,22,606.72,3,178,2,basic,Region XI,1,no_longer_needed,0
CUST-101020,50,1674.17,2,25,0,standard,Region IV-A,0,,0
CUST-101021,20,1503.03,2,191,1,premium,Region VII,0,,0
CUST-101022,10,1120.94,0,141,1,standard,Region IV-A,0,,0
CUST-101023,50,1430.62,9,115,2,standard,Region IV-A,0,,0
CUST-101024,21,1329.07,1,28,2,standard,Region VII,0,,0
CUST-101025,55,1346.09,8,178,1,premium,NCR,0,,0
CUST-101026,7,740.63,3,192,3,standard,Region III,1,no_longer_needed,0
CUST-101027,2,1587.29,1,104,0,basic,NCR,0,,0
CUST-101028,55,840.25,1,108,1,basic,NCR,0,,0
CUST-101029,6,845.13,0,6,1,basic,Region VII,0,,0
CUST-101030,1,2602.97,0,16,3,basic,NCR,0,,0
CUST-101031,38,1431.65,5,49,1,basic,Region III,0,,0
CUST-101032,19,708.27,3,15,0,basic,Region IV-A,0,,0
CUST-101033,29,800.23,3,194,0,basic,Region III,0,,0
CUST-101034,25,458.29,4,83,0,basic,NCR,0,,0
CUST-101035,18,961.86,4,162,3,premium,Region XI,0,,0
CUST-101036,29,708.01,1,67,1,basic,Region XI,0,,0
CUST-101037,16,1287.64,1,196,2,standard,Region IV-A,1,no_longer_needed,0
CUST-101038,14,479.28,2,113,2,basic,Region IV-A,0,,0
CUST-101039,14,1853.42,0,85,0,premium,Region XI,0,,0
CUST-101040,7,658.72,1,4,2,standard,Region XI,0,,0
CUST-101041,32,1314.31,2,45,0,premium,NCR,0,,0
CUST-101042,33,1440.29,1,55,0,standard,NCR,0,,0
CUST-101043,2,2389.13,0,53,0,standard,Region III,0,,0
CUST-101044,28,1711.71,4,58,1,basic,Region III,0,,0
CUST-101045,44,1506.46,4,165,0,basic,Region XI,0,,0
CUST-101046,1,1108.57,0,141,1,standard,Region IV-A,0,,0
CUST-101047,18,1292.95,4,40,1,basic,Region XI,0,,0
CUST-101048,57,677.97,3,98,0,basic,Region VII,0,,0
CUST-101049,26,1745.91,5,121,2,premium,Region VII,0,,0
CUST-101050,1,338.49,0,164,1,basic,Region XI,0,,0
CUST-101051,32,1224.94,6,179,2,standard,Region IV-A,0,,0
CUST-101052,25,337.33,3,74,1,basic,Region VII,0,,0
CUST-101053,13,1452.43,0,162,2,basic,Region III,1,poor_support,0
CUST-101054,5,1256.57,0,40,0,basic,Region III,0,,0
CUST-101055,53,1804.06,2,84,1,basic,Region IV-A,0,,0
CUST-101056,48,622.02,2,60,3,standard,Region XI,1,poor_support,0
CUST-101057,41,3188.57,2,77,3,premium,NCR,0,,0
CUST-101058,2,797.02,0,35,3,basic,Region IV-A,0,,0
CUST-101059,52,1440.94,4,118,0,basic,Region III,0,,0
CUST-101060,28,696.13,2,169,2,standard,Region XI,0,,0
CUST-101061,29,1020.6,2,87,0,basic,Region IV-A,0,,0
CUST-101062,52,742.69,0,60,0,basic,NCR,0,,0
CUST-101063,26,1256.26,5,54,0,basic,NCR,0,,0
CUST-101064,14,472.76,1,100,1,standard,Region VII,0,,0
CUST-101065,14,420.18,0,22,1,basic,Region III,0,,0
CUST-101066,55,1528.77,6,44,0,basic,NCR,0,,0
CUST-101067,33,1013.64,0,62,1,premium,NCR,0,,0
CUST-101068,35,1350.76,3,119,3,premium,NCR,0,,0
CUST-101069,35,937.16,3,28,0,standard,Region III,0,,0
CUST-101070,14,1208.63,1,181,2,standard,Region VII,0,,0
CUST-101071,25,1075.24,0,12,1,premium,Region XI,0,,0
CUST-101072,57,1855.61,1,157,1,standard,Region IV-A,0,,0
CUST-101073,9,1220.4,0,179,1,standard,Region XI,0,,0
CUST-101074,57,1703.68,5,193,3,basic,Region VII,0,,0
CUST-101075,17,1249.58,2,131,2,basic,NCR,0,,0
CUST-101076,18,1186.33,0,168,0,standard,Region VII,0,,0
CUST-101077,1,359.9,0,192,0,standard,Region III,0,,0
CUST-101078,40,1139.62,3,59,2,basic,Region XI,0,,0
CUST-101079,19,1382.63,2,149,3,standard,Region XI,0,,0
CUST-101080,28,1935.4,0,19,1,standard,NCR,0,,0
CUST-101081,35,890.22,5,146,1,basic,NCR,0,,0
CUST-101082,38,312.24,3,144,4,standard,Region IV-A,1,too_expensive,0
CUST-101083,57,843.03,3,95,1,basic,Region VII,0,,0
CUST-101084,33,1427.84,3,28,0,standard,Region IV-A,0,,0
CUST-101085,11,1439.95,0,123,3,premium,NCR,0,,0
CUST-101086,42,1215.14,7,19,1,premium,Region VII,0,,0
CUST-101087,4,1903.05,1,19,3,premium,Region VII,0,,0
CUST-101088,50,444.04,4,112,1,standard,Region XI,0,,0
CUST-101089,18,831.73,2,132,1,basic,Region III,0,,0
CUST-101090,43,893.36,2,78,0,standard,NCR,0,,0
CUST-101091,10,411.2,2,128,2,basic,Region VII,1,poor_support,0
CUST-101092,24,1200.24,1,131,1,standard,Region VII,0,,0
CUST-101093,42,2063.28,5,97,0,standard,Region IV-A,0,,0
CUST-101094,37,711.78,3,118,0,standard,Region VII,0,,0
CUST-101095,1,1140.32,1,131,0,basic,NCR,0,,0
CUST-101096,3,1044.19,0,130,0,basic,NCR,1,too_expensive,1
CUST-101097,58,365.62,4,161,0,basic,Region IV-A,0,,0
CUST-101098,32,1038.11,3,124,1,basic,Region XI,0,,0
CUST-101099,51,664.07,8,83,2,basic,Region IV-A,0,,0
CUST-101100,5,538.71,0,40,3,basic,Region VII,0,,0
CUST-101101,29,1131.07,3,65,1,premium,Region XI,0,,0
CUST-101102,35,2699.58,1,93,1,basic,Region III,0,,0
CUST-101103,55,502.34,4,58,0,standard,Region IV-A,0,,0
CUST-101104,42,1490.59,2,1,1,basic,Region VII,0,,0
CUST-101105,38,1316.49,2,175,0,premium,NCR,0,,0
CUST-101106,18,687.49,0,141,3,standard,Region IV-A,0,,0
CUST-101107,59,1233.42,3,193,1,premium,Region IV-A,0,,0
CUST-101108,20,2155.29,0,177,0,premium,Region III,0,,0
CUST-101109,17,1845.06,4,161,0,standard,Region III,0,,0
CUST-101110,43,428.38,6,190,2,basic,Region IV-A,0,,0
CUST-101111,59,1271.0,5,138,0,standard,Region XI,0,,0
CUST-101112,51,982.23,5,195,2,basic,Region IV-A,0,,0
CUST-101113,11,1297.71,0,168,0,premium,Region XI,1,too_expensive,0
CUST-101114,49,1681.52,4,110,2,premium,Region VII,0,,0
CUST-101115,21,1233.75,2,153,2,basic,NCR,0,,0
CUST-101116,14,662.97,4,107,1,standard,Region XI,0,,0
CUST-101117,56,235.94,7,60,1,basic,Region IV-A,0,,0
CUST-101118,57,614.82,1,25,0,standard,Region IV-A,0,,0
CUST-101119,22,871.15,5,52,1,standard,Region VII,0,,0
CUST-101120,2,951.1,0,158,1,standard,NCR,0,,0
CUST-101121,13,1903.61,1,174,3,premium,Region III,1,poor_support,0
CUST-101122,32,767.77,2,199,1,basic,Region VII,0,,0
CUST-101123,4,871.86,0,171,3,standard,Region VII,0,,0
CUST-101124,14,477.95,2,21,2,standard,Region III,0,,0
CUST-101125,9,1526.15,2,57,1,basic,Region IV-A,0,,0
CUST-101126,57,427.83,6,127,0,basic,Region VII,0,,0
CUST-101127,21,1599.21,0,54,1,basic,Region IV-A,0,,0
CUST-101128,23,832.72,2,48,1,standard,Region IV-A,0,,0
CUST-101129,25,981.18,1,192,1,premium,Region IV-A,0,,0
CUST-101130,1,810.3,0,160,1,basic,Region III,0,,0
CUST-101131,33,470.68,5,115,3,basic,Region IV-A,0,,0
CUST-101132,54,671.06,7,21,4,basic,Region VII,0,,0
CUST-101133,49,795.12,3,151,1,basic,Region VII,0,,0
CUST-101134,15,1224.49,1,114,0,basic,Region VII,0,,0
CUST-101135,1,2334.61,0,8,2,standard,Region IV-A,0,,0
CUST-101136,46,540.85,1,144,1,basic,Region VII,0,,0
CUST-101137,50,1103.84,4,101,2,standard,Region VII,0,,0
CUST-101138,55,323.52,3,123,1,basic,Region III,0,,0
CUST-101139,35,1360.86,2,80,4,standard,Region IV-A,0,,0
CUST-101140,28,892.78,4,104,1,basic,Region VII,0,,0
CUST-101141,45,224.55,3,52,1,basic,Region VII,0,,0
CUST-101142,41,923.41,3,66,0,basic,Region IV-A,0,,0
CUST-101143,45,708.58,6,63,1,standard,Region III,0,,0
CUST-101144,17,1264.71,4,37,4,premium,Region XI,0,,0
CUST-101145,54,1805.66,2,170,3,basic,Region IV-A,0,,0
CUST-101146,3,503.12,1,59,0,standard,Region IV-A,0,,0
CUST-101147,6,1417.25,0,3,1,standard,Region IV-A,0,,0
CUST-101148,39,413.68,2,86,2,basic,Region VII,0,,0
CUST-101149,34,613.75,3,139,0,standard,Region III,0,,0
CUST-101150,33,524.37,0,145,0,basic,Region XI,0,,0
CUST-101151,54,941.08,3,102,0,premium,NCR,0,,0
CUST-101152,52,2617.68,7,2,0,standard,NCR,0,,0
CUST-101153,43,236.47,4,75,0,basic,Region IV-A,0,,0
CUST-101154,10,568.65,2,132,1,standard,Region XI,0,,0
CUST-101155,6,186.31,0,178,1,basic,NCR,0,,0
CUST-101156,9,700.06,0,129,0,standard,Region VII,0,,0
CUST-101157,37,1069.17,3,151,3,standard,Region III,0,,0
CUST-101158,43,1125.4,6,179,0,standard,NCR,0,,0
CUST-101159,48,941.82,2,120,0,basic,Region III,0,,0
CUST-101160,7,979.31,1,105,0,basic,Region VII,0,,0
CUST-101161,17,1612.89,1,83,1,standard,Region VII,0,,0
CUST-101162,20,2076.51,0,70,1,standard,Region XI,0,,0
CUST-101163,38,1354.81,1,182,1,standard,Region XI,0,,0
CUST-101164,3,799.07,0,24,4,basic,NCR,0,,0
CUST-101165,50,671.64,3,187,4,standard,Region XI,1,no_longer_needed,0
CUST-101166,5,1101.68,0,130,1,standard,NCR,0,,0
CUST-101167,31,1330.77,1,146,0,standard,Region XI,0,,0
CUST-101168,56,649.26,8,132,1,basic,Region VII,0,,0
CUST-101169,12,1217.16,1,84,1,basic,Region XI,0,,0
CUST-101170,41,968.56,4,158,0,basic,NCR,0,,0
CUST-101171,33,724.66,4,196,1,standard,NCR,0,,0
CUST-101172,49,777.61,4,64,1,standard,Region XI,0,,0
CUST-101173,35,2087.83,3,8,2,premium,Region III,0,,0
CUST-101174,51,184.09,5,81,3,basic,Region III,0,,0
CUST-101175,24,463.59,4,169,0,standard,Region III,0,,0
CUST-101176,10,974.35,0,23,1,premium,NCR,0,,0
CUST-101177,41,2459.07,5,59,2,basic,NCR,0,,0
CUST-101178,58,989.59,4,162,1,basic,NCR,0,,0
CUST-101179,26,523.12,3,97,1,basic,Region XI,0,,0
CUST-101180,49,1248.71,4,106,2,standard,NCR,0,,0
CUST-101181,52,494.88,3,17,3,basic,Region XI,0,,0
CUST-101182,39,795.63,3,163,0,basic,Region III,0,,0
CUST-101183,47,813.41,3,93,2,standard,Region VII,0,,0
CUST-101184,34,1227.68,2,109,3,standard,Region III,0,,0
CUST-101185,48,1287.12,1,45,1,premium,Region XI,0,,0
CUST-101186,20,779.85,1,3,1,standard,NCR,0,,0
CUST-101187,32,1394.18,2,63,1,premium,Region VII,0,,0
CUST-101188,5,855.94,2,35,0,standard,Region XI,0,,0
CUST-101189,12,855.54,2,113,2,standard,Region IV-A,0,,0
CUST-101190,35,280.19,5,60,1,basic,Region IV-A,0,,0
CUST-101191,43,1563.33,6,194,0,premium,NCR,0,,0
CUST-101192,2,3519.18,0,54,0,premium,Region XI,0,,0
CUST-101193,5,1066.54,1,45,0,standard,Region XI,0,,0
CUST-101194,1,629.96,3,58,1,basic,Region IV-A,0,,0
CUST-101195,31,642.7,0,68,0,basic,Region VII,0,,0
CUST-101196,20,1455.36,1,150,2,basic,Region VII,0,,0
CUST-101197,4,76.94,1,47,0,basic,Region III,0,,0
CUST-101198,47,831.22,5,152,3,basic,NCR,0,,0
CUST-101199,32,713.52,3,101,0,basic,NCR,0,,0
CUST-101200,1,685.81,0,166,0,basic,Region XI,1,found_alternative,0
CUST-101201,41,1379.58,3,53,1,premium,Region VII,0,,0
CUST-101202,54,642.92,1,88,0,standard,NCR,0,,0
CUST-101203,25,653.11,5,38,3,standard,Region XI,0,,0
CUST-101204,57,254.25,5,85,0,basic,Region XI,0,,0
CUST-101205,25,978.81,2,130,3,basic,Region IV-A,0,,0
CUST-101206,5,113.37,0,110,0,basic,Region IV-A,0,,0
CUST-101207,8,1458.73,0,35,1,premium,Region XI,0,,0
CUST-101208,4,524.59,0,135,3,basic,Region XI,1,poor_support,1
CUST-101209,18,637.08,1,112,1,standard,Region III,0,,0
CUST-101210,23,799.97,3,109,1,basic,Region IV-A,0,,0
CUST-101211,27,576.91,5,10,1,basic,Region XI,0,,0
CUST-101212,29,788.45,2,77,0,basic,Region XI,0,,0
CUST-101213,51,408.93,7,143,0,basic,Region VII,0,,0
CUST-101214,1,913.11,0,78,0,basic,Region VII,0,,0
CUST-101215,53,1299.99,5,0,0,premium,Region VII,0,,0
CUST-101216,15,1184.88,2,54,2,basic,Region III,0,,0
CUST-101217,57,287.93,5,135,0,basic,Region XI,0,,0
CUST-101218,8,575.32,0,42,0,basic,Region III,0,,0
CUST-101219,6,1130.67,0,28,3,premium,Region XI,0,,0
CUST-101220,8,1295.28,0,148,1,standard,Region XI,0,,0
CUST-101221,18,1600.83,1,140,3,standard,Region III,0,,0
CUST-101222,56,1077.56,4,118,0,standard,Region XI,0,,0
CUST-101223,28,1284.73,1,16,1,premium,Region XI,0,,0
CUST-101224,10,1185.81,0,65,1,basic,Region IV-A,0,,0
CUST-101225,38,857.92,9,63,2,standard,Region IV-A,0,,0
CUST-101226,30,2066.75,4,78,1,standard,Region IV-A,0,,0
CUST-101227,42,465.97,4,142,2,basic,NCR,0,,0
CUST-101228,44,165.36,3,182,2,basic,Region IV-A,0,,0
CUST-101229,47,533.34,1,123,1,standard,Region VII,0,,0
CUST-101230,9,588.7,0,25,0,basic,Region IV-A,0,,0
CUST-101231,30,2315.99,6,57,0,basic,Region IV-A,0,,0
CUST-101232,38,403.13,7,17,0,basic,Region IV-A,0,,0
CUST-101233,33,1804.06,1,91,4,basic,Region IV-A,0,,0
CUST-101234,58,1072.06,5,44,3,standard,Region XI,0,,0
CUST-101235,57,401.85,6,66,3,basic,Region IV-A,0,,0
CUST-101236,48,872.57,4,88,2,standard,Region III,0,,0
CUST-101237,15,1258.07,1,2,1,basic,NCR,0,,0
CUST-101238,32,669.16,1,118,1,basic,Region XI,0,,0
CUST-101239,48,409.06,3,112,2,basic,NCR,0,,0
CUST-101240,16,1194.35,1,99,1,premium,Region IV-A,0,,0
CUST-101241,42,1423.26,4,197,1,basic,Region VII,1,unknown,0
CUST-101242,15,2964.19,2,81,2,standard,NCR,0,,0
CUST-101243,9,1470.27,0,102,0,standard,Region III,0,,0
CUST-101244,15,2127.19,2,105,0,standard,Region VII,0,,0
CUST-101245,55,1201.64,4,74,3,basic,Region VII,0,,0
CUST-101246,59,1195.7,9,186,2,basic,Region III,0,,0
CUST-101247,51,1293.44,5,98,0,standard,Region IV-A,0,,0
CUST-101248,17,1189.69,1,190,1,standard,Region VII,0,,0
CUST-101249,46,726.1,5,143,1,standard,Region III,0,,0
CUST-101250,13,1025.13,1,188,2,standard,Region IV-A,1,poor_support,0
CUST-101251,8,1218.22,4,19,1,basic,Region III,0,,0
CUST-101252,16,1192.79,1,123,1,standard,Region XI,1,unknown,0
CUST-101253,9,503.68,0,89,2,standard,Region III,0,,0
CUST-101254,38,2015.59,5,94,1,premium,Region XI,0,,0
CUST-101255,41,1327.7,3,34,0,standard,Region XI,0,,0
CUST-101256,3,1369.95,0,164,0,basic,NCR,1,no_longer_needed,0
CUST-101257,7,647.25,0,129,2,standard,Region XI,0,,0
CUST-101258,29,507.26,1,92,1,standard,NCR,0,,0
CUST-101259,7,669.43,0,190,1,basic,Region III,1,found_alternative,0
CUST-101260,49,1219.46,3,87,0,standard,NCR,0,,0
CUST-101261,24,1714.72,6,46,1,basic,NCR,0,,0
CUST-101262,25,896.17,1,112,1,basic,Region IV-A,0,,0
CUST-101263,1,2385.46,2,78,1,standard,Region VII,0,,0
CUST-101264,42,574.44,3,93,2,basic,Region IV-A,1,found_alternative,0
CUST-101265,43,1291.75,5,54,0,standard,Region IV-A,0,,0
CUST-101266,45,212.61,2,116,1,basic,Region VII,0,,0
CUST-101267,32,1519.63,4,77,1,standard,Region IV-A,0,,0
CUST-101268,16,1905.67,4,178,1,standard,Region IV-A,0,,0
CUST-101269,5,1184.55,0,91,1,standard,Region IV-A,0,,0
CUST-101270,19,340.18,4,13,0,basic,Region III,0,,0
CUST-101271,33,1371.29,5,155,0,premium,Region VII,0,,0
CUST-101272,7,564.08,1,112,2,basic,Region XI,1,unknown,0
CUST-101273,4,856.9,0,112,2,standard,Region III,0,,0
CUST-101274,13,767.02,3,25,3,basic,Region IV-A,0,,0
CUST-101275,5,329.62,0,100,0,basic,Region XI,0,,0
CUST-101276,1,1136.15,1,155,0,standard,Region III,0,,0
CUST-101277,29,590.85,1,6,1,basic,Region IV-A,0,,0
CUST-101278,44,994.72,5,108,2,basic,Region III,0,,0
CUST-101279,30,995.52,5,8,1,basic,Region III,0,,0
CUST-101280,6,395.81,0,24,2,basic,Region IV-A,0,,0
CUST-101281,21,1246.28,2,172,1,premium,Region XI,0,,0
CUST-101282,3,880.51,0,116,1,standard,NCR,0,,0
CUST-101283,37,749.28,3,165,0,basic,Region III,0,,0
CUST-101284,14,1790.89,3,65,0,standard,Region XI,0,,0
CUST-101285,23,758.27,0,27,1,standard,NCR,0,,0
CUST-101286,54,892.91,6,20,1,standard,Region IV-A,0,,0
CUST-101287,35,1252.35,4,175,2,standard,NCR,0,,0
CUST-101288,46,799.86,1,176,2,basic,Region IV-A,0,,0
CUST-101289,21,1250.48,3,195,2,basic,Region VII,0,,0
CUST-101290,55,1233.53,8,102,1,standard,Region VII,0,,0
CUST-101291,43,889.52,3,143,1,standard,Region IV-A,0,,0
CUST-101292,31,1091.64,3,39,1,standard,Region VII,0,,0
CUST-101293,35,1432.95,8,92,1,basic,Region IV-A,0,,0
CUST-101294,37,602.94,4,88,1,standard,Region VII,0,,0
CUST-101295,10,378.02,1,44,3,basic,NCR,0,,0
CUST-101296,15,662.81,2,30,2,standard,NCR,1,no_longer_needed,0
CUST-101297,41,655.34,5,177,1,basic,NCR,0,,0
CUST-101298,27,952.87,4,78,0,standard,Region IV-A,0,,0
CUST-101299,47,2154.98,3,70,0,premium,Region III,0,,0
CUST-101300,32,561.81,3,101,2,basic,Region III,0,,0
CUST-101301,4,524.99,0,48,2,standard,Region IV-A,0,,0
CUST-101302,40,1680.68,3,26,1,standard,Region XI,0,,0
CUST-101303,36,546.55,5,115,2,basic,Region III,0,,0
CUST-101304,22,1141.79,2,174,0,basic,Region IV-A,0,,0
CUST-101305,47,1550.91,5,181,1,standard,Region IV-A,0,,0
CUST-101306,21,877.67,3,40,0,basic,Region VII,0,,0
CUST-101307,7,748.63,0,174,2,basic,Region VII,0,,0
CUST-101308,8,1068.35,1,69,0,premium,Region XI,0,,0
CUST-101309,54,709.24,4,161,3,standard,Region VII,0,,0
CUST-101310,23,1579.59,1,62,2,standard,Region XI,0,,0
CUST-101311,25,1208.84,0,61,1,standard,Region VII,0,,0
CUST-101312,19,1584.27,0,87,3,standard,Region IV-A,0,,0
CUST-101313,44,820.77,2,152,1,standard,Region IV-A,0,,0
CUST-101314,36,1482.57,4,82,2,basic,Region IV-A,0,,0
CUST-101315,54,1790.83,6,179,0,basic,Region III,0,,0
CUST-101316,53,582.76,7,179,0,standard,Region III,0,,0
CUST-101317,59,947.28,3,167,0,premium,Region VII,0,,0
CUST-101318,20,1183.84,2,40,1,basic,Region VII,0,,0
CUST-101319,35,1449.32,3,122,3,premium,NCR,0,,0
CUST-101320,21,929.22,2,52,2,standard,Region XI,0,,0
CUST-101321,42,1286.93,4,113,1,basic,Region VII,0,,0
CUST-101322,45,521.27,7,16,0,basic,Region IV-A,0,,0
CUST-101323,15,542.77,3,168,4,basic,Region IV-A,1,found_alternative,0
CUST-101324,51,614.17,2,68,2,standard,Region IV-A,0,,0
CUST-101325,18,1382.51,1,104,2,basic,Region IV-A,0,,0
CUST-101326,59,314.72,4,64,1,basic,Region IV-A,0,,0
CUST-101327,51,1292.01,0,49,1,basic,Region XI,0,,0
CUST-101328,2,1673.9,0,49,1,premium,NCR,0,,0
CUST-101329,24,1315.51,0,90,0,basic,Region III,0,,0
CUST-101330,23,383.45,1,151,2,basic,Region III,1,too_expensive,1
CUST-101331,49,733.5,3,169,2,basic,NCR,0,,0
CUST-101332,43,469.39,3,51,2,basic,NCR,0,,0
CUST-101333,3,1698.81,0,3,2,basic,Region XI,0,,0
CUST-101334,50,1064.65,2,38,0,standard,Region VII,0,,0
CUST-101335,13,807.23,2,82,0,standard,Region III,0,,0
CUST-101336,22,452.22,2,121,0,basic,Region III,0,,0
CUST-101337,11,1121.09,0,171,1,standard,Region IV-A,0,,0
CUST-101338,10,560.49,1,89,3,basic,Region VII,0,,0
CUST-101339,32,851.15,4,108,1,standard,Region III,0,,0
CUST-101340,5,710.52,0,78,0,basic,NCR,0,,0
CUST-101341,5,2861.06,0,78,2,premium,Region IV-A,0,,0
CUST-101342,47,1392.18,4,150,2,premium,Region IV-A,0,,0
CUST-101343,21,795.91,0,142,3,standard,Region IV-A,0,,0
CUST-101344,39,790.9,4,142,0,basic,NCR,0,,0
CUST-101345,59,737.14,2,122,1,standard,Region XI,0,,0
CUST-101346,4,1938.37,0,160,1,standard,Region VII,0,,0
CUST-101347,47,1411.77,6,112,2,standard,Region VII,0,,0
CUST-101348,7,326.94,0,192,1,basic,Region XI,0,,0
CUST-101349,45,1155.75,4,46,0,basic,Region IV-A,0,,0
CUST-101350,19,884.16,0,130,0,basic,Region IV-A,0,,0
CUST-101351,8,1038.32,1,184,1,basic,Region VII,0,,0
CUST-101352,14,1403.44,1,36,1,basic,Region VII,0,,0
CUST-101353,22,656.26,0,16,2,standard,Region XI,0,,0
CUST-101354,44,729.84,4,5,0,basic,Region VII,0,,0
CUST-101355,41,1007.02,2,138,3,basic,NCR,0,,0
CUST-101356,43,1319.12,4,9,0,basic,Region III,0,,0
CUST-101357,2,1710.31,1,133,1,premium,Region IV-A,0,,0
CUST-101358,58,965.59,3,100,0,standard,Region IV-A,0,,0
CUST-101359,26,1625.53,2,26,0,standard,NCR,0,,0
CUST-101360,7,928.46,1,63,1,standard,Region III,0,,0
CUST-101361,55,857.7,3,19,1,standard,Region III,0,,0
CUST-101362,47,187.87,5,64,3,basic,NCR,0,,0
CUST-101363,5,611.95,2,68,5,standard,Region VII,0,,0
CUST-101364,26,683.35,4,161,0,basic,Region III,0,,0
CUST-101365,54,627.46,4,16,2,standard,Region VII,0,,0
CUST-101366,41,244.41,4,128,1,basic,Region XI,0,,0
CUST-101367,12,1020.77,2,190,1,premium,Region XI,1,unknown,0
CUST-101368,42,2036.19,4,54,3,standard,Region XI,0,,0
CUST-101369,12,318.56,2,171,0,basic,Region IV-A,0,,0
CUST-101370,21,593.47,3,161,3,standard,Region III,0,,0
CUST-101371,12,1280.12,0,189,1,basic,NCR,1,found_alternative,0
CUST-101372,41,995.0,4,59,2,basic,Region VII,0,,0
CUST-101373,55,1334.98,4,198,3,premium,NCR,0,,0
CUST-101374,3,1469.81,0,165,0,standard,Region III,1,found_alternative,0
CUST-101375,36,1060.0,4,44,3,standard,Region III,0,,0
CUST-101376,15,31.33,4,156,2,basic,Region III,0,,0
CUST-101377,45,519.16,1,154,1,basic,Region III,0,,0
CUST-101378,9,2495.52,1,17,2,basic,Region III,0,,0
CUST-101379,22,1060.47,1,91,0,standard,Region IV-A,0,,0
CUST-101380,13,1713.41,0,175,1,standard,Region XI,0,,0
CUST-101381,52,1525.17,4,8,1,basic,Region VII,0,,0
CUST-101382,5,1096.9,0,193,1,basic,Region VII,0,,0
CUST-101383,35,756.19,7,102,0,basic,NCR,0,,0
CUST-101384,8,443.49,2,71,2,basic,NCR,0,,0
CUST-101385,36,320.67,7,16,1,basic,NCR,0,,0
CUST-101386,46,1497.17,2,121,4,basic,Region XI,0,,0
CUST-101387,45,960.54,4,197,0,basic,NCR,0,,0
CUST-101388,2,967.26,0,82,3,basic,Region XI,0,,0
CUST-101389,46,1093.22,5,166,1,basic,Region VII,0,,0
CUST-101390,18,865.93,1,63,0,standard,Region XI,0,,0
CUST-101391,41,1589.35,4,165,1,standard,Region III,0,,0
CUST-101392,57,843.58,3,192,2,basic,NCR,0,,0
CUST-101393,8,658.38,1,15,2,basic,NCR,0,,0
CUST-101394,22,1225.84,2,53,0,standard,Region XI,0,,0
CUST-101395,52,1365.9,1,1,2,basic,Region IV-A,0,,0
CUST-101396,9,641.69,1,153,6,basic,Region IV-A,0,,0
CUST-101397,16,2483.54,2,53,0,basic,Region III,0,,0
CUST-101398,33,312.01,2,193,1,basic,Region III,0,,0
CUST-101399,59,1302.07,6,166,2,standard,Region III,0,,0
CUST-101400,18,731.72,0,29,0,standard,Region VII,0,,0
CUST-101401,23,855.04,3,115,1,basic,Region XI,0,,0
CUST-101402,47,1186.48,5,91,1,basic,Region IV-A,0,,0
CUST-101403,8,5184.21,1,130,2,premium,Region III,1,unknown,0
CUST-101404,20,476.86,1,118,0,standard,Region IV-A,0,,0
CUST-101405,19,993.31,3,25,0,premium,NCR,0,,0
CUST-101406,24,1328.53,6,126,3,standard,NCR,0,,0
CUST-101407,34,1384.13,4,92,1,basic,Region III,0,,0
CUST-101408,14,596.56,1,62,0,basic,NCR,0,,0
CUST-101409,24,375.2,1,93,0,basic,NCR,0,,0
CUST-101410,55,1350.55,4,186,2,standard,Region III,0,,0
CUST-101411,49,531.18,5,195,0,basic,Region XI,0,,0
CUST-101412,57,1885.58,6,65,1,standard,NCR,0,,0
CUST-101413,41,1277.44,2,154,0,standard,Region VII,0,,0
CUST-101414,35,1333.59,3,156,2,standard,NCR,0,,0
CUST-101415,13,1770.18,1,26,0,standard,Region IV-A,0,,0
CUST-101416,10,2168.42,1,101,2,basic,Region VII,0,,0
CUST-101417,32,426.6,5,91,3,basic,Region IV-A,0,,0
CUST-101418,24,923.24,0,95,0,standard,Region VII,0,,0
CUST-101419,47,1884.75,1,154,0,standard,Region III,0,,0
CUST-101420,1,1078.95,0,192,0,standard,Region VII,0,,0
CUST-101421,53,822.53,3,156,2,standard,Region IV-A,0,,0
CUST-101422,11,1024.11,0,16,0,standard,Region IV-A,0,,0
CUST-101423,24,2067.48,3,90,2,basic,Region III,0,,0
CUST-101424,22,797.56,0,191,0,basic,Region XI,0,,0
CUST-101425,55,1758.35,3,164,0,premium,Region XI,0,,0
CUST-101426,43,912.29,2,179,1,standard,Region IV-A,0,,0
CUST-101427,3,524.34,0,95,2,standard,Region VII,1,poor_support,0
CUST-101428,51,1359.83,2,160,1,basic,Region XI,0,,0
CUST-101429,40,911.72,4,6,3,standard,Region III,0,,0
CUST-101430,5,1450.2,0,89,0,basic,Region III,0,,0
CUST-101431,47,1128.37,6,162,3,basic,Region VII,0,,0
CUST-101432,3,972.83,0,101,1,basic,Region III,0,,0
CUST-101433,26,1954.66,0,198,0,standard,NCR,0,,0
CUST-101434,10,663.27,3,7,0,basic,Region IV-A,0,,0
CUST-101435,1,1341.94,0,55,0,basic,Region III,0,,0
CUST-101436,34,801.87,2,87,2,basic,Region IV-A,0,,0
CUST-101437,41,630.84,3,133,0,basic,NCR,0,,0
CUST-101438,29,1315.16,4,57,1,standard,Region IV-A,0,,0
CUST-101439,21,833.25,1,81,1,standard,Region III,0,,0
CUST-101440,31,931.24,3,107,1,standard,Region IV-A,0,,0
CUST-101441,9,891.71,1,81,2,basic,Region III,0,,0
CUST-101442,3,1652.61,1,106,0,basic,Region III,1,found_alternative,0
CUST-101443,10,1752.58,1,183,1,basic,Region XI,0,,0
CUST-101444,4,635.2,0,116,0,standard,Region XI,0,,0
CUST-101445,46,1212.5,3,191,1,premium,Region III,0,,0
CUST-101446,36,1211.24,6,76,2,basic,Region VII,0,,0
CUST-101447,12,1159.32,2,21,0,premium,Region III,0,,0
CUST-101448,34,603.86,4,148,3,basic,NCR,0,,0
CUST-101449,29,1031.93,2,145,0,standard,NCR,0,,0
CUST-101450,7,1427.55,0,36,0,standard,Region XI,0,,0
CUST-101451,58,1208.91,2,35,0,standard,NCR,0,,0
CUST-101452,56,2016.21,7,21,0,standard,Region IV-A,0,,0
CUST-101453,45,886.4,1,106,0,basic,Region III,0,,0
CUST-101454,48,1218.46,2,70,2,standard,Region VII,0,,0
CUST-101455,33,800.91,2,160,1,basic,NCR,0,,0
CUST-101456,48,1286.65,5,185,0,standard,Region IV-A,0,,0
CUST-101457,32,635.41,3,44,3,basic,Region III,0,,0
CUST-101458,10,1068.8,1,92,0,basic,Region IV-A,0,,0
CUST-101459,10,1149.87,1,65,1,premium,NCR,0,,0
CUST-101460,51,1574.49,4,36,1,basic,NCR,0,,0
CUST-101461,27,832.11,1,188,2,basic,NCR,0,,0
CUST-101462,44,1951.42,8,146,0,basic,Region IV-A,0,,0
CUST-101463,9,1808.65,1,83,3,standard,Region VII,0,,0
CUST-101464,27,1234.88,4,29,2,standard,Region XI,0,,0
CUST-101465,5,1840.69,2,15,1,premium,Region XI,0,,0
CUST-101466,14,1332.04,1,136,1,standard,Region VII,0,,0
CUST-101467,7,391.06,0,83,0,basic,NCR,0,,0
CUST-101468,13,960.46,0,3,0,basic,Region VII,0,,0
CUST-101469,36,930.54,4,90,1,basic,Region VII,0,,0
CUST-101470,1,1046.8,1,79,1,standard,Region VII,0,,0
CUST-101471,12,1732.8,0,155,0,premium,Region VII,0,,0
CUST-101472,41,974.11,6,107,0,basic,Region VII,0,,0
CUST-101473,9,1014.06,0,69,4,basic,Region IV-A,0,,0
CUST-101474,33,2145.21,0,7,4,standard,Region VII,0,,0
CUST-101475,52,1139.99,6,25,0,standard,Region VII,0,,0
CUST-101476,47,1605.0,3,118,3,standard,NCR,0,,0
CUST-101477,8,827.93,0,155,4,basic,Region IV-A,1,no_longer_needed,0
CUST-101478,9,1915.8,0,40,4,basic,NCR,0,,0
CUST-101479,42,1212.27,2,75,0,basic,Region XI,0,,0
CUST-101480,21,986.07,0,18,0,basic,Region XI,0,,0
CUST-101481,25,839.02,0,6,1,standard,NCR,0,,0
CUST-101482,29,1939.58,5,143,3,basic,Region XI,0,,0
CUST-101483,35,1499.84,2,166,2,basic,Region IV-A,0,,0
CUST-101484,27,1161.17,2,159,2,premium,Region VII,0,,0
CUST-101485,2,567.52,1,193,1,standard,Region VII,0,,0
CUST-101486,6,735.15,1,136,1,basic,NCR,0,,0
CUST-101487,1,1080.54,1,192,0,premium,Region XI,0,,0
CUST-101488,16,783.31,2,57,1,basic,Region VII,0,,0
CUST-101489,49,1558.39,2,124,0,standard,Region IV-A,0,,0
CUST-101490,58,1494.28,8,59,0,basic,Region VII,0,,0
CUST-101491,29,895.55,6,52,0,premium,Region XI,0,,0
CUST-101492,2,374.48,0,57,1,basic,Region VII,0,,0
CUST-101493,5,470.8,0,173,1,basic,Region VII,0,,0
CUST-101494,49,1551.86,5,148,0,premium,Region XI,0,,0
CUST-101495,21,1800.6,2,35,0,standard,Region VII,0,,0
CUST-101496,53,830.44,2,104,0,basic,NCR,0,,0
CUST-101497,30,289.6,3,149,0,basic,Region XI,0,,0
CUST-101498,52,1018.54,6,151,0,basic,Region XI,0,,0
CUST-101499,8,659.16,0,174,0,basic,Region VII,0,,0
CUST-101500,51,915.62,5,142,0,standard,NCR,0,,0
CUST-101501,33,946.76,3,185,1,basic,Region IV-A,0,,0
CUST-101502,26,1759.02,2,153,1,premium,NCR,0,,0
CUST-101503,32,1707.65,6,113,1,standard,Region VII,0,,0
CUST-101504,20,2174.55,2,26,0,premium,Region XI,0,,0
CUST-101505,36,1602.68,2,191,1,standard,NCR,0,,0
CUST-101506,46,1269.41,6,98,2,basic,NCR,0,,0
CUST-101507,48,610.36,1,7,2,standard,Region XI,0,,0
CUST-101508,58,1214.01,5,94,0,basic,Region VII,1,too_expensive,0
CUST-101509,25,792.48,1,7,4,basic,Region XI,0,,0
CUST-101510,46,1811.81,5,50,1,standard,Region III,0,,0
CUST-101511,53,882.7,6,152,1,standard,Region VII,0,,0
CUST-101512,2,755.81,0,154,2,basic,Region XI,1,too_expensive,0
CUST-101513,29,583.47,0,199,2,basic,NCR,0,,0
CUST-101514,42,648.35,2,43,2,basic,Region III,0,,0
CUST-101515,27,1991.54,0,29,2,standard,Region III,0,,0
CUST-101516,6,599.9,1,58,1,basic,Region IV-A,0,,0
CUST-101517,39,1501.25,2,74,1,premium,Region III,0,,0
CUST-101518,24,882.78,1,49,3,standard,Region III,0,,0
CUST-101519,37,900.39,1,197,2,basic,Region III,0,,0
CUST-101520,1,1268.98,0,160,1,standard,NCR,0,,0
CUST-101521,1,1804.94,1,174,0,premium,Region VII,0,,0
CUST-101522,36,1102.04,3,130,0,standard,Region VII,0,,0
CUST-101523,58,1830.84,2,82,0,basic,Region XI,0,,0
CUST-101524,38,314.32,2,55,1,basic,Region IV-A,0,,0
CUST-101525,56,835.96,2,178,1,standard,Region VII,0,,0
CUST-101526,50,820.46,5,27,2,standard,Region III,0,,0
CUST-101527,17,1091.54,3,90,2,premium,Region III,0,,0
CUST-101528,7,1152.95,1,15,1,basic,Region IV-A,0,,0
CUST-101529,33,823.59,2,67,1,standard,Region XI,0,,0
CUST-101530,37,107.25,1,184,0,basic,Region IV-A,0,,0
CUST-101531,46,964.69,3,117,4,basic,Region XI,0,,0
CUST-101532,31,1856.5,6,19,1,basic,Region III,0,,0
CUST-101533,55,146.08,6,55,4,basic,Region VII,0,,0
CUST-101534,50,1370.86,7,32,0,standard,Region III,0,,0
CUST-101535,35,1416.34,2,131,0,basic,Region III,0,,0
CUST-101536,33,867.94,2,85,1,standard,Region XI,0,,0
CUST-101537,2,1284.01,0,58,1,standard,Region VII,0,,0
CUST-101538,47,34.7,4,137,0,basic,Region IV-A,0,,0
CUST-101539,41,1170.36,3,101,1,standard,Region IV-A,0,,0
CUST-101540,53,1191.98,4,140,0,basic,Region VII,0,,0
CUST-101541,6,656.62,1,154,2,basic,NCR,0,,0
CUST-101542,9,1270.41,1,33,0,premium,Region XI,0,,0
CUST-101543,40,1049.32,6,172,0,basic,Region VII,0,,0
CUST-101544,29,853.43,1,18,2,basic,Region III,0,,0
CUST-101545,35,1763.9,3,8,1,standard,Region VII,0,,0
CUST-101546,26,894.37,1,10,2,basic,Region XI,0,,0
CUST-101547,38,1071.37,5,145,1,basic,Region III,0,,0
CUST-101548,39,929.23,3,14,4,standard,Region III,0,,0
CUST-101549,12,927.59,3,177,1,standard,Region XI,0,,0
CUST-101550,45,1536.82,6,147,1,standard,Region III,0,,0
CUST-101551,30,1967.91,5,147,1,premium,Region XI,0,,0
CUST-101552,34,351.87,1,63,2,basic,Region XI,0,,0
CUST-101553,37,762.54,4,46,2,basic,Region IV-A,0,,0
CUST-101554,44,1077.62,5,63,1,basic,NCR,0,,0
CUST-101555,18,163.23,1,149,1,basic,NCR,0,,0
CUST-101556,1,1356.07,0,42,1,premium,Region III,0,,0
CUST-101557,11,2577.19,1,160,2,standard,NCR,0,,0
CUST-101558,57,500.21,4,70,0,basic,Region VII,0,,0
CUST-101559,14,487.51,0,35,3,basic,Region VII,0,,0
CUST-101560,15,822.71,0,79,0,basic,Region IV-A,0,,0
CUST-101561,51,1109.91,2,182,1,standard,Region XI,0,,0
CUST-101562,14,707.67,0,60,2,basic,NCR,0,,0
CUST-101563,28,1984.68,2,54,1,premium,Region IV-A,0,,0
CUST-101564,22,245.38,4,144,0,basic,Region III,0,,0
CUST-101565,40,476.11,4,189,1,basic,NCR,0,,0
CUST-101566,36,1358.81,1,45,2,premium,Region IV-A,0,,0
CUST-101567,31,2150.34,3,99,3,premium,NCR,0,,0
CUST-101568,30,591.13,1,157,1,basic,NCR,0,,0
CUST-101569,50,444.8,2,25,0,basic,Region III,0,,0
CUST-101570,35,795.27,7,42,1,premium,NCR,0,,0
CUST-101571,31,662.65,2,141,1,standard,Region VII,0,,0
CUST-101572,53,461.05,3,57,2,standard,Region VII,0,,0
CUST-101573,6,815.98,0,113,1,standard,Region IV-A,0,,0
CUST-101574,50,1740.17,2,94,1,premium,Region VII,0,,0
CUST-101575,12,1278.67,2,152,0,standard,NCR,0,,0
CUST-101576,20,1172.95,1,96,1,basic,Region VII,0,,0
CUST-101577,1,367.12,0,59,1,basic,Region IV-A,0,,0
CUST-101578,34,536.24,6,57,2,standard,Region IV-A,0,,0
CUST-101579,50,997.12,4,11,0,basic,Region XI,0,,0
CUST-101580,23,1321.16,1,23,3,basic,Region III,0,,0
CUST-101581,40,1072.63,5,34,2,standard,Region IV-A,1,poor_support,0
CUST-101582,24,1041.58,1,174,2,basic,Region XI,1,no_longer_needed,1
CUST-101583,45,1389.81,4,95,1,premium,NCR,0,,0
CUST-101584,59,616.1,6,194,2,basic,Region IV-A,0,,0
CUST-101585,43,930.89,5,9,1,standard,Region IV-A,0,,0
CUST-101586,21,1558.61,4,197,1,standard,Region VII,0,,0
CUST-101587,49,781.8,3,131,1,basic,Region XI,0,,0
CUST-101588,3,1300.71,1,99,1,basic,Region III,1,found_alternative,0
CUST-101589,59,896.52,5,100,1,basic,NCR,0,,0
CUST-101590,50,809.87,4,191,0,standard,Region III,0,,0
CUST-101591,39,1328.27,4,41,1,standard,NCR,0,,0
CUST-101592,37,798.34,1,66,0,basic,Region VII,0,,0
CUST-101593,15,1474.58,1,159,1,basic,Region IV-A,0,,0
CUST-101594,26,1085.32,5,2,1,premium,Region VII,0,,0
CUST-101595,6,213.76,0,130,0,basic,Region III,0,,0
CUST-101596,20,1743.39,2,123,2,premium,Region XI,1,unknown,0
CUST-101597,35,1650.96,5,109,2,basic,Region XI,0,,0
CUST-101598,22,1319.53,2,88,1,basic,Region XI,0,,0
CUST-101599,46,1977.98,2,144,1,standard,Region VII,0,,0
CUST-101600,51,1936.13,3,186,2,basic,NCR,1,unknown,0
CUST-101601,34,1333.44,4,118,2,premium,NCR,0,,0
CUST-101602,21,674.66,0,164,0,standard,Region XI,1,found_alternative,0
CUST-101603,18,356.49,3,1,0,standard,Region XI,0,,0
CUST-101604,33,479.37,3,29,1,standard,Region XI,0,,0
CUST-101605,43,1364.21,4,109,2,standard,Region VII,0,,0
CUST-101606,8,492.17,0,160,1,standard,Region XI,0,,0
CUST-101607,27,1202.14,0,50,0,standard,Region IV-A,0,,0
CUST-101608,26,1408.4,2,146,2,standard,NCR,0,,0
CUST-101609,17,1092.63,3,153,2,standard,Region III,0,,0
CUST-101610,15,672.35,1,122,1,basic,Region XI,0,,0
CUST-101611,50,468.57,4,133,1,basic,Region VII,0,,0
CUST-101612,26,1794.52,1,41,2,basic,Region XI,0,,0
CUST-101613,35,124.37,2,118,2,basic,Region XI,0,,0
CUST-101614,3,467.32,0,31,0,basic,Region VII,0,,0
CUST-101615,17,675.08,1,106,1,basic,NCR,0,,0
CUST-101616,14,626.4,0,180,0,basic,NCR,1,unknown,0
CUST-101617,20,1450.99,3,51,0,standard,Region III,0,,0
CUST-101618,50,1145.55,4,164,1,standard,NCR,0,,0
CUST-101619,34,341.95,2,130,0,basic,Region XI,0,,0
CUST-101620,54,1873.58,3,116,2,premium,Region III,0,,0
CUST-101621,25,1066.78,2,158,1,premium,Region III,0,,0
CUST-101622,46,1561.92,8,123,3,premium,Region VII,0,,0
CUST-101623,10,1706.69,0,78,1,basic,NCR,0,,0
CUST-101624,49,541.46,6,31,1,basic,Region VII,0,,0
CUST-101625,37,560.94,5,70,3,basic,NCR,0,,0
CUST-101626,3,983.66,0,130,1,standard,Region XI,0,,0
CUST-101627,41,1000.02,3,187,1,standard,Region VII,0,,0
CUST-101628,29,1166.21,4,187,1,standard,Region III,0,,0
CUST-101629,1,1339.14,0,160,1,standard,Region VII,0,,0
CUST-101630,50,1049.12,2,149,1,premium,Region III,0,,0
CUST-101631,32,1049.25,2,12,0,standard,NCR,0,,0
CUST-101632,36,1001.1,5,116,4,premium,NCR,0,,0
CUST-101633,35,1422.16,2,55,1,standard,Region III,0,,0
CUST-101634,6,1439.05,1,84,4,basic,Region VII,0,,0
CUST-101635,20,873.31,2,170,2,standard,Region IV-A,1,no_longer_needed,1
CUST-101636,42,870.25,5,42,1,basic,Region III,0,,0
CUST-101637,20,1653.86,3,150,1,basic,Region VII,0,,0
CUST-101638,53,1596.67,5,4,2,premium,Region III,0,,0
CUST-101639,19,402.77,1,38,3,basic,NCR,0,,0
CUST-101640,28,273.26,1,90,2,basic,Region VII,0,,0
CUST-101641,27,1094.62,2,97,2,premium,Region IV-A,0,,0
CUST-101642,2,698.71,0,66,1,basic,Region VII,0,,0
CUST-101643,48,1251.37,5,37,1,basic,Region IV-A,0,,0
CUST-101644,9,660.94,0,98,1,basic,NCR,1,too_expensive,1
CUST-101645,28,632.37,2,118,2,standard,NCR,0,,0
CUST-101646,54,683.57,5,104,1,basic,NCR,0,,0
CUST-101647,59,707.72,6,17,3,basic,Region III,0,,0
CUST-101648,14,758.26,1,122,2,standard,Region III,0,,0
CUST-101649,23,663.96,2,52,1,basic,Region XI,0,,0
CUST-101650,34,1126.71,5,126,1,standard,Region VII,0,,0
CUST-101651,42,247.58,5,16,0,basic,Region XI,0,,0
CUST-101652,15,958.8,0,13,4,standard,Region IV-A,0,,0
CUST-101653,33,2812.19,4,184,2,standard,Region III,0,,0
CUST-101654,50,976.88,3,31,1,basic,Region IV-A,0,,0
CUST-101655,45,1262.13,5,35,1,basic,Region XI,0,,0
CUST-101656,49,1646.56,1,54,3,basic,Region III,0,,0
CUST-101657,53,1817.6,3,104,2,basic,Region VII,0,,0
CUST-101658,51,568.57,2,69,1,basic,NCR,0,,0
CUST-101659,31,263.13,3,35,4,basic,Region XI,0,,0
CUST-101660,58,1380.32,4,115,0,basic,Region VII,0,,0
CUST-101661,30,704.48,3,25,1,basic,Region XI,0,,0
CUST-101662,42,726.31,3,122,2,basic,Region III,0,,0
CUST-101663,56,1331.08,3,0,2,standard,Region VII,0,,0
CUST-101664,3,807.47,1,82,4,basic,Region III,0,,0
CUST-101665,56,1173.95,4,16,0,standard,Region IV-A,0,,0
CUST-101666,49,1218.13,5,55,2,standard,Region III,0,,0
CUST-101667,59,1390.59,2,105,1,basic,NCR,0,,0
CUST-101668,46,1025.49,7,18,1,basic,Region IV-A,0,,0
CUST-101669,10,395.14,1,105,1,basic,Region IV-A,0,,0
CUST-101670,18,639.76,4,61,0,standard,NCR,0,,0
CUST-101671,1,537.09,1,50,1,basic,Region III,0,,0
CUST-101672,36,993.23,3,67,1,basic,NCR,0,,0
CUST-101673,26,1017.55,2,186,2,premium,Region VII,0,,0
CUST-101674,29,667.31,2,135,0,standard,Region III,0,,0
CUST-101675,44,952.91,4,88,3,basic,NCR,0,,0
CUST-101676,49,1166.45,1,40,0,premium,Region IV-A,0,,0
CUST-101677,5,1738.24,0,161,1,basic,Region XI,0,,0
CUST-101678,55,585.37,8,109,2,basic,Region XI,0,,0
CUST-101679,23,1194.17,2,101,0,basic,Region XI,0,,0
CUST-101680,45,1339.3,7,173,0,premium,NCR,0,,0
CUST-101681,35,363.4,0,48,0,basic,Region III,0,,0
CUST-101682,27,823.75,0,189,0,standard,Region XI,0,,0
CUST-101683,13,1020.07,2,31,0,standard,Region VII,0,,0
CUST-101684,12,830.2,1,139,2,standard,Region IV-A,1,found_alternative,0
CUST-101685,44,1631.69,6,35,1,basic,Region XI,0,,0
CUST-101686,19,452.51,0,12,3,basic,NCR,0,,0
CUST-101687,14,873.54,4,134,2,standard,Region IV-A,0,,0
CUST-101688,1,1018.51,1,130,3,basic,Region IV-A,0,,0
CUST-101689,50,2281.72,8,149,0,standard,Region XI,0,,0
CUST-101690,24,1101.8,2,2,1,basic,Region IV-A,0,,0
CUST-101691,21,1232.53,1,33,1,standard,Region IV-A,0,,0
CUST-101692,22,1534.44,2,76,5,standard,Region XI,0,,0
CUST-101693,36,1729.03,1,197,3,standard,Region III,1,no_longer_needed,0
CUST-101694,29,1650.64,7,187,0,basic,NCR,0,,0
CUST-101695,33,1100.41,4,182,0,basic,Region IV-A,0,,0
CUST-101696,17,906.33,2,143,1,basic,Region VII,0,,0
CUST-101697,18,462.55,3,48,1,basic,Region IV-A,0,,0
CUST-101698,51,1195.01,6,152,0,standard,Region VII,0,,0
CUST-101699,26,1823.95,4,62,0,basic,Region III,0,,0
CUST-101700,58,151.72,2,73,1,basic,NCR,0,,0
CUST-101701,50,1555.67,4,194,1,basic,Region VII,1,poor_support,0
CUST-101702,42,903.87,5,54,1,basic,Region XI,0,,0
CUST-101703,33,1610.94,4,199,2,standard,Region VII,0,,0
CUST-101704,50,1377.0,5,163,2,standard,Region III,1,poor_support,0
CUST-101705,4,826.86,0,82,4,basic,Region III,0,,0
CUST-101706,30,902.92,0,58,2,basic,Region IV-A,0,,0
CUST-101707,43,1429.43,7,167,1,standard,Region IV-A,0,,0
CUST-101708,7,731.08,0,183,1,standard,Region III,0,,0
CUST-101709,11,1081.12,0,184,5,standard,Region III,0,,0
CUST-101710,4,1339.63,2,59,0,standard,Region III,0,,0
CUST-101711,29,1496.56,2,176,2,standard,Region IV-A,0,,0
CUST-101712,32,1427.61,1,74,1,standard,Region III,0,,0
CUST-101713,28,1294.7,2,133,0,premium,Region IV-A,0,,0
CUST-101714,4,1117.03,0,120,1,standard,Region XI,0,,0
CUST-101715,29,639.02,1,83,3,standard,Region III,0,,0
CUST-101716,53,1760.98,2,69,0,standard,NCR,0,,0
CUST-101717,2,964.47,0,100,0,basic,Region XI,0,,0
CUST-101718,46,864.85,3,13,0,basic,NCR,0,,0
CUST-101719,17,1462.45,1,142,1,premium,Region XI,0,,0
CUST-101720,5,998.24,2,8,0,standard,Region IV-A,0,,0
CUST-101721,3,1259.1,1,51,0,basic,Region IV-A,0,,0
CUST-101722,1,875.71,0,123,1,basic,Region IV-A,0,,0
CUST-101723,25,457.6,0,141,0,basic,Region VII,0,,0
CUST-101724,30,546.76,2,154,1,basic,Region VII,0,,0
CUST-101725,37,599.5,7,105,1,standard,Region XI,0,,0
CUST-101726,5,2034.56,2,112,3,standard,NCR,0,,0
CUST-101727,39,783.62,0,116,1,basic,NCR,0,,0
CUST-101728,44,1888.27,2,175,4,basic,Region III,0,,0
CUST-101729,4,927.57,1,167,0,basic,NCR,0,,0
CUST-101730,40,675.17,4,89,3,basic,Region XI,0,,0
CUST-101731,8,758.76,0,188,0,basic,NCR,0,,0
CUST-101732,26,1160.77,2,52,1,standard,NCR,0,,0
CUST-101733,40,466.24,2,61,2,basic,Region IV-A,0,,0
CUST-101734,52,980.47,3,22,1,premium,Region III,0,,0
CUST-101735,32,1677.72,2,152,2,standard,Region III,0,,0
CUST-101736,26,654.8,2,115,1,basic,Region VII,1,poor_support,0
CUST-101737,50,1913.15,4,119,2,basic,Region IV-A,0,,0
CUST-101738,13,1110.89,1,157,1,basic,Region XI,0,,0
CUST-101739,13,624.57,1,58,1,basic,Region IV-A,0,,0
CUST-101740,28,2906.13,2,48,0,premium,Region XI,0,,0
CUST-101741,8,1716.12,4,129,2,standard,NCR,0,,0
CUST-101742,2,561.68,0,0,2,standard,NCR,0,,0
CUST-101743,22,769.1,5,130,2,standard,Region III,0,,0
CUST-101744,9,658.76,0,42,0,premium,NCR,0,,0
CUST-101745,38,1316.96,2,164,0,premium,NCR,1,poor_support,0
CUST-101746,33,2144.7,3,47,1,basic,Region III,0,,0
CUST-101747,29,240.59,3,81,2,basic,Region IV-A,0,,0
CUST-101748,30,1002.21,1,135,0,basic,Region III,0,,0
CUST-101749,6,2593.2,0,162,1,basic,Region III,1,poor_support,0
CUST-101750,24,995.42,2,170,0,standard,NCR,0,,0
CUST-101751,5,968.94,1,48,2,basic,NCR,0,,0
CUST-101752,21,898.61,4,171,0,standard,Region XI,0,,0
CUST-101753,40,508.89,4,92,1,basic,NCR,0,,0
CUST-101754,59,1486.82,4,88,0,standard,Region VII,0,,0
CUST-101755,18,1256.24,2,123,3,basic,Region VII,0,,0
CUST-101756,16,1059.06,1,196,2,basic,Region III,1,unknown,0
CUST-101757,40,837.22,1,119,3,standard,Region III,0,,0
CUST-101758,55,1068.4,6,67,2,basic,Region III,0,,0
CUST-101759,18,548.32,0,9,1,standard,Region VII,0,,0
CUST-101760,50,1730.48,4,174,1,premium,NCR,0,,0
CUST-101761,19,487.69,0,70,0,basic,Region XI,0,,0
CUST-101762,38,464.54,4,162,0,basic,Region III,0,,0
CUST-101763,13,1838.04,1,63,0,basic,Region IV-A,0,,0
CUST-101764,16,118.42,0,20,2,basic,Region XI,0,,0
CUST-101765,59,1332.51,5,193,2,premium,NCR,0,,0
CUST-101766,23,569.73,2,16,3,standard,Region XI,0,,0
CUST-101767,1,894.45,0,193,1,basic,Region VII,1,too_expensive,0
CUST-101768,46,771.91,6,40,2,standard,Region IV-A,0,,0
CUST-101769,8,936.11,0,72,1,premium,NCR,0,,0
CUST-101770,7,654.21,1,31,0,basic,NCR,0,,0
CUST-101771,50,441.15,4,157,1,basic,Region XI,0,,0
CUST-101772,21,703.57,3,11,0,standard,Region IV-A,0,,0
CUST-101773,9,1403.12,2,110,1,standard,Region VII,0,,0
CUST-101774,58,286.77,1,195,1,basic,Region XI,0,,0
CUST-101775,17,147.48,1,79,2,basic,Region IV-A,0,,0
CUST-101776,38,925.19,2,38,1,basic,Region III,0,,0
CUST-101777,16,977.94,1,156,1,standard,Region III,0,,0
CUST-101778,35,758.06,2,123,1,standard,Region VII,0,,0
CUST-101779,42,1146.37,1,190,0,basic,Region VII,1,too_expensive,0
CUST-101780,45,2178.82,5,86,1,standard,Region III,0,,0
CUST-101781,25,789.26,3,71,2,basic,Region IV-A,0,,0
CUST-101782,37,1050.26,1,64,1,standard,Region IV-A,0,,0
CUST-101783,50,620.02,3,33,1,standard,NCR,0,,0
CUST-101784,50,298.02,7,109,0,basic,Region IV-A,0,,0
CUST-101785,45,745.37,4,190,2,basic,Region VII,0,,0
CUST-101786,24,229.55,2,131,2,basic,Region XI,0,,0
CUST-101787,32,450.6,2,141,1,standard,Region III,0,,0
CUST-101788,58,1260.95,6,146,1,standard,Region III,0,,0
CUST-101789,15,299.71,1,43,0,basic,Region XI,0,,0
CUST-101790,41,1635.7,2,156,0,premium,Region XI,0,,0
CUST-101791,47,1783.88,4,1,1,standard,Region XI,0,,0
CUST-101792,29,966.13,1,89,0,basic,Region III,0,,0
CUST-101793,52,263.38,6,132,2,basic,Region III,0,,0
CUST-101794,26,2565.87,2,33,1,standard,Region VII,0,,0
CUST-101795,50,832.35,4,124,0,basic,Region III,0,,0
CUST-101796,39,1389.84,4,13,2,premium,Region VII,0,,0
CUST-101797,4,966.59,0,44,0,standard,Region III,0,,0
CUST-101798,49,498.05,2,153,2,basic,Region III,0,,0
CUST-101799,42,391.07,4,128,2,basic,Region XI,0,,0
CUST-101800,14,118.93,1,190,3,basic,Region III,1,unknown,0
CUST-101801,42,317.7,3,30,1,basic,NCR,0,,0
CUST-101802,31,673.7,4,167,0,basic,Region VII,0,,0
CUST-101803,56,1253.76,4,80,0,standard,Region III,0,,0
CUST-101804,18,670.9,0,157,1,standard,Region VII,0,,0
CUST-101805,16,1531.26,1,62,1,premium,Region VII,0,,0
CUST-101806,4,642.18,1,154,1,basic,NCR,0,,0
CUST-101807,47,740.83,5,172,0,basic,NCR,0,,0
CUST-101808,59,1556.07,3,145,0,standard,Region XI,0,,0
CUST-101809,41,935.34,3,58,1,basic,NCR,0,,0
CUST-101810,22,1051.57,3,170,1,basic,Region III,0,,0
CUST-101811,52,3051.24,6,56,2,premium,Region VII,0,,0
CUST-101812,15,674.26,0,23,2,standard,NCR,0,,0
CUST-101813,41,1843.14,4,150,1,premium,Region IV-A,0,,0
CUST-101814,36,1038.34,1,43,3,basic,NCR,0,,0
CUST-101815,51,1285.86,7,3,2,standard,Region IV-A,0,,0
CUST-101816,58,867.57,4,16,1,basic,Region VII,0,,0
CUST-101817,22,979.17,2,143,3,basic,Region III,0,,0
CUST-101818,6,655.57,1,7,1,basic,Region III,0,,0
CUST-101819,10,1048.24,3,9,1,standard,Region IV-A,0,,0
CUST-101820,44,1414.13,3,199,0,basic,Region VII,0,,0
CUST-101821,22,786.27,2,11,0,standard,Region IV-A,0,,0
CUST-101822,9,1176.0,0,139,0,premium,Region VII,0,,0
CUST-101823,49,1247.93,2,98,1,standard,Region IV-A,0,,0
CUST-101824,39,945.09,3,66,1,basic,NCR,0,,0
CUST-101825,8,889.73,2,191,0,standard,Region XI,0,,0
CUST-101826,43,1014.85,6,68,1,basic,Region VII,0,,0
CUST-101827,38,1008.65,3,32,1,basic,NCR,0,,0
CUST-101828,59,2246.88,5,78,0,basic,Region III,0,,0
CUST-101829,59,2903.59,6,60,3,standard,Region IV-A,0,,0
CUST-101830,58,3148.08,4,153,0,standard,NCR,0,,0
CUST-101831,53,1602.37,3,136,3,premium,Region XI,0,,0
CUST-101832,47,1315.6,6,19,1,basic,NCR,0,,0
CUST-101833,40,988.36,3,178,0,basic,Region III,0,,0
CUST-101834,33,748.81,2,174,2,basic,Region III,0,,0
CUST-101835,47,1643.22,2,99,0,premium,Region XI,0,,0
CUST-101836,57,990.06,6,78,1,standard,Region III,0,,0
CUST-101837,7,1427.71,0,99,0,premium,Region IV-A,0,,0
CUST-101838,9,783.95,0,102,0,basic,Region VII,0,,0
CUST-101839,30,790.57,3,62,2,basic,NCR,1,found_alternative,0
CUST-101840,18,792.16,2,86,1,standard,NCR,0,,0
CUST-101841,32,1247.27,3,75,0,basic,NCR,0,,0
CUST-101842,19,1026.17,2,195,3,basic,NCR,0,,0
CUST-101843,47,529.47,1,28,0,basic,Region III,0,,0
CUST-101844,54,771.36,3,11,0,basic,Region XI,0,,0
CUST-101845,17,408.55,2,24,0,basic,Region XI,0,,0
CUST-101846,46,1505.98,6,30,1,premium,Region IV-A,0,,0
CUST-101847,7,1657.87,1,147,1,standard,Region XI,0,,0
CUST-101848,48,912.99,6,70,2,standard,NCR,0,,0
CUST-101849,42,1232.19,5,96,1,basic,Region IV-A,0,,0
CUST-101850,42,1043.39,8,165,0,standard,Region IV-A,0,,0
CUST-101851,30,681.22,0,155,0,basic,NCR,0,,0
CUST-101852,7,508.92,0,182,2,basic,Region IV-A,0,,0
CUST-101853,50,724.14,7,129,1,basic,Region IV-A,0,,0
CUST-101854,7,1253.54,1,153,1,basic,Region VII,0,,0
CUST-101855,29,1576.96,2,0,0,premium,Region IV-A,0,,0
CUST-101856,11,702.38,1,62,2,standard,Region IV-A,0,,0
CUST-101857,50,1053.54,7,100,2,basic,Region III,0,,0
CUST-101858,34,1135.52,1,182,0,standard,Region IV-A,0,,0
CUST-101859,30,412.63,4,109,3,basic,NCR,0,,0
CUST-101860,19,340.68,1,144,1,basic,Region IV-A,0,,0
CUST-101861,47,580.32,3,27,1,standard,Region III,0,,0
CUST-101862,13,1550.55,0,154,1,standard,Region III,0,,0
CUST-101863,43,667.37,3,191,1,standard,Region III,0,,0
CUST-101864,58,690.67,8,71,0,basic,Region XI,0,,0
CUST-101865,16,1261.56,0,159,0,standard,Region VII,0,,0
CUST-101866,41,979.69,4,41,1,basic,Region XI,0,,0
CUST-101867,19,979.77,2,179,1,basic,Region III,0,,0
CUST-101868,55,383.91,3,138,0,basic,Region III,0,,0
CUST-101869,54,1021.6,0,119,0,basic,NCR,0,,0
CUST-101870,19,672.81,2,117,0,basic,Region VII,0,,0
CUST-101871,14,839.64,0,166,2,basic,NCR,0,,0
CUST-101872,5,1066.2,0,52,0,standard,Region XI,0,,0
CUST-101873,42,744.88,3,36,0,basic,Region VII,0,,0
CUST-101874,55,1382.71,8,120,1,basic,Region IV-A,0,,0
CUST-101875,9,1879.69,0,170,3,premium,Region VII,0,,0
CUST-101876,49,3796.91,5,183,2,premium,Region XI,0,,0
CUST-101877,45,1712.17,6,184,2,basic,NCR,0,,0
CUST-101878,28,264.61,2,33,1,basic,Region VII,0,,0
CUST-101879,14,787.72,1,3,2,basic,Region XI,0,,0
CUST-101880,39,2235.29,3,42,1,premium,Region IV-A,0,,0
CUST-101881,36,731.09,5,128,1,basic,Region VII,0,,0
CUST-101882,48,640.99,6,81,1,basic,Region IV-A,0,,0
CUST-101883,34,625.3,3,18,4,standard,NCR,0,,0
CUST-101884,3,599.96,0,77,2,standard,Region XI,1,found_alternative,0
CUST-101885,13,1221.02,3,129,1,basic,Region III,1,too_expensive,0
CUST-101886,23,849.93,1,10,1,basic,Region III,0,,0
CUST-101887,29,160.11,4,179,0,basic,Region XI,0,,0
CUST-101888,21,1434.35,2,80,0,basic,NCR,0,,0
CUST-101889,52,1545.22,1,36,2,basic,Region IV-A,0,,0
CUST-101890,17,947.63,3,77,1,standard,Region IV-A,0,,0
CUST-101891,41,1046.56,5,98,2,standard,Region III,0,,0
CUST-101892,22,1989.84,3,157,1,standard,Region VII,0,,0
CUST-101893,59,930.27,6,19,1,standard,Region IV-A,0,,0
CUST-101894,55,478.86,6,93,0,standard,Region III,0,,0
CUST-101895,47,1226.31,3,130,0,basic,Region III,0,,0
CUST-101896,46,1764.61,3,161,2,standard,Region III,0,,0
CUST-101897,38,874.17,1,23,1,basic,Region VII,0,,0
CUST-101898,35,416.52,1,22,4,basic,Region IV-A,0,,0
CUST-101899,34,1631.01,3,194,3,basic,Region VII,0,,0
CUST-101900,2,867.74,0,186,3,standard,Region VII,0,,0
CUST-101901,56,717.13,5,64,2,standard,Region XI,0,,0
CUST-101902,58,866.14,3,96,0,basic,Region XI,0,,0
CUST-101903,32,691.05,0,36,1,basic,Region VII,0,,0
CUST-101904,52,1414.39,2,158,0,standard,Region III,0,,0
CUST-101905,24,2431.06,3,190,0,basic,Region VII,0,,0
CUST-101906,7,449.05,0,102,0,basic,Region XI,1,unknown,0
CUST-101907,50,1524.27,7,128,0,standard,Region III,0,,0
CUST-101908,31,923.73,3,134,1,standard,Region IV-A,0,,0
CUST-101909,56,1160.11,3,97,2,basic,Region XI,0,,0
CUST-101910,13,885.91,0,86,1,basic,Region IV-A,0,,0
CUST-101911,29,1198.63,1,150,2,premium,NCR,0,,0
CUST-101912,40,1296.05,7,62,1,basic,Region III,0,,0
CUST-101913,9,1239.28,1,173,2,premium,Region III,0,,0
CUST-101914,59,725.2,2,81,0,standard,Region IV-A,0,,0
CUST-101915,36,1845.9,2,161,0,premium,Region XI,0,,0
CUST-101916,11,473.19,1,91,1,basic,Region XI,0,,0
CUST-101917,44,1214.78,4,71,1,basic,Region XI,0,,0
CUST-101918,52,829.11,7,23,0,basic,Region VII,0,,0
CUST-101919,23,860.84,0,79,1,basic,Region IV-A,0,,0
CUST-101920,36,436.69,1,139,0,basic,Region VII,0,,0
CUST-101921,45,885.57,3,105,2,basic,Region IV-A,0,,0
CUST-101922,9,611.86,1,121,1,basic,NCR,0,,0
CUST-101923,32,2034.28,3,117,0,standard,NCR,0,,0
CUST-101924,33,344.26,3,90,0,basic,Region IV-A,0,,0
CUST-101925,18,1462.35,0,60,2,basic,Region VII,0,,0
CUST-101926,18,1528.77,3,35,1,basic,Region III,1,too_expensive,0
CUST-101927,38,1295.1,5,27,1,standard,NCR,0,,0
CUST-101928,45,1731.11,3,145,4,basic,NCR,0,,0
CUST-101929,23,947.93,2,87,1,standard,Region III,0,,0
CUST-101930,9,752.78,3,14,0,basic,Region XI,0,,0
CUST-101931,47,1335.35,5,163,1,standard,Region IV-A,0,,0
CUST-101932,11,962.28,0,74,2,standard,Region XI,0,,0
CUST-101933,1,431.29,0,55,1,standard,Region XI,0,,0
CUST-101934,20,598.38,3,94,2,standard,Region XI,0,,0
CUST-101935,49,972.47,3,74,1,premium,Region XI,0,,0
CUST-101936,45,1256.51,3,80,0,basic,Region III,0,,0
CUST-101937,19,797.85,2,54,2,basic,Region XI,0,,0
CUST-101938,31,1800.02,3,7,2,premium,Region XI,0,,0
CUST-101939,57,1556.71,4,121,3,standard,Region VII,0,,0
CUST-101940,43,952.85,4,148,1,standard,NCR,0,,0
CUST-101941,45,951.68,3,190,2,basic,Region III,0,,0
CUST-101942,6,338.75,2,29,1,basic,Region VII,0,,0
CUST-101943,15,1142.19,5,36,1,premium,NCR,0,,0
CUST-101944,7,934.03,0,84,1,standard,Region XI,0,,0
CUST-101945,58,812.67,6,155,1,basic,Region IV-A,0,,0
CUST-101946,21,298.93,3,126,1,basic,NCR,0,,0
CUST-101947,30,939.38,7,132,2,standard,Region III,0,,0
CUST-101948,33,726.49,4,106,1,standard,Region III,0,,0
CUST-101949,31,2898.29,4,197,0,premium,Region VII,0,,0
CUST-101950,4,842.28,0,78,1,basic,Region VII,0,,0
CUST-101951,54,1195.42,3,19,1,basic,Region III,0,,0
CUST-101952,23,1196.53,3,95,2,basic,Region VII,0,,0
CUST-101953,55,877.86,2,181,1,basic,Region XI,0,,0
CUST-101954,46,1017.81,4,110,0,basic,Region III,0,,0
CUST-101955,42,962.71,2,161,1,basic,Region III,0,,0
CUST-101956,42,963.16,3,138,3,basic,NCR,0,,0
CUST-101957,58,1640.52,6,181,2,basic,Region III,1,too_expensive,0
CUST-101958,18,1074.18,2,121,1,standard,Region III,0,,0
CUST-101959,20,462.85,1,150,1,basic,Region VII,0,,0
CUST-101960,40,1220.58,3,122,2,basic,NCR,0,,0
CUST-101961,14,649.84,1,56,2,standard,Region IV-A,0,,0
CUST-101962,48,748.41,5,6,2,basic,Region VII,0,,0
CUST-101963,2,846.41,0,83,3,standard,Region III,0,,0
CUST-101964,53,954.96,3,188,2,standard,NCR,0,,0
CUST-101965,21,1313.73,1,21,3,standard,Region VII,0,,0
CUST-101966,1,1013.58,0,48,3,basic,Region IV-A,0,,0
CUST-101967,36,958.26,2,0,3,standard,Region IV-A,0,,0
CUST-101968,17,1151.74,2,83,2,premium,Region XI,0,,0
CUST-101969,19,1587.59,0,189,0,standard,NCR,1,poor_support,0
CUST-101970,29,1100.16,0,86,0,basic,NCR,0,,0
CUST-101971,35,545.49,3,165,1,standard,Region IV-A,0,,0
CUST-101972,9,572.26,1,118,1,standard,Region IV-A,0,,0
CUST-101973,3,592.52,0,16,3,basic,Region XI,0,,0
CUST-101974,28,220.57,5,59,3,basic,Region VII,0,,0
CUST-101975,21,606.23,3,90,0,standard,Region III,0,,0
CUST-101976,35,894.6,1,63,1,basic,Region XI,0,,0
CUST-101977,45,1609.23,4,57,4,premium,Region IV-A,0,,0
CUST-101978,37,1334.84,1,120,1,premium,Region XI,0,,0
CUST-101979,7,735.03,0,59,1,basic,Region III,0,,0
CUST-101980,59,604.34,6,171,0,basic,Region VII,0,,0
CUST-101981,43,1118.41,2,178,1,premium,Region IV-A,0,,0
CUST-101982,3,1178.39,0,4,1,basic,Region IV-A,0,,0
CUST-101983,46,1479.71,5,198,0,standard,Region XI,0,,0
CUST-101984,52,719.06,3,112,2,basic,NCR,0,,0
CUST-101985,34,363.75,1,84,0,basic,Region III,0,,0
CUST-101986,50,519.84,3,110,2,basic,NCR,0,,0
CUST-101987,53,762.22,7,162,1,basic,Region XI,0,,0
CUST-101988,57,1317.97,8,25,0,premium,Region XI,0,,0
CUST-101989,57,1114.1,7,33,0,basic,Region XI,0,,0
CUST-101990,12,501.14,0,8,2,basic,Region III,0,,0
CUST-101991,3,1288.72,1,153,2,standard,Region III,0,,0
CUST-101992,39,1376.0,5,158,2,premium,Region IV-A,0,,0
CUST-101993,41,2248.69,1,10,0,basic,Region VII,0,,0
CUST-101994,34,1001.96,0,165,0,standard,Region VII,0,,0
CUST-101995,14,536.5,1,68,1,basic,Region XI,0,,0
CUST-101996,56,1848.6,3,8,2,standard,Region VII,0,,0
CUST-101997,25,969.73,2,113,0,standard,Region XI,0,,0
CUST-101998,44,1608.48,4,134,3,premium,Region III,0,,0
CUST-101999,37,494.09,1,12,0,standard,Region VII,0,,0
CUST-102000,53,2003.2,3,50,1,premium,Region IV-A,0,,0
CUST-102001,43,519.91,2,23,3,basic,NCR,0,,0
CUST-102002,38,641.67,1,46,1,standard,Region XI,0,,0
CUST-102003,50,1510.82,4,63,1,standard,NCR,0,,0
CUST-102004,4,488.55,0,182,1,basic,Region XI,0,,0
CUST-102005,42,1042.4,2,94,0,premium,Region III,0,,0
CUST-102006,35,604.46,2,123,2,standard,Region III,0,,0
CUST-102007,46,1193.18,3,42,1,premium,Region VII,0,,0
CUST-102008,14,488.35,0,120,2,basic,Region IV-A,0,,0
CUST-102009,36,1422.57,4,63,1,standard,Region III,0,,0
CUST-102010,17,511.09,2,87,0,basic,Region XI,0,,0
CUST-102011,7,1169.31,0,33,2,premium,Region VII,0,,0
CUST-102012,34,541.65,2,127,2,basic,Region VII,0,,0
CUST-102013,2,1311.7,1,20,2,standard,Region VII,1,too_expensive,0
CUST-102014,6,1230.68,0,82,0,basic,Region XI,0,,0
CUST-102015,32,1020.16,2,83,2,standard,NCR,0,,0
CUST-102016,54,748.76,2,75,1,basic,Region IV-A,0,,0
CUST-102017,43,1429.75,6,44,1,premium,Region XI,0,,0
CUST-102018,1,1469.92,0,24,2,premium,Region XI,0,,0
CUST-102019,7,1115.04,2,130,0,basic,NCR,0,,0
CUST-102020,26,1326.38,3,186,0,standard,Region III,0,,0
CUST-102021,26,313.43,4,45,0,standard,Region III,0,,0
CUST-102022,3,422.58,1,22,1,basic,Region IV-A,0,,0
CUST-102023,16,190.26,1,38,0,basic,Region XI,0,,0
CUST-102024,8,905.65,0,59,1,basic,Region IV-A,0,,0
CUST-102025,34,342.47,4,73,0,basic,NCR,0,,0
CUST-102026,39,1244.59,0,59,3,standard,Region IV-A,0,,0
CUST-102027,24,1114.49,1,20,1,standard,Region III,0,,0
CUST-102028,34,747.79,3,150,3,basic,Region VII,0,,0
CUST-102029,12,1264.81,2,8,1,premium,Region XI,0,,0
CUST-102030,51,1213.64,4,64,3,basic,Region VII,0,,0
CUST-102031,1,1636.02,0,153,0,premium,Region XI,1,too_expensive,0
CUST-102032,30,650.56,4,120,1,standard,Region IV-A,0,,0
CUST-102033,19,1131.85,1,34,1,standard,Region XI,0,,0
CUST-102034,27,1063.24,1,23,0,standard,Region XI,0,,0
CUST-102035,31,1424.0,2,122,0,basic,NCR,0,,0
CUST-102036,39,2135.92,0,1,2,premium,Region VII,0,,0
CUST-102037,55,1033.7,5,60,4,standard,Region III,0,,0
CUST-102038,34,2409.81,3,167,1,standard,NCR,0,,0
CUST-102039,14,489.45,0,65,1,basic,Region III,0,,0
CUST-102040,31,535.75,3,68,2,standard,NCR,0,,0
CUST-102041,31,1626.21,0,31,0,basic,NCR,0,,0
CUST-102042,52,698.93,4,90,2,standard,NCR,0,,0
CUST-102043,34,545.96,3,45,2,standard,Region XI,0,,0
CUST-102044,52,469.8,3,4,0,basic,Region IV-A,0,,0
CUST-102045,39,567.07,2,114,0,basic,NCR,0,,0
CUST-102046,34,200.79,1,3,0,basic,Region III,0,,0
CUST-102047,20,643.02,2,117,3,basic,Region VII,0,,0
CUST-102048,16,533.85,2,39,1,basic,Region VII,0,,0
CUST-102049,6,802.32,0,57,2,basic,NCR,0,,0
CUST-102050,33,129.7,4,16,0,basic,NCR,0,,0
CUST-102051,55,924.15,4,42,2,standard,Region IV-A,0,,0
CUST-102052,1,2628.56,2,72,2,standard,Region XI,0,,0
CUST-102053,57,1299.51,3,68,1,basic,NCR,0,,0
CUST-102054,51,313.69,3,196,1,basic,Region XI,0,,0
CUST-102055,26,741.43,2,17,2,standard,NCR,0,,0
CUST-102056,19,581.51,3,96,3,basic,Region IV-A,0,,0
CUST-102057,35,1595.05,1,105,2,basic,Region III,0,,0
CUST-102058,51,648.96,3,195,2,basic,Region IV-A,0,,0
CUST-102059,2,1188.97,0,164,0,premium,Region XI,0,,0
CUST-102060,27,346.05,4,123,1,basic,Region III,0,,0
CUST-102061,3,1191.6,0,125,1,premium,Region VII,0,,0
CUST-102062,38,636.13,6,180,0,basic,Region III,0,,0
CUST-102063,5,843.02,0,4,1,basic,Region VII,0,,0
CUST-102064,19,454.62,0,158,2,basic,NCR,1,found_alternative,0
CUST-102065,44,599.98,4,54,2,standard,Region III,0,,0
CUST-102066,45,592.99,3,125,0,standard,Region XI,0,,0
CUST-102067,14,1570.59,0,94,1,standard,Region VII,0,,0
CUST-102068,31,2038.71,6,92,1,premium,Region XI,0,,0
CUST-102069,11,1583.0,0,182,2,standard,Region VII,0,,0
CUST-102070,35,595.77,0,176,2,basic,NCR,0,,0
CUST-102071,1,1542.84,0,34,0,standard,Region IV-A,0,,0
CUST-102072,49,1191.15,4,79,1,basic,Region XI,0,,0
CUST-102073,2,1226.65,1,14,0,standard,Region VII,0,,0
CUST-102074,36,1225.95,3,47,1,premium,Region IV-A,0,,0
CUST-102075,24,976.99,3,105,1,basic,Region XI,0,,0
CUST-102076,14,319.31,1,46,0,basic,NCR,0,,0
CUST-102077,32,1473.82,3,111,2,standard,Region XI,0,,0
CUST-102078,9,164.12,0,112,1,basic,NCR,0,,0
CUST-102079,35,629.1,3,196,0,basic,Region XI,0,,0
CUST-102080,39,951.35,2,149,0,standard,Region XI,0,,0
CUST-102081,28,609.24,1,108,5,basic,Region IV-A,0,,0
CUST-102082,22,1237.81,2,27,1,basic,Region IV-A,0,,0
CUST-102083,28,575.47,3,3,1,standard,NCR,0,,0
CUST-102084,57,411.17,5,159,4,basic,Region III,0,,0
CUST-102085,45,805.31,3,133,1,basic,Region III,0,,0
CUST-102086,1,863.5,0,179,1,premium,Region VII,0,,0
CUST-102087,18,581.26,2,41,0,basic,NCR,0,,0
CUST-102088,2,1676.04,0,108,1,basic,Region XI,0,,0
CUST-102089,15,1816.5,1,162,1,premium,Region III,0,,0
CUST-102090,46,1840.85,7,70,1,basic,Region XI,0,,0
CUST-102091,51,1357.68,6,88,2,premium,Region III,0,,0
CUST-102092,27,1516.97,1,156,0,standard,Region VII,0,,0
CUST-102093,41,1558.27,2,172,0,standard,Region VII,0,,0
CUST-102094,22,269.69,3,96,1,basic,Region XI,0,,0
CUST-102095,29,511.8,3,35,2,basic,Region IV-A,0,,0
CUST-102096,49,858.63,9,173,0,standard,Region III,0,,0
CUST-102097,17,2407.56,2,119,1,basic,Region VII,0,,0
CUST-102098,19,1701.34,4,88,2,standard,NCR,0,,0
CUST-102099,9,622.95,1,140,2,standard,Region XI,0,,0
CUST-102100,13,2026.22,2,74,1,standard,Region VII,0,,0
CUST-102101,3,572.32,0,8,0,basic,NCR,0,,0
CUST-102102,49,1309.78,3,110,1,standard,NCR,0,,0
CUST-102103,51,882.79,5,94,2,standard,NCR,0,,0
CUST-102104,25,173.3,3,185,2,basic,Region VII,0,,0
CUST-102105,36,2388.93,7,135,2,premium,Region VII,0,,0
CUST-102106,15,1345.0,1,184,1,basic,NCR,1,no_longer_needed,0
CUST-102107,3,1273.55,0,124,1,premium,Region IV-A,0,,0
CUST-102108,31,969.59,5,80,1,basic,Region IV-A,0,,0
CUST-102109,10,513.61,3,21,1,basic,Region IV-A,0,,0
CUST-102110,51,720.92,1,174,1,standard,Region VII,0,,0
CUST-102111,17,1340.74,0,6,0,basic,Region XI,0,,0
CUST-102112,44,1236.64,3,192,1,basic,Region XI,0,,0
CUST-102113,16,2094.84,3,43,1,basic,NCR,0,,0
CUST-102114,8,1511.22,3,120,2,standard,Region XI,0,,0
CUST-102115,33,952.68,4,48,2,basic,Region IV-A,0,,0
CUST-102116,11,1531.13,0,93,5,standard,NCR,1,no_longer_needed,0
CUST-102117,24,1273.47,3,119,3,standard,Region XI,0,,0
CUST-102118,18,1326.68,0,149,3,standard,Region III,1,too_expensive,0
CUST-102119,53,1194.17,5,4,0,basic,Region IV-A,0,,0
CUST-102120,30,1328.57,1,192,1,basic,Region XI,0,,0
CUST-102121,43,1337.2,7,54,4,premium,Region IV-A,0,,0
CUST-102122,35,400.99,3,140,1,standard,NCR,0,,0
CUST-102123,54,1361.8,8,46,3,premium,NCR,0,,0
CUST-102124,26,662.78,1,193,1,standard,Region XI,0,,0
CUST-102125,51,1766.14,4,167,1,standard,Region III,0,,0
CUST-102126,53,2307.52,2,29,1,premium,NCR,0,,0
CUST-102127,55,433.48,1,70,2,basic,NCR,0,,0
CUST-102128,42,1227.26,3,84,1,premium,Region XI,0,,0
CUST-102129,58,714.81,1,144,0,basic,Region IV-A,0,,0
CUST-102130,44,455.72,1,181,0,basic,Region IV-A,0,,0
CUST-102131,19,1021.9,0,165,3,basic,Region IV-A,0,,0
CUST-102132,10,332.75,1,60,0,basic,Region IV-A,0,,0
CUST-102133,13,905.03,1,141,1,basic,Region XI,0,,0
CUST-102134,34,1477.22,5,180,3,standard,Region VII,0,,0
CUST-102135,10,1342.08,2,22,0,standard,Region VII,1,no_longer_needed,1
CUST-102136,15,1644.6,0,42,1,premium,Region XI,0,,0
CUST-102137,38,493.15,5,147,1,basic,NCR,0,,0
CUST-102138,20,1662.07,2,76,1,basic,Region III,0,,0
CUST-102139,41,1683.81,3,169,1,standard,Region XI,0,,0
CUST-102140,59,867.31,1,173,1,standard,NCR,0,,0
CUST-102141,6,1410.25,0,75,1,standard,Region III,1,no_longer_needed,0
CUST-102142,38,558.02,4,199,3,basic,NCR,0,,0
CUST-102143,49,1172.82,5,177,1,basic,Region VII,0,,0
CUST-102144,9,943.78,0,54,0,premium,Region XI,0,,0
CUST-102145,47,1375.95,4,137,1,basic,Region III,0,,0
CUST-102146,30,828.58,0,87,1,standard,Region VII,0,,0
CUST-102147,38,426.98,2,142,1,basic,Region VII,0,,0
CUST-102148,4,386.25,0,102,0,basic,Region XI,0,,0
CUST-102149,26,1181.58,6,109,0,standard,Region XI,0,,0
CUST-102150,22,215.26,5,114,1,basic,Region IV-A,0,,0
CUST-102151,10,1095.63,0,76,1,basic,NCR,0,,0
CUST-102152,46,946.44,3,108,1,standard,Region VII,0,,0
CUST-102153,30,1232.15,7,64,1,basic,Region IV-A,0,,0
CUST-102154,52,184.57,4,165,0,basic,Region IV-A,0,,0
CUST-102155,10,1077.49,0,159,0,standard,Region IV-A,1,no_longer_needed,0
CUST-102156,44,686.57,5,64,1,basic,Region VII,0,,0
CUST-102157,36,709.29,1,167,2,standard,Region III,0,,0
CUST-102158,39,406.55,6,104,0,basic,Region III,0,,0
CUST-102159,19,1141.06,0,66,1,basic,Region III,0,,0
CUST-102160,41,348.93,4,66,1,basic,Region IV-A,0,,0
CUST-102161,15,1393.64,2,126,1,premium,Region VII,0,,0
CUST-102162,45,282.83,4,155,1,basic,NCR,0,,0
CUST-102163,27,839.01,3,144,2,premium,Region III,0,,0
CUST-102164,29,760.8,2,126,0,basic,Region VII,0,,0
CUST-102165,35,893.93,3,42,0,basic,NCR,0,,0
CUST-102166,5,713.2,0,66,2,standard,Region VII,0,,0
CUST-102167,22,1042.86,1,126,2,basic,Region VII,0,,0
CUST-102168,12,1683.44,4,49,0,standard,Region III,0,,0
CUST-102169,57,1763.48,4,67,0,premium,Region VII,0,,0
CUST-102170,25,1012.54,3,77,3,standard,Region IV-A,0,,0
CUST-102171,1,1629.29,1,54,0,standard,Region III,0,,0
CUST-102172,2,1095.18,1,164,0,standard,NCR,0,,0
CUST-102173,54,421.19,4,63,0,basic,Region XI,0,,0
CUST-102174,10,1350.09,0,77,0,standard,Region XI,0,,0
CUST-102175,1,1295.94,0,65,3,basic,Region XI,0,,0
CUST-102176,13,299.3,1,194,4,basic,NCR,1,too_expensive,0
CUST-102177,13,901.51,0,99,0,standard,Region XI,0,,0
CUST-102178,5,423.24,2,5,1,basic,Region VII,0,,0
CUST-102179,59,1110.08,3,70,0,standard,Region IV-A,0,,0
CUST-102180,4,698.8,2,157,0,basic,Region III,1,no_longer_needed,0
CUST-102181,43,411.49,4,143,0,basic,Region III,0,,0
CUST-102182,50,1013.0,7,36,2,standard,Region III,0,,0
CUST-102183,39,1164.45,2,179,2,standard,NCR,0,,0
CUST-102184,8,1659.15,0,96,0,premium,Region VII,0,,0
CUST-102185,43,1914.74,1,154,1,basic,Region XI,1,found_alternative,0
CUST-102186,20,674.68,2,66,1,basic,Region XI,0,,0
CUST-102187,25,807.64,2,110,2,basic,Region XI,0,,0
CUST-102188,15,787.12,0,130,1,basic,NCR,0,,0
CUST-102189,47,2376.51,5,136,4,basic,Region VII,0,,0
CUST-102190,35,827.34,6,133,2,standard,Region XI,0,,0
CUST-102191,10,694.56,1,179,0,basic,Region IV-A,0,,0
CUST-102192,25,1326.41,1,151,2,premium,Region IV-A,0,,0
CUST-102193,47,594.21,7,118,1,standard,Region III,0,,0
CUST-102194,56,1274.44,2,67,1,standard,Region XI,0,,0
CUST-102195,56,874.61,2,10,2,basic,Region VII,0,,0
CUST-102196,8,558.81,1,52,0,basic,Region VII,0,,0
CUST-102197,51,1053.66,5,59,0,basic,NCR,0,,0
CUST-102198,34,1212.49,2,169,0,standard,Region XI,0,,0
CUST-102199,44,654.15,3,66,1,standard,Region IV-A,0,,0
CUST-102200,23,1030.87,2,3,1,basic,Region XI,0,,0
CUST-102201,39,224.29,5,196,2,basic,Region VII,0,,0
CUST-102202,16,1412.52,2,90,2,premium,Region IV-A,0,,0
CUST-102203,31,465.85,1,147,1,basic,Region VII,0,,0
CUST-102204,14,1688.25,2,14,0,basic,Region III,0,,0
CUST-102205,24,1382.05,1,85,0,basic,Region IV-A,0,,0
CUST-102206,25,1698.52,0,175,0,basic,NCR,0,,0
CUST-102207,52,498.46,5,70,5,basic,Region VII,0,,0
CUST-102208,38,665.05,1,93,1,standard,Region III,0,,0
CUST-102209,39,990.79,4,192,3,standard,NCR,0,,0
CUST-102210,17,782.14,2,22,3,standard,Region VII,0,,0
CUST-102211,26,464.93,0,153,0,basic,Region III,0,,0
CUST-102212,28,1444.45,4,84,0,basic,Region III,0,,0
CUST-102213,47,1682.89,2,41,1,standard,NCR,0,,0
CUST-102214,11,1212.04,0,48,0,basic,Region VII,0,,0
CUST-102215,4,237.48,1,94,2,basic,Region III,0,,0
CUST-102216,30,971.34,1,109,1,basic,Region IV-A,0,,0
CUST-102217,48,912.41,8,45,0,standard,Region III,0,,0
CUST-102218,44,1150.53,0,26,0,basic,Region VII,0,,0
CUST-102219,48,1720.9,7,197,0,premium,Region III,0,,0
CUST-102220,24,905.11,2,148,0,basic,Region VII,0,,0
CUST-102221,14,2051.96,1,114,3,premium,Region IV-A,0,,0
CUST-102222,39,887.7,3,157,2,basic,NCR,0,,0
CUST-102223,3,458.85,0,16,0,standard,Region IV-A,0,,0
CUST-102224,53,632.79,4,175,0,basic,Region III,0,,0
CUST-102225,43,751.99,4,62,3,standard,Region IV-A,0,,0
CUST-102226,30,411.94,2,43,1,basic,NCR,0,,0
CUST-102227,12,1030.58,2,106,0,premium,Region VII,0,,0
CUST-102228,15,832.43,3,183,2,standard,Region VII,0,,0
CUST-102229,59,780.74,7,102,1,standard,NCR,0,,0
CUST-102230,1,1006.84,0,49,0,basic,Region XI,0,,0
CUST-102231,1,482.36,0,44,1,basic,Region III,0,,0
CUST-102232,21,1634.86,6,76,2,premium,Region III,0,,0
CUST-102233,14,1874.62,3,137,2,premium,NCR,0,,0
CUST-102234,40,1021.12,2,133,0,basic,Region III,0,,0
CUST-102235,3,823.61,0,46,0,basic,NCR,0,,0
CUST-102236,47,1082.3,2,114,0,basic,Region IV-A,1,too_expensive,0
CUST-102237,47,420.02,2,196,0,basic,Region VII,0,,0
CUST-102238,14,232.49,0,170,1,basic,Region III,0,,0
CUST-102239,35,1359.65,3,164,2,standard,Region XI,0,,0
CUST-102240,40,882.54,4,108,1,basic,Region XI,0,,0
CUST-102241,51,2364.38,7,89,1,premium,Region III,0,,0
CUST-102242,44,1887.2,5,170,3,premium,Region VII,0,,0
CUST-102243,57,634.09,6,73,0,basic,Region IV-A,0,,0
CUST-102244,7,682.59,0,93,1,basic,Region III,0,,0
CUST-102245,36,1091.18,2,35,2,standard,Region III,0,,0
CUST-102246,46,704.92,4,103,0,basic,Region IV-A,0,,0
CUST-102247,14,1080.16,0,16,1,standard,NCR,0,,0
CUST-102248,13,796.47,1,88,3,standard,Region VII,0,,0
CUST-102249,6,1180.24,1,150,0,basic,Region XI,0,,0
CUST-102250,59,1588.49,7,35,1,premium,Region III,0,,0
CUST-102251,52,737.3,2,177,3,basic,Region IV-A,0,,0
CUST-102252,8,382.46,0,130,0,basic,Region XI,0,,0
CUST-102253,15,1330.32,2,99,1,premium,Region VII,0,,0
CUST-102254,28,915.45,3,73,3,basic,Region IV-A,0,,0
CUST-102255,53,705.22,2,179,1,basic,Region XI,1,found_alternative,0
CUST-102256,49,614.66,8,172,1,basic,NCR,0,,0
CUST-102257,52,179.88,6,189,3,basic,Region IV-A,0,,0
CUST-102258,49,2423.11,4,132,1,basic,Region III,0,,0
CUST-102259,38,708.02,4,118,1,standard,NCR,0,,0
CUST-102260,18,944.04,0,68,0,basic,Region IV-A,0,,0
CUST-102261,36,662.08,3,50,0,standard,Region VII,0,,0
CUST-102262,30,898.1,0,172,1,basic,Region VII,0,,0
CUST-102263,57,947.46,5,163,1,basic,Region VII,0,,0
CUST-102264,27,1247.39,4,72,3,premium,Region III,0,,0
CUST-102265,45,952.94,2,43,1,standard,Region IV-A,0,,0
CUST-102266,11,770.93,0,104,2,standard,NCR,0,,0
CUST-102267,41,2423.33,1,185,2,basic,Region VII,0,,0
CUST-102268,27,1223.56,3,171,1,basic,Region XI,0,,0
CUST-102269,26,1076.16,5,38,2,standard,Region IV-A,0,,0
CUST-102270,45,1155.13,2,142,0,premium,Region III,0,,0
CUST-102271,29,1406.66,1,70,2,standard,Region III,0,,0
CUST-102272,4,1163.42,0,113,1,basic,Region VII,0,,0
CUST-102273,23,417.27,2,24,1,basic,Region VII,0,,0
CUST-102274,57,279.37,3,6,2,basic,Region IV-A,0,,0
CUST-102275,56,550.97,3,56,0,basic,Region III,0,,0
CUST-102276,37,535.82,1,143,1,basic,Region IV-A,0,,0
CUST-102277,38,298.7,1,100,0,basic,Region III,0,,0
CUST-102278,16,455.59,5,74,0,basic,NCR,0,,0
CUST-102279,47,635.33,1,77,0,standard,Region IV-A,0,,0
CUST-102280,36,1713.84,2,13,1,standard,Region XI,0,,0
CUST-102281,3,1166.24,0,125,1,standard,Region VII,0,,0
CUST-102282,57,982.35,2,73,2,basic,NCR,0,,0
CUST-102283,51,1450.03,6,73,1,standard,Region XI,0,,0
CUST-102284,5,1006.56,1,135,2,premium,Region III,0,,0
CUST-102285,25,992.7,1,113,3,basic,Region VII,0,,0
CUST-102286,44,1208.23,5,35,1,premium,Region IV-A,0,,0
CUST-102287,44,1462.15,2,125,0,basic,Region VII,0,,0
CUST-102288,10,1598.02,1,9,1,standard,Region VII,0,,0
CUST-102289,3,1623.38,0,185,3,basic,Region III,0,,0
CUST-102290,59,684.56,9,107,0,standard,Region VII,0,,0
CUST-102291,53,1309.85,3,176,1,premium,Region IV-A,0,,0
CUST-102292,44,529.72,0,193,2,basic,Region III,0,,0
CUST-102293,39,753.24,1,52,1,standard,NCR,0,,0
CUST-102294,41,1145.61,3,167,2,premium,Region IV-A,0,,0
CUST-102295,27,1360.71,5,94,0,standard,Region IV-A,0,,0
CUST-102296,41,514.82,6,144,1,basic,Region IV-A,0,,0
CUST-102297,18,456.81,1,19,0,basic,Region VII,0,,0
CUST-102298,5,1106.58,1,47,0,premium,Region VII,0,,0
CUST-102299,19,564.06,5,44,1,standard,NCR,0,,0
CUST-102300,18,1119.43,2,58,2,premium,Region III,0,,0
CUST-102301,18,1373.21,1,58,2,basic,Region XI,0,,0
CUST-102302,28,2344.3,2,86,2,standard,Region IV-A,1,unknown,0
CUST-102303,8,864.97,0,190,1,standard,Region IV-A,1,poor_support,0
CUST-102304,25,2015.86,2,2,1,premium,Region XI,0,,0
CUST-102305,28,2038.94,5,151,2,standard,Region VII,0,,0
CUST-102306,12,1333.04,4,176,1,basic,Region XI,0,,0
CUST-102307,27,472.92,2,179,2,standard,Region IV-A,0,,0
CUST-102308,40,858.06,4,69,0,standard,NCR,0,,0
CUST-102309,25,1574.45,3,59,1,basic,Region VII,0,,0
CUST-102310,1,1140.9,0,50,3,basic,Region XI,0,,0
CUST-102311,42,1875.92,4,171,0,premium,Region IV-A,0,,0
CUST-102312,35,776.29,2,151,1,basic,Region IV-A,0,,0
CUST-102313,25,927.62,2,154,1,basic,NCR,0,,0
CUST-102314,2,904.24,0,165,2,standard,Region III,0,,0
CUST-102315,6,2004.74,0,29,0,premium,Region XI,0,,0
CUST-102316,5,909.52,0,182,0,standard,NCR,1,found_alternative,0
CUST-102317,51,848.26,1,64,1,basic,Region VII,0,,0
CUST-102318,19,548.62,3,154,0,basic,Region VII,1,no_longer_needed,0
CUST-102319,26,461.48,7,142,2,basic,Region IV-A,0,,0
CUST-102320,42,1469.93,4,73,2,basic,Region XI,0,,0
CUST-102321,39,1638.07,2,65,3,standard,Region VII,0,,0
CUST-102322,4,508.27,0,128,0,basic,Region XI,0,,0
CUST-102323,55,942.49,6,50,3,basic,Region III,0,,0
CUST-102324,16,1983.47,1,122,1,premium,Region VII,0,,0
CUST-102325,46,2300.32,3,198,2,basic,Region VII,0,,0
CUST-102326,50,987.33,2,60,1,basic,Region XI,0,,0
CUST-102327,32,1347.61,5,96,1,basic,Region IV-A,0,,0
CUST-102328,10,1336.3,0,56,1,basic,Region III,0,,0
CUST-102329,33,1237.33,6,69,3,basic,Region XI,0,,0
CUST-102330,15,854.63,1,9,2,premium,Region VII,0,,0
CUST-102331,51,1170.69,2,71,3,standard,Region III,0,,0
CUST-102332,45,915.24,7,110,4,standard,Region III,0,,0
CUST-102333,49,699.92,8,123,1,standard,Region VII,0,,0
CUST-102334,49,414.44,9,83,3,basic,Region IV-A,0,,0
CUST-102335,11,800.31,0,128,3,standard,Region XI,0,,0
CUST-102336,2,1555.65,1,3,2,basic,Region VII,0,,0
CUST-102337,37,404.26,4,173,1,basic,Region XI,1,no_longer_needed,0
CUST-102338,37,1244.76,3,43,0,basic,Region III,0,,0
CUST-102339,52,1994.64,5,131,1,standard,Region VII,0,,0
CUST-102340,38,548.85,3,26,1,basic,NCR,0,,0
CUST-102341,48,1669.2,4,187,1,basic,Region VII,0,,0
CUST-102342,21,1415.47,1,81,1,basic,Region IV-A,0,,0
CUST-102343,8,652.86,0,114,1,basic,Region IV-A,0,,0
CUST-102344,3,868.72,1,81,4,basic,Region XI,0,,0
CUST-102345,26,743.11,2,98,1,standard,NCR,0,,0
CUST-102346,1,752.06,0,162,0,basic,Region III,0,,0
CUST-102347,31,3206.77,2,157,2,standard,Region IV-A,0,,0
CUST-102348,24,839.25,0,26,3,basic,Region IV-A,0,,0
CUST-102349,16,583.62,0,42,1,basic,Region IV-A,0,,0
CUST-102350,35,510.07,3,67,4,standard,Region IV-A,0,,0
CUST-102351,41,1237.43,1,126,0,standard,NCR,0,,0
CUST-102352,3,443.69,0,119,2,basic,Region XI,0,,0
CUST-102353,29,606.7,3,80,2,standard,Region VII,0,,0
CUST-102354,56,1224.88,4,54,1,standard,Region VII,0,,0
CUST-102355,18,483.57,3,26,1,basic,NCR,0,,0
CUST-102356,47,1519.25,4,12,1,standard,NCR,0,,0
CUST-102357,20,242.76,1,63,0,basic,Region IV-A,0,,0
CUST-102358,17,1346.74,1,166,0,standard,NCR,0,,0
CUST-102359,51,1907.31,6,126,1,basic,Region IV-A,0,,0
CUST-102360,22,1630.12,3,83,0,premium,Region XI,0,,0
CUST-102361,52,1561.43,5,188,2,standard,Region XI,1,poor_support,0
CUST-102362,39,773.85,1,197,2,standard,Region IV-A,0,,0
CUST-102363,48,1341.57,4,110,0,basic,Region III,0,,0
CUST-102364,49,1271.34,4,102,1,standard,NCR,0,,0
CUST-102365,54,883.11,3,82,0,basic,NCR,0,,0
CUST-102366,33,1566.1,3,162,2,basic,Region III,0,,0
CUST-102367,57,1139.33,4,178,0,basic,Region IV-A,0,,0
CUST-102368,4,710.14,0,154,0,standard,Region VII,0,,0
CUST-102369,30,894.15,2,39,2,standard,Region IV-A,0,,0
CUST-102370,24,2366.32,3,129,1,premium,Region XI,0,,0
CUST-102371,6,428.96,0,16,0,basic,NCR,0,,0
CUST-102372,52,1028.96,8,38,2,premium,Region IV-A,0,,0
CUST-102373,48,1513.08,5,64,1,standard,Region VII,0,,0
CUST-102374,45,1229.48,3,9,0,premium,NCR,0,,0
CUST-102375,38,2182.39,1,17,1,standard,Region XI,0,,0
CUST-102376,36,1155.0,6,50,1,basic,Region XI,0,,0
CUST-102377,23,1263.3,0,83,0,premium,Region VII,0,,0
CUST-102378,41,1274.03,2,27,1,standard,Region VII,0,,0
CUST-102379,58,776.53,5,48,0,standard,Region III,0,,0
CUST-102380,15,2102.98,2,81,1,basic,NCR,0,,0
CUST-102381,20,902.75,3,37,2,basic,Region III,0,,0
CUST-102382,7,700.8,0,191,1,basic,NCR,1,poor_support,0
CUST-102383,54,830.2,4,38,1,standard,Region IV-A,0,,0
CUST-102384,32,452.35,1,61,0,basic,Region XI,0,,0
CUST-102385,35,1092.8,3,49,0,premium,Region VII,0,,0
CUST-102386,16,550.02,2,73,1,basic,Region XI,1,found_alternative,0
CUST-102387,3,310.41,0,108,1,basic,Region XI,0,,0
CUST-102388,48,661.38,6,68,2,basic,Region VII,0,,0
CUST-102389,51,736.4,5,0,0,basic,NCR,0,,0
CUST-102390,21,1036.38,3,123,1,basic,Region XI,0,,0
CUST-102391,45,755.58,4,123,0,standard,Region IV-A,0,,0
CUST-102392,34,1081.32,3,186,3,premium,Region IV-A,0,,0
CUST-102393,38,779.52,4,140,1,basic,Region XI,0,,0
CUST-102394,11,704.1,0,186,3,basic,Region VII,0,,0
CUST-102395,37,1239.38,2,142,2,standard,NCR,0,,0
CUST-102396,10,251.18,0,157,2,basic,Region VII,0,,0
CUST-102397,13,1277.98,1,101,1,standard,Region XI,0,,0
CUST-102398,22,1022.5,0,136,2,standard,Region III,0,,0
CUST-102399,13,772.72,0,92,0,premium,Region IV-A,0,,0
CUST-102400,54,670.24,5,66,1,basic,NCR,0,,0
CUST-102401,2,1823.83,0,120,3,premium,Region VII,0,,0
CUST-102402,54,1429.91,8,93,0,premium,NCR,0,,0
CUST-102403,10,713.82,1,59,0,basic,Region IV-A,0,,0
CUST-102404,52,517.97,6,192,0,basic,Region VII,0,,0
CUST-102405,20,248.99,1,22,2,basic,Region XI,0,,0
CUST-102406,55,801.57,5,23,2,basic,Region III,0,,0
CUST-102407,32,1986.44,2,101,0,premium,Region XI,0,,0
CUST-102408,29,1766.07,4,3,0,basic,NCR,0,,0
CUST-102409,8,417.57,3,173,1,basic,NCR,0,,0
CUST-102410,26,845.46,3,64,0,basic,NCR,0,,0
CUST-102411,33,1122.85,4,97,3,standard,Region VII,0,,0
CUST-102412,59,1209.97,4,113,2,premium,Region III,0,,0
CUST-102413,16,1650.03,1,55,1,standard,NCR,0,,0
CUST-102414,5,1143.64,0,23,2,standard,Region VII,0,,0
CUST-102415,15,341.62,1,42,1,basic,Region III,0,,0
CUST-102416,15,972.05,4,18,1,standard,Region VII,0,,0
CUST-102417,56,1269.63,3,13,0,basic,Region IV-A,0,,0
CUST-102418,9,370.48,1,140,0,basic,NCR,0,,0
CUST-102419,59,1023.67,5,184,0,standard,Region VII,0,,0
CUST-102420,7,1409.5,0,80,0,premium,Region XI,0,,0
CUST-102421,48,1144.53,6,65,3,standard,Region III,0,,0
CUST-102422,25,1417.64,2,75,1,standard,Region XI,0,,0
CUST-102423,4,558.5,0,179,2,basic,Region III,0,,0
CUST-102424,37,1938.12,4,56,0,basic,Region III,0,,0
CUST-102425,43,1209.15,4,189,2,standard,NCR,0,,0
CUST-102426,50,2519.81,4,57,0,standard,Region III,0,,0
CUST-102427,11,864.87,1,88,1,standard,Region III,0,,0
CUST-102428,37,1319.08,2,56,0,standard,Region VII,0,,0
CUST-102429,34,80.37,1,84,2,basic,NCR,0,,0
CUST-102430,27,2031.07,1,136,0,basic,Region IV-A,0,,0
CUST-102431,53,986.06,5,63,0,basic,Region III,0,,0
CUST-102432,25,863.43,1,8,1,standard,NCR,0,,0
CUST-102433,23,895.72,1,127,2,premium,Region XI,0,,0
CUST-102434,31,1248.36,5,140,0,standard,Region IV-A,0,,0
CUST-102435,55,820.14,6,42,1,standard,Region III,0,,0
CUST-102436,52,1611.33,2,137,1,standard,Region VII,0,,0
CUST-102437,42,1900.63,4,67,1,basic,Region XI,0,,0
CUST-102438,5,905.52,0,139,3,basic,Region III,1,too_expensive,0
CUST-102439,18,1252.35,1,58,3,basic,Region III,0,,0
CUST-102440,1,1274.2,1,14,2,premium,Region VII,0,,0
CUST-102441,6,148.45,1,74,0,basic,Region IV-A,0,,0
CUST-102442,50,1290.03,5,17,3,standard,Region VII,0,,0
CUST-102443,49,1194.0,7,14,0,basic,NCR,0,,0
CUST-102444,7,931.71,0,44,0,standard,Region XI,0,,0
CUST-102445,28,268.68,3,105,0,basic,NCR,0,,0
CUST-102446,17,1167.11,1,31,1,premium,Region III,0,,0
CUST-102447,5,1008.44,0,18,2,basic,Region VII,0,,0
CUST-102448,23,1266.24,3,76,0,premium,Region IV-A,0,,0
CUST-102449,7,972.02,0,156,2,standard,Region III,0,,0
CUST-102450,44,1747.08,5,61,1,basic,Region XI,0,,0
CUST-102451,58,1229.32,8,84,3,standard,Region III,0,,0
CUST-102452,25,2440.79,2,174,1,standard,Region VII,0,,0
CUST-102453,15,325.75,1,147,1,basic,Region IV-A,0,,0
CUST-102454,30,526.99,2,85,1,standard,Region IV-A,0,,0
CUST-102455,58,1391.16,7,26,2,standard,Region VII,0,,0
CUST-102456,10,1704.8,0,131,0,standard,Region III,0,,0
CUST-102457,41,1363.03,1,115,0,standard,Region III,0,,0
CUST-102458,6,2735.74,2,56,2,standard,Region VII,0,,0
CUST-102459,18,1790.67,1,38,1,basic,NCR,0,,0
CUST-102460,26,1528.45,2,56,1,basic,Region IV-A,0,,0
CUST-102461,23,509.62,1,115,1,basic,Region III,0,,0
CUST-102462,11,726.88,1,79,2,standard,Region IV-A,0,,0
CUST-102463,46,1563.88,1,84,1,basic,Region IV-A,0,,0
CUST-102464,40,717.48,5,155,1,basic,Region IV-A,0,,0
CUST-102465,26,1580.36,1,129,0,standard,Region XI,0,,0
CUST-102466,25,717.46,2,164,1,basic,Region XI,0,,0
CUST-102467,5,240.93,1,18,1,basic,NCR,0,,0
CUST-102468,39,1885.71,2,140,1,standard,Region VII,0,,0
CUST-102469,14,1416.0,0,180,2,standard,Region III,0,,0
CUST-102470,18,825.84,1,71,1,standard,Region VII,0,,0
CUST-102471,51,165.63,3,96,2,basic,Region IV-A,0,,0
CUST-102472,38,2384.15,4,57,0,standard,Region XI,0,,0
CUST-102473,42,1920.92,2,134,1,premium,Region XI,0,,0
CUST-102474,16,1208.23,1,107,0,basic,NCR,0,,0
CUST-102475,30,1365.13,1,51,0,basic,NCR,0,,0
CUST-102476,1,359.36,0,10,0,basic,NCR,1,no_longer_needed,0
CUST-102477,15,2391.94,2,144,1,premium,Region VII,0,,0
CUST-102478,48,19.19,4,109,2,basic,Region III,0,,0
CUST-102479,29,494.88,4,187,0,basic,Region VII,0,,0
CUST-102480,38,803.35,3,47,1,standard,Region III,0,,0
CUST-102481,47,1138.96,2,191,2,premium,Region III,0,,0
CUST-102482,56,767.99,3,94,1,basic,Region VII,0,,0
CUST-102483,5,1523.55,1,159,3,standard,Region VII,0,,0
CUST-102484,35,958.84,3,75,1,premium,Region IV-A,0,,0
CUST-102485,59,284.15,10,80,0,basic,Region IV-A,0,,0
CUST-102486,12,1672.82,0,129,0,standard,Region VII,0,,0
CUST-102487,51,649.68,4,36,0,basic,NCR,0,,0
CUST-102488,35,522.61,8,168,1,basic,Region IV-A,0,,0
CUST-102489,19,1926.72,3,53,1,basic,Region III,0,,0
CUST-102490,47,1338.35,3,115,2,basic,NCR,0,,0
CUST-102491,52,496.32,7,150,4,basic,Region III,0,,0
CUST-102492,9,388.54,0,76,2,standard,NCR,0,,0
CUST-102493,41,916.06,1,56,0,basic,Region III,0,,0
CUST-102494,56,506.28,4,130,0,basic,NCR,0,,0
CUST-102495,40,1565.54,3,56,0,standard,Region VII,0,,0
CUST-102496,33,1971.0,4,95,1,premium,Region III,0,,0
CUST-102497,9,755.12,2,54,1,basic,Region VII,0,,0
CUST-102498,27,576.08,1,119,0,basic,Region VII,0,,0
CUST-102499,54,774.27,10,64,0,basic,Region XI,0,,0
CUST-102500,48,1295.95,6,134,1,premium,NCR,0,,0
CUST-102501,27,1321.09,5,108,0,standard,Region IV-A,0,,0
CUST-102502,19,797.3,3,14,0,basic,Region IV-A,0,,0
CUST-102503,48,1086.38,6,139,1,basic,Region III,0,,0
CUST-102504,58,976.69,5,137,0,standard,Region XI,0,,0
CUST-102505,18,750.22,1,77,0,standard,NCR,0,,0
CUST-102506,48,895.68,7,109,0,basic,Region III,0,,0
CUST-102507,19,555.09,0,77,0,basic,Region VII,0,,0
CUST-102508,49,1672.04,2,110,1,basic,Region III,0,,0
CUST-102509,57,1279.89,1,166,1,standard,NCR,0,,0
CUST-102510,40,1130.72,2,12,1,premium,NCR,0,,0
CUST-102511,30,1066.48,1,39,1,basic,Region III,0,,0
CUST-102512,19,1672.64,0,120,1,premium,Region III,1,no_longer_needed,0
CUST-102513,4,953.7,1,122,0,basic,Region VII,0,,0
CUST-102514,4,818.93,0,140,1,standard,NCR,0,,0
CUST-102515,50,1932.95,3,111,1,premium,Region VII,0,,0
CUST-102516,40,1589.26,4,129,3,standard,Region III,0,,0
CUST-102517,14,483.15,0,91,1,basic,NCR,0,,0
CUST-102518,33,373.58,2,7,0,basic,NCR,0,,0
CUST-102519,52,861.9,7,180,3,standard,Region VII,0,,0
CUST-102520,39,1392.27,2,72,3,standard,Region VII,0,,0
CUST-102521,55,601.55,4,2,0,basic,NCR,0,,0
CUST-102522,7,1325.03,0,125,2,standard,Region III,0,,0
CUST-102523,5,1331.71,0,160,1,basic,Region VII,0,,0
CUST-102524,40,314.23,1,62,0,basic,Region XI,0,,0
CUST-102525,35,1547.52,3,81,1,standard,Region VII,0,,0
CUST-102526,41,759.16,4,191,4,basic,Region VII,0,,0
CUST-102527,58,2237.81,6,164,0,basic,Region VII,0,,0
CUST-102528,7,741.86,0,152,2,basic,Region III,0,,0
CUST-102529,55,1145.01,1,90,2,premium,NCR,0,,0
CUST-102530,4,1008.19,0,26,0,basic,Region IV-A,0,,0
CUST-102531,31,1042.27,0,36,3,basic,Region IV-A,1,found_alternative,0
CUST-102532,50,2494.18,1,167,0,basic,Region XI,0,,0
CUST-102533,41,669.45,7,112,2,basic,Region III,0,,0
CUST-102534,14,736.14,1,84,0,basic,Region XI,1,unknown,0
CUST-102535,36,600.37,2,194,4,basic,Region IV-A,0,,0
CUST-102536,54,918.84,5,35,4,basic,Region IV-A,0,,0
CUST-102537,12,984.66,1,21,1,standard,Region XI,0,,0
CUST-102538,56,741.04,6,64,1,basic,Region IV-A,0,,0
CUST-102539,39,1866.88,3,176,2,basic,NCR,0,,0
CUST-102540,6,837.74,0,173,1,standard,Region III,0,,0
CUST-102541,20,1013.55,1,124,0,basic,Region IV-A,0,,0
CUST-102542,51,1795.58,3,29,0,basic,Region III,0,,0
CUST-102543,20,1271.89,0,164,1,premium,NCR,0,,0
CUST-102544,56,996.98,5,172,2,standard,Region III,0,,0
CUST-102545,25,1027.73,1,164,0,standard,Region IV-A,0,,0
CUST-102546,21,646.98,2,159,0,standard,NCR,1,too_expensive,0
CUST-102547,51,1305.47,9,24,1,premium,Region IV-A,0,,0
CUST-102548,47,380.46,2,187,1,basic,Region VII,0,,0
CUST-102549,15,2181.0,2,79,1,basic,Region IV-A,0,,0
CUST-102550,47,880.07,2,160,2,standard,Region VII,0,,0
CUST-102551,15,1339.04,0,114,0,basic,Region VII,1,poor_support,0
CUST-102552,53,1151.97,5,72,4,standard,Region IV-A,0,,0
CUST-102553,1,485.6,0,163,0,basic,Region XI,0,,0
CUST-102554,40,695.22,2,61,1,basic,Region VII,0,,0
CUST-102555,10,818.04,2,60,2,standard,Region XI,0,,0
CUST-102556,40,769.3,2,39,3,standard,Region VII,0,,0
CUST-102557,58,834.62,3,192,0,standard,Region XI,0,,0
CUST-102558,40,992.26,5,29,2,basic,Region IV-A,0,,0
CUST-102559,26,1043.2,1,8,2,basic,NCR,0,,0
CUST-102560,49,1273.11,5,10,0,standard,NCR,0,,0
CUST-102561,12,990.52,0,114,3,basic,Region XI,0,,0
CUST-102562,33,1287.46,2,21,5,standard,Region VII,0,,0
CUST-102563,57,831.03,5,129,3,standard,Region III,0,,0
CUST-102564,21,1150.34,0,64,0,basic,Region IV-A,0,,0
CUST-102565,2,496.85,1,115,0,basic,NCR,0,,0
CUST-102566,27,857.1,2,192,0,standard,Region XI,0,,0
CUST-102567,29,245.21,2,11,2,basic,Region IV-A,0,,0
CUST-102568,48,462.07,2,105,0,basic,Region III,0,,0
CUST-102569,48,1632.84,4,90,1,premium,Region III,0,,0
CUST-102570,21,1094.12,0,3,3,basic,NCR,0,,0
CUST-102571,46,1745.17,3,38,1,standard,Region VII,0,,0
CUST-102572,9,475.19,2,119,1,basic,Region III,0,,0
CUST-102573,12,504.78,1,108,0,basic,NCR,0,,0
CUST-102574,36,659.02,3,134,2,standard,Region XI,0,,0
CUST-102575,42,1048.98,3,73,0,basic,Region IV-A,0,,0
CUST-102576,48,692.03,3,10,0,standard,NCR,0,,0
CUST-102577,37,1471.79,1,165,2,basic,Region III,1,unknown,0
CUST-102578,8,837.89,0,41,2,standard,Region IV-A,0,,0
CUST-102579,40,1041.05,4,12,1,standard,Region III,0,,0
CUST-102580,26,1147.57,3,42,2,standard,Region XI,0,,0
CUST-102581,16,1475.07,1,85,0,basic,Region XI,0,,0
CUST-102582,21,1867.6,0,50,0,basic,Region XI,0,,0
CUST-102583,48,966.79,3,171,0,basic,Region IV-A,0,,0
CUST-102584,11,1772.74,0,116,0,premium,Region XI,0,,0
CUST-102585,33,712.9,4,131,0,standard,Region III,0,,0
CUST-102586,5,2018.57,0,11,3,standard,Region IV-A,0,,0
CUST-102587,43,1202.86,5,35,2,basic,Region VII,0,,0
CUST-102588,9,2820.35,0,112,2,basic,Region IV-A,0,,0
CUST-102589,56,821.01,3,161,1,basic,Region XI,0,,0
CUST-102590,53,502.63,6,180,1,basic,NCR,0,,0
CUST-102591,51,669.72,3,67,1,basic,Region IV-A,0,,0
CUST-102592,21,1454.86,1,178,1,basic,Region XI,0,,0
CUST-102593,47,1780.23,6,104,2,basic,NCR,0,,0
CUST-102594,8,2434.53,3,142,3,standard,Region III,0,,0
CUST-102595,18,524.87,2,117,2,basic,Region XI,0,,0
CUST-102596,8,340.84,3,196,2,basic,Region VII,0,,0
CUST-102597,4,1013.42,1,23,0,standard,Region III,0,,0
CUST-102598,22,710.82,3,111,2,standard,Region III,1,poor_support,0
CUST-102599,34,1343.18,3,132,2,basic,Region III,0,,0
CUST-102600,51,986.8,3,105,1,standard,Region VII,0,,0
CUST-102601,3,688.65,1,136,0,basic,NCR,0,,0
CUST-102602,25,940.8,2,0,1,standard,Region III,0,,0
CUST-102603,43,1249.27,6,126,1,premium,NCR,0,,0
CUST-102604,12,339.03,0,120,1,basic,Region VII,0,,0
CUST-102605,44,732.66,5,135,2,standard,Region XI,0,,0
CUST-102606,34,1192.57,5,120,0,basic,NCR,0,,0
CUST-102607,34,424.94,4,48,1,basic,Region XI,0,,0
CUST-102608,8,1167.46,0,170,1,basic,Region XI,0,,0
CUST-102609,10,879.19,0,46,0,basic,Region IV-A,0,,0
CUST-102610,52,1459.23,10,153,2,basic,NCR,0,,0
CUST-102611,52,826.46,8,49,0,basic,Region VII,0,,0
CUST-102612,27,503.77,0,139,2,basic,Region IV-A,0,,0
CUST-102613,36,491.15,3,52,1,basic,Region XI,0,,0
CUST-102614,32,272.86,2,167,2,basic,Region III,0,,0
CUST-102615,31,527.77,3,72,3,basic,Region IV-A,0,,0
CUST-102616,43,721.02,2,82,1,basic,Region XI,0,,0
CUST-102617,34,1553.62,4,50,1,basic,Region VII,0,,0
CUST-102618,8,1446.5,1,65,2,standard,Region VII,0,,0
CUST-102619,5,1273.75,0,193,2,premium,Region XI,0,,0
CUST-102620,51,440.99,2,185,2,basic,Region IV-A,0,,0
CUST-102621,44,1066.37,5,16,1,basic,NCR,0,,0
CUST-102622,12,1153.13,0,123,3,premium,Region XI,0,,0
CUST-102623,4,695.63,0,169,2,standard,NCR,0,,0
CUST-102624,13,1671.87,1,116,0,premium,Region IV-A,0,,0
CUST-102625,35,732.98,2,71,0,standard,Region VII,0,,0
CUST-102626,35,1550.89,10,159,1,standard,Region VII,0,,0
CUST-102627,10,282.52,2,121,5,basic,Region VII,0,,0
CUST-102628,11,480.01,0,38,0,basic,Region IV-A,0,,0
CUST-102629,13,713.75,0,63,0,standard,NCR,0,,0
CUST-102630,27,1488.73,4,13,1,standard,NCR,0,,0
CUST-102631,14,1053.46,2,180,4,standard,Region III,0,,0
CUST-102632,27,1821.08,2,37,4,premium,Region XI,0,,0
CUST-102633,1,407.45,0,13,1,basic,Region VII,0,,0
CUST-102634,56,1198.45,6,185,0,basic,Region IV-A,0,,0
CUST-102635,53,1736.5,3,52,0,premium,Region IV-A,0,,0
CUST-102636,20,735.37,0,128,2,standard,Region III,0,,0
CUST-102637,48,760.26,4,192,1,standard,Region XI,0,,0
CUST-102638,32,765.78,2,24,0,standard,Region IV-A,0,,0
CUST-102639,2,2556.45,0,71,0,premium,Region XI,0,,0
CUST-102640,17,770.16,2,41,2,basic,NCR,0,,0
CUST-102641,4,375.0,0,50,0,basic,Region IV-A,0,,0
CUST-102642,42,499.8,2,178,0,basic,Region VII,0,,0
CUST-102643,47,2575.38,2,59,2,basic,Region VII,0,,0
CUST-102644,37,1126.73,7,46,3,standard,NCR,0,,0
CUST-102645,1,717.1,0,22,1,basic,Region VII,0,,0
CUST-102646,14,529.02,1,151,0,standard,Region XI,0,,0
CUST-102647,28,458.23,5,67,3,basic,NCR,0,,0
CUST-102648,9,1733.18,0,13,0,standard,Region III,1,too_expensive,0
CUST-102649,7,897.59,0,63,1,basic,Region IV-A,0,,0
CUST-102650,18,718.46,0,174,0,standard,Region III,1,found_alternative,1
CUST-102651,35,2469.5,2,55,1,basic,Region IV-A,0,,0
CUST-102652,6,884.33,2,162,2,basic,Region XI,0,,0
CUST-102653,59,2792.38,2,16,2,basic,Region XI,0,,0
CUST-102654,28,659.29,3,67,0,standard,Region VII,0,,0
CUST-102655,11,585.81,0,118,2,standard,Region XI,0,,0
CUST-102656,2,1364.38,1,1,1,premium,Region XI,0,,0
CUST-102657,57,882.39,8,137,1,premium,NCR,0,,0
CUST-102658,36,626.98,4,199,3,basic,Region III,0,,0
CUST-102659,52,1099.84,4,140,1,basic,Region XI,0,,0
CUST-102660,46,1026.48,3,162,5,basic,Region IV-A,0,,0
CUST-102661,59,873.47,3,32,3,basic,Region VII,0,,0
CUST-102662,53,474.34,3,99,1,basic,Region IV-A,0,,0
CUST-102663,46,1917.19,0,129,1,premium,NCR,1,poor_support,0
CUST-102664,51,1313.25,7,89,2,premium,Region IV-A,0,,0
CUST-102665,51,161.56,3,177,1,basic,Region III,0,,0
CUST-102666,16,677.58,0,154,2,standard,Region VII,1,no_longer_needed,0
CUST-102667,36,681.99,4,195,2,standard,Region XI,0,,0
CUST-102668,59,1443.45,6,145,1,basic,NCR,0,,0
CUST-102669,52,1027.71,5,178,2,premium,Region III,0,,0
CUST-102670,7,1601.33,0,156,1,premium,Region III,0,,0
CUST-102671,7,823.31,1,27,1,premium,Region VII,0,,0
CUST-102672,12,1333.22,2,175,1,standard,Region III,0,,0
CUST-102673,44,274.56,6,190,2,basic,Region IV-A,0,,0
CUST-102674,24,1414.67,1,129,0,basic,Region XI,0,,0
CUST-102675,38,1314.65,4,64,1,premium,Region IV-A,0,,0
CUST-102676,9,1216.56,1,84,1,basic,NCR,0,,0
CUST-102677,4,689.59,2,5,2,basic,Region IV-A,1,no_longer_needed,0
CUST-102678,46,523.7,6,1,1,basic,Region XI,0,,0
CUST-102679,18,262.61,1,72,2,basic,Region IV-A,0,,0
CUST-102680,3,202.47,0,63,1,basic,Region XI,0,,0
CUST-102681,13,765.48,0,61,0,standard,Region XI,0,,0
CUST-102682,20,1031.95,0,44,1,standard,Region III,0,,0
CUST-102683,24,351.39,2,135,2,basic,Region IV-A,0,,0
CUST-102684,53,2128.12,4,76,1,basic,NCR,0,,0
CUST-102685,12,1855.08,2,196,1,standard,NCR,1,poor_support,0
CUST-102686,36,959.82,7,179,0,standard,Region III,0,,0
CUST-102687,17,2323.65,4,145,2,premium,Region IV-A,0,,0
CUST-102688,30,972.25,1,166,0,standard,Region III,0,,0
CUST-102689,18,356.0,3,135,0,basic,Region VII,0,,0
CUST-102690,21,902.93,3,43,1,standard,NCR,0,,0
CUST-102691,36,1389.84,1,33,1,standard,Region IV-A,0,,0
CUST-102692,35,725.9,3,100,1,standard,Region XI,0,,0
CUST-102693,8,2127.6,0,143,1,standard,Region VII,0,,0
CUST-102694,10,567.11,2,107,0,basic,Region III,0,,0
CUST-102695,15,1227.03,1,54,4,basic,Region III,0,,0
CUST-102696,54,934.03,8,14,0,standard,Region XI,0,,0
CUST-102697,19,446.63,1,55,1,basic,Region IV-A,1,poor_support,0
CUST-102698,35,577.51,2,178,0,standard,Region XI,0,,0
CUST-102699,27,1304.04,2,86,1,basic,Region XI,0,,0
CUST-102700,21,1191.87,1,181,2,standard,Region IV-A,0,,0
CUST-102701,3,746.17,0,178,0,standard,Region IV-A,0,,0
CUST-102702,27,1317.55,7,29,0,basic,Region III,0,,0
CUST-102703,59,510.52,3,43,0,basic,Region VII,0,,0
CUST-102704,56,1164.09,4,107,1,standard,Region VII,0,,0
CUST-102705,18,1002.51,1,178,1,basic,Region VII,0,,0
CUST-102706,32,2309.79,2,52,0,basic,Region XI,0,,0
CUST-102707,17,2484.97,3,99,0,standard,Region VII,0,,0
CUST-102708,55,515.73,6,81,1,basic,NCR,0,,0
CUST-102709,33,692.67,0,13,4,standard,Region III,0,,0
CUST-102710,55,864.96,8,107,0,basic,Region IV-A,0,,0
CUST-102711,51,1411.07,2,134,0,basic,Region VII,0,,0
CUST-102712,20,193.09,0,128,1,basic,Region XI,0,,0
CUST-102713,27,2540.27,2,134,2,premium,Region IV-A,0,,0
CUST-102714,34,842.23,1,160,2,standard,Region XI,0,,0
CUST-102715,15,1378.24,1,193,2,basic,Region III,1,poor_support,0
CUST-102716,50,597.33,5,191,0,basic,NCR,0,,0
CUST-102717,34,2083.11,7,63,0,standard,Region IV-A,0,,0
CUST-102718,13,840.84,2,27,1,standard,NCR,0,,0
CUST-102719,29,1167.68,3,19,1,basic,Region IV-A,0,,0
CUST-102720,49,791.97,5,156,1,basic,Region III,0,,0
CUST-102721,25,343.53,1,88,0,basic,NCR,0,,0
CUST-102722,42,823.3,3,98,2,standard,Region VII,0,,0
CUST-102723,59,418.64,3,56,0,standard,Region VII,0,,0
CUST-102724,20,772.38,2,51,0,standard,NCR,0,,0
CUST-102725,59,1230.57,3,109,0,standard,Region IV-A,0,,0
CUST-102726,25,1781.13,1,50,2,basic,Region IV-A,0,,0
CUST-102727,34,1016.06,4,113,1,standard,NCR,0,,0
CUST-102728,46,2980.4,4,151,2,standard,Region VII,0,,0
CUST-102729,5,1494.76,1,68,1,basic,Region III,0,,0
CUST-102730,42,1058.17,4,113,1,premium,Region XI,0,,0
CUST-102731,34,801.3,2,190,0,basic,Region VII,0,,0
CUST-102732,39,1348.98,1,153,1,standard,NCR,0,,0
CUST-102733,57,853.93,5,34,0,standard,Region IV-A,0,,0
CUST-102734,29,1574.02,2,63,0,premium,NCR,0,,0
CUST-102735,55,540.4,8,43,1,basic,Region VII,0,,0
CUST-102736,34,1386.66,4,106,1,premium,Region III,0,,0
CUST-102737,13,1655.17,1,77,0,basic,Region IV-A,0,,0
CUST-102738,39,571.0,3,56,2,basic,Region VII,0,,0
CUST-102739,12,872.97,0,107,1,premium,Region XI,0,,0
CUST-102740,54,2284.02,6,112,0,basic,Region IV-A,0,,0
CUST-102741,9,1574.96,0,107,1,standard,NCR,0,,0
CUST-102742,30,1066.87,1,82,2,basic,Region III,0,,0
CUST-102743,49,2505.53,3,141,0,premium,Region VII,0,,0
CUST-102744,1,1624.42,0,46,3,standard,NCR,0,,0
CUST-102745,29,599.59,2,17,2,basic,Region III,0,,0
CUST-102746,30,2517.4,2,12,2,standard,Region III,0,,0
CUST-102747,20,977.7,3,188,1,basic,Region III,0,,0
CUST-102748,40,1497.16,4,54,0,standard,Region XI,0,,0
CUST-102749,20,460.33,5,11,1,standard,Region XI,0,,0
CUST-102750,23,637.24,1,26,3,standard,Region XI,0,,0
CUST-102751,17,578.44,0,127,2,standard,Region XI,0,,0
CUST-102752,37,562.12,3,62,1,standard,Region XI,0,,0
CUST-102753,53,1373.12,7,105,3,standard,NCR,0,,0
CUST-102754,11,1046.42,1,153,2,premium,Region III,1,found_alternative,0
CUST-102755,25,948.88,1,49,0,basic,NCR,0,,0
CUST-102756,14,1350.82,0,39,1,basic,Region VII,0,,0
CUST-102757,15,764.4,1,75,0,standard,Region XI,0,,0
CUST-102758,58,439.54,4,86,2,basic,NCR,0,,0
CUST-102759,42,220.57,2,98,1,basic,NCR,0,,0
CUST-102760,56,1839.16,2,173,1,standard,NCR,0,,0
CUST-102761,38,779.72,4,10,2,standard,Region XI,0,,0
CUST-102762,40,1968.89,6,164,2,basic,Region VII,0,,0
CUST-102763,43,1055.03,4,72,2,basic,Region III,0,,0
CUST-102764,39,1737.21,2,173,2,basic,NCR,1,poor_support,0
CUST-102765,49,291.61,8,83,0,basic,Region IV-A,0,,0
CUST-102766,20,1214.23,3,26,1,basic,Region IV-A,0,,0
CUST-102767,6,1486.86,1,98,2,standard,NCR,1,poor_support,0
CUST-102768,29,1534.41,5,157,0,basic,Region IV-A,0,,0
CUST-102769,1,707.81,0,96,2,standard,Region IV-A,0,,0
CUST-102770,3,1147.74,1,9,3,premium,Region XI,0,,0
CUST-102771,3,1560.21,0,194,1,basic,NCR,0,,0
CUST-102772,5,847.13,0,149,1,premium,NCR,1,unknown,0
CUST-102773,42,417.54,6,176,0,basic,Region IV-A,0,,0
CUST-102774,36,1445.06,1,184,0,standard,Region III,0,,0
CUST-102775,56,1198.03,7,140,3,premium,Region XI,0,,0
CUST-102776,18,917.76,1,96,1,standard,Region VII,0,,0
CUST-102777,20,113.63,0,195,2,basic,Region III,0,,0
CUST-102778,29,1879.33,2,1,1,basic,Region III,0,,0
CUST-102779,47,629.78,2,65,0,basic,Region VII,0,,0
CUST-102780,55,1748.38,7,74,2,premium,Region XI,0,,0
CUST-102781,44,1587.46,7,60,4,basic,Region III,0,,0
CUST-102782,30,906.54,1,30,4,standard,Region III,0,,0
CUST-102783,58,154.32,2,92,3,basic,Region VII,0,,0
CUST-102784,11,1157.28,1,45,5,basic,Region XI,0,,0
CUST-102785,28,1908.34,0,136,1,basic,Region III,0,,0
CUST-102786,15,1298.72,1,162,2,basic,Region IV-A,0,,0
CUST-102787,10,1273.27,0,141,2,standard,Region VII,0,,0
CUST-102788,24,1292.77,3,122,2,basic,Region IV-A,0,,0
CUST-102789,46,1404.54,5,130,1,basic,Region VII,0,,0
CUST-102790,19,1010.76,2,69,3,standard,Region IV-A,0,,0
CUST-102791,49,1934.62,4,38,3,basic,Region XI,0,,0
CUST-102792,37,1154.35,4,60,2,standard,Region VII,0,,0
CUST-102793,42,1708.8,7,43,1,standard,Region XI,0,,0
CUST-102794,15,645.52,1,111,1,standard,Region XI,0,,0
CUST-102795,51,786.21,4,62,0,basic,Region III,0,,0
CUST-102796,13,473.68,4,95,1,basic,Region XI,0,,0
CUST-102797,22,1327.96,1,86,0,standard,NCR,1,too_expensive,0
CUST-102798,47,971.26,2,128,0,premium,Region III,0,,0
CUST-102799,41,1300.03,4,72,0,basic,NCR,0,,0
CUST-102800,18,1135.27,4,130,1,basic,NCR,0,,0
CUST-102801,16,718.48,1,133,1,basic,Region VII,0,,0
CUST-102802,26,1621.5,2,103,2,standard,NCR,0,,0
CUST-102803,27,397.04,1,133,2,basic,NCR,0,,0
CUST-102804,4,1894.95,1,52,0,premium,Region IV-A,0,,0
CUST-102805,15,429.81,2,63,0,basic,Region XI,0,,0
CUST-102806,10,1128.68,1,140,1,premium,Region XI,1,poor_support,0
CUST-102807,10,1589.91,2,149,1,basic,Region XI,0,,0
CUST-102808,21,1607.87,2,101,1,basic,NCR,0,,0
CUST-102809,3,1073.35,0,73,0,basic,NCR,0,,0
CUST-102810,40,2695.47,5,9,2,basic,Region III,0,,0
CUST-102811,40,2641.84,5,6,3,premium,Region III,0,,0
CUST-102812,14,713.77,1,150,1,basic,NCR,0,,0
CUST-102813,52,422.84,5,130,1,basic,Region IV-A,0,,0
CUST-102814,36,1898.48,4,84,3,premium,Region IV-A,0,,0
CUST-102815,19,928.86,1,157,1,basic,Region IV-A,0,,0
CUST-102816,12,1163.29,2,112,0,basic,NCR,0,,0
CUST-102817,26,1226.89,1,135,1,basic,Region IV-A,0,,0
CUST-102818,57,492.47,7,89,1,basic,Region IV-A,0,,0
CUST-102819,1,1000.4,0,37,0,premium,Region III,0,,0
CUST-102820,2,1177.55,0,152,1,basic,Region VII,0,,0
CUST-102821,25,1405.24,2,86,2,standard,Region XI,0,,0
CUST-102822,55,313.55,3,152,0,basic,Region XI,0,,0
CUST-102823,17,527.77,1,159,1,basic,Region VII,0,,0
CUST-102824,45,651.82,2,82,0,standard,Region VII,0,,0
CUST-102825,34,1106.56,2,14,4,standard,NCR,0,,0
CUST-102826,12,1033.94,2,195,1,standard,Region III,1,no_longer_needed,1
CUST-102827,54,205.01,6,188,1,basic,NCR,0,,0
CUST-102828,10,861.15,1,181,0,basic,Region IV-A,0,,0
CUST-102829,30,1231.02,0,8,2,standard,Region VII,0,,0
CUST-102830,40,1262.43,4,80,0,standard,Region VII,0,,0
CUST-102831,40,403.28,5,37,1,basic,NCR,0,,0
CUST-102832,51,800.32,4,131,1,basic,Region IV-A,0,,0
CUST-102833,42,2026.6,6,122,0,standard,Region XI,0,,0
CUST-102834,39,1719.79,5,159,0,basic,NCR,0,,0
CUST-102835,9,782.71,1,94,1,standard,Region IV-A,0,,0
CUST-102836,19,1914.65,1,124,2,standard,Region III,0,,0
CUST-102837,21,606.91,4,120,0,basic,Region XI,1,unknown,0
CUST-102838,22,1477.05,1,172,0,basic,Region IV-A,0,,0
CUST-102839,7,1397.53,0,90,1,standard,Region VII,0,,0
CUST-102840,6,1086.5,0,10,2,standard,Region IV-A,0,,0
CUST-102841,27,1638.62,6,166,2,premium,Region XI,0,,0
CUST-102842,43,388.35,5,45,3,standard,Region III,0,,0
CUST-102843,53,1386.55,6,193,2,basic,Region VII,1,too_expensive,1
CUST-102844,56,356.8,6,192,2,basic,Region IV-A,0,,0
CUST-102845,29,2060.34,2,154,1,standard,Region IV-A,0,,0
CUST-102846,53,1058.31,7,67,2,basic,Region VII,0,,0
CUST-102847,27,655.59,2,118,1,standard,NCR,0,,0
CUST-102848,28,1387.72,3,187,1,basic,Region XI,0,,0
CUST-102849,13,878.54,3,75,1,basic,Region VII,0,,0
CUST-102850,38,1202.33,3,47,1,basic,Region IV-A,0,,0
CUST-102851,19,1376.01,2,126,1,premium,Region IV-A,0,,0
CUST-102852,29,1540.32,0,185,1,standard,Region VII,0,,0
CUST-102853,56,796.6,3,158,1,standard,Region IV-A,0,,0
CUST-102854,33,658.88,4,73,0,basic,Region VII,1,no_longer_needed,0
CUST-102855,18,1741.12,0,157,1,premium,Region IV-A,0,,0
CUST-102856,40,2424.92,5,176,3,premium,Region VII,0,,0
CUST-102857,44,833.44,5,1,0,basic,Region III,0,,0
CUST-102858,36,1574.85,3,143,1,standard,NCR,0,,0
CUST-102859,3,1858.62,0,139,1,premium,Region IV-A,1,unknown,0
CUST-102860,14,1754.85,1,105,2,basic,Region XI,0,,0
CUST-102861,8,446.15,0,40,2,basic,NCR,0,,0
CUST-102862,57,1273.11,9,164,1,standard,Region XI,0,,0
CUST-102863,19,966.54,1,106,2,basic,Region IV-A,1,unknown,0
CUST-102864,28,1273.34,1,181,0,standard,Region III,0,,0
CUST-102865,54,846.56,2,149,1,standard,Region IV-A,0,,0
CUST-102866,59,847.72,1,58,1,basic,Region XI,0,,0
CUST-102867,13,1471.06,0,191,1,basic,Region XI,0,,0
CUST-102868,51,712.62,7,73,0,standard,Region VII,0,,0
CUST-102869,43,1136.72,2,7,2,basic,Region IV-A,0,,0
CUST-102870,37,736.61,2,10,0,basic,Region XI,0,,0
CUST-102871,10,987.6,0,65,1,basic,Region XI,0,,0
CUST-102872,41,966.6,3,46,1,standard,Region VII,0,,0
CUST-102873,37,1470.28,2,12,3,basic,Region XI,0,,0
CUST-102874,27,410.9,2,169,2,basic,Region XI,0,,0
CUST-102875,35,1243.61,4,154,0,standard,NCR,0,,0
CUST-102876,13,1541.6,1,7,1,basic,NCR,0,,0
CUST-102877,37,1281.55,2,34,3,standard,Region IV-A,0,,0
CUST-102878,10,515.58,0,168,0,basic,Region XI,0,,0
CUST-102879,17,753.57,1,24,2,standard,Region III,0,,0
CUST-102880,30,983.02,4,14,0,basic,Region XI,0,,0
CUST-102881,10,259.18,2,19,1,basic,Region XI,0,,0
CUST-102882,54,1163.9,7,159,2,basic,NCR,0,,0
CUST-102883,53,921.46,11,142,0,premium,Region IV-A,0,,0
CUST-102884,28,666.02,6,105,1,standard,Region III,0,,0
CUST-102885,34,2006.77,2,18,2,basic,NCR,0,,0
CUST-102886,18,1802.81,0,116,0,basic,Region VII,0,,0
CUST-102887,13,664.83,3,89,2,basic,Region III,0,,0
CUST-102888,57,1603.18,11,53,1,basic,Region IV-A,0,,0
CUST-102889,25,518.09,3,32,2,basic,Region VII,0,,0
CUST-102890,57,1770.17,2,7,1,premium,Region IV-A,0,,0
CUST-102891,4,1671.71,0,126,2,basic,NCR,0,,0
CUST-102892,7,1171.54,1,135,0,premium,NCR,0,,0
CUST-102893,29,318.85,5,28,3,basic,Region III,0,,0
CUST-102894,47,1170.98,5,55,1,standard,NCR,0,,0
CUST-102895,26,554.73,0,46,1,basic,Region XI,0,,0
CUST-102896,50,580.66,4,195,1,basic,NCR,0,,0
CUST-102897,8,664.31,1,171,0,standard,NCR,0,,0
CUST-102898,51,104.46,5,19,1,basic,NCR,0,,0
CUST-102899,27,1213.87,1,3,0,premium,Region VII,0,,0
CUST-102900,17,904.13,2,184,2,standard,Region IV-A,1,too_expensive,0
CUST-102901,38,1116.84,5,6,1,premium,Region VII,0,,0
CUST-102902,46,654.49,2,44,1,standard,Region III,0,,0
CUST-102903,55,1400.39,9,146,3,basic,Region III,0,,0
CUST-102904,6,1035.47,0,33,1,basic,Region VII,0,,0
CUST-102905,42,586.06,2,42,2,standard,NCR,0,,0
CUST-102906,19,951.19,2,139,3,basic,Region III,0,,0
CUST-102907,30,728.18,1,46,2,standard,NCR,0,,0
CUST-102908,28,1333.11,3,126,0,basic,Region IV-A,0,,0
CUST-102909,46,772.35,4,1,2,standard,Region XI,0,,0
CUST-102910,24,1478.29,0,191,1,basic,Region XI,0,,0
CUST-102911,17,1420.59,2,102,0,basic,Region VII,0,,0
CUST-102912,29,1703.08,4,110,0,premium,Region VII,0,,0
CUST-102913,40,764.26,6,79,1,standard,Region III,0,,0
CUST-102914,50,715.99,8,105,0,basic,Region VII,0,,0
CUST-102915,1,770.47,1,166,2,basic,Region XI,0,,0
CUST-102916,34,1144.52,2,195,1,standard,Region IV-A,0,,0
CUST-102917,5,1547.04,0,20,0,basic,NCR,0,,0
CUST-102918,37,918.46,1,96,0,standard,Region VII,0,,0
CUST-102919,37,1567.7,1,199,0,standard,NCR,0,,0
CUST-102920,51,379.33,2,154,4,basic,Region III,0,,0
CUST-102921,12,549.54,0,11,0,basic,NCR,0,,0
CUST-102922,47,484.8,5,182,2,basic,NCR,0,,0
CUST-102923,41,1329.6,3,44,1,basic,Region VII,0,,0
CUST-102924,40,1958.39,4,30,1,standard,Region VII,0,,0
CUST-102925,38,599.86,3,27,1,basic,Region IV-A,0,,0
CUST-102926,33,1103.21,5,46,1,premium,Region III,0,,0
CUST-102927,4,980.02,0,155,3,standard,Region VII,0,,0
CUST-102928,48,464.51,5,50,0,basic,Region IV-A,0,,0
CUST-102929,24,862.67,1,56,1,standard,Region III,0,,0
CUST-102930,7,730.85,2,111,1,basic,Region IV-A,0,,0
CUST-102931,37,735.17,3,4,2,basic,Region VII,0,,0
CUST-102932,56,529.46,4,68,0,standard,Region IV-A,0,,0
CUST-102933,43,594.2,2,106,3,basic,Region XI,0,,0
CUST-102934,15,1943.55,0,130,1,basic,Region IV-A,0,,0
CUST-102935,49,315.07,4,47,1,basic,Region IV-A,0,,0
CUST-102936,50,887.72,1,39,1,basic,Region VII,0,,0
CUST-102937,20,1088.37,4,123,0,standard,Region III,0,,0
CUST-102938,31,2859.93,4,51,1,premium,Region VII,0,,0
CUST-102939,50,1115.56,3,89,0,standard,Region VII,0,,0
CUST-102940,10,2454.34,0,189,0,premium,Region III,0,,0
CUST-102941,21,1101.43,1,17,3,standard,Region III,0,,0
CUST-102942,27,581.45,4,179,4,basic,NCR,1,poor_support,0
CUST-102943,1,1479.6,0,180,2,premium,NCR,1,poor_support,0
CUST-102944,10,370.08,0,196,2,basic,NCR,0,,0
CUST-102945,36,923.42,2,45,1,basic,Region VII,0,,0
CUST-102946,16,1215.9,1,88,1,premium,NCR,0,,0
CUST-102947,15,833.73,4,1,0,standard,Region IV-A,0,,0
CUST-102948,18,1991.19,0,80,3,premium,NCR,0,,0
CUST-102949,8,686.65,1,116,1,basic,Region VII,0,,0
CUST-102950,38,468.46,7,159,0,standard,Region VII,0,,0
CUST-102951,16,1060.62,0,165,0,basic,Region III,1,unknown,0
CUST-102952,39,1189.54,1,33,0,basic,Region VII,0,,0
CUST-102953,49,3032.26,6,98,3,premium,Region III,0,,0
CUST-102954,29,920.59,1,4,1,basic,Region VII,0,,0
CUST-102955,54,903.34,9,169,0,standard,Region VII,0,,0
CUST-102956,12,1670.07,3,155,1,premium,Region IV-A,0,,0
CUST-102957,57,987.05,5,14,2,premium,Region VII,0,,0
CUST-102958,19,582.52,3,180,3,basic,Region XI,1,found_alternative,0
CUST-102959,18,1133.09,1,57,3,basic,Region IV-A,0,,0
CUST-102960,58,1316.1,10,167,1,premium,Region III,0,,0
CUST-102961,27,505.23,4,128,0,standard,Region IV-A,0,,0
CUST-102962,45,683.43,3,130,1,basic,Region IV-A,0,,0
CUST-102963,48,871.98,6,154,1,basic,NCR,0,,0
CUST-102964,27,699.21,2,48,0,basic,Region XI,0,,0
CUST-102965,19,879.68,1,15,4,premium,Region IV-A,0,,0
CUST-102966,29,138.43,1,153,1,basic,Region XI,0,,0
CUST-102967,23,1501.13,2,122,0,standard,Region XI,0,,0
CUST-102968,25,1175.81,0,123,1,basic,NCR,0,,0
CUST-102969,14,544.2,1,153,1,basic,NCR,0,,0
CUST-102970,54,780.49,7,148,1,standard,NCR,0,,0
CUST-102971,34,1259.58,2,25,2,premium,Region IV-A,0,,0
CUST-102972,47,1287.63,2,30,0,basic,Region III,0,,0
CUST-102973,39,877.89,3,29,1,basic,NCR,0,,0
CUST-102974,21,1881.16,2,72,0,standard,Region IV-A,0,,0
CUST-102975,19,865.17,3,101,0,basic,Region III,0,,0
CUST-102976,58,478.17,6,137,1,basic,Region XI,0,,0
CUST-102977,2,807.45,0,86,0,standard,Region VII,0,,0
CUST-102978,18,1083.1,2,9,0,basic,Region XI,0,,0
CUST-102979,44,2100.57,4,85,3,standard,Region IV-A,0,,0
CUST-102980,33,902.13,3,106,1,basic,Region VII,0,,0
CUST-102981,37,1662.15,4,173,1,standard,NCR,0,,0
CUST-102982,2,1265.17,2,53,1,standard,Region VII,0,,0
CUST-102983,13,1207.7,2,13,1,standard,Region IV-A,0,,0
CUST-102984,36,2216.72,3,108,3,standard,NCR,0,,0
CUST-102985,19,669.01,3,147,1,standard,NCR,0,,0
CUST-102986,28,666.09,5,97,0,basic,Region III,0,,0
CUST-102987,57,596.7,6,163,1,basic,Region III,0,,0
CUST-102988,38,798.29,1,55,3,basic,Region III,0,,0
CUST-102989,38,559.26,1,76,0,standard,Region VII,0,,0
CUST-102990,12,776.98,2,193,3,basic,Region IV-A,1,unknown,0
CUST-102991,36,532.24,2,138,1,basic,Region III,1,no_longer_needed,1
CUST-102992,57,804.81,2,171,2,standard,Region VII,0,,0
CUST-102993,38,1734.26,7,117,0,standard,Region IV-A,0,,0
CUST-102994,47,494.89,3,50,1,basic,Region VII,0,,0
CUST-102995,57,2271.33,8,52,2,basic,Region IV-A,0,,0
CUST-102996,54,1131.84,3,44,1,standard,Region VII,0,,0
CUST-102997,21,770.59,4,102,0,premium,Region XI,0,,0
CUST-102998,18,1663.59,1,71,1,standard,NCR,0,,0
CUST-102999,17,134.92,2,11,0,basic,NCR,0,,0
CUST-103000,46,613.23,4,71,1,standard,Region VII,0,,0
CUST-103001,23,995.7,4,161,1,basic,Region IV-A,0,,0
CUST-103002,49,697.47,4,113,1,basic,Region III,0,,0
CUST-103003,48,1171.46,5,11,1,basic,NCR,0,,0
CUST-103004,40,558.08,2,77,1,basic,Region XI,0,,0
CUST-103005,8,804.95,1,58,2,standard,NCR,0,,0
CUST-103006,42,865.42,6,10,0,standard,Region IV-A,0,,0
CUST-103007,13,1279.17,2,81,1,standard,Region III,0,,0
CUST-103008,33,1439.82,5,79,1,standard,Region III,0,,0
CUST-103009,14,377.29,1,99,1,basic,Region VII,0,,0
CUST-103010,4,1773.0,0,147,1,standard,Region IV-A,0,,0
CUST-103011,38,2454.41,3,106,1,standard,NCR,0,,0
CUST-103012,27,1033.13,2,49,2,standard,NCR,0,,0
CUST-103013,38,927.5,3,120,1,basic,Region XI,0,,0
CUST-103014,29,782.86,0,38,2,standard,Region III,0,,0
CUST-103015,22,1628.85,2,183,0,standard,Region IV-A,0,,0
CUST-103016,1,139.91,0,120,0,basic,Region VII,0,,0
CUST-103017,17,2379.34,0,95,1,premium,Region XI,0,,0
CUST-103018,52,1668.94,6,52,0,basic,Region III,0,,0
CUST-103019,45,356.7,7,130,0,basic,Region III,0,,0
CUST-103020,28,736.82,1,24,0,standard,Region IV-A,0,,0
CUST-103021,2,964.44,0,17,2,standard,Region III,0,,0
CUST-103022,59,1542.42,7,122,2,standard,Region VII,0,,0
CUST-103023,44,286.76,5,168,2,basic,Region VII,0,,0
CUST-103024,2,1173.13,2,175,2,premium,Region III,0,,0
CUST-103025,13,1098.74,2,67,0,basic,Region III,0,,0
CUST-103026,11,335.12,1,121,0,basic,Region VII,0,,0
CUST-103027,54,995.84,4,118,2,standard,Region IV-A,0,,0
CUST-103028,57,832.9,6,64,3,basic,Region IV-A,0,,0
CUST-103029,25,660.98,2,196,3,standard,Region XI,0,,0
CUST-103030,11,1408.36,1,32,1,premium,Region VII,0,,0
CUST-103031,38,850.73,1,151,0,basic,Region VII,0,,0
CUST-103032,17,528.41,0,176,1,basic,Region IV-A,0,,0
CUST-103033,8,261.9,2,81,0,basic,Region XI,0,,0
CUST-103034,16,494.44,1,113,1,standard,NCR,1,found_alternative,1
CUST-103035,15,1304.79,1,90,4,standard,NCR,1,no_longer_needed,1
CUST-103036,4,1653.03,1,11,1,premium,Region VII,0,,0
CUST-103037,42,885.96,3,29,0,standard,Region VII,0,,0
CUST-103038,21,1307.57,0,58,2,premium,Region III,0,,0
CUST-103039,33,579.79,4,126,1,basic,Region VII,0,,0
CUST-103040,33,1557.18,5,157,2,basic,NCR,0,,0
CUST-103041,46,587.02,1,110,1,basic,Region VII,1,unknown,1
CUST-103042,45,2256.23,4,135,2,standard,Region III,0,,0
CUST-103043,34,464.25,1,118,0,basic,Region IV-A,0,,0
CUST-103044,50,1386.14,7,134,3,basic,Region III,0,,0
CUST-103045,34,335.8,2,53,1,basic,Region VII,0,,0
CUST-103046,2,960.68,1,33,3,basic,NCR,0,,0
CUST-103047,51,556.64,5,142,1,standard,Region XI,0,,0
CUST-103048,46,1132.19,3,116,2,premium,Region IV-A,0,,0
CUST-103049,26,1368.87,0,59,2,basic,Region III,0,,0
CUST-103050,23,565.91,2,28,2,standard,Region XI,0,,0
CUST-103051,53,1724.43,6,89,1,basic,NCR,0,,0
CUST-103052,26,1238.88,4,109,0,basic,Region IV-A,0,,0
CUST-103053,22,1232.95,3,29,1,basic,NCR,0,,0
CUST-103054,44,1480.94,6,191,0,standard,Region XI,0,,0
CUST-103055,20,2045.66,0,143,1,standard,NCR,0,,0
CUST-103056,24,1212.68,0,142,4,standard,Region III,0,,0
CUST-103057,46,780.98,2,35,3,standard,Region VII,0,,0
CUST-103058,14,1100.67,0,152,0,basic,Region XI,1,found_alternative,0
CUST-103059,1,1000.56,0,117,1,standard,Region IV-A,0,,0
CUST-103060,20,1856.29,0,134,1,standard,Region III,0,,0
CUST-103061,11,779.51,1,165,2,basic,Region III,0,,0
CUST-103062,22,1280.35,2,103,3,basic,Region XI,0,,0
CUST-103063,5,416.5,3,117,0,basic,Region XI,0,,0
CUST-103064,35,737.54,5,22,1,basic,NCR,0,,0
CUST-103065,31,752.28,1,120,0,basic,Region XI,0,,0
CUST-103066,17,1611.09,3,179,1,basic,Region XI,0,,0
CUST-103067,38,1822.94,3,175,0,premium,Region IV-A,0,,0
CUST-103068,9,1019.7,0,34,2,premium,Region III,0,,0
CUST-103069,1,1048.78,1,199,0,standard,Region IV-A,0,,0
CUST-103070,29,882.43,2,82,1,standard,Region VII,0,,0
CUST-103071,10,1838.23,4,39,0,premium,Region III,0,,0
CUST-103072,51,1316.06,6,111,1,basic,Region III,0,,0
CUST-103073,18,1772.38,1,95,1,standard,Region IV-A,1,no_longer_needed,0
CUST-103074,26,1556.15,3,85,1,standard,NCR,0,,0
CUST-103075,18,1068.85,2,72,0,premium,Region IV-A,0,,0
CUST-103076,26,1002.16,1,152,1,standard,NCR,0,,0
CUST-103077,6,1378.87,1,13,1,basic,NCR,0,,0
CUST-103078,56,1918.94,6,92,2,standard,Region III,0,,0
CUST-103079,11,324.15,0,73,0,basic,Region VII,0,,0
CUST-103080,24,1083.46,1,136,3,basic,Region XI,0,,0
CUST-103081,50,1019.33,4,139,1,standard,Region IV-A,0,,0
CUST-103082,26,1173.71,0,188,1,standard,Region VII,0,,0
CUST-103083,42,1223.28,1,170,1,basic,Region III,0,,0
CUST-103084,5,815.36,0,182,1,basic,Region VII,0,,0
CUST-103085,18,1124.78,1,164,1,standard,Region VII,0,,0
CUST-103086,45,396.36,4,131,2,basic,Region III,0,,0
CUST-103087,16,1002.0,3,4,1,standard,Region IV-A,0,,0
CUST-103088,25,724.7,1,171,1,basic,Region VII,0,,0
CUST-103089,5,952.79,0,79,0,standard,Region III,0,,0
CUST-103090,30,693.11,6,72,3,basic,Region VII,0,,0
CUST-103091,21,2517.98,2,189,0,premium,Region III,0,,0
CUST-103092,51,1812.14,8,102,2,premium,Region IV-A,0,,0
CUST-103093,24,355.48,1,110,1,basic,NCR,0,,0
CUST-103094,49,464.35,1,63,2,standard,Region IV-A,0,,0
CUST-103095,54,983.32,6,196,1,standard,Region IV-A,0,,0
CUST-103096,50,1461.05,6,74,2,basic,Region XI,0,,0
CUST-103097,44,676.3,3,68,2,standard,Region III,0,,0
CUST-103098,35,1929.5,3,153,1,premium,NCR,1,too_expensive,0
CUST-103099,29,729.56,5,79,0,standard,NCR,0,,0
CUST-103100,5,1231.91,1,188,0,premium,Region IV-A,0,,0
CUST-103101,8,711.85,1,91,0,basic,Region XI,0,,0
CUST-103102,23,1415.04,4,136,0,premium,Region XI,0,,0
CUST-103103,39,897.73,1,170,3,premium,Region XI,1,found_alternative,0
CUST-103104,1,348.48,0,193,3,basic,Region III,1,unknown,1
CUST-103105,56,622.92,3,58,0,basic,Region IV-A,0,,0
CUST-103106,59,500.07,3,71,2,standard,Region XI,0,,0
CUST-103107,5,1186.61,0,87,1,premium,Region XI,0,,0
CUST-103108,6,928.48,0,96,2,basic,Region IV-A,1,no_longer_needed,0
CUST-103109,51,406.32,4,157,3,basic,Region IV-A,0,,0
CUST-103110,12,824.0,0,196,3,standard,NCR,1,no_longer_needed,0
CUST-103111,11,855.27,1,66,2,basic,NCR,0,,0
CUST-103112,12,572.26,0,1,2,standard,Region IV-A,0,,0
CUST-103113,42,1183.6,2,81,2,standard,Region IV-A,0,,0
CUST-103114,8,1356.94,2,19,0,premium,Region IV-A,0,,0
CUST-103115,11,463.79,2,176,4,basic,Region III,1,found_alternative,0
CUST-103116,24,2144.91,2,154,3,premium,Region III,0,,0
CUST-103117,36,639.77,4,70,1,standard,Region IV-A,0,,0
CUST-103118,59,1570.24,8,86,3,premium,Region XI,0,,0
CUST-103119,15,989.93,2,109,0,basic,Region XI,0,,0
CUST-103120,16,643.44,1,146,2,standard,NCR,0,,0
CUST-103121,32,728.1,0,13,0,standard,Region III,0,,0
CUST-103122,25,1322.24,4,76,0,standard,Region IV-A,0,,0
CUST-103123,36,1272.82,5,190,1,basic,Region III,0,,0
CUST-103124,15,941.68,1,80,3,basic,Region III,0,,0
CUST-103125,37,1069.31,0,132,2,basic,NCR,0,,0
CUST-103126,55,586.95,7,51,2,basic,Region IV-A,0,,0
CUST-103127,41,1677.26,7,192,0,standard,Region XI,0,,0
CUST-103128,44,860.85,3,126,0,premium,Region XI,0,,0
CUST-103129,5,1141.85,0,162,0,standard,NCR,0,,0
CUST-103130,54,1400.09,7,199,0,basic,Region VII,0,,0
CUST-103131,42,1307.38,3,152,1,basic,Region XI,0,,0
CUST-103132,38,107.01,3,38,2,basic,Region VII,0,,0
CUST-103133,10,1231.62,0,27,2,basic,NCR,1,unknown,0
CUST-103134,33,829.43,4,59,1,standard,Region III,0,,0
CUST-103135,40,570.27,4,97,3,basic,Region VII,0,,0
CUST-103136,37,913.12,2,64,1,basic,Region XI,0,,0
CUST-103137,8,632.89,0,3,1,standard,Region III,0,,0
CUST-103138,3,991.12,0,23,1,basic,Region III,0,,0
CUST-103139,29,1360.75,2,112,0,basic,Region III,0,,0
CUST-103140,43,1919.32,4,3,1,standard,Region XI,0,,0
CUST-103141,23,2088.88,2,191,2,basic,NCR,0,,0
CUST-103142,41,1180.29,4,53,0,standard,Region III,0,,0
CUST-103143,58,530.08,2,77,1,basic,NCR,0,,0
CUST-103144,53,685.1,5,58,0,standard,Region XI,0,,0
CUST-103145,38,2303.68,3,69,2,basic,NCR,0,,0
CUST-103146,43,649.86,3,128,3,basic,Region IV-A,0,,0
CUST-103147,6,391.83,1,57,2,standard,NCR,0,,0
CUST-103148,6,465.4,1,100,3,basic,Region IV-A,0,,0
CUST-103149,42,552.11,3,115,2,basic,Region IV-A,0,,0
CUST-103150,48,1242.87,3,165,0,basic,Region VII,0,,0
CUST-103151,12,1730.61,0,180,0,basic,Region IV-A,0,,0
CUST-103152,35,1318.84,0,46,1,basic,Region IV-A,0,,0
CUST-103153,17,1698.68,2,117,2,premium,Region III,0,,0
CUST-103154,7,1755.85,1,17,2,basic,Region XI,0,,0
CUST-103155,23,1545.35,4,150,1,standard,Region VII,0,,0
CUST-103156,27,1540.54,3,82,2,basic,Region VII,0,,0
CUST-103157,46,550.83,7,73,0,basic,Region VII,0,,0
CUST-103158,52,607.74,6,167,3,standard,Region III,0,,0
CUST-103159,56,677.77,6,74,2,standard,Region XI,0,,0
CUST-103160,7,1324.63,2,57,0,premium,Region XI,0,,0
CUST-103161,55,2120.21,4,47,3,basic,Region IV-A,0,,0
CUST-103162,31,574.68,4,135,2,basic,Region III,0,,0
CUST-103163,11,686.54,0,19,1,standard,Region III,0,,0
CUST-103164,39,2714.09,1,183,0,basic,Region III,0,,0
CUST-103165,4,957.62,1,167,2,basic,Region XI,1,no_longer_needed,0
CUST-103166,28,615.65,1,20,4,basic,Region III,0,,0
CUST-103167,49,324.94,3,145,2,basic,Region XI,0,,0
CUST-103168,58,552.24,5,1,2,standard,Region III,0,,0
CUST-103169,18,1987.63,1,26,2,premium,Region XI,0,,0
CUST-103170,11,441.75,0,124,0,standard,Region XI,0,,0
CUST-103171,35,778.77,5,107,3,basic,Region VII,0,,0
CUST-103172,10,1951.93,2,164,2,standard,NCR,0,,0
CUST-103173,58,818.12,3,125,1,standard,Region VII,0,,0
CUST-103174,20,1207.32,1,11,1,standard,Region XI,0,,0
CUST-103175,11,750.98,4,172,2,standard,Region XI,0,,0
CUST-103176,15,2765.22,2,65,2,premium,Region IV-A,0,,0
CUST-103177,23,1026.32,4,28,0,basic,Region IV-A,0,,0
CUST-103178,44,1923.3,4,79,2,standard,Region III,0,,0
CUST-103179,52,1079.99,5,22,2,standard,Region III,0,,0
CUST-103180,44,1547.89,4,50,3,premium,Region VII,0,,0
CUST-103181,39,1705.62,4,51,1,premium,Region XI,0,,0
CUST-103182,16,716.88,2,182,3,basic,Region III,0,,0
CUST-103183,56,1545.17,2,47,2,standard,Region XI,0,,0
CUST-103184,59,787.65,4,112,2,basic,NCR,0,,0
CUST-103185,38,1426.53,2,29,0,standard,NCR,0,,0
CUST-103186,47,1715.34,1,24,0,basic,Region XI,0,,0
CUST-103187,18,895.39,0,175,2,basic,NCR,0,,0
CUST-103188,27,1150.32,2,77,1,premium,Region IV-A,0,,0
CUST-103189,48,1889.46,3,198,3,standard,Region XI,0,,0
CUST-103190,26,1104.69,2,45,3,basic,Region III,0,,0
CUST-103191,45,637.97,3,131,0,basic,Region III,0,,0
CUST-103192,51,492.96,3,3,1,basic,NCR,0,,0
CUST-103193,56,63.24,2,151,1,basic,Region VII,0,,0
CUST-103194,18,833.85,0,172,1,basic,Region III,0,,0
CUST-103195,29,1402.17,2,104,2,premium,NCR,0,,0
CUST-103196,23,457.19,2,141,2,basic,Region IV-A,1,too_expensive,0
CUST-103197,30,464.02,3,124,0,basic,NCR,0,,0
CUST-103198,44,739.5,2,100,2,standard,Region XI,0,,0
CUST-103199,20,772.54,0,170,0,basic,Region VII,0,,0
CUST-103200,14,1403.52,1,154,1,basic,Region XI,0,,0
CUST-103201,16,712.51,1,177,1,basic,Region XI,0,,0
CUST-103202,46,614.41,1,48,0,basic,Region XI,0,,0
CUST-103203,59,624.63,8,65,2,standard,Region IV-A,0,,0
CUST-103204,7,439.04,1,19,0,standard,NCR,0,,0
CUST-103205,58,382.0,8,159,1,basic,NCR,0,,0
CUST-103206,2,824.28,0,79,2,standard,NCR,0,,0
CUST-103207,32,1122.37,3,3,1,premium,Region III,0,,0
CUST-103208,8,1170.89,0,196,0,standard,Region XI,0,,0
CUST-103209,57,1451.66,6,24,0,premium,Region III,0,,0
CUST-103210,45,989.86,3,188,1,premium,NCR,0,,0
CUST-103211,22,1174.5,0,58,1,standard,Region XI,0,,0
CUST-103212,41,470.06,2,124,1,basic,Region IV-A,0,,0
CUST-103213,51,731.3,7,98,1,basic,Region IV-A,0,,0
CUST-103214,13,623.68,0,96,2,standard,Region III,0,,0
CUST-103215,38,1171.83,4,46,0,standard,Region XI,0,,0
CUST-103216,18,756.99,0,87,1,standard,Region III,0,,0
CUST-103217,43,1889.42,6,174,2,standard,Region XI,0,,0
CUST-103218,34,779.91,4,65,3,standard,Region XI,0,,0
CUST-103219,43,602.65,2,108,3,standard,Region IV-A,0,,0
CUST-103220,38,772.37,5,180,1,standard,Region VII,0,,0
CUST-103221,38,441.55,3,82,0,basic,NCR,0,,0
CUST-103222,5,164.17,0,197,0,basic,Region VII,0,,0
CUST-103223,51,1733.5,2,158,0,basic,Region XI,0,,0
CUST-103224,11,1037.88,0,120,2,basic,NCR,0,,0
CUST-103225,24,1103.15,1,141,0,standard,NCR,0,,0
CUST-103226,31,660.34,1,152,3,basic,NCR,0,,0
CUST-103227,51,975.16,0,150,1,premium,Region XI,0,,0
CUST-103228,38,227.15,0,52,0,basic,Region III,0,,0
CUST-103229,11,975.55,2,64,4,standard,Region IV-A,0,,0
CUST-103230,17,777.23,2,186,3,basic,Region III,1,unknown,0
CUST-103231,12,881.77,1,62,2,standard,Region III,0,,0
CUST-103232,35,2220.54,2,144,1,basic,NCR,0,,0
CUST-103233,43,410.35,1,60,1,standard,Region IV-A,0,,0
CUST-103234,42,937.76,4,70,1,standard,Region XI,0,,0
CUST-103235,45,416.79,4,158,0,standard,Region III,0,,0
CUST-103236,42,860.8,4,128,1,standard,Region XI,0,,0
CUST-103237,54,821.94,4,76,1,standard,Region VII,0,,0
CUST-103238,54,514.67,6,124,3,standard,Region VII,0,,0
CUST-103239,17,412.1,1,24,2,basic,Region IV-A,0,,0
CUST-103240,18,1231.0,2,60,0,premium,Region III,0,,0
CUST-103241,4,658.83,1,100,3,basic,Region III,0,,0
CUST-103242,16,491.4,0,167,2,basic,Region III,0,,0
CUST-103243,30,1509.84,5,42,0,basic,Region IV-A,0,,0
CUST-103244,39,1270.51,3,82,0,basic,Region IV-A,0,,0
CUST-103245,52,336.24,4,115,1,basic,Region IV-A,0,,0
CUST-103246,36,578.97,2,50,1,standard,Region III,0,,0
CUST-103247,58,692.88,4,104,1,standard,Region XI,0,,0
CUST-103248,33,1471.02,2,139,0,premium,Region VII,0,,0
CUST-103249,51,578.37,5,54,3,basic,Region XI,0,,0
CUST-103250,48,1055.06,2,45,0,standard,Region XI,0,,0
CUST-103251,29,1295.17,1,185,5,basic,Region VII,0,,0
CUST-103252,52,407.0,7,142,3,basic,NCR,0,,0
CUST-103253,51,200.8,4,88,2,basic,Region XI,0,,0
CUST-103254,19,1214.01,0,64,0,standard,Region IV-A,0,,0
CUST-103255,13,653.46,2,106,1,standard,Region III,0,,0
CUST-103256,8,927.42,0,169,2,basic,Region IV-A,0,,0
CUST-103257,55,845.96,11,142,0,basic,NCR,0,,0
CUST-103258,27,1375.66,1,104,1,basic,Region VII,0,,0
CUST-103259,34,890.8,7,127,0,basic,NCR,0,,0
CUST-103260,17,1003.74,1,28,0,standard,Region VII,0,,0
CUST-103261,23,976.63,1,7,1,standard,Region XI,0,,0
CUST-103262,24,2381.57,4,142,1,standard,Region IV-A,0,,0
CUST-103263,35,2500.01,1,98,1,premium,Region III,0,,0
CUST-103264,11,810.06,0,180,2,basic,Region VII,0,,0
CUST-103265,47,1215.6,5,180,0,premium,Region XI,0,,0
CUST-103266,24,774.61,1,194,1,standard,NCR,0,,0
CUST-103267,15,962.66,0,177,0,basic,Region IV-A,0,,0
CUST-103268,1,1991.64,0,120,1,standard,Region III,0,,0
CUST-103269,7,1069.85,0,25,2,basic,NCR,0,,0
CUST-103270,16,1827.07,1,129,0,standard,NCR,0,,0
CUST-103271,44,1364.54,4,59,0,standard,Region IV-A,0,,0
CUST-103272,51,881.2,3,170,0,premium,Region VII,0,,0
CUST-103273,57,2566.81,5,55,3,standard,Region IV-A,0,,0
CUST-103274,18,1106.95,2,177,1,standard,Region III,0,,0
CUST-103275,38,1914.81,4,183,1,basic,Region IV-A,0,,0
CUST-103276,16,2171.93,3,95,1,premium,Region XI,0,,0
CUST-103277,9,501.71,1,193,2,standard,Region XI,1,found_alternative,0
CUST-103278,33,988.99,0,78,1,standard,NCR,0,,0
CUST-103279,38,1077.7,1,87,3,premium,Region VII,0,,0
CUST-103280,45,431.78,6,183,2,basic,Region VII,0,,0
CUST-103281,7,920.66,0,139,0,basic,Region III,0,,0
CUST-103282,45,1476.16,2,36,3,standard,Region III,0,,0
CUST-103283,18,927.66,1,33,2,premium,Region VII,0,,0
CUST-103284,17,548.39,2,103,2,standard,Region XI,0,,0
CUST-103285,2,789.34,1,131,1,basic,Region III,0,,0
CUST-103286,13,1117.72,0,113,2,basic,Region XI,0,,0
CUST-103287,29,1597.98,4,9,1,standard,Region XI,0,,0
CUST-103288,12,1850.49,2,31,3,basic,NCR,0,,0
CUST-103289,19,2323.12,0,15,0,premium,Region III,0,,0
CUST-103290,32,1251.08,5,157,0,standard,Region IV-A,0,,0
CUST-103291,6,1107.47,1,78,1,basic,Region VII,0,,0
CUST-103292,52,1303.89,2,75,0,basic,Region III,0,,0
CUST-103293,19,909.33,0,171,2,premium,Region IV-A,0,,0
CUST-103294,45,957.04,8,194,1,standard,NCR,0,,0
CUST-103295,39,1572.82,1,2,1,basic,NCR,0,,0
CUST-103296,45,678.4,2,176,1,standard,Region IV-A,0,,0
CUST-103297,18,252.31,2,66,0,basic,Region VII,0,,0
CUST-103298,11,437.47,1,153,1,basic,Region IV-A,1,poor_support,0
CUST-103299,9,770.82,0,126,2,standard,Region III,0,,0
CUST-103300,14,792.51,1,27,0,basic,Region IV-A,0,,0
CUST-103301,33,1098.18,3,61,1,basic,Region VII,0,,0
CUST-103302,37,1327.3,2,78,3,basic,Region VII,0,,0
CUST-103303,45,1018.98,4,1,0,basic,Region IV-A,0,,0
CUST-103304,57,1889.78,5,76,2,standard,NCR,0,,0
CUST-103305,49,756.4,4,106,0,standard,NCR,0,,0
CUST-103306,22,496.61,2,120,1,basic,Region III,0,,0
CUST-103307,28,355.96,0,24,2,basic,Region III,0,,0
CUST-103308,57,997.94,6,142,1,standard,Region IV-A,0,,0
CUST-103309,42,845.82,0,63,1,premium,Region VII,0,,0
CUST-103310,25,467.23,0,103,2,basic,Region III,0,,0
CUST-103311,50,1393.71,7,179,0,basic,Region IV-A,0,,0
CUST-103312,9,899.06,1,99,1,premium,Region III,0,,0
CUST-103313,40,1582.87,3,118,0,basic,Region IV-A,0,,0
CUST-103314,56,1021.93,9,180,0,premium,Region III,0,,0
CUST-103315,32,1716.07,2,146,2,standard,NCR,0,,0
CUST-103316,37,520.09,2,75,2,basic,Region VII,0,,0
CUST-103317,4,1204.47,0,31,1,basic,Region III,0,,0
CUST-103318,36,1398.27,2,85,0,premium,Region VII,0,,0
CUST-103319,18,1171.92,2,149,0,basic,Region VII,0,,0
CUST-103320,59,445.11,3,82,1,standard,NCR,0,,0
CUST-103321,19,648.28,1,33,3,basic,Region XI,0,,0
CUST-103322,19,1768.45,2,9,3,standard,NCR,0,,0
CUST-103323,24,978.44,1,175,1,standard,Region IV-A,0,,0
CUST-103324,42,745.68,1,46,2,standard,Region XI,0,,0
CUST-103325,57,286.27,3,137,0,basic,Region IV-A,0,,0
CUST-103326,21,697.75,0,167,1,standard,Region IV-A,0,,0
CUST-103327,13,1903.19,1,134,0,standard,Region IV-A,0,,0
CUST-103328,46,1051.25,3,8,3,basic,NCR,0,,0
CUST-103329,32,1475.22,4,44,1,standard,Region VII,0,,0
CUST-103330,27,872.89,2,19,2,standard,Region XI,0,,0
CUST-103331,59,590.8,7,86,2,basic,Region VII,0,,0
CUST-103332,30,1819.78,4,172,1,premium,NCR,0,,0
CUST-103333,37,1415.69,0,7,3,basic,Region III,0,,0
CUST-103334,58,552.16,8,86,0,basic,Region XI,0,,0
CUST-103335,13,1067.15,2,69,0,basic,Region VII,0,,0
CUST-103336,54,949.18,3,116,1,basic,Region III,0,,0
CUST-103337,57,269.78,6,4,1,basic,Region III,0,,0
CUST-103338,28,916.65,2,125,0,basic,Region IV-A,0,,0
CUST-103339,20,1018.52,2,1,1,standard,NCR,0,,0
CUST-103340,10,558.15,0,83,0,standard,NCR,0,,0
CUST-103341,3,1158.06,0,36,2,basic,NCR,0,,0
CUST-103342,59,629.46,7,68,2,standard,Region XI,0,,0
CUST-103343,26,756.53,3,135,2,standard,NCR,0,,0
CUST-103344,40,3485.93,7,170,4,standard,Region IV-A,0,,0
CUST-103345,15,1083.98,2,46,1,premium,Region III,0,,0
CUST-103346,20,635.4,3,75,3,basic,Region VII,0,,0
CUST-103347,49,261.58,4,180,3,basic,NCR,0,,0
CUST-103348,39,146.4,1,194,0,basic,Region XI,1,poor_support,0
CUST-103349,13,2235.86,1,110,3,basic,NCR,0,,0
CUST-103350,1,1721.87,0,101,3,basic,Region XI,1,unknown,0
CUST-103351,49,148.96,6,89,0,basic,NCR,0,,0
CUST-103352,5,3221.53,0,188,0,standard,NCR,0,,0
CUST-103353,3,2624.03,1,84,0,premium,NCR,0,,0
CUST-103354,18,1110.15,2,77,1,standard,Region VII,0,,0
CUST-103355,55,684.74,6,89,2,standard,Region III,0,,0
CUST-103356,39,1885.98,2,171,0,standard,Region IV-A,0,,0
CUST-103357,3,1469.76,0,42,0,standard,Region XI,0,,0
CUST-103358,55,2406.64,7,1,1,basic,Region III,0,,0
CUST-103359,56,2266.64,2,83,2,basic,Region IV-A,0,,0
CUST-103360,42,778.15,5,99,2,basic,Region III,0,,0
CUST-103361,5,871.61,0,2,2,basic,NCR,0,,0
CUST-103362,1,660.23,0,110,1,standard,Region XI,0,,0
CUST-103363,52,443.24,3,83,2,basic,Region III,0,,0
CUST-103364,49,711.21,1,127,4,basic,Region XI,0,,0
CUST-103365,50,1151.49,4,76,1,basic,Region IV-A,0,,0
CUST-103366,29,2635.59,2,4,0,standard,Region XI,0,,0
CUST-103367,36,452.92,2,8,2,basic,NCR,0,,0
CUST-103368,11,736.06,3,115,5,basic,Region IV-A,0,,0
CUST-103369,3,1313.69,0,121,4,basic,Region III,0,,0
CUST-103370,14,860.52,1,47,0,basic,Region XI,0,,0
CUST-103371,37,1344.58,7,157,1,standard,Region III,0,,0
CUST-103372,24,820.86,0,87,0,basic,Region VII,0,,0
CUST-103373,37,331.8,3,38,1,basic,Region IV-A,0,,0
CUST-103374,27,2202.52,3,85,0,premium,Region IV-A,0,,0
CUST-103375,33,1110.51,4,92,0,basic,Region VII,0,,0
CUST-103376,57,792.03,7,21,1,standard,Region VII,0,,0
CUST-103377,38,933.88,4,182,1,standard,Region IV-A,0,,0
CUST-103378,57,504.66,3,74,0,basic,NCR,0,,0
CUST-103379,58,1195.83,4,179,1,basic,NCR,0,,0
CUST-103380,37,233.99,5,57,0,basic,Region IV-A,0,,0
CUST-103381,59,490.09,2,51,2,basic,NCR,0,,0
CUST-103382,15,626.67,0,36,1,basic,Region VII,0,,0
CUST-103383,31,883.09,2,44,0,standard,Region XI,0,,0
CUST-103384,5,390.06,0,136,2,basic,Region VII,0,,0
CUST-103385,6,809.62,0,43,2,basic,Region VII,0,,0
CUST-103386,8,486.73,0,14,0,standard,Region III,0,,0
CUST-103387,8,1209.88,0,117,2,basic,Region VII,0,,0
CUST-103388,25,2185.72,1,140,3,standard,NCR,0,,0
CUST-103389,43,962.39,5,167,0,basic,Region XI,0,,0
CUST-103390,59,643.15,5,101,1,standard,NCR,0,,0
CUST-103391,58,1392.31,5,48,1,standard,Region IV-A,0,,0
CUST-103392,11,889.46,4,180,1,standard,Region IV-A,0,,0
CUST-103393,26,1211.6,1,128,3,standard,NCR,0,,0
CUST-103394,26,831.05,0,193,1,basic,NCR,1,found_alternative,0
CUST-103395,6,1294.72,0,141,3,basic,Region VII,1,no_longer_needed,0
CUST-103396,3,952.12,1,73,0,basic,Region IV-A,0,,0
CUST-103397,21,604.56,1,26,0,basic,NCR,0,,0
CUST-103398,51,1072.66,5,127,0,premium,NCR,0,,0
CUST-103399,23,664.64,0,17,1,basic,Region VII,0,,0
CUST-103400,23,1398.79,0,165,1,basic,Region VII,1,unknown,0
CUST-103401,59,1251.57,2,17,1,premium,Region IV-A,0,,0
CUST-103402,23,1079.24,1,54,1,basic,NCR,0,,0
CUST-103403,41,1373.22,4,90,0,standard,NCR,0,,0
CUST-103404,58,705.78,11,188,2,basic,NCR,0,,0
CUST-103405,7,1271.14,1,51,3,premium,NCR,0,,0
CUST-103406,31,758.82,3,71,1,basic,Region IV-A,0,,0
CUST-103407,20,507.66,2,71,3,standard,Region III,0,,0
CUST-103408,8,1273.88,2,25,1,standard,Region III,0,,0
CUST-103409,3,1167.87,0,195,3,premium,Region IV-A,0,,0
CUST-103410,39,1491.04,1,94,4,premium,Region VII,0,,0
CUST-103411,39,783.51,3,64,0,standard,NCR,0,,0
CUST-103412,34,1702.21,0,146,2,basic,Region VII,0,,0
CUST-103413,40,1722.82,4,65,2,basic,NCR,0,,0
CUST-103414,43,1722.14,0,198,0,premium,Region IV-A,0,,0
CUST-103415,4,380.39,0,148,3,standard,Region III,0,,0
CUST-103416,3,1323.69,0,22,1,premium,NCR,0,,0
CUST-103417,20,1550.94,2,188,2,standard,Region XI,0,,0
CUST-103418,34,2580.2,9,43,0,basic,NCR,0,,0
CUST-103419,54,321.39,4,129,2,basic,Region VII,0,,0
CUST-103420,58,137.11,8,9,0,basic,Region III,0,,0
CUST-103421,49,818.65,2,153,2,standard,Region VII,0,,0
CUST-103422,18,524.17,3,171,0,basic,Region VII,0,,0
CUST-103423,34,1116.45,6,45,1,basic,Region IV-A,0,,0
CUST-103424,7,632.02,2,47,2,standard,Region VII,0,,0
CUST-103425,29,542.83,2,37,0,basic,Region IV-A,0,,0
CUST-103426,6,580.2,1,26,1,basic,Region VII,0,,0
CUST-103427,59,906.64,3,199,2,basic,Region III,1,unknown,0
CUST-103428,27,1331.4,2,112,1,standard,Region IV-A,0,,0
CUST-103429,43,485.11,5,193,1,basic,NCR,0,,0
CUST-103430,7,1160.42,3,16,2,standard,Region IV-A,0,,0
CUST-103431,57,397.61,5,68,1,standard,NCR,0,,0
CUST-103432,31,2039.4,5,152,1,standard,Region IV-A,0,,0
CUST-103433,5,1021.95,0,160,1,premium,Region XI,1,unknown,1
CUST-103434,22,1469.85,5,125,1,basic,Region III,0,,0
CUST-103435,13,521.88,1,56,1,basic,Region IV-A,0,,0
CUST-103436,5,1108.18,1,38,3,basic,Region XI,0,,0
CUST-103437,2,891.94,0,10,1,standard,NCR,0,,0
CUST-103438,43,1249.37,4,177,0,basic,Region VII,0,,0
CUST-103439,52,2014.27,3,138,1,premium,Region IV-A,0,,0
CUST-103440,39,1937.53,4,127,2,standard,Region III,0,,0
CUST-103441,41,1255.35,2,107,2,standard,Region III,0,,0
CUST-103442,3,195.38,2,111,1,basic,Region IV-A,0,,0
CUST-103443,11,642.28,0,10,1,standard,Region IV-A,0,,0
CUST-103444,3,1731.35,0,48,1,basic,Region III,0,,0
CUST-103445,58,948.19,10,84,0,standard,Region VII,0,,0
CUST-103446,44,916.3,2,81,0,standard,Region III,0,,0
CUST-103447,57,1142.94,3,117,0,basic,Region XI,0,,0
CUST-103448,54,1640.99,7,74,1,premium,Region III,0,,0
CUST-103449,14,2518.8,1,78,1,standard,Region VII,0,,0
CUST-103450,31,1005.76,5,39,2,standard,Region IV-A,0,,0
CUST-103451,39,688.8,2,8,0,basic,Region XI,1,no_longer_needed,0
CUST-103452,44,1383.01,4,163,2,basic,Region IV-A,0,,0
CUST-103453,40,1174.62,5,187,2,basic,Region III,0,,0
CUST-103454,27,572.37,2,152,2,standard,Region III,0,,0
CUST-103455,1,697.64,0,185,2,basic,Region VII,1,found_alternative,1
CUST-103456,56,2961.36,10,122,4,premium,Region IV-A,0,,0
CUST-103457,41,1056.46,5,177,0,premium,Region XI,0,,0
CUST-103458,50,678.74,1,84,1,basic,NCR,0,,0
CUST-103459,14,2282.83,2,139,1,standard,Region III,0,,0
CUST-103460,7,2008.19,0,61,3,basic,Region XI,0,,0
CUST-103461,54,1599.48,5,180,1,basic,Region VII,0,,0
CUST-103462,48,622.98,4,148,1,basic,NCR,0,,0
CUST-103463,50,753.92,5,171,2,standard,Region XI,0,,0
CUST-103464,26,1958.99,2,4,1,premium,Region IV-A,0,,0
CUST-103465,54,1780.57,2,108,1,basic,Region VII,0,,0
CUST-103466,14,747.21,2,119,2,basic,NCR,0,,0
CUST-103467,45,991.8,0,102,1,basic,NCR,0,,0
CUST-103468,30,727.97,2,89,0,standard,Region VII,0,,0
CUST-103469,10,272.17,0,123,1,basic,Region III,0,,0
CUST-103470,43,538.88,6,44,2,standard,NCR,0,,0
CUST-103471,22,1353.39,1,56,1,premium,Region VII,0,,0
CUST-103472,10,445.33,0,199,2,basic,Region III,0,,0
CUST-103473,42,1547.94,0,23,1,premium,Region XI,0,,0
CUST-103474,46,751.79,4,178,3,standard,NCR,0,,0
CUST-103475,20,1801.11,3,185,2,standard,NCR,0,,0
CUST-103476,58,847.17,1,100,1,standard,Region III,0,,0
CUST-103477,42,655.36,2,98,0,basic,Region III,0,,0
CUST-103478,2,1983.85,1,172,1,standard,Region VII,0,,0
CUST-103479,20,895.71,3,17,3,basic,Region III,0,,0
CUST-103480,58,1207.65,4,156,0,standard,Region XI,0,,0
CUST-103481,11,666.56,0,189,0,basic,Region IV-A,1,found_alternative,0
CUST-103482,57,838.29,3,66,1,basic,Region VII,0,,0
CUST-103483,31,360.68,2,161,1,basic,Region VII,1,poor_support,0
CUST-103484,40,1382.54,4,98,0,basic,Region XI,0,,0
CUST-103485,41,532.24,2,129,0,basic,Region IV-A,0,,0
CUST-103486,31,312.93,2,197,1,basic,Region III,0,,0
CUST-103487,31,1978.5,2,198,4,premium,Region IV-A,0,,0
CUST-103488,34,1296.69,2,80,2,standard,Region IV-A,0,,0
CUST-103489,38,1134.68,4,164,0,basic,Region VII,0,,0
CUST-103490,44,1035.42,1,57,2,standard,Region III,0,,0
CUST-103491,26,2074.81,3,15,0,standard,Region IV-A,0,,0
CUST-103492,26,513.81,2,141,0,basic,Region XI,1,found_alternative,0
CUST-103493,46,990.38,3,144,1,standard,Region VII,0,,0
CUST-103494,45,173.89,1,86,1,basic,Region XI,0,,0
CUST-103495,39,335.65,4,23,2,standard,NCR,0,,0
CUST-103496,28,1151.12,1,7,0,standard,Region VII,0,,0
CUST-103497,34,1057.42,3,154,1,basic,NCR,0,,0
CUST-103498,34,1113.69,5,24,2,standard,Region III,0,,0
CUST-103499,26,1060.67,3,53,1,basic,Region XI,0,,0
CUST-103500,11,1607.99,1,55,1,standard,NCR,0,,0
CUST-103501,32,738.37,4,69,1,basic,Region IV-A,0,,0
CUST-103502,27,889.76,1,30,0,standard,NCR,0,,0
CUST-103503,4,654.77,1,166,0,standard,Region III,0,,0
CUST-103504,57,948.06,6,97,0,basic,NCR,0,,0
CUST-103505,40,1711.88,3,26,1,standard,Region IV-A,0,,0
CUST-103506,7,1183.92,3,143,3,basic,Region VII,0,,0
CUST-103507,13,2510.25,1,188,1,standard,Region VII,1,too_expensive,0
CUST-103508,34,1074.17,2,35,2,standard,Region XI,0,,0
CUST-103509,51,596.48,3,25,2,basic,NCR,0,,0
CUST-103510,29,714.68,1,195,0,basic,Region IV-A,0,,0
CUST-103511,48,1250.28,2,5,2,basic,Region IV-A,0,,0
CUST-103512,8,1306.31,1,116,1,standard,NCR,0,,0
CUST-103513,32,782.06,2,5,0,standard,NCR,0,,0
CUST-103514,49,919.65,7,17,0,basic,Region III,0,,0
CUST-103515,50,492.72,10,161,4,basic,Region XI,0,,0
CUST-103516,15,1661.21,1,34,3,premium,Region IV-A,0,,0
CUST-103517,40,210.4,3,95,1,basic,Region IV-A,0,,0
CUST-103518,3,265.68,0,122,1,basic,Region IV-A,0,,0
CUST-103519,9,565.94,0,101,1,standard,Region XI,0,,0
CUST-103520,54,414.7,10,101,1,basic,Region IV-A,0,,0
CUST-103521,44,1600.96,3,166,1,premium,Region VII,0,,0
CUST-103522,13,1231.54,2,109,1,basic,Region III,0,,0
CUST-103523,59,1019.26,3,102,0,standard,Region XI,0,,0
CUST-103524,59,313.66,2,160,1,basic,NCR,0,,0
CUST-103525,3,1391.59,0,191,1,basic,Region III,1,found_alternative,1
CUST-103526,2,728.48,1,22,1,basic,Region III,0,,0
CUST-103527,15,2161.18,2,0,1,premium,NCR,0,,0
CUST-103528,47,1072.53,4,21,1,standard,Region IV-A,0,,0
CUST-103529,36,240.77,0,32,0,basic,Region XI,0,,0
CUST-103530,31,1061.38,2,10,1,premium,NCR,0,,0
CUST-103531,25,213.18,1,157,0,basic,Region XI,0,,0
CUST-103532,29,123.73,3,95,2,basic,Region XI,0,,0
CUST-103533,38,605.4,5,183,1,basic,Region XI,0,,0
CUST-103534,4,1080.12,0,63,0,standard,NCR,0,,0
CUST-103535,35,1604.7,2,141,0,basic,Region XI,0,,0
CUST-103536,14,1007.63,2,93,3,basic,Region IV-A,0,,0
CUST-103537,47,1875.15,2,59,0,premium,Region IV-A,0,,0
CUST-103538,12,800.45,1,157,1,standard,Region III,0,,0
CUST-103539,5,320.4,1,168,0,basic,Region IV-A,0,,0
CUST-103540,26,1070.74,0,34,0,standard,Region IV-A,0,,0
CUST-103541,26,553.5,5,44,0,basic,Region VII,0,,0
CUST-103542,31,1197.91,2,148,2,basic,Region III,0,,0
CUST-103543,51,569.33,3,87,2,basic,NCR,0,,0
CUST-103544,42,1259.8,1,107,1,standard,Region IV-A,0,,0
CUST-103545,22,2252.87,0,156,1,standard,Region VII,0,,0
CUST-103546,43,1166.92,2,148,4,basic,NCR,1,poor_support,0
CUST-103547,30,1662.57,1,80,2,basic,Region XI,0,,0
CUST-103548,14,248.87,1,126,0,basic,Region XI,0,,0
CUST-103549,2,548.11,0,164,0,standard,Region IV-A,0,,0
CUST-103550,1,1099.9,0,27,0,standard,Region XI,0,,0
CUST-103551,14,1411.34,1,120,0,standard,Region III,0,,0
CUST-103552,49,1592.32,4,88,5,premium,NCR,0,,0
CUST-103553,28,692.49,5,172,2,standard,Region VII,0,,0
CUST-103554,27,1711.79,2,56,2,premium,Region VII,0,,0
CUST-103555,24,1140.83,4,46,1,standard,Region XI,0,,0
CUST-103556,16,566.81,0,151,0,basic,Region III,0,,0
CUST-103557,43,1851.02,7,127,0,standard,NCR,0,,0
CUST-103558,1,1155.84,0,38,0,basic,Region VII,0,,0
CUST-103559,37,1469.27,2,132,1,basic,Region III,0,,0
CUST-103560,56,852.97,6,53,4,basic,NCR,0,,0
CUST-103561,52,1070.16,7,82,0,basic,Region VII,0,,0
CUST-103562,22,1234.07,2,198,1,standard,NCR,0,,0
CUST-103563,51,225.66,5,86,1,basic,Region XI,0,,0
CUST-103564,15,778.32,2,184,1,basic,Region III,0,,0
CUST-103565,15,1548.93,0,183,1,premium,Region VII,0,,0
CUST-103566,21,1576.67,2,131,2,standard,Region IV-A,0,,0
CUST-103567,2,445.43,0,44,2,basic,Region IV-A,0,,0
CUST-103568,16,812.62,4,128,1,basic,Region III,0,,0
CUST-103569,51,1545.97,1,19,1,basic,NCR,0,,0
CUST-103570,45,1265.48,5,138,3,premium,Region VII,0,,0
CUST-103571,20,260.74,2,103,0,basic,Region IV-A,0,,0
CUST-103572,19,1748.56,1,198,0,premium,Region XI,0,,0
CUST-103573,21,854.46,1,176,1,basic,Region XI,1,no_longer_needed,0
CUST-103574,8,459.33,1,28,1,standard,NCR,0,,0
CUST-103575,10,704.05,0,195,1,basic,Region III,1,poor_support,0
CUST-103576,59,794.07,7,124,1,basic,Region IV-A,0,,0
CUST-103577,41,667.76,2,179,1,basic,Region III,0,,0
CUST-103578,40,826.25,4,173,2,basic,Region VII,0,,0
CUST-103579,17,1478.66,3,154,0,premium,Region III,0,,0
CUST-103580,51,1165.4,5,142,1,standard,NCR,0,,0
CUST-103581,11,732.67,2,21,0,basic,Region III,0,,0
CUST-103582,58,1466.4,4,35,1,standard,Region VII,0,,0
CUST-103583,30,1190.62,0,124,1,basic,Region IV-A,0,,0
CUST-103584,20,1128.38,3,199,2,premium,Region III,0,,0
CUST-103585,45,1750.77,3,130,1,basic,Region VII,0,,0
CUST-103586,25,499.33,0,134,2,basic,NCR,0,,0
CUST-103587,16,913.77,4,98,0,basic,Region IV-A,0,,0
CUST-103588,41,956.93,1,95,5,basic,NCR,0,,0
CUST-103589,43,949.63,4,168,1,premium,Region VII,1,unknown,0
CUST-103590,36,293.83,5,119,1,basic,Region XI,0,,0
CUST-103591,28,559.38,0,196,1,basic,Region IV-A,1,poor_support,0
CUST-103592,20,1370.7,1,195,1,standard,Region XI,1,unknown,0
CUST-103593,24,107.03,2,194,2,basic,Region XI,1,found_alternative,0
CUST-103594,52,624.44,3,54,0,basic,Region VII,0,,0
CUST-103595,22,582.66,1,4,3,standard,NCR,0,,0
CUST-103596,58,1297.38,3,168,3,basic,NCR,0,,0
CUST-103597,9,861.84,0,7,5,standard,NCR,0,,0
CUST-103598,10,1216.88,0,131,1,standard,Region III,0,,0
CUST-103599,20,743.88,1,10,2,basic,Region IV-A,0,,0
CUST-103600,1,1202.45,0,190,0,basic,Region III,1,no_longer_needed,0
CUST-103601,52,591.94,10,62,2,basic,Region XI,0,,0
CUST-103602,21,756.3,2,192,0,standard,Region VII,0,,0
CUST-103603,7,579.21,2,149,2,standard,Region VII,1,poor_support,0
CUST-103604,37,1137.94,3,11,0,standard,Region VII,0,,0
CUST-103605,57,1123.83,6,114,2,basic,Region VII,0,,0
CUST-103606,59,639.3,6,5,3,standard,Region XI,0,,0
CUST-103607,7,722.71,0,97,1,basic,Region III,0,,0
CUST-103608,47,2333.47,9,142,0,premium,NCR,0,,0
CUST-103609,22,627.71,0,146,2,basic,Region III,0,,0
CUST-103610,50,613.23,5,108,2,standard,Region III,0,,0
CUST-103611,36,612.78,2,51,0,basic,Region XI,0,,0
CUST-103612,44,591.47,1,104,0,basic,Region IV-A,0,,0
CUST-103613,50,1182.07,5,198,5,basic,Region IV-A,0,,0
CUST-103614,53,1430.95,3,107,0,premium,NCR,0,,0
CUST-103615,9,460.17,0,49,0,standard,Region VII,0,,0
CUST-103616,43,1617.77,3,158,3,standard,Region VII,0,,0
CUST-103617,9,448.88,0,74,0,basic,Region XI,0,,0
CUST-103618,56,594.17,3,176,0,standard,NCR,0,,0
CUST-103619,38,743.2,4,170,0,basic,Region VII,0,,0
CUST-103620,12,756.56,1,4,1,standard,Region III,0,,0
CUST-103621,18,1243.86,1,157,0,basic,Region III,0,,0
CUST-103622,53,1113.44,1,155,1,standard,Region III,0,,0
CUST-103623,39,864.36,2,30,0,standard,Region III,0,,0
CUST-103624,14,451.38,1,26,3,basic,Region VII,0,,0
CUST-103625,49,2027.13,3,12,0,standard,NCR,0,,0
CUST-103626,43,1528.71,2,68,3,basic,Region XI,0,,0
CUST-103627,5,726.16,0,130,3,basic,Region XI,0,,0
CUST-103628,17,194.17,2,193,0,basic,Region XI,0,,0
CUST-103629,50,609.33,2,139,2,basic,Region XI,0,,0
CUST-103630,21,1165.66,5,121,3,basic,Region III,0,,0
CUST-103631,3,656.05,0,178,2,standard,Region IV-A,0,,0
CUST-103632,36,2110.05,2,12,0,standard,NCR,0,,0
CUST-103633,54,1719.1,4,5,1,basic,Region XI,0,,0
CUST-103634,33,1119.2,3,15,0,premium,Region VII,0,,0
CUST-103635,58,1034.42,3,173,1,premium,NCR,0,,0
CUST-103636,7,1277.94,0,62,3,basic,Region XI,0,,0
CUST-103637,40,1013.98,2,67,3,basic,NCR,0,,0
CUST-103638,39,1244.55,4,91,1,premium,Region VII,0,,0
CUST-103639,59,1332.33,4,72,0,basic,NCR,0,,0
CUST-103640,31,322.76,4,193,1,basic,Region VII,0,,0
CUST-103641,49,1299.44,4,128,0,premium,Region XI,0,,0
CUST-103642,9,1790.5,0,140,1,standard,Region XI,0,,0
CUST-103643,3,1371.43,0,171,0,standard,NCR,0,,0
CUST-103644,43,1870.94,3,128,2,premium,NCR,0,,0
CUST-103645,1,2761.75,1,82,2,basic,NCR,0,,0
CUST-103646,52,1198.73,3,97,6,standard,Region XI,0,,0
CUST-103647,2,1211.65,0,1,1,standard,NCR,0,,0
CUST-103648,41,339.29,2,66,2,basic,Region III,0,,0
CUST-103649,27,608.62,2,129,2,basic,Region IV-A,0,,0
CUST-103650,39,1083.82,2,51,3,basic,Region III,0,,0
CUST-103651,37,1296.48,4,110,2,standard,Region IV-A,0,,0
CUST-103652,27,1560.44,4,95,3,standard,Region III,0,,0
CUST-103653,29,1398.2,2,194,0,premium,Region III,0,,0
CUST-103654,30,790.17,3,194,1,basic,Region III,0,,0
CUST-103655,40,952.7,2,105,1,standard,Region XI,0,,0
CUST-103656,42,208.85,3,58,0,basic,NCR,0,,0
CUST-103657,27,954.8,1,126,2,premium,Region XI,0,,0
CUST-103658,21,937.06,2,185,0,standard,Region IV-A,0,,0
CUST-103659,3,1676.91,0,174,1,standard,Region III,0,,0
CUST-103660,46,822.97,3,80,2,basic,Region IV-A,0,,0
CUST-103661,14,714.1,1,54,5,basic,Region XI,0,,0
CUST-103662,26,750.98,0,120,0,basic,Region XI,0,,0
CUST-103663,59,917.79,4,2,2,standard,Region XI,0,,0
CUST-103664,47,661.72,4,81,1,basic,Region III,0,,0
CUST-103665,21,724.83,4,149,2,standard,Region XI,0,,0
CUST-103666,29,882.32,0,107,1,basic,Region VII,1,too_expensive,1
CUST-103667,20,1685.87,3,136,0,standard,NCR,0,,0
CUST-103668,37,785.69,6,109,0,basic,Region IV-A,0,,0
CUST-103669,10,934.59,1,176,0,basic,Region XI,0,,0
CUST-103670,57,1073.77,7,127,0,standard,Region IV-A,0,,0
CUST-103671,59,1046.68,2,46,0,basic,Region IV-A,0,,0
CUST-103672,18,697.62,0,175,0,basic,Region III,0,,0
CUST-103673,14,450.05,1,85,1,standard,NCR,1,found_alternative,1
CUST-103674,32,442.13,4,16,2,basic,Region XI,0,,0
CUST-103675,39,976.91,3,9,1,standard,Region VII,0,,0
CUST-103676,38,2184.85,3,122,0,standard,Region III,0,,0
CUST-103677,3,470.53,0,142,0,basic,Region III,1,unknown,0
CUST-103678,42,546.86,4,44,0,basic,Region IV-A,0,,0
CUST-103679,4,527.51,0,38,1,basic,Region VII,0,,0
CUST-103680,21,232.45,1,72,1,basic,NCR,0,,0
CUST-103681,43,738.02,3,110,1,basic,Region VII,1,poor_support,0
CUST-103682,53,426.39,1,1,3,standard,Region XI,0,,0
CUST-103683,38,891.67,3,100,0,basic,Region IV-A,0,,0
CUST-103684,10,1660.84,1,18,2,premium,NCR,0,,0
CUST-103685,41,407.97,1,81,3,standard,NCR,0,,0
CUST-103686,3,2761.1,0,81,1,basic,NCR,0,,0
CUST-103687,14,528.32,1,9,1,standard,Region XI,0,,0
CUST-103688,8,388.76,0,7,1,basic,Region IV-A,0,,0
CUST-103689,59,2233.9,4,121,0,basic,NCR,0,,0
CUST-103690,22,862.51,3,71,3,premium,Region XI,0,,0
CUST-103691,33,800.4,2,102,0,basic,Region XI,0,,0
CUST-103692,47,963.47,4,36,4,basic,NCR,1,no_longer_needed,0
CUST-103693,58,1233.67,7,48,4,premium,Region VII,0,,0
CUST-103694,59,1233.08,3,64,1,premium,Region III,0,,0
CUST-103695,10,1204.36,1,132,0,standard,NCR,0,,0
CUST-103696,24,1742.8,1,85,1,standard,NCR,0,,0
CUST-103697,24,1049.45,2,194,5,standard,Region IV-A,1,found_alternative,0
CUST-103698,47,2261.37,0,176,2,standard,Region XI,0,,0
CUST-103699,20,263.68,2,186,1,basic,Region XI,0,,0
CUST-103700,14,2226.48,0,26,2,standard,Region VII,0,,0
CUST-103701,45,842.37,10,177,3,standard,Region XI,0,,0
CUST-103702,30,1964.71,3,3,2,basic,Region III,0,,0
CUST-103703,45,1099.16,1,150,4,basic,NCR,0,,0
CUST-103704,23,400.91,2,104,0,basic,NCR,0,,0
CUST-103705,29,896.74,6,160,2,basic,NCR,0,,0
CUST-103706,1,194.69,0,92,2,basic,Region VII,0,,0
CUST-103707,1,485.53,0,142,1,basic,NCR,0,,0
CUST-103708,1,1236.68,0,65,4,premium,Region IV-A,1,found_alternative,0
CUST-103709,11,741.94,0,81,2,basic,Region VII,0,,0
CUST-103710,21,1520.1,1,183,1,basic,Region XI,0,,0
CUST-103711,3,791.29,1,37,1,standard,NCR,0,,0
CUST-103712,10,437.2,1,122,2,basic,NCR,0,,0
CUST-103713,50,670.25,6,151,0,standard,NCR,0,,0
CUST-103714,51,1114.32,1,40,1,standard,NCR,0,,0
CUST-103715,18,1448.02,3,123,1,standard,Region III,0,,0
CUST-103716,56,499.59,2,106,1,basic,Region III,0,,0
CUST-103717,7,868.17,0,161,1,basic,Region XI,0,,0
CUST-103718,2,319.47,0,130,2,standard,Region IV-A,0,,0
CUST-103719,21,562.24,0,190,3,basic,Region III,1,poor_support,1
CUST-103720,16,217.94,0,108,1,basic,Region IV-A,0,,0
CUST-103721,5,1859.08,0,78,0,basic,Region VII,0,,0
CUST-103722,50,2147.49,4,115,2,standard,Region III,0,,0
CUST-103723,58,1103.46,5,180,1,standard,NCR,0,,0
CUST-103724,16,498.88,3,2,2,standard,Region IV-A,0,,0
CUST-103725,19,547.46,1,13,1,standard,Region VII,0,,0
CUST-103726,43,821.39,1,31,3,basic,Region III,0,,0
CUST-103727,56,1404.83,4,51,0,premium,Region IV-A,0,,0
CUST-103728,17,448.26,0,119,0,standard,Region III,0,,0
CUST-103729,41,529.69,4,93,0,basic,Region XI,0,,0
CUST-103730,2,704.09,1,114,1,basic,Region XI,0,,0
CUST-103731,34,1544.83,0,187,0,basic,Region VII,0,,0
CUST-103732,59,1594.64,4,3,1,premium,Region XI,0,,0
CUST-103733,29,559.19,1,194,0,basic,NCR,0,,0
CUST-103734,38,1621.91,0,60,0,basic,Region VII,0,,0
CUST-103735,41,2405.92,3,102,2,premium,Region IV-A,0,,0
CUST-103736,38,1424.4,2,32,1,standard,Region VII,0,,0
CUST-103737,41,246.59,2,116,0,basic,NCR,0,,0
CUST-103738,53,905.84,7,47,0,standard,NCR,0,,0
CUST-103739,1,783.47,0,89,1,standard,Region III,0,,0
CUST-103740,53,484.62,5,43,1,basic,Region IV-A,0,,0
CUST-103741,54,1909.73,5,178,1,standard,Region XI,0,,0
CUST-103742,54,2010.14,2,122,0,standard,Region XI,0,,0
CUST-103743,22,800.16,1,170,0,standard,Region IV-A,0,,0
CUST-103744,35,1229.99,3,184,0,premium,NCR,0,,0
CUST-103745,21,540.08,4,50,1,standard,Region XI,0,,0
CUST-103746,50,1799.74,3,95,0,standard,Region IV-A,0,,0
CUST-103747,24,1585.62,1,13,0,standard,NCR,0,,0
CUST-103748,19,457.91,1,195,2,basic,Region VII,0,,0
CUST-103749,41,495.78,0,14,1,basic,Region XI,0,,0
CUST-103750,3,1557.04,0,30,0,premium,Region XI,0,,0
CUST-103751,23,1196.42,0,180,0,standard,Region XI,0,,0
CUST-103752,13,751.99,0,79,1,basic,Region XI,0,,0
CUST-103753,23,1274.48,1,145,2,basic,Region VII,0,,0
CUST-103754,27,1041.95,1,126,1,basic,Region VII,0,,0
CUST-103755,4,875.0,0,34,2,basic,NCR,1,poor_support,0
CUST-103756,52,534.26,1,130,1,basic,Region VII,0,,0
CUST-103757,25,1309.98,1,140,1,standard,Region XI,0,,0
CUST-103758,22,872.59,0,23,1,basic,Region XI,0,,0
CUST-103759,9,812.68,1,81,2,standard,Region XI,0,,0
CUST-103760,59,1193.37,3,21,0,premium,NCR,0,,0
CUST-103761,51,1057.22,6,116,2,premium,Region III,0,,0
CUST-103762,29,1075.53,1,18,3,standard,Region XI,0,,0
CUST-103763,20,1180.74,2,119,2,basic,Region XI,0,,0
CUST-103764,28,595.07,2,147,0,standard,Region IV-A,0,,0
CUST-103765,57,826.4,3,136,1,standard,Region XI,0,,0
CUST-103766,14,1221.51,0,14,0,basic,Region VII,0,,0
CUST-103767,41,1238.52,1,56,1,premium,Region III,0,,0
CUST-103768,54,1014.62,5,178,1,standard,Region IV-A,0,,0
CUST-103769,45,655.25,4,185,2,standard,Region III,0,,0
CUST-103770,52,379.74,1,22,0,basic,Region VII,0,,0
CUST-103771,56,561.46,5,175,2,basic,Region III,0,,0
CUST-103772,4,1266.51,0,20,0,premium,NCR,0,,0
CUST-103773,15,938.66,1,2,0,basic,Region IV-A,0,,0
CUST-103774,9,1653.96,2,25,2,basic,Region IV-A,0,,0
CUST-103775,34,626.53,1,137,2,standard,Region XI,0,,0
CUST-103776,25,512.79,2,199,1,standard,NCR,0,,0
CUST-103777,3,242.53,0,108,2,basic,Region XI,1,poor_support,0
CUST-103778,33,815.91,1,40,2,basic,Region III,0,,0
CUST-103779,6,1194.48,0,101,2,standard,NCR,0,,0
CUST-103780,25,1081.77,0,89,1,premium,Region IV-A,0,,0
CUST-103781,22,783.93,4,22,1,basic,Region IV-A,0,,0
CUST-103782,53,1538.96,2,72,0,standard,Region XI,0,,0
CUST-103783,41,633.73,6,107,1,basic,Region IV-A,0,,0
CUST-103784,37,849.63,2,150,1,standard,NCR,0,,0
CUST-103785,50,585.01,4,147,0,standard,Region IV-A,0,,0
CUST-103786,11,1164.08,2,34,0,standard,Region XI,0,,0
CUST-103787,16,703.8,2,2,1,standard,Region VII,0,,0
CUST-103788,45,1047.36,2,189,2,basic,Region III,0,,0
CUST-103789,45,623.44,3,84,0,basic,Region VII,0,,0
CUST-103790,2,914.87,1,71,2,standard,Region VII,0,,0
CUST-103791,14,202.48,2,124,1,basic,Region III,0,,0
CUST-103792,14,1560.34,0,48,2,standard,Region IV-A,0,,0
CUST-103793,1,1149.1,0,29,0,basic,Region III,0,,0
CUST-103794,40,445.26,3,113,0,basic,NCR,0,,0
CUST-103795,4,1307.03,1,197,1,standard,Region XI,0,,0
CUST-103796,50,369.93,1,80,0,basic,Region III,0,,0
CUST-103797,35,1667.41,1,137,1,premium,Region III,0,,0
CUST-103798,45,953.53,4,88,3,basic,NCR,0,,0
CUST-103799,30,1588.54,5,136,0,basic,Region IV-A,0,,0
CUST-103800,58,938.61,4,143,0,basic,Region VII,0,,0
CUST-103801,16,420.64,3,90,2,basic,Region XI,0,,0
CUST-103802,33,1036.81,3,92,2,standard,Region VII,0,,0
CUST-103803,1,614.45,0,16,1,basic,Region XI,0,,0
CUST-103804,50,1537.7,2,159,1,basic,Region XI,0,,0
CUST-103805,34,875.33,7,180,0,premium,Region VII,0,,0
CUST-103806,11,768.58,0,2,0,basic,Region XI,0,,0
CUST-103807,49,408.49,7,11,1,basic,Region III,0,,0
CUST-103808,59,2358.8,6,130,3,premium,Region VII,0,,0
CUST-103809,5,1067.0,0,155,1,standard,Region VII,1,found_alternative,0
CUST-103810,50,989.7,6,107,0,basic,Region IV-A,0,,0
CUST-103811,44,1219.13,5,33,2,premium,Region VII,0,,0
CUST-103812,21,1328.19,0,139,1,standard,Region VII,0,,0
CUST-103813,38,421.36,1,143,3,basic,Region IV-A,0,,0
CUST-103814,47,439.02,9,105,0,basic,Region XI,0,,0
CUST-103815,29,2126.67,2,97,2,premium,NCR,0,,0
CUST-103816,40,2442.68,3,104,0,basic,Region III,0,,0
CUST-103817,3,469.06,1,90,0,standard,Region III,0,,0
CUST-103818,55,514.87,4,164,1,basic,Region XI,0,,0
CUST-103819,55,1280.62,2,199,0,basic,Region IV-A,0,,0
CUST-103820,13,1552.07,0,143,2,premium,Region XI,0,,0
CUST-103821,29,1058.02,1,199,1,premium,Region XI,0,,0
CUST-103822,15,598.2,2,175,2,basic,Region IV-A,0,,0
CUST-103823,24,480.98,1,10,0,basic,Region VII,0,,0
CUST-103824,17,1280.03,1,83,1,standard,Region III,0,,0
CUST-103825,51,706.89,3,179,2,standard,NCR,0,,0
CUST-103826,41,603.92,3,86,1,basic,Region IV-A,0,,0
CUST-103827,50,1135.85,6,1,1,basic,Region III,0,,0
CUST-103828,47,1468.88,3,15,3,premium,Region VII,0,,0
CUST-103829,43,1375.23,7,120,0,basic,Region IV-A,0,,0
CUST-103830,10,447.46,0,174,0,basic,NCR,0,,0
CUST-103831,49,589.82,0,164,0,basic,Region IV-A,0,,0
CUST-103832,47,415.2,4,178,2,basic,Region IV-A,0,,0
CUST-103833,8,787.4,0,64,1,standard,NCR,0,,0
CUST-103834,6,301.11,0,186,1,basic,Region IV-A,0,,0
CUST-103835,45,377.82,4,140,1,standard,Region XI,0,,0
CUST-103836,24,270.14,5,40,0,basic,Region XI,0,,0
CUST-103837,20,1164.12,2,121,3,basic,Region XI,0,,0
CUST-103838,24,886.06,1,2,0,premium,Region XI,0,,0
CUST-103839,52,1178.82,6,91,0,standard,Region XI,0,,0
CUST-103840,22,555.04,1,48,4,basic,NCR,0,,0
CUST-103841,22,614.42,2,170,0,basic,Region IV-A,0,,0
CUST-103842,24,559.09,2,29,3,standard,Region IV-A,0,,0
CUST-103843,4,743.89,0,136,2,standard,Region XI,1,too_expensive,1
CUST-103844,3,1074.2,1,104,1,standard,Region III,0,,0
CUST-103845,25,539.72,2,159,1,standard,Region VII,0,,0
CUST-103846,1,473.21,0,52,2,basic,Region VII,0,,0
CUST-103847,45,1349.23,5,15,0,premium,Region IV-A,0,,0
CUST-103848,26,942.04,0,133,0,basic,Region III,0,,0
CUST-103849,30,627.93,3,41,1,basic,NCR,0,,0
CUST-103850,20,2041.5,0,145,1,standard,Region IV-A,0,,0
CUST-103851,46,729.25,5,119,0,basic,NCR,0,,0
CUST-103852,26,1060.19,3,86,3,basic,Region VII,0,,0
CUST-103853,3,827.2,0,164,5,basic,Region III,0,,0
CUST-103854,29,813.0,2,41,3,standard,Region XI,0,,0
CUST-103855,11,437.4,0,154,0,standard,Region XI,0,,0
CUST-103856,36,1388.79,1,131,2,standard,Region XI,0,,0
CUST-103857,34,1131.46,4,93,0,basic,Region VII,0,,0
CUST-103858,28,1753.96,1,106,0,basic,NCR,0,,0
CUST-103859,23,816.59,1,164,1,standard,Region XI,1,too_expensive,1
CUST-103860,36,2381.44,3,78,2,standard,NCR,0,,0
CUST-103861,41,1095.27,2,177,2,basic,Region IV-A,1,unknown,0
CUST-103862,52,1381.44,4,197,4,basic,Region XI,0,,0
CUST-103863,57,323.73,6,118,2,basic,NCR,0,,0
CUST-103864,5,770.86,0,93,2,basic,Region IV-A,0,,0
CUST-103865,39,1850.78,4,29,2,standard,Region IV-A,0,,0
CUST-103866,5,569.26,0,79,0,standard,NCR,0,,0
CUST-103867,25,664.67,1,121,1,premium,NCR,0,,0
CUST-103868,44,538.31,1,63,5,basic,Region XI,0,,0
CUST-103869,32,1803.79,3,62,2,basic,Region XI,0,,0
CUST-103870,48,1711.2,8,11,2,standard,NCR,0,,0
CUST-103871,54,723.35,2,71,0,basic,Region III,0,,0
CUST-103872,58,728.74,7,65,0,standard,Region III,0,,0
CUST-103873,40,1247.83,5,178,5,standard,NCR,0,,0
CUST-103874,40,1463.52,5,14,0,basic,NCR,0,,0
CUST-103875,48,1095.11,5,197,1,basic,Region IV-A,0,,0
CUST-103876,14,1585.15,1,121,2,basic,Region IV-A,0,,0
CUST-103877,18,1839.98,0,141,2,standard,Region XI,0,,0
CUST-103878,21,945.83,2,135,0,basic,Region III,0,,0
CUST-103879,44,1129.17,4,62,1,basic,Region IV-A,0,,0
CUST-103880,21,826.82,1,147,1,basic,Region III,0,,0
CUST-103881,9,454.94,1,55,1,standard,NCR,0,,0
CUST-103882,48,1443.42,3,56,1,premium,Region VII,0,,0
CUST-103883,45,924.67,3,8,1,premium,Region VII,0,,0
CUST-103884,36,542.44,8,189,1,standard,Region VII,0,,0
CUST-103885,53,1280.0,5,11,2,basic,NCR,0,,0
CUST-103886,47,517.4,8,83,0,basic,Region VII,0,,0
CUST-103887,54,643.25,3,14,2,basic,Region VII,0,,0
CUST-103888,16,638.17,2,193,1,standard,Region IV-A,0,,0
CUST-103889,7,683.28,0,135,0,standard,Region VII,0,,0
CUST-103890,21,702.85,1,115,0,basic,NCR,0,,0
CUST-103891,49,1477.25,8,38,1,premium,Region III,0,,0
CUST-103892,55,677.48,4,181,0,basic,NCR,0,,0
CUST-103893,7,1232.04,1,16,2,standard,Region IV-A,0,,0
CUST-103894,51,1768.16,3,85,0,premium,Region XI,0,,0
CUST-103895,29,487.23,1,198,1,standard,NCR,0,,0
CUST-103896,49,1266.5,6,74,1,standard,Region IV-A,0,,0
CUST-103897,41,1092.61,1,142,1,standard,Region III,1,too_expensive,0
CUST-103898,4,1082.89,0,9,1,standard,Region XI,0,,0
CUST-103899,29,590.82,0,120,2,standard,Region VII,0,,0
CUST-103900,6,581.47,0,132,0,basic,Region III,0,,0
CUST-103901,21,1063.7,5,109,1,basic,Region III,0,,0
CUST-103902,45,556.52,6,113,0,standard,Region IV-A,0,,0
CUST-103903,41,2612.38,3,191,0,standard,NCR,0,,0
CUST-103904,42,1532.43,0,146,2,standard,NCR,0,,0
CUST-103905,39,407.02,4,123,1,basic,Region VII,0,,0
CUST-103906,1,610.38,0,21,0,basic,Region XI,0,,0
CUST-103907,35,280.01,7,7,3,basic,Region VII,0,,0
CUST-103908,29,1910.62,4,1,1,premium,NCR,0,,0
CUST-103909,32,683.76,2,117,0,basic,Region XI,0,,0
CUST-103910,13,860.42,0,111,2,basic,Region III,0,,0
CUST-103911,42,756.61,6,86,3,basic,Region XI,0,,0
CUST-103912,36,1106.01,2,138,2,basic,Region III,1,too_expensive,0
CUST-103913,24,400.76,4,199,1,basic,Region IV-A,0,,0
CUST-103914,4,2971.47,0,54,0,standard,Region XI,0,,0
CUST-103915,5,1106.52,1,97,0,basic,Region IV-A,0,,0
CUST-103916,22,1187.87,3,8,0,basic,Region VII,0,,0
CUST-103917,32,901.71,2,156,1,basic,Region IV-A,0,,0
CUST-103918,59,394.81,2,4,2,basic,NCR,0,,0
CUST-103919,43,864.35,1,163,2,standard,Region VII,0,,0
CUST-103920,29,1163.99,2,151,1,premium,Region III,0,,0
CUST-103921,18,1691.79,1,10,0,standard,Region IV-A,0,,0
CUST-103922,10,1026.59,0,199,1,premium,Region III,0,,0
CUST-103923,9,784.42,1,192,0,basic,Region XI,0,,0
CUST-103924,5,918.43,0,73,3,premium,Region IV-A,0,,0
CUST-103925,54,1090.44,6,103,2,basic,Region VII,0,,0
CUST-103926,1,738.88,0,156,2,standard,Region IV-A,0,,0
CUST-103927,51,1404.38,0,165,2,standard,Region III,0,,0
CUST-103928,35,1356.49,1,3,0,basic,Region IV-A,0,,0
CUST-103929,37,2055.76,1,128,0,basic,Region VII,0,,0
CUST-103930,57,694.99,6,31,1,basic,NCR,0,,0
CUST-103931,47,894.78,3,90,0,basic,NCR,0,,0
CUST-103932,9,750.62,1,188,0,basic,NCR,0,,0
CUST-103933,58,1203.84,5,54,1,premium,Region XI,0,,0
CUST-103934,11,1261.02,1,100,2,basic,Region IV-A,0,,0
CUST-103935,34,832.9,3,37,0,standard,Region III,0,,0
CUST-103936,38,1362.8,2,193,3,standard,NCR,0,,0
CUST-103937,15,100.77,2,142,0,basic,Region VII,0,,0
CUST-103938,38,486.93,1,39,0,basic,Region IV-A,0,,0
CUST-103939,38,1280.86,2,15,1,basic,Region VII,0,,0
CUST-103940,58,775.33,4,153,0,basic,Region VII,0,,0
CUST-103941,54,1387.26,6,48,2,basic,NCR,0,,0
CUST-103942,24,788.74,2,158,2,basic,Region VII,0,,0
CUST-103943,41,1226.67,3,105,2,basic,Region VII,0,,0
CUST-103944,49,730.31,4,177,1,standard,Region III,0,,0
CUST-103945,2,1374.02,0,43,1,standard,Region III,0,,0
CUST-103946,41,1007.32,1,58,2,basic,Region IV-A,0,,0
CUST-103947,55,976.14,4,109,2,standard,Region III,0,,0
CUST-103948,8,1837.85,3,181,0,premium,Region XI,0,,0
CUST-103949,45,1349.43,2,72,1,basic,NCR,0,,0
CUST-103950,4,1172.85,0,122,0,basic,NCR,0,,0
CUST-103951,24,1263.5,1,53,2,basic,Region XI,0,,0
CUST-103952,49,1009.47,4,133,2,basic,Region VII,0,,0
CUST-103953,59,615.75,7,143,0,standard,Region XI,0,,0
CUST-103954,43,1084.27,5,18,2,standard,NCR,0,,0
CUST-103955,43,982.76,3,48,3,standard,NCR,0,,0
CUST-103956,16,949.23,2,101,0,basic,Region XI,0,,0
CUST-103957,49,1610.51,3,39,2,standard,Region XI,0,,0
CUST-103958,39,1195.35,0,42,1,basic,Region XI,0,,0
CUST-103959,56,1157.92,4,33,1,basic,Region XI,0,,0
CUST-103960,36,147.87,2,135,3,basic,Region III,0,,0
CUST-103961,3,1343.39,0,40,1,premium,NCR,0,,0
CUST-103962,31,854.23,1,196,1,standard,Region III,0,,0
CUST-103963,46,1325.27,0,2,2,standard,Region XI,0,,0
CUST-103964,47,1796.92,3,61,1,standard,Region IV-A,0,,0
CUST-103965,23,916.52,4,143,3,basic,NCR,0,,0
CUST-103966,11,311.26,0,91,1,basic,Region VII,0,,0
CUST-103967,52,1037.49,3,113,1,standard,Region XI,0,,0
CUST-103968,49,653.33,2,11,2,premium,NCR,0,,0
CUST-103969,52,1534.15,1,9,0,standard,Region IV-A,0,,0
CUST-103970,40,592.21,3,36,0,basic,Region VII,0,,0
CUST-103971,49,2038.69,4,96,2,premium,Region XI,0,,0
CUST-103972,24,1464.32,3,103,0,basic,Region VII,0,,0
CUST-103973,46,1634.29,3,166,1,basic,Region III,0,,0
CUST-103974,29,585.47,2,23,1,basic,Region XI,0,,0
CUST-103975,47,2203.61,3,95,2,basic,Region III,0,,0
CUST-103976,9,1684.8,1,72,1,standard,Region VII,0,,0
CUST-103977,18,864.85,0,199,1,standard,Region XI,0,,0
CUST-103978,13,1531.06,0,188,3,basic,Region IV-A,1,no_longer_needed,0
CUST-103979,24,597.64,2,20,1,basic,Region VII,0,,0
CUST-103980,49,1217.27,7,132,1,standard,Region XI,0,,0
CUST-103981,7,1127.64,0,122,3,basic,Region VII,0,,0
CUST-103982,44,1081.6,2,0,0,basic,Region IV-A,0,,0
CUST-103983,50,498.42,4,105,0,basic,Region VII,0,,0
CUST-103984,40,2204.61,1,139,1,premium,Region IV-A,0,,0
CUST-103985,39,1919.96,4,117,0,premium,Region VII,0,,0
CUST-103986,9,1873.85,0,130,2,basic,NCR,0,,0
CUST-103987,37,1835.11,4,103,1,standard,NCR,0,,0
CUST-103988,14,2023.29,0,186,1,premium,Region IV-A,0,,0
CUST-103989,15,1434.26,5,112,1,basic,NCR,0,,0
CUST-103990,51,1725.16,5,144,0,premium,Region VII,0,,0
CUST-103991,37,756.18,1,181,0,basic,NCR,0,,0
CUST-103992,59,1404.93,3,107,1,standard,Region IV-A,0,,0
CUST-103993,27,721.01,3,72,0,standard,NCR,0,,0
CUST-103994,22,1524.55,2,136,2,basic,Region XI,0,,0
CUST-103995,59,2813.01,4,131,3,standard,Region XI,0,,0
CUST-103996,37,1431.34,4,154,2,standard,NCR,0,,0
CUST-103997,51,643.56,3,44,0,basic,Region III,0,,0
CUST-103998,3,688.3,0,3,0,standard,Region XI,0,,0
CUST-103999,32,1339.79,4,71,0,premium,Region IV-A,0,,0
CUST-104000,49,2041.81,6,154,2,premium,Region XI,0,,0
CUST-104001,48,1334.97,3,107,1,standard,NCR,0,,0
CUST-104002,43,968.79,3,15,0,basic,Region IV-A,0,,0
CUST-104003,10,788.57,0,141,0,basic,Region XI,0,,0
CUST-104004,33,1041.49,4,117,0,basic,NCR,0,,0
CUST-104005,6,553.31,2,182,1,standard,NCR,0,,0
CUST-104006,48,929.72,4,78,2,standard,Region VII,0,,0
CUST-104007,38,1254.75,3,140,2,premium,NCR,0,,0
CUST-104008,12,673.16,1,173,0,basic,Region III,0,,0
CUST-104009,43,1906.09,5,137,2,premium,Region XI,0,,0
CUST-104010,43,883.27,1,182,2,premium,Region XI,0,,0
CUST-104011,4,923.22,0,85,1,standard,NCR,0,,0
CUST-104012,6,1476.27,0,4,1,premium,Region IV-A,0,,0
CUST-104013,12,779.24,1,47,1,basic,Region VII,0,,0
CUST-104014,5,797.89,1,30,1,basic,Region III,0,,0
CUST-104015,32,272.57,3,142,1,basic,Region III,0,,0
CUST-104016,52,1026.54,2,130,1,basic,Region IV-A,0,,0
CUST-104017,4,334.12,0,74,1,basic,Region VII,0,,0
CUST-104018,37,673.5,1,94,3,standard,NCR,0,,0
CUST-104019,26,1298.89,2,174,1,basic,NCR,0,,0
CUST-104020,50,872.44,4,68,2,basic,NCR,0,,0
CUST-104021,29,595.37,1,172,4,basic,Region III,0,,0
CUST-104022,40,2469.7,2,35,0,standard,Region III,0,,0
CUST-104023,55,1281.88,3,15,1,premium,Region IV-A,0,,0
CUST-104024,9,414.2,1,50,1,basic,Region III,0,,0
CUST-104025,19,475.76,2,7,2,standard,Region VII,0,,0
CUST-104026,16,2035.14,1,12,0,premium,Region III,0,,0
CUST-104027,10,1488.31,0,92,0,standard,Region XI,0,,0
CUST-104028,39,1083.64,4,81,0,standard,Region III,0,,0
CUST-104029,1,767.58,0,44,0,standard,Region III,0,,0
CUST-104030,23,1720.15,1,32,2,premium,Region XI,0,,0
CUST-104031,8,1205.34,1,47,1,basic,Region VII,0,,0
CUST-104032,37,352.95,1,148,1,standard,NCR,0,,0
CUST-104033,45,409.59,6,82,0,basic,NCR,0,,0
CUST-104034,28,1310.89,0,116,0,basic,NCR,0,,0
CUST-104035,27,586.79,2,156,0,standard,Region VII,0,,0
CUST-104036,27,911.75,2,155,1,standard,Region VII,0,,0
CUST-104037,12,1390.16,1,33,0,premium,Region XI,0,,0
CUST-104038,23,1099.03,6,120,1,premium,Region III,0,,0
CUST-104039,56,1144.19,4,190,3,standard,NCR,0,,0
CUST-104040,3,752.15,1,93,1,standard,Region IV-A,0,,0
CUST-104041,47,1011.4,3,121,2,premium,NCR,0,,0
CUST-104042,10,320.91,0,175,3,basic,NCR,0,,0
CUST-104043,7,317.64,0,153,1,basic,Region VII,0,,0
CUST-104044,17,1424.01,2,72,1,basic,Region III,0,,0
CUST-104045,16,1415.08,2,31,1,standard,Region XI,0,,0
CUST-104046,19,1114.86,0,135,1,standard,Region IV-A,0,,0
CUST-104047,51,1031.49,3,30,2,standard,Region VII,0,,0
CUST-104048,54,2199.72,2,74,1,basic,Region XI,0,,0
CUST-104049,41,1577.18,3,63,2,standard,Region IV-A,1,poor_support,0
CUST-104050,9,1906.01,1,27,0,standard,Region III,0,,0
CUST-104051,56,1412.49,4,178,0,premium,Region VII,0,,0
CUST-104052,51,489.73,6,169,2,basic,Region XI,1,found_alternative,0
CUST-104053,5,649.31,0,167,0,standard,Region III,1,no_longer_needed,0
CUST-104054,23,691.77,2,66,3,standard,Region XI,0,,0
CUST-104055,46,781.18,3,53,2,standard,Region XI,0,,0
CUST-104056,6,794.19,1,99,0,basic,NCR,0,,0
CUST-104057,5,876.26,1,83,3,basic,Region XI,0,,0
CUST-104058,36,665.59,0,74,2,basic,NCR,0,,0
CUST-104059,20,609.99,1,99,3,basic,Region XI,0,,0
CUST-104060,27,599.36,1,136,0,standard,Region XI,0,,0
CUST-104061,45,2491.59,5,64,3,standard,Region XI,0,,0
CUST-104062,33,541.54,3,151,2,standard,Region III,1,unknown,0
CUST-104063,42,1869.55,1,190,1,basic,Region XI,0,,0
CUST-104064,8,672.59,1,123,1,basic,Region IV-A,0,,0
CUST-104065,1,904.36,0,135,1,standard,NCR,0,,0
CUST-104066,15,753.73,3,115,0,standard,Region XI,0,,0
CUST-104067,12,1381.12,1,86,0,standard,Region XI,0,,0
CUST-104068,20,673.82,2,6,3,standard,Region III,0,,0
CUST-104069,46,1415.46,4,1,3,premium,Region III,0,,0
CUST-104070,9,1654.92,0,89,1,premium,Region IV-A,0,,0
CUST-104071,8,420.36,0,11,1,standard,Region III,0,,0
CUST-104072,12,552.15,4,52,1,basic,Region VII,0,,0
CUST-104073,20,2312.55,2,109,1,basic,Region III,0,,0
CUST-104074,12,773.84,1,7,1,standard,Region III,0,,0
CUST-104075,11,455.31,1,151,3,basic,Region III,0,,0
CUST-104076,35,593.71,8,106,1,basic,Region VII,0,,0
CUST-104077,7,2608.89,0,123,0,basic,Region IV-A,0,,0
CUST-104078,10,2486.71,1,34,3,premium,NCR,0,,0
CUST-104079,50,753.24,4,162,0,basic,Region IV-A,0,,0
CUST-104080,2,1655.03,1,117,1,standard,Region VII,0,,0
CUST-104081,4,1346.47,1,154,1,premium,NCR,0,,0
CUST-104082,5,1068.9,2,17,1,standard,Region III,0,,0
CUST-104083,32,991.13,3,160,2,basic,Region III,0,,0
CUST-104084,41,1470.73,3,106,0,standard,Region XI,0,,0
CUST-104085,41,841.67,2,121,2,standard,Region III,0,,0
CUST-104086,41,440.38,5,5,2,basic,Region XI,0,,0
CUST-104087,4,1280.79,1,172,0,standard,Region VII,0,,0
CUST-104088,21,351.27,1,5,2,basic,Region XI,0,,0
CUST-104089,38,984.21,10,67,1,standard,Region IV-A,0,,0
CUST-104090,41,1296.86,5,56,1,premium,Region III,0,,0
CUST-104091,20,463.84,1,30,2,standard,Region VII,0,,0
CUST-104092,50,1044.13,3,175,2,premium,NCR,0,,0
CUST-104093,50,747.79,5,160,0,basic,Region VII,0,,0
CUST-104094,46,664.67,2,117,0,premium,Region III,0,,0
CUST-104095,48,1561.41,9,59,1,standard,Region VII,0,,0
CUST-104096,58,414.32,5,163,1,basic,Region IV-A,0,,0
CUST-104097,47,1710.56,5,46,5,premium,Region III,0,,0
CUST-104098,35,1137.06,2,66,2,premium,Region IV-A,0,,0
CUST-104099,24,2074.51,0,111,1,basic,Region IV-A,0,,0
CUST-104100,22,1026.58,1,116,0,standard,Region VII,0,,0
CUST-104101,49,134.52,7,112,0,basic,Region IV-A,0,,0
CUST-104102,18,1223.7,3,34,1,basic,NCR,0,,0
CUST-104103,38,539.69,3,15,3,basic,NCR,0,,0
CUST-104104,30,1754.34,0,89,0,basic,Region VII,0,,0
CUST-104105,23,2905.83,2,124,1,basic,Region XI,0,,0
CUST-104106,27,429.03,1,7,1,basic,Region IV-A,0,,0
CUST-104107,5,1100.22,1,45,3,premium,NCR,0,,0
CUST-104108,42,1508.63,1,97,0,basic,NCR,0,,0
CUST-104109,4,897.97,0,26,1,standard,Region XI,0,,0
CUST-104110,5,1605.5,0,181,2,basic,Region VII,0,,0
CUST-104111,15,335.91,0,192,1,basic,NCR,1,unknown,0
CUST-104112,32,596.31,3,109,0,standard,Region III,0,,0
CUST-104113,18,315.39,2,58,2,basic,Region VII,0,,0
CUST-104114,52,279.23,4,178,1,basic,Region VII,0,,0
CUST-104115,55,1033.64,4,82,1,premium,Region III,0,,0
CUST-104116,24,816.72,5,111,1,basic,Region VII,0,,0
CUST-104117,59,3034.71,3,28,1,basic,Region XI,0,,0
CUST-104118,6,559.51,0,61,2,standard,Region XI,0,,0
CUST-104119,9,797.76,1,189,3,basic,Region XI,1,unknown,0
CUST-104120,21,1257.03,2,119,3,standard,Region III,0,,0
CUST-104121,56,663.71,5,3,0,basic,NCR,0,,0
CUST-104122,30,862.06,0,87,1,basic,Region III,0,,0
CUST-104123,42,570.5,6,1,0,basic,NCR,0,,0
CUST-104124,39,478.68,7,95,1,basic,Region IV-A,0,,0
CUST-104125,30,864.51,5,81,0,standard,Region VII,0,,0
CUST-104126,55,2023.9,5,112,0,premium,Region III,0,,0
CUST-104127,57,370.51,3,24,0,standard,NCR,0,,0
CUST-104128,27,1156.99,0,45,2,basic,Region IV-A,0,,0
CUST-104129,43,1319.14,4,38,3,premium,NCR,0,,0
CUST-104130,37,560.87,2,166,2,standard,Region III,0,,0
CUST-104131,36,238.28,5,57,1,basic,Region XI,0,,0
CUST-104132,6,606.14,0,137,0,basic,Region XI,0,,0
CUST-104133,13,1090.64,1,93,0,basic,Region VII,0,,0
CUST-104134,59,1020.26,8,69,2,basic,Region III,0,,0
CUST-104135,15,949.97,2,177,1,basic,NCR,0,,0
CUST-104136,39,283.06,1,111,0,basic,Region VII,0,,0
CUST-104137,54,1864.7,4,84,2,premium,Region IV-A,0,,0
CUST-104138,36,884.3,4,6,0,basic,Region VII,0,,0
CUST-104139,13,410.63,0,157,0,basic,NCR,0,,0
CUST-104140,51,1931.35,1,115,0,premium,Region XI,0,,0
CUST-104141,2,625.08,0,192,0,standard,Region XI,0,,0
CUST-104142,43,947.62,5,161,1,basic,Region IV-A,0,,0
CUST-104143,16,495.16,1,168,0,basic,NCR,0,,0
CUST-104144,38,897.61,4,154,1,standard,Region IV-A,0,,0
CUST-104145,29,1009.32,4,170,0,basic,Region III,0,,0
CUST-104146,34,1064.15,1,154,3,standard,Region VII,0,,0
CUST-104147,23,984.54,3,159,2,standard,Region III,0,,0
CUST-104148,32,680.84,4,138,1,standard,NCR,0,,0
CUST-104149,56,1072.62,6,22,1,premium,Region XI,0,,0
CUST-104150,49,741.25,5,50,0,standard,Region III,0,,0
CUST-104151,25,1654.23,2,34,0,standard,NCR,0,,0
CUST-104152,56,2278.62,4,199,0,basic,Region XI,0,,0
CUST-104153,53,435.25,4,54,2,basic,Region VII,0,,0
CUST-104154,38,1820.02,4,56,3,basic,Region III,0,,0
CUST-104155,36,646.1,5,134,3,standard,Region IV-A,0,,0
CUST-104156,3,949.9,0,20,3,basic,Region VII,0,,0
CUST-104157,31,634.27,2,83,1,standard,Region XI,0,,0
CUST-104158,13,1487.88,0,120,1,basic,Region III,0,,0
CUST-104159,10,1515.16,2,100,1,standard,Region III,0,,0
CUST-104160,51,1437.13,6,0,0,basic,NCR,0,,0
CUST-104161,16,1169.95,0,162,2,premium,Region XI,0,,0
CUST-104162,37,443.32,4,96,1,basic,Region XI,0,,0
CUST-104163,52,1652.48,2,6,0,standard,Region XI,0,,0
CUST-104164,36,962.76,5,10,0,standard,Region VII,0,,0
CUST-104165,47,718.27,6,173,4,basic,Region III,1,unknown,0
CUST-104166,46,814.02,0,196,0,standard,Region III,0,,0
CUST-104167,27,1279.86,3,112,1,premium,Region III,0,,0
CUST-104168,55,1657.15,6,134,5,standard,Region IV-A,0,,0
CUST-104169,54,1127.92,4,118,0,premium,Region XI,0,,0
CUST-104170,20,520.05,4,108,1,basic,Region VII,0,,0
CUST-104171,49,1050.97,8,56,2,premium,Region IV-A,0,,0
CUST-104172,11,1274.59,1,44,1,premium,Region VII,0,,0
CUST-104173,7,1723.97,0,32,1,standard,Region XI,0,,0
CUST-104174,32,696.25,1,15,1,standard,Region IV-A,0,,0
CUST-104175,36,749.49,4,114,1,standard,Region XI,0,,0
CUST-104176,35,2074.28,4,130,1,standard,NCR,0,,0
CUST-104177,48,742.13,2,168,3,standard,Region III,0,,0
CUST-104178,24,776.28,0,184,1,basic,NCR,0,,0
CUST-104179,48,2280.89,5,151,0,standard,NCR,0,,0
CUST-104180,54,685.64,4,149,0,basic,Region III,0,,0
CUST-104181,6,2645.71,1,159,0,standard,Region III,0,,0
CUST-104182,27,678.83,1,102,2,standard,Region VII,0,,0
CUST-104183,14,2320.96,2,67,1,basic,Region IV-A,0,,0
CUST-104184,39,668.14,7,88,0,basic,Region IV-A,0,,0
CUST-104185,25,153.17,2,125,0,basic,Region IV-A,0,,0
CUST-104186,17,447.58,3,121,1,standard,NCR,0,,0
CUST-104187,15,574.09,0,113,1,basic,Region VII,0,,0
CUST-104188,21,891.07,2,172,0,basic,Region VII,1,too_expensive,0
CUST-104189,7,708.94,0,17,4,basic,Region IV-A,0,,0
CUST-104190,7,1593.7,0,130,0,basic,Region XI,0,,0
CUST-104191,38,1012.5,0,107,1,basic,Region XI,0,,0
CUST-104192,56,644.26,0,13,1,basic,Region XI,0,,0
CUST-104193,30,1094.91,3,0,2,standard,NCR,0,,0
CUST-104194,55,846.87,5,2,0,standard,NCR,0,,0
CUST-104195,10,1641.29,0,147,0,premium,Region IV-A,0,,0
CUST-104196,58,460.8,4,192,1,basic,NCR,0,,0
CUST-104197,35,1051.59,4,177,1,basic,NCR,0,,0
CUST-104198,44,693.13,5,4,3,basic,NCR,0,,0
CUST-104199,4,834.44,0,177,1,standard,NCR,1,unknown,0
CUST-104200,36,1568.08,3,124,2,basic,Region III,0,,0
CUST-104201,23,2018.51,2,64,3,basic,Region III,0,,0
CUST-104202,54,1117.52,4,40,1,standard,Region XI,0,,0
CUST-104203,47,621.57,7,122,0,basic,Region XI,0,,0
CUST-104204,51,881.33,2,33,1,standard,NCR,0,,0
CUST-104205,53,877.62,5,149,0,standard,Region III,0,,0
CUST-104206,43,335.5,4,41,2,standard,Region IV-A,0,,0
CUST-104207,15,1115.47,2,128,2,basic,Region III,0,,0
CUST-104208,17,949.36,2,189,1,basic,Region III,0,,0
CUST-104209,51,1066.47,3,2,4,standard,Region VII,0,,0
CUST-104210,36,1293.4,7,30,1,basic,Region IV-A,0,,0
CUST-104211,53,369.91,5,104,1,basic,Region VII,0,,0
CUST-104212,47,158.78,9,115,0,basic,NCR,0,,0
CUST-104213,36,611.5,2,102,2,basic,Region IV-A,0,,0
CUST-104214,9,1166.02,0,33,0,basic,Region III,0,,0
CUST-104215,58,1106.19,5,161,1,standard,Region III,0,,0
CUST-104216,15,964.83,1,65,0,standard,Region IV-A,0,,0
CUST-104217,15,2067.04,1,160,2,basic,Region III,0,,0
CUST-104218,9,1916.95,1,178,1,standard,Region VII,0,,0
CUST-104219,5,1839.41,0,131,0,premium,NCR,0,,0
CUST-104220,23,688.24,1,162,1,basic,Region XI,0,,0
CUST-104221,50,3432.73,5,31,1,standard,Region III,0,,0
CUST-104222,52,392.15,4,53,0,basic,Region IV-A,0,,0
CUST-104223,29,2059.6,2,111,2,premium,NCR,1,unknown,0
CUST-104224,19,1522.08,2,84,3,basic,Region XI,0,,0
CUST-104225,21,584.98,3,177,1,basic,Region VII,0,,0
CUST-104226,55,2314.8,5,190,1,premium,Region VII,0,,0
CUST-104227,4,620.63,0,32,1,standard,Region XI,0,,0
CUST-104228,4,1017.07,0,190,1,basic,Region XI,0,,0
CUST-104229,4,1662.06,0,171,1,standard,Region III,0,,0
CUST-104230,53,1587.99,4,55,1,premium,Region III,0,,0
CUST-104231,6,279.44,0,16,0,basic,Region III,0,,0
CUST-104232,56,1395.37,4,76,0,basic,Region IV-A,0,,0
CUST-104233,11,1668.15,2,192,4,basic,Region XI,0,,0
CUST-104234,33,1502.6,3,4,1,premium,Region VII,0,,0
CUST-104235,58,221.24,3,193,0,basic,Region IV-A,0,,0
CUST-104236,7,869.9,0,46,1,basic,Region IV-A,0,,0
CUST-104237,17,551.39,2,196,3,basic,Region VII,0,,0
CUST-104238,43,840.01,3,110,3,basic,Region IV-A,0,,0
CUST-104239,49,1474.34,4,68,4,standard,Region XI,0,,0
CUST-104240,54,349.45,4,130,0,basic,Region IV-A,0,,0
CUST-104241,2,1868.45,0,170,1,basic,Region VII,0,,0
CUST-104242,46,668.31,3,65,0,basic,Region VII,0,,0
CUST-104243,19,913.7,0,68,2,basic,Region VII,0,,0
CUST-104244,33,592.06,0,135,1,basic,Region IV-A,0,,0
CUST-104245,54,1224.14,3,20,0,basic,Region III,0,,0
CUST-104246,54,2117.92,9,138,0,standard,Region IV-A,0,,0
CUST-104247,11,479.39,0,86,0,basic,Region XI,0,,0
CUST-104248,28,1128.06,1,55,2,basic,NCR,0,,0
CUST-104249,17,775.63,2,160,2,standard,Region VII,0,,0
CUST-104250,37,1456.71,5,123,3,standard,Region XI,0,,0
CUST-104251,49,1077.34,3,4,0,standard,NCR,0,,0
CUST-104252,19,1964.58,1,191,0,premium,Region VII,0,,0
CUST-104253,8,960.78,0,88,0,basic,Region IV-A,0,,0
CUST-104254,4,2479.83,0,0,2,basic,Region III,0,,0
CUST-104255,4,595.36,0,120,1,basic,NCR,1,too_expensive,0
CUST-104256,22,326.14,0,69,1,basic,Region VII,0,,0
CUST-104257,57,1163.64,8,163,1,premium,Region IV-A,0,,0
CUST-104258,15,819.9,1,136,1,standard,Region VII,0,,0
CUST-104259,24,1012.27,2,49,3,standard,NCR,0,,0
CUST-104260,40,1237.59,6,176,1,premium,Region XI,0,,0
CUST-104261,39,1164.1,3,21,0,standard,Region VII,0,,0
CUST-104262,16,233.7,1,69,1,basic,Region IV-A,0,,0
CUST-104263,8,1235.42,0,40,1,premium,Region IV-A,0,,0
CUST-104264,10,630.95,0,46,0,basic,Region XI,0,,0
CUST-104265,13,1265.13,0,122,2,basic,Region IV-A,0,,0
CUST-104266,6,686.08,0,160,2,standard,Region IV-A,0,,0
CUST-104267,28,1021.62,1,123,1,premium,Region VII,0,,0
CUST-104268,39,1066.42,5,6,0,standard,Region III,0,,0
CUST-104269,40,1311.69,2,71,1,basic,Region III,0,,0
CUST-104270,54,677.27,2,113,2,premium,Region VII,1,too_expensive,0
CUST-104271,18,1230.11,4,103,1,basic,Region III,0,,0
CUST-104272,39,1370.03,3,97,0,standard,NCR,0,,0
CUST-104273,53,768.46,7,74,2,basic,Region IV-A,0,,0
CUST-104274,2,893.61,0,25,1,basic,NCR,0,,0
CUST-104275,47,1463.43,6,18,2,basic,Region IV-A,0,,0
CUST-104276,6,1167.03,1,1,1,premium,Region VII,0,,0
CUST-104277,33,905.37,5,17,0,premium,Region XI,0,,0
CUST-104278,50,1123.92,3,151,0,basic,Region VII,0,,0
CUST-104279,28,1067.92,1,101,0,basic,Region III,0,,0
CUST-104280,34,167.47,4,165,0,basic,Region VII,0,,0
CUST-104281,37,2164.53,2,185,0,standard,Region IV-A,0,,0
CUST-104282,35,1276.52,0,5,1,standard,Region VII,0,,0
CUST-104283,44,704.98,6,87,1,standard,Region XI,0,,0
CUST-104284,51,1078.08,2,62,1,basic,NCR,0,,0
CUST-104285,8,991.82,0,104,1,basic,Region VII,0,,0
CUST-104286,25,1219.32,1,139,3,premium,Region XI,0,,0
CUST-104287,51,1137.57,1,161,1,standard,Region III,0,,0
CUST-104288,23,892.03,3,97,2,basic,Region IV-A,0,,0
CUST-104289,29,830.24,1,109,1,basic,Region IV-A,0,,0
CUST-104290,44,786.46,1,7,1,basic,Region III,0,,0
CUST-104291,56,998.55,3,10,4,basic,Region XI,0,,0
CUST-104292,15,909.07,0,72,1,basic,Region III,0,,0
CUST-104293,57,819.35,3,75,1,standard,Region IV-A,0,,0
CUST-104294,42,394.24,3,89,2,basic,Region IV-A,0,,0
CUST-104295,2,884.71,0,4,2,basic,Region III,0,,0
CUST-104296,51,1474.65,2,48,0,standard,Region VII,0,,0
CUST-104297,23,863.82,0,183,1,basic,Region IV-A,1,found_alternative,0
CUST-104298,17,562.75,1,8,2,basic,NCR,0,,0
CUST-104299,32,823.72,1,195,2,premium,NCR,0,,0
CUST-104300,34,1949.95,2,142,3,basic,NCR,1,no_longer_needed,0
CUST-104301,32,1292.1,2,44,2,standard,Region IV-A,0,,0
CUST-104302,4,997.15,1,161,0,basic,Region XI,0,,0
CUST-104303,49,622.37,3,108,0,basic,Region XI,1,poor_support,1
CUST-104304,21,231.04,3,102,1,basic,Region VII,0,,0
CUST-104305,9,788.59,0,15,1,standard,Region XI,0,,0
CUST-104306,34,1776.69,5,120,3,basic,Region XI,0,,0
CUST-104307,37,586.68,5,44,1,standard,Region VII,0,,0
CUST-104308,7,195.21,3,65,0,basic,Region III,0,,0
CUST-104309,56,2184.79,9,17,2,standard,Region XI,0,,0
CUST-104310,36,460.36,3,153,2,basic,Region VII,0,,0
CUST-104311,59,717.64,5,0,4,basic,Region XI,0,,0
CUST-104312,40,1256.22,4,122,1,standard,Region III,0,,0
CUST-104313,1,2290.06,0,130,3,basic,Region XI,0,,0
CUST-104314,13,1752.63,0,94,1,basic,Region IV-A,0,,0
CUST-104315,58,1023.34,2,87,0,standard,Region XI,0,,0
CUST-104316,34,810.72,7,70,1,standard,Region III,0,,0
CUST-104317,8,618.72,1,139,1,standard,Region XI,0,,0
CUST-104318,5,1051.43,1,144,0,basic,Region VII,0,,0
CUST-104319,32,867.08,5,193,0,basic,Region III,0,,0
CUST-104320,36,217.86,7,6,1,basic,NCR,0,,0
CUST-104321,15,714.99,4,179,0,basic,NCR,0,,0
CUST-104322,12,880.73,1,94,3,basic,Region III,0,,0
CUST-104323,36,1107.12,6,7,1,basic,NCR,0,,0
CUST-104324,26,416.79,1,185,0,basic,Region IV-A,0,,0
CUST-104325,3,1146.36,0,81,0,standard,Region VII,0,,0
CUST-104326,4,360.83,0,126,3,basic,Region VII,0,,0
CUST-104327,15,1007.79,1,187,1,basic,Region XI,1,no_longer_needed,0
CUST-104328,34,700.61,3,133,0,basic,Region XI,0,,0
CUST-104329,18,2390.47,3,192,2,basic,Region XI,0,,0
CUST-104330,1,720.62,1,58,1,standard,Region VII,0,,0
CUST-104331,55,596.31,5,144,3,basic,Region XI,0,,0
CUST-104332,41,228.28,1,20,3,basic,Region VII,0,,0
CUST-104333,35,1394.64,3,50,1,premium,Region XI,0,,0
CUST-104334,15,646.46,3,43,0,basic,Region IV-A,0,,0
CUST-104335,42,843.93,3,86,2,basic,Region IV-A,0,,0
CUST-104336,56,1018.33,4,17,0,standard,Region XI,0,,0
CUST-104337,40,2665.68,2,56,1,standard,Region IV-A,0,,0
CUST-104338,18,1664.01,2,9,2,premium,Region VII,0,,0
CUST-104339,24,1873.69,2,50,3,premium,Region VII,0,,0
CUST-104340,55,1109.75,4,10,2,standard,NCR,0,,0
CUST-104341,1,942.2,0,51,0,basic,NCR,0,,0
CUST-104342,14,840.18,1,171,0,basic,Region VII,0,,0
CUST-104343,7,849.61,1,137,2,basic,Region VII,0,,0
CUST-104344,38,810.78,8,9,0,standard,Region IV-A,0,,0
CUST-104345,28,1854.94,1,140,1,premium,Region VII,0,,0
CUST-104346,8,2502.58,0,186,0,basic,NCR,0,,0
CUST-104347,56,1458.55,3,113,1,premium,NCR,0,,0
CUST-104348,33,682.52,5,59,1,standard,Region VII,0,,0
CUST-104349,15,1424.42,1,188,2,basic,Region VII,0,,0
CUST-104350,56,2526.31,4,187,1,premium,NCR,0,,0
CUST-104351,42,832.23,7,152,2,standard,Region IV-A,0,,0
CUST-104352,8,368.49,1,82,1,basic,NCR,0,,0
CUST-104353,49,1178.43,6,84,2,basic,Region VII,0,,0
CUST-104354,4,875.44,0,52,0,basic,NCR,0,,0
CUST-104355,54,1116.16,3,164,0,basic,Region XI,0,,0
CUST-104356,24,1069.28,1,171,2,standard,Region III,0,,0
CUST-104357,18,1315.37,1,48,0,premium,Region III,0,,0
CUST-104358,4,702.73,1,84,2,standard,Region XI,0,,0
CUST-104359,55,1282.56,6,83,1,standard,Region XI,0,,0
CUST-104360,34,580.25,3,156,1,standard,Region III,0,,0
CUST-104361,36,1251.94,3,10,1,basic,NCR,0,,0
CUST-104362,51,1454.53,7,81,1,standard,NCR,0,,0
CUST-104363,30,1259.19,3,183,2,standard,Region III,0,,0
CUST-104364,18,1632.66,0,109,0,basic,Region IV-A,0,,0
CUST-104365,46,676.01,6,55,0,basic,Region IV-A,0,,0
CUST-104366,32,911.21,2,189,1,standard,Region XI,0,,0
CUST-104367,15,1230.52,0,20,0,premium,Region XI,0,,0
CUST-104368,50,1500.42,2,90,2,premium,Region III,0,,0
CUST-104369,48,752.98,7,154,1,basic,Region XI,0,,0
CUST-104370,15,866.88,3,77,3,standard,Region IV-A,0,,0
CUST-104371,39,650.06,3,188,0,basic,NCR,0,,0
CUST-104372,55,1582.67,5,163,0,premium,Region XI,0,,0
CUST-104373,48,1792.08,6,167,1,standard,Region VII,0,,0
CUST-104374,12,1152.28,0,96,2,premium,Region III,0,,0
CUST-104375,51,751.67,9,64,0,premium,Region XI,0,,0
CUST-104376,4,1163.31,0,145,0,basic,Region XI,0,,0
CUST-104377,37,1033.52,1,199,1,premium,Region XI,0,,0
CUST-104378,31,1789.59,0,116,1,standard,Region XI,0,,0
CUST-104379,3,1278.68,1,55,1,basic,Region III,0,,0
CUST-104380,43,1343.65,7,189,1,basic,Region IV-A,0,,0
CUST-104381,18,1093.42,2,46,2,standard,NCR,0,,0
CUST-104382,51,1494.56,5,26,1,basic,Region VII,0,,0
CUST-104383,52,1026.09,5,40,0,basic,Region IV-A,0,,0
CUST-104384,35,1227.97,3,39,2,standard,Region XI,0,,0
CUST-104385,37,882.53,1,2,2,basic,Region XI,0,,0
CUST-104386,4,1090.27,0,57,1,basic,Region III,0,,0
CUST-104387,53,541.75,3,116,1,standard,Region III,0,,0
CUST-104388,41,612.16,3,180,1,basic,NCR,0,,0
CUST-104389,23,862.97,1,147,0,standard,Region IV-A,0,,0
CUST-104390,6,767.02,0,145,2,basic,Region III,0,,0
CUST-104391,30,1018.32,2,121,1,premium,Region XI,0,,0
CUST-104392,54,535.06,7,165,1,basic,Region XI,0,,0
CUST-104393,51,598.58,3,106,1,standard,Region IV-A,0,,0
CUST-104394,6,780.99,0,156,0,standard,Region IV-A,0,,0
CUST-104395,45,1065.26,1,128,1,premium,Region VII,0,,0
CUST-104396,5,772.94,1,29,1,standard,Region XI,0,,0
CUST-104397,23,1294.16,1,174,3,basic,Region XI,1,too_expensive,0
CUST-104398,27,780.65,1,132,0,basic,Region IV-A,0,,0
CUST-104399,2,952.58,0,61,2,standard,Region III,0,,0
CUST-104400,9,1875.53,1,159,2,standard,Region VII,0,,0
CUST-104401,52,1240.57,4,95,2,standard,Region III,0,,0
CUST-104402,38,1037.17,2,1,0,basic,NCR,0,,0
CUST-104403,47,1134.44,6,180,2,standard,Region III,0,,0
CUST-104404,34,1311.83,1,95,3,basic,Region III,0,,0
CUST-104405,27,1678.29,3,54,0,standard,Region VII,0,,0
CUST-104406,2,1217.41,0,95,0,standard,Region VII,0,,0
CUST-104407,33,1302.82,1,9,0,basic,NCR,0,,0
CUST-104408,46,1339.08,2,180,1,standard,NCR,0,,0
CUST-104409,13,989.05,1,66,2,basic,NCR,0,,0
CUST-104410,29,916.11,3,79,1,standard,Region XI,0,,0
CUST-104411,25,764.4,1,132,1,standard,Region III,0,,0
CUST-104412,52,296.68,6,99,3,basic,Region IV-A,0,,0
CUST-104413,10,1877.82,3,12,4,basic,Region IV-A,0,,0
CUST-104414,7,1560.35,1,86,0,standard,Region III,0,,0
CUST-104415,13,874.88,2,39,0,standard,Region XI,0,,0
CUST-104416,10,259.32,1,60,1,basic,NCR,0,,0
CUST-104417,50,1093.16,6,86,1,basic,Region IV-A,0,,0
CUST-104418,16,680.2,1,18,0,basic,Region IV-A,0,,0
CUST-104419,22,1599.51,2,75,1,standard,Region VII,0,,0
CUST-104420,16,443.94,1,39,1,basic,NCR,0,,0
CUST-104421,49,860.23,9,184,0,standard,Region XI,0,,0
CUST-104422,40,972.85,4,86,0,standard,Region VII,0,,0
CUST-104423,28,1430.26,4,105,1,standard,Region VII,0,,0
CUST-104424,48,1141.5,6,14,0,premium,Region IV-A,0,,0
CUST-104425,5,1101.17,1,177,1,basic,Region VII,1,too_expensive,0
CUST-104426,41,559.1,7,23,1,standard,Region III,0,,0
CUST-104427,22,1035.09,1,80,4,standard,NCR,0,,0
CUST-104428,23,1989.19,1,132,1,standard,Region VII,0,,0
CUST-104429,10,2400.66,0,116,0,standard,Region IV-A,0,,0
CUST-104430,6,1475.59,2,113,1,basic,Region III,0,,0
CUST-104431,41,854.18,4,112,2,premium,Region III,0,,0
CUST-104432,51,740.25,7,73,4,basic,Region VII,0,,0
CUST-104433,54,1399.79,4,32,0,premium,Region IV-A,0,,0
CUST-104434,15,1371.74,0,198,2,basic,Region VII,1,found_alternative,0
CUST-104435,46,872.4,3,2,1,basic,Region XI,0,,0
CUST-104436,7,1024.89,0,40,1,premium,Region XI,0,,0
CUST-104437,46,1738.72,4,53,0,standard,Region III,0,,0
CUST-104438,34,2251.56,6,56,1,standard,Region III,0,,0
CUST-104439,51,1255.54,1,10,2,basic,NCR,0,,0
CUST-104440,4,526.44,0,135,5,basic,Region IV-A,0,,0
CUST-104441,46,2264.55,4,149,2,basic,Region XI,0,,0
CUST-104442,28,1569.68,0,39,1,standard,Region III,0,,0
CUST-104443,34,1199.35,1,169,0,basic,Region XI,0,,0
CUST-104444,32,1953.51,4,65,0,basic,Region IV-A,0,,0
CUST-104445,43,1340.18,3,68,1,basic,Region VII,0,,0
CUST-104446,36,1357.76,2,92,0,premium,Region III,0,,0
CUST-104447,25,2067.58,3,35,2,standard,NCR,0,,0
CUST-104448,26,454.77,2,160,2,basic,Region IV-A,0,,0
CUST-104449,5,1111.18,1,29,0,premium,Region IV-A,0,,0
CUST-104450,43,589.66,4,168,1,basic,Region IV-A,0,,0
CUST-104451,42,888.98,5,101,0,basic,Region IV-A,0,,0
CUST-104452,34,967.22,6,44,1,basic,Region VII,0,,0
CUST-104453,43,1327.26,1,88,1,premium,Region VII,0,,0
CUST-104454,16,750.02,0,158,1,basic,NCR,0,,0
CUST-104455,14,995.3,0,188,0,basic,Region VII,1,too_expensive,0
CUST-104456,55,1055.4,2,68,1,premium,Region III,0,,0
CUST-104457,57,1391.15,5,181,0,standard,Region XI,0,,0
CUST-104458,51,390.15,7,105,3,standard,Region IV-A,0,,0
CUST-104459,4,1070.06,0,189,2,standard,Region III,1,poor_support,0
CUST-104460,33,836.88,1,96,2,standard,NCR,0,,0
CUST-104461,44,2212.8,0,130,2,basic,Region XI,0,,0
CUST-104462,3,943.35,0,141,1,standard,Region VII,0,,0
CUST-104463,58,891.48,10,169,1,basic,Region III,0,,0
CUST-104464,47,714.63,1,96,1,basic,Region IV-A,0,,0
CUST-104465,19,1001.92,1,161,1,premium,NCR,0,,0
CUST-104466,30,391.09,2,38,0,basic,Region XI,0,,0
CUST-104467,54,344.96,3,59,0,basic,Region XI,0,,0
CUST-104468,51,812.77,0,5,1,basic,Region XI,0,,0
CUST-104469,49,926.49,4,123,2,standard,Region IV-A,0,,0
CUST-104470,59,851.17,3,99,1,premium,NCR,0,,0
CUST-104471,44,2049.76,1,101,0,basic,Region IV-A,0,,0
CUST-104472,56,1199.66,6,91,3,basic,Region IV-A,0,,0
CUST-104473,57,1152.09,4,113,0,standard,Region III,0,,0
CUST-104474,2,433.2,0,120,2,standard,Region III,0,,0
CUST-104475,39,1036.56,3,87,0,basic,NCR,0,,0
CUST-104476,20,872.14,2,175,1,basic,Region IV-A,0,,0
CUST-104477,30,1590.82,2,49,1,standard,NCR,0,,0
CUST-104478,10,518.01,1,100,1,basic,Region XI,0,,0
CUST-104479,40,860.13,1,159,3,standard,Region VII,0,,0
CUST-104480,50,952.47,8,138,0,basic,Region VII,0,,0
CUST-104481,25,845.0,2,30,4,standard,Region III,0,,0
CUST-104482,42,1278.28,4,128,0,standard,Region VII,0,,0
CUST-104483,20,644.21,1,54,0,standard,Region XI,0,,0
CUST-104484,45,1024.62,4,99,2,standard,Region VII,0,,0
CUST-104485,5,523.37,1,163,1,basic,Region VII,0,,0
CUST-104486,52,1302.98,3,84,0,basic,Region XI,0,,0
CUST-104487,23,2580.64,2,179,0,standard,Region XI,0,,0
CUST-104488,30,2261.61,2,111,0,standard,NCR,0,,0
CUST-104489,48,478.46,6,187,0,standard,Region XI,0,,0
CUST-104490,2,1080.55,0,127,3,basic,Region VII,0,,0
CUST-104491,56,767.96,1,190,1,standard,Region VII,0,,0
CUST-104492,37,387.03,4,58,2,basic,Region III,0,,0
CUST-104493,58,1063.31,4,28,0,basic,Region IV-A,0,,0
CUST-104494,33,387.19,2,195,1,basic,Region XI,0,,0
CUST-104495,13,2136.86,1,107,2,premium,Region XI,0,,0
CUST-104496,35,1326.27,5,182,2,standard,NCR,0,,0
CUST-104497,34,1359.95,0,35,1,basic,Region IV-A,0,,0
CUST-104498,55,1203.64,6,177,0,standard,Region VII,0,,0
CUST-104499,34,355.57,3,97,1,basic,NCR,0,,0
CUST-104500,24,660.59,1,19,2,basic,Region III,0,,0
CUST-104501,11,1691.17,0,147,0,basic,Region IV-A,1,found_alternative,1
CUST-104502,20,757.79,1,110,0,basic,Region VII,0,,0
CUST-104503,35,725.49,4,195,1,basic,NCR,0,,0
CUST-104504,22,1796.14,2,130,1,basic,Region IV-A,0,,0
CUST-104505,22,1185.31,0,193,0,standard,Region VII,0,,0
CUST-104506,1,1840.29,0,178,1,standard,Region XI,1,poor_support,0
CUST-104507,56,1365.3,3,115,2,premium,Region XI,0,,0
CUST-104508,50,446.33,4,127,2,basic,Region III,0,,0
CUST-104509,16,407.49,1,78,1,standard,Region VII,0,,0
CUST-104510,9,754.74,2,168,2,basic,Region IV-A,0,,0
CUST-104511,50,873.4,8,71,3,basic,Region III,0,,0
CUST-104512,50,1754.28,7,176,2,standard,Region IV-A,0,,0
CUST-104513,53,44.18,5,109,1,basic,NCR,0,,0
CUST-104514,33,1384.29,1,194,3,standard,NCR,1,too_expensive,0
CUST-104515,44,1078.43,1,23,1,standard,Region III,0,,0
CUST-104516,44,738.33,0,60,2,basic,Region III,0,,0
CUST-104517,13,2868.74,1,75,0,premium,NCR,0,,0
CUST-104518,31,1081.07,2,134,0,basic,NCR,0,,0
CUST-104519,16,2436.17,0,26,0,premium,Region IV-A,0,,0
CUST-104520,45,758.49,3,52,1,standard,NCR,0,,0
CUST-104521,58,640.41,2,12,1,basic,Region VII,0,,0
CUST-104522,5,1512.29,0,62,1,basic,NCR,0,,0
CUST-104523,5,460.2,1,192,0,basic,Region VII,0,,0
CUST-104524,16,727.16,1,179,2,standard,NCR,0,,0
CUST-104525,7,420.55,1,63,1,basic,Region VII,0,,0
CUST-104526,1,835.97,0,140,1,standard,NCR,0,,0
CUST-104527,58,958.53,6,94,1,basic,Region IV-A,0,,0
CUST-104528,35,1727.48,5,60,1,premium,Region VII,0,,0
CUST-104529,46,907.61,3,139,2,basic,NCR,0,,0
CUST-104530,34,925.07,2,71,1,standard,NCR,0,,0
CUST-104531,45,1097.81,3,101,0,standard,Region VII,0,,0
CUST-104532,41,1846.49,3,14,1,basic,Region VII,0,,0
CUST-104533,10,833.13,0,179,3,basic,Region IV-A,0,,0
CUST-104534,9,893.97,1,176,1,standard,NCR,0,,0
CUST-104535,29,385.08,5,181,0,standard,Region III,0,,0
CUST-104536,22,1037.53,2,80,4,standard,Region III,0,,0
CUST-104537,50,1473.45,4,55,0,basic,Region VII,0,,0
CUST-104538,19,846.06,1,110,0,premium,Region III,0,,0
CUST-104539,20,947.01,1,85,0,premium,Region III,0,,0
CUST-104540,32,848.48,4,66,1,standard,Region III,0,,0
CUST-104541,12,544.24,1,40,0,basic,NCR,0,,0
CUST-104542,51,880.09,4,71,3,basic,Region XI,0,,0
CUST-104543,1,2737.29,0,186,0,premium,Region IV-A,0,,0
CUST-104544,51,654.18,2,144,2,standard,Region IV-A,0,,0
CUST-104545,37,786.58,1,12,3,standard,Region III,0,,0
CUST-104546,53,1347.59,4,49,0,premium,NCR,0,,0
CUST-104547,18,509.21,1,161,1,basic,Region VII,0,,0
CUST-104548,54,1127.18,5,61,0,standard,Region VII,0,,0
CUST-104549,51,1355.74,4,166,0,standard,NCR,0,,0
CUST-104550,27,796.26,1,148,2,standard,Region XI,0,,0
CUST-104551,17,1597.51,2,175,0,standard,Region XI,0,,0
CUST-104552,12,654.49,1,189,2,basic,Region XI,1,too_expensive,0
CUST-104553,9,506.07,0,129,2,basic,Region IV-A,0,,0
CUST-104554,35,891.11,3,164,2,premium,Region VII,0,,0
CUST-104555,57,1422.18,4,103,4,standard,NCR,0,,0
CUST-104556,34,974.34,6,175,0,basic,Region IV-A,1,too_expensive,0
CUST-104557,57,988.46,10,120,0,premium,NCR,0,,0
CUST-104558,45,466.76,2,18,2,basic,Region XI,0,,0
CUST-104559,41,926.43,1,38,1,basic,Region XI,0,,0
CUST-104560,43,1728.85,4,90,1,premium,NCR,0,,0
CUST-104561,55,1244.73,6,35,0,standard,Region IV-A,0,,0
CUST-104562,51,1768.61,5,37,0,premium,Region IV-A,0,,0
CUST-104563,10,3115.88,0,158,1,premium,Region VII,0,,0
CUST-104564,35,1611.35,5,9,1,standard,Region IV-A,0,,0
CUST-104565,28,1190.06,3,109,0,basic,Region XI,0,,0
CUST-104566,52,830.06,6,150,2,standard,Region III,0,,0
CUST-104567,13,611.45,2,186,2,standard,Region III,0,,0
CUST-104568,49,1943.19,7,81,2,standard,Region VII,0,,0
CUST-104569,29,848.96,5,53,1,standard,Region IV-A,0,,0
CUST-104570,56,1051.25,2,140,0,basic,NCR,0,,0
CUST-104571,47,280.76,3,56,0,basic,Region VII,0,,0
CUST-104572,21,456.79,1,21,2,standard,Region III,0,,0
CUST-104573,50,1604.18,3,102,1,standard,Region XI,0,,0
CUST-104574,12,498.61,3,57,0,basic,Region XI,0,,0
CUST-104575,1,1045.94,0,15,0,basic,Region IV-A,0,,0
CUST-104576,30,502.33,3,127,1,basic,Region XI,1,found_alternative,0
CUST-104577,23,1364.13,1,148,2,standard,Region XI,0,,0
CUST-104578,8,775.84,0,187,1,basic,Region VII,1,found_alternative,0
CUST-104579,59,943.3,3,33,3,standard,Region VII,0,,0
CUST-104580,3,1238.41,0,157,1,standard,Region XI,1,found_alternative,0
CUST-104581,35,1082.44,3,112,1,basic,Region XI,0,,0
CUST-104582,16,780.64,2,41,1,standard,Region IV-A,0,,0
CUST-104583,18,1650.92,3,19,1,premium,NCR,0,,0
CUST-104584,13,1100.03,0,30,2,basic,Region VII,0,,0
CUST-104585,23,1339.34,2,81,1,basic,Region IV-A,0,,0
CUST-104586,40,1592.16,4,144,1,basic,Region III,0,,0
CUST-104587,20,1045.06,1,111,0,standard,NCR,0,,0
CUST-104588,43,1105.16,3,38,1,premium,Region VII,0,,0
CUST-104589,27,677.79,3,106,0,standard,Region XI,0,,0
CUST-104590,47,1156.04,7,76,1,premium,Region IV-A,0,,0
CUST-104591,27,835.71,1,195,1,standard,Region III,1,too_expensive,0
CUST-104592,22,645.1,2,178,0,basic,NCR,0,,0
CUST-104593,30,780.75,2,134,2,basic,Region VII,0,,0
CUST-104594,41,1141.89,2,148,0,standard,NCR,0,,0
CUST-104595,28,1173.74,1,106,2,standard,NCR,0,,0
CUST-104596,54,1485.22,7,124,2,standard,NCR,0,,0
CUST-104597,31,1937.03,4,130,1,standard,Region III,0,,0
CUST-104598,18,928.52,1,183,1,basic,Region III,0,,0
CUST-104599,2,586.58,0,147,3,basic,Region III,1,too_expensive,0
CUST-104600,24,1470.63,2,164,0,standard,NCR,0,,0
CUST-104601,4,1426.95,0,190,0,standard,Region VII,1,unknown,0
CUST-104602,3,799.05,0,49,2,standard,Region XI,0,,0
CUST-104603,22,1188.34,2,29,2,basic,Region III,0,,0
CUST-104604,18,702.84,5,176,2,premium,Region III,0,,0
CUST-104605,53,425.65,7,142,1,basic,Region XI,0,,0
CUST-104606,44,364.55,3,26,2,basic,Region XI,0,,0
CUST-104607,47,693.29,2,2,4,standard,Region VII,0,,0
CUST-104608,33,1835.8,2,76,1,premium,Region IV-A,0,,0
CUST-104609,7,1286.27,0,1,2,premium,Region XI,0,,0
CUST-104610,51,1323.14,6,146,1,basic,Region VII,0,,0
CUST-104611,30,1772.58,0,142,2,basic,Region VII,0,,0
CUST-104612,26,1971.1,0,90,1,standard,NCR,0,,0
CUST-104613,36,788.23,2,110,1,standard,Region VII,0,,0
CUST-104614,10,954.58,1,138,1,standard,Region III,0,,0
CUST-104615,29,794.82,2,159,1,basic,Region VII,0,,0
CUST-104616,36,2168.18,4,168,1,standard,Region IV-A,0,,0
CUST-104617,42,531.42,10,75,1,basic,NCR,0,,0
CUST-104618,30,1447.91,5,82,1,basic,Region IV-A,0,,0
CUST-104619,59,1296.27,7,30,0,standard,Region IV-A,0,,0
CUST-104620,59,134.83,5,61,3,basic,NCR,0,,0
CUST-104621,6,921.06,1,128,2,standard,Region XI,1,too_expensive,0
CUST-104622,5,658.19,0,154,1,standard,Region XI,0,,0
CUST-104623,31,656.55,4,104,3,basic,NCR,0,,0
CUST-104624,49,140.91,6,45,1,basic,NCR,0,,0
CUST-104625,31,2586.84,3,59,0,premium,NCR,0,,0
CUST-104626,13,867.41,0,96,3,standard,Region IV-A,0,,0
CUST-104627,34,1260.74,1,93,0,premium,Region VII,0,,0
CUST-104628,56,1876.92,1,186,3,basic,Region III,0,,0
CUST-104629,10,571.67,1,109,0,standard,Region XI,0,,0
CUST-104630,27,1670.61,6,159,1,premium,Region III,0,,0
CUST-104631,38,495.47,0,41,2,basic,Region III,0,,0
CUST-104632,24,211.16,8,48,2,basic,Region IV-A,0,,0
CUST-104633,3,1750.51,0,146,2,premium,Region XI,0,,0
CUST-104634,40,1619.33,2,81,1,basic,Region III,0,,0
CUST-104635,44,766.0,2,121,2,basic,Region III,0,,0
CUST-104636,39,1854.29,3,77,2,premium,Region III,0,,0
CUST-104637,40,530.02,1,13,0,basic,Region IV-A,0,,0
CUST-104638,39,1342.4,1,72,1,standard,Region IV-A,0,,0
CUST-104639,20,1061.4,1,100,1,standard,Region XI,0,,0
CUST-104640,1,820.0,1,116,1,standard,NCR,0,,0
CUST-104641,59,395.5,6,53,1,basic,Region IV-A,0,,0
CUST-104642,13,1601.91,2,90,1,basic,Region III,0,,0
CUST-104643,49,1080.18,2,177,2,standard,Region IV-A,0,,0
CUST-104644,32,881.56,4,100,2,standard,Region VII,0,,0
CUST-104645,32,683.95,3,90,1,basic,Region XI,0,,0
CUST-104646,2,1112.29,0,62,3,basic,Region IV-A,0,,0
CUST-104647,59,1480.62,8,28,0,standard,Region III,0,,0
CUST-104648,32,814.53,1,192,1,basic,Region XI,1,poor_support,0
CUST-104649,49,1307.47,6,133,2,standard,NCR,0,,0
CUST-104650,46,1255.27,1,30,1,premium,NCR,0,,0
CUST-104651,9,708.53,1,52,1,basic,Region XI,0,,0
CUST-104652,56,1761.26,5,176,1,premium,Region XI,0,,0
CUST-104653,35,890.7,0,191,1,standard,Region IV-A,0,,0
CUST-104654,11,624.12,0,108,1,standard,Region III,1,poor_support,0
CUST-104655,35,1725.63,3,7,0,premium,Region XI,0,,0
CUST-104656,37,1010.34,2,164,1,basic,Region XI,1,unknown,0
CUST-104657,39,1951.39,3,26,1,premium,Region XI,0,,0
CUST-104658,19,1115.94,2,126,1,basic,Region VII,0,,0
CUST-104659,56,993.82,7,198,0,basic,Region IV-A,0,,0
CUST-104660,14,587.05,1,5,2,standard,Region III,0,,0
CUST-104661,30,800.92,3,189,0,basic,Region IV-A,0,,0
CUST-104662,50,838.49,2,12,1,standard,Region IV-A,0,,0
CUST-104663,5,1110.83,0,12,0,basic,Region IV-A,0,,0
CUST-104664,24,1984.02,1,112,0,basic,Region XI,0,,0
CUST-104665,29,1466.72,3,75,1,standard,NCR,0,,0
CUST-104666,46,320.64,5,48,2,basic,NCR,0,,0
CUST-104667,47,960.61,4,188,2,basic,Region IV-A,0,,0
CUST-104668,48,590.82,4,76,0,basic,Region III,0,,0
CUST-104669,22,1778.79,4,54,2,premium,Region XI,0,,0
CUST-104670,30,1541.65,3,153,1,standard,Region XI,0,,0
CUST-104671,2,1036.59,1,171,2,standard,Region XI,0,,0
CUST-104672,49,895.06,4,131,1,standard,Region III,0,,0
CUST-104673,18,1242.35,3,104,0,standard,Region XI,0,,0
CUST-104674,28,547.75,2,84,0,basic,NCR,0,,0
CUST-104675,41,1313.31,6,161,0,basic,Region XI,0,,0
CUST-104676,46,1370.89,5,129,1,standard,Region III,0,,0
CUST-104677,6,628.61,0,132,3,basic,NCR,0,,0
CUST-104678,46,1011.06,5,197,1,premium,Region XI,0,,0
CUST-104679,23,932.58,3,160,0,basic,Region IV-A,0,,0
CUST-104680,25,1702.28,1,154,1,standard,Region IV-A,0,,0
CUST-104681,8,1261.54,1,68,2,basic,Region III,0,,0
CUST-104682,43,619.85,5,155,1,standard,Region IV-A,0,,0
CUST-104683,29,1655.64,3,196,0,premium,Region VII,0,,0
CUST-104684,7,1120.86,1,140,4,basic,NCR,0,,0
CUST-104685,9,714.2,1,79,0,basic,Region XI,0,,0
CUST-104686,43,1082.32,4,2,1,standard,Region VII,0,,0
CUST-104687,7,1224.21,0,7,2,basic,Region XI,0,,0
CUST-104688,31,885.72,3,61,2,basic,NCR,0,,0
CUST-104689,42,432.39,2,153,2,standard,Region XI,0,,0
CUST-104690,54,483.37,3,20,1,basic,Region XI,0,,0
CUST-104691,10,621.73,0,43,3,basic,Region III,0,,0
CUST-104692,18,492.29,1,73,1,basic,Region IV-A,0,,0
CUST-104693,10,1308.02,1,18,2,basic,Region IV-A,0,,0
CUST-104694,52,1632.58,3,118,3,premium,Region XI,0,,0
CUST-104695,35,335.54,5,137,2,basic,Region III,0,,0
CUST-104696,59,1019.72,3,5,0,basic,Region XI,0,,0
CUST-104697,3,1615.35,0,155,1,standard,Region IV-A,0,,0
CUST-104698,42,967.23,6,25,3,standard,NCR,0,,0
CUST-104699,2,981.36,0,126,0,basic,Region III,0,,0
CUST-104700,7,1113.28,0,11,1,standard,NCR,0,,0
CUST-104701,26,644.8,3,49,2,standard,Region XI,0,,0
CUST-104702,22,1021.93,2,126,0,basic,Region IV-A,0,,0
CUST-104703,22,581.76,1,41,2,basic,Region IV-A,0,,0
CUST-104704,5,1997.79,0,147,1,standard,Region III,0,,0
CUST-104705,33,377.79,4,62,0,basic,Region VII,0,,0
CUST-104706,21,807.58,1,176,1,basic,Region XI,0,,0
CUST-104707,59,1659.35,9,137,1,standard,Region XI,0,,0
CUST-104708,47,628.09,6,69,0,basic,Region XI,0,,0
CUST-104709,26,1010.71,1,11,0,basic,Region III,0,,0
CUST-104710,46,3674.54,5,150,1,basic,Region VII,0,,0
CUST-104711,34,1952.3,2,172,1,premium,Region VII,0,,0
CUST-104712,30,1291.35,0,92,0,standard,Region III,0,,0
CUST-104713,55,1256.36,1,192,2,basic,Region XI,0,,0
CUST-104714,35,1072.88,6,80,2,basic,Region XI,0,,0
CUST-104715,29,1069.75,0,176,1,premium,Region XI,0,,0
CUST-104716,34,1242.92,3,26,0,standard,Region XI,0,,0
CUST-104717,47,2679.6,3,84,1,standard,NCR,0,,0
CUST-104718,44,1579.14,4,146,3,basic,NCR,0,,0
CUST-104719,33,685.43,9,105,0,basic,Region VII,0,,0
CUST-104720,11,735.81,0,107,1,basic,Region VII,0,,0
CUST-104721,38,2773.23,3,102,1,standard,Region IV-A,0,,0
CUST-104722,26,1407.02,2,20,3,premium,NCR,0,,0
CUST-104723,56,635.56,6,119,0,basic,Region III,0,,0
CUST-104724,54,729.11,5,3,2,standard,NCR,0,,0
CUST-104725,1,1503.11,0,170,0,premium,NCR,0,,0
CUST-104726,59,1210.94,8,75,0,premium,NCR,0,,0
CUST-104727,54,881.15,4,173,2,basic,Region IV-A,0,,0
CUST-104728,54,1024.92,5,67,0,basic,Region IV-A,0,,0
CUST-104729,30,2290.03,2,62,0,premium,Region III,0,,0
CUST-104730,16,727.15,1,129,1,basic,Region IV-A,0,,0
CUST-104731,36,177.4,3,22,3,basic,Region VII,0,,0
CUST-104732,53,704.5,6,101,1,basic,NCR,0,,0
CUST-104733,27,960.35,2,111,2,standard,Region III,0,,0
CUST-104734,59,675.35,7,55,4,basic,Region III,0,,0
CUST-104735,16,1036.25,3,7,1,standard,NCR,0,,0
CUST-104736,51,830.2,5,170,3,premium,NCR,0,,0
CUST-104737,4,638.88,0,135,1,standard,Region VII,0,,0
CUST-104738,50,1256.79,5,155,0,premium,Region XI,0,,0
CUST-104739,56,1951.06,3,142,0,premium,NCR,0,,0
CUST-104740,42,1068.11,5,184,0,standard,Region VII,0,,0
CUST-104741,37,1371.99,5,134,1,standard,Region III,0,,0
CUST-104742,25,952.9,2,22,0,premium,NCR,0,,0
CUST-104743,52,767.32,3,51,0,standard,Region III,0,,0
CUST-104744,8,70.21,0,131,1,basic,Region XI,0,,0
CUST-104745,18,805.97,2,148,0,premium,Region III,0,,0
CUST-104746,8,2553.01,0,164,2,standard,Region VII,0,,0
CUST-104747,17,937.09,0,58,1,premium,Region IV-A,0,,0
CUST-104748,31,438.48,2,67,1,basic,Region IV-A,0,,0
CUST-104749,20,504.98,1,84,2,basic,Region XI,0,,0
CUST-104750,25,2168.63,3,199,0,standard,Region XI,0,,0
CUST-104751,14,595.96,5,139,2,standard,Region VII,0,,0
CUST-104752,21,752.2,3,142,2,basic,Region XI,0,,0
CUST-104753,30,1131.09,4,62,3,premium,NCR,0,,0
CUST-104754,13,857.63,0,61,1,standard,Region XI,0,,0
CUST-104755,56,291.12,3,177,1,basic,NCR,0,,0
CUST-104756,53,791.71,4,101,2,standard,NCR,0,,0
CUST-104757,52,1168.64,2,65,1,basic,Region XI,0,,0
CUST-104758,1,747.36,1,81,2,basic,Region IV-A,0,,0
CUST-104759,30,1003.05,4,172,0,basic,Region III,0,,0
CUST-104760,47,373.89,6,14,0,basic,NCR,0,,0
CUST-104761,21,1851.27,2,188,0,premium,Region III,1,found_alternative,0
CUST-104762,14,778.97,1,115,1,basic,Region XI,0,,0
CUST-104763,37,866.41,0,74,1,standard,NCR,0,,0
CUST-104764,1,922.22,0,56,2,standard,Region XI,0,,0
CUST-104765,37,841.7,3,10,1,basic,Region VII,0,,0
CUST-104766,27,1421.42,1,173,0,premium,Region III,0,,0
CUST-104767,41,1689.9,4,50,1,basic,Region VII,0,,0
CUST-104768,41,1112.04,2,21,3,standard,Region IV-A,0,,0
CUST-104769,32,1092.38,3,154,0,standard,Region III,0,,0
CUST-104770,35,977.37,2,129,4,standard,Region IV-A,0,,0
CUST-104771,2,948.16,1,19,0,basic,NCR,0,,0
CUST-104772,58,1573.31,6,86,3,standard,Region XI,0,,0
CUST-104773,5,803.54,1,175,0,premium,Region VII,0,,0
CUST-104774,58,184.77,6,40,2,basic,NCR,0,,0
CUST-104775,58,959.75,7,119,1,standard,NCR,0,,0
CUST-104776,43,483.56,4,121,3,basic,Region IV-A,0,,0
CUST-104777,45,815.08,1,159,0,basic,Region IV-A,0,,0
CUST-104778,2,826.87,0,44,2,basic,Region VII,0,,0
CUST-104779,56,703.4,8,151,3,basic,Region XI,0,,0
CUST-104780,32,1779.51,5,0,0,standard,NCR,0,,0
CUST-104781,21,452.11,3,150,1,basic,Region III,0,,0
CUST-104782,40,516.04,3,3,3,basic,Region IV-A,0,,0
CUST-104783,32,1782.83,0,4,1,basic,Region III,0,,0
CUST-104784,22,335.78,3,18,2,basic,Region XI,0,,0
CUST-104785,19,924.63,3,147,1,standard,Region VII,0,,0
CUST-104786,7,880.9,0,163,0,standard,Region III,0,,0
CUST-104787,54,1045.76,6,135,1,basic,Region VII,0,,0
CUST-104788,40,756.27,4,191,0,basic,Region IV-A,0,,0
CUST-104789,17,302.31,3,120,3,basic,Region IV-A,0,,0
CUST-104790,43,820.74,3,197,2,standard,Region VII,0,,0
CUST-104791,41,527.85,6,171,1,basic,Region IV-A,0,,0
CUST-104792,9,1412.46,0,135,1,standard,Region VII,0,,0
CUST-104793,11,2028.08,1,105,2,standard,Region IV-A,0,,0
CUST-104794,14,1530.7,1,102,0,basic,Region IV-A,0,,0
CUST-104795,7,741.38,0,114,0,basic,Region IV-A,0,,0
CUST-104796,49,1367.9,2,53,0,basic,Region IV-A,0,,0
CUST-104797,10,1381.96,1,103,1,basic,Region III,0,,0
CUST-104798,48,1996.2,4,14,3,basic,NCR,0,,0
CUST-104799,32,645.9,2,148,1,premium,Region III,0,,0
CUST-104800,7,610.73,3,199,3,basic,Region III,0,,0
CUST-104801,50,1129.12,1,186,1,basic,Region III,1,too_expensive,0
CUST-104802,11,747.88,0,140,6,standard,Region IV-A,0,,0
CUST-104803,59,910.59,4,119,1,premium,Region IV-A,0,,0
CUST-104804,1,365.43,1,92,1,basic,Region III,0,,0
CUST-104805,37,1221.35,5,70,1,standard,Region III,0,,0
CUST-104806,19,527.43,3,43,1,basic,Region III,0,,0
CUST-104807,32,620.56,3,102,1,standard,Region IV-A,0,,0
CUST-104808,50,2054.86,1,145,2,standard,Region IV-A,0,,0
CUST-104809,47,959.88,4,189,1,basic,Region VII,0,,0
CUST-104810,17,1642.58,0,112,0,basic,Region IV-A,0,,0
CUST-104811,4,620.67,0,36,3,basic,Region XI,0,,0
CUST-104812,17,1521.68,2,111,0,standard,Region IV-A,0,,0
CUST-104813,48,418.55,2,181,1,basic,Region VII,0,,0
CUST-104814,31,776.78,3,90,0,standard,Region IV-A,0,,0
CUST-104815,45,605.79,3,166,1,basic,Region VII,0,,0
CUST-104816,30,783.13,1,163,3,standard,Region IV-A,0,,0
CUST-104817,32,353.35,2,73,1,basic,NCR,0,,0
CUST-104818,4,1157.48,0,148,4,premium,Region VII,1,too_expensive,0
CUST-104819,2,264.37,0,175,0,basic,Region VII,1,unknown,1
CUST-104820,42,812.44,5,31,1,basic,Region IV-A,0,,0
CUST-104821,12,1456.71,1,149,0,basic,Region IV-A,1,found_alternative,0
CUST-104822,22,738.7,0,94,2,standard,NCR,0,,0
CUST-104823,22,700.9,0,189,1,basic,Region XI,0,,0
CUST-104824,38,1381.15,3,182,1,basic,Region VII,0,,0
CUST-104825,56,1830.39,4,101,0,basic,Region XI,0,,0
CUST-104826,45,1319.45,6,129,1,basic,Region IV-A,0,,0
CUST-104827,38,1075.99,2,143,3,standard,Region III,0,,0
CUST-104828,50,1063.85,2,57,1,basic,Region III,0,,0
CUST-104829,31,1371.55,3,70,2,standard,Region XI,0,,0
CUST-104830,9,1673.98,0,140,2,premium,NCR,0,,0
CUST-104831,29,774.66,1,76,1,standard,Region VII,0,,0
CUST-104832,58,1230.02,4,22,2,basic,NCR,0,,0
CUST-104833,47,1692.75,3,36,2,standard,Region VII,0,,0
CUST-104834,21,382.16,3,64,2,standard,Region IV-A,0,,0
CUST-104835,20,609.32,0,115,2,basic,Region IV-A,0,,0
CUST-104836,55,1010.66,1,129,4,basic,Region VII,0,,0
CUST-104837,6,887.52,0,0,2,basic,Region III,0,,0
CUST-104838,56,1022.98,7,52,3,basic,Region IV-A,0,,0
CUST-104839,40,388.61,4,183,1,basic,Region XI,0,,0
CUST-104840,48,125.98,5,36,0,basic,Region IV-A,0,,0
CUST-104841,20,1098.26,2,66,2,standard,NCR,0,,0
CUST-104842,39,738.89,4,130,3,basic,Region XI,0,,0
CUST-104843,20,1425.79,0,124,0,basic,Region IV-A,0,,0
CUST-104844,2,1617.85,1,187,1,premium,Region IV-A,0,,0
CUST-104845,27,134.0,4,194,1,basic,NCR,0,,0
CUST-104846,58,1032.88,4,69,1,basic,NCR,1,found_alternative,1
CUST-104847,15,1667.6,1,83,2,basic,Region III,0,,0
CUST-104848,10,1396.29,1,50,0,basic,Region XI,0,,0
CUST-104849,55,1269.71,6,14,1,standard,Region VII,0,,0
CUST-104850,54,564.66,3,161,2,basic,Region IV-A,0,,0
CUST-104851,50,1289.9,3,75,0,premium,Region VII,0,,0
CUST-104852,58,1278.7,5,134,3,premium,Region III,0,,0
CUST-104853,59,1125.76,5,196,0,basic,Region XI,1,unknown,0
CUST-104854,55,1334.59,2,116,2,standard,Region III,0,,0
CUST-104855,57,1059.98,4,191,1,standard,Region VII,0,,0
CUST-104856,44,1586.25,1,91,0,standard,Region IV-A,0,,0
CUST-104857,19,483.43,6,136,2,basic,Region VII,0,,0
CUST-104858,28,1523.28,0,131,0,standard,NCR,0,,0
CUST-104859,23,1849.96,2,135,2,basic,Region XI,0,,0
CUST-104860,31,1567.03,2,198,4,basic,Region III,1,no_longer_needed,0
CUST-104861,42,1880.13,5,96,0,premium,Region IV-A,0,,0
CUST-104862,15,554.94,1,108,2,basic,Region VII,0,,0
CUST-104863,1,939.3,0,100,0,basic,Region VII,0,,0
CUST-104864,36,1683.84,3,157,2,basic,Region IV-A,0,,0
CUST-104865,59,1715.39,2,110,0,premium,Region XI,0,,0
CUST-104866,51,910.83,5,37,2,basic,Region XI,0,,0
CUST-104867,1,1110.09,0,79,0,basic,Region VII,1,poor_support,0
CUST-104868,36,2401.92,2,6,2,standard,NCR,0,,0
CUST-104869,32,1537.02,3,163,1,basic,Region VII,0,,0
CUST-104870,26,1952.62,4,110,1,basic,Region IV-A,0,,0
CUST-104871,40,1742.53,4,181,0,standard,Region IV-A,0,,0
CUST-104872,26,1295.99,0,110,0,premium,Region XI,0,,0
CUST-104873,54,661.82,7,172,0,standard,Region IV-A,0,,0
CUST-104874,54,684.39,4,170,0,basic,Region XI,0,,0
CUST-104875,39,886.12,5,56,1,basic,Region VII,0,,0
CUST-104876,28,1690.68,1,119,3,standard,NCR,0,,0
CUST-104877,36,1301.09,4,40,2,basic,Region VII,0,,0
CUST-104878,54,731.08,4,67,0,standard,Region IV-A,0,,0
CUST-104879,18,925.0,1,195,2,basic,Region IV-A,1,unknown,1
CUST-104880,52,2271.82,6,97,0,premium,Region III,0,,0
CUST-104881,35,492.69,4,31,3,basic,NCR,0,,0
CUST-104882,4,1359.16,1,193,0,premium,Region VII,1,no_longer_needed,0
CUST-104883,45,668.53,6,74,1,basic,Region III,0,,0
CUST-104884,12,1611.41,0,144,0,standard,NCR,0,,0
CUST-104885,31,1997.26,5,10,0,basic,Region IV-A,0,,0
CUST-104886,57,890.87,5,24,3,standard,Region VII,0,,0
CUST-104887,46,553.05,5,41,3,basic,Region III,0,,0
CUST-104888,42,346.05,1,188,0,basic,Region III,0,,0
CUST-104889,5,857.8,1,85,1,basic,Region IV-A,1,too_expensive,0
CUST-104890,51,1408.16,5,176,0,basic,Region XI,0,,0
CUST-104891,20,853.28,3,12,1,premium,NCR,1,poor_support,0
CUST-104892,3,1038.7,0,136,1,standard,Region XI,0,,0
CUST-104893,57,1269.7,8,114,1,standard,NCR,0,,0
CUST-104894,12,1299.97,1,61,1,basic,Region IV-A,0,,0
CUST-104895,20,987.84,1,86,0,basic,Region XI,0,,0
CUST-104896,9,394.54,0,65,1,basic,Region XI,0,,0
CUST-104897,37,569.4,2,86,0,basic,Region IV-A,0,,0
CUST-104898,52,2021.01,6,103,3,standard,Region IV-A,0,,0
CUST-104899,31,1444.31,1,152,0,standard,Region VII,0,,0
CUST-104900,52,634.33,5,171,1,basic,Region XI,0,,0
CUST-104901,56,780.85,4,79,2,basic,NCR,0,,0
CUST-104902,52,444.73,2,169,2,basic,Region III,0,,0
CUST-104903,10,229.04,1,13,0,basic,Region III,0,,0
CUST-104904,13,818.67,0,82,4,basic,Region XI,0,,0
CUST-104905,18,539.79,1,136,2,basic,NCR,0,,0
CUST-104906,38,1040.65,1,173,1,basic,NCR,0,,0
CUST-104907,51,2254.9,5,139,2,basic,NCR,0,,0
CUST-104908,19,1252.67,2,87,1,standard,Region XI,0,,0
CUST-104909,40,1602.45,2,102,2,premium,NCR,0,,0
CUST-104910,12,1396.33,0,80,0,basic,Region III,0,,0
CUST-104911,33,342.41,2,1,2,basic,Region IV-A,0,,0
CUST-104912,47,1115.1,1,153,1,basic,Region III,0,,0
CUST-104913,24,687.25,2,189,1,standard,NCR,0,,0
CUST-104914,10,1629.17,1,89,1,standard,Region IV-A,0,,0
CUST-104915,25,1250.25,3,60,1,standard,Region VII,0,,0
CUST-104916,45,618.14,2,164,2,standard,Region III,0,,0
CUST-104917,56,1610.59,4,61,0,premium,Region IV-A,0,,0
CUST-104918,37,81.99,2,156,0,basic,Region IV-A,0,,0
CUST-104919,40,307.76,2,36,1,basic,Region III,0,,0
CUST-104920,25,359.58,1,3,1,basic,NCR,0,,0
CUST-104921,55,287.27,5,127,1,basic,Region XI,0,,0
CUST-104922,52,1431.79,4,167,1,basic,Region XI,0,,0
CUST-104923,58,1662.7,3,119,2,premium,Region IV-A,0,,0
CUST-104924,51,1139.95,2,98,0,standard,Region XI,0,,0
CUST-104925,33,1073.07,1,177,3,premium,Region III,1,too_expensive,0
CUST-104926,57,1723.62,6,131,1,premium,Region XI,0,,0
CUST-104927,36,1154.75,3,125,3,standard,Region IV-A,0,,0
CUST-104928,36,1193.67,1,1,0,premium,Region XI,0,,0
CUST-104929,39,1204.89,3,54,1,standard,Region VII,0,,0
CUST-104930,11,1067.96,1,21,1,basic,Region XI,0,,0
CUST-104931,50,637.65,6,156,0,standard,Region IV-A,0,,0
CUST-104932,22,2248.01,1,27,1,premium,Region XI,0,,0
CUST-104933,39,1001.89,3,57,1,standard,Region XI,0,,0
CUST-104934,50,1346.49,6,70,2,standard,Region VII,0,,0
CUST-104935,7,715.75,0,179,2,basic,Region III,0,,0
CUST-104936,18,1258.64,2,103,1,standard,NCR,0,,0
CUST-104937,56,649.64,6,21,1,basic,Region IV-A,0,,0
CUST-104938,22,934.36,1,45,1,standard,Region VII,0,,0
CUST-104939,39,891.6,3,84,2,standard,Region XI,0,,0
CUST-104940,34,1133.34,2,88,1,standard,Region VII,0,,0
CUST-104941,52,1223.04,4,195,0,basic,Region VII,0,,0
CUST-104942,31,1487.91,4,161,2,standard,Region IV-A,0,,0
CUST-104943,26,1197.91,5,151,3,basic,Region XI,0,,0
CUST-104944,1,936.84,1,198,1,basic,Region III,0,,0
CUST-104945,29,599.73,3,68,3,basic,Region VII,0,,0
CUST-104946,35,386.73,8,106,1,standard,Region IV-A,0,,0
CUST-104947,41,1209.29,5,149,0,basic,Region IV-A,0,,0
CUST-104948,47,877.84,10,168,0,basic,Region III,0,,0
CUST-104949,46,1149.96,3,3,2,premium,Region VII,0,,0
CUST-104950,28,147.02,3,67,1,basic,Region XI,0,,0
CUST-104951,5,1345.42,0,3,1,premium,Region IV-A,0,,0
CUST-104952,16,1290.4,2,24,1,basic,NCR,0,,0
CUST-104953,25,404.19,1,80,1,basic,NCR,0,,0
CUST-104954,58,1949.49,9,94,0,standard,NCR,0,,0
CUST-104955,46,2395.05,3,191,0,basic,Region IV-A,0,,0
CUST-104956,53,1201.71,7,70,1,premium,NCR,0,,0
CUST-104957,59,651.54,10,113,3,basic,Region III,0,,0
CUST-104958,8,970.14,2,152,2,standard,Region VII,0,,0
CUST-104959,1,586.24,2,20,1,basic,Region VII,0,,0
CUST-104960,34,2269.5,2,137,1,standard,Region VII,0,,0
CUST-104961,16,719.63,0,115,3,basic,Region VII,0,,0
CUST-104962,52,2362.78,3,157,2,standard,NCR,0,,0
CUST-104963,28,376.76,1,180,0,basic,Region XI,0,,0
CUST-104964,1,1161.19,0,90,1,standard,Region III,0,,0
CUST-104965,14,480.75,3,114,3,basic,NCR,0,,0
CUST-104966,21,314.11,1,32,3,basic,Region XI,0,,0
CUST-104967,2,769.83,0,56,0,standard,Region IV-A,0,,0
CUST-104968,19,555.31,2,76,0,basic,Region III,0,,0
CUST-104969,32,972.36,1,194,0,standard,Region III,0,,0
CUST-104970,53,495.75,10,110,0,standard,Region IV-A,0,,0
CUST-104971,39,1926.68,4,188,0,basic,Region IV-A,0,,0
CUST-104972,6,1229.74,1,55,1,standard,NCR,0,,0
CUST-104973,25,1151.84,1,94,1,basic,NCR,0,,0
CUST-104974,46,1109.56,6,61,2,standard,Region XI,0,,0
CUST-104975,22,1516.28,1,167,0,basic,Region IV-A,0,,0
CUST-104976,34,644.55,2,125,2,basic,Region XI,0,,0
CUST-104977,59,1106.13,6,61,2,standard,Region VII,0,,0
CUST-104978,9,1052.24,0,30,2,premium,Region VII,0,,0
CUST-104979,29,1354.88,5,44,1,premium,Region III,0,,0
CUST-104980,36,1063.06,3,183,0,standard,Region XI,0,,0
CUST-104981,48,480.45,1,90,1,basic,Region VII,0,,0
CUST-104982,50,971.97,2,150,0,basic,Region VII,0,,0
CUST-104983,17,1020.86,1,177,0,basic,Region III,0,,0
CUST-104984,28,1414.49,2,121,2,standard,Region IV-A,0,,0
CUST-104985,49,1009.07,4,153,0,basic,Region III,0,,0
CUST-104986,50,1372.72,10,61,3,premium,Region XI,0,,0
CUST-104987,49,1287.53,2,199,1,basic,Region XI,1,unknown,0
CUST-104988,40,852.17,3,106,0,basic,Region III,0,,0
CUST-104989,16,448.86,2,157,2,standard,NCR,0,,0
CUST-104990,22,326.17,1,108,4,basic,Region III,1,found_alternative,0
CUST-104991,39,446.32,1,157,3,basic,Region III,0,,0
CUST-104992,16,770.04,1,197,1,standard,NCR,1,unknown,1
CUST-104993,41,1574.33,1,169,1,premium,Region XI,0,,0
CUST-104994,31,1550.82,3,63,0,basic,Region IV-A,0,,0
CUST-104995,27,1075.24,3,8,1,basic,NCR,0,,0
CUST-104996,21,945.34,1,90,1,basic,Region VII,0,,0
CUST-104997,46,488.92,1,142,2,standard,Region III,0,,0
CUST-104998,28,146.97,4,169,0,basic,NCR,0,,0
CUST-104999,19,1923.83,0,15,1,standard,Region IV-A,0,,0
CUST-105000,23,623.47,1,108,1,basic,Region IV-A,0,,0
CUST-105001,29,1585.76,1,99,1,premium,Region VII,0,,0
CUST-105002,37,1302.4,6,117,1,standard,Region III,0,,0
CUST-105003,59,2583.61,9,95,1,standard,Region VII,0,,0
CUST-105004,21,1949.72,1,170,2,basic,Region VII,0,,0
CUST-105005,11,2566.65,1,150,1,basic,Region VII,0,,0
CUST-105006,58,1157.94,1,36,0,basic,Region XI,0,,0
CUST-105007,9,2024.28,0,188,1,standard,Region XI,0,,0
CUST-105008,54,390.27,4,133,1,basic,Region IV-A,0,,0
CUST-105009,9,2359.23,1,34,0,basic,Region III,0,,0
CUST-105010,22,1268.66,2,108,2,basic,Region IV-A,1,found_alternative,0
CUST-105011,59,685.48,7,186,1,basic,Region IV-A,0,,0
CUST-105012,10,1344.79,0,42,2,basic,NCR,0,,0
CUST-105013,10,1811.63,0,141,0,standard,Region XI,0,,0
CUST-105014,36,1350.02,2,155,1,standard,Region IV-A,0,,0
CUST-105015,12,100.59,1,122,3,basic,NCR,0,,0
CUST-105016,2,1864.56,0,104,1,standard,Region XI,0,,0
CUST-105017,41,782.81,2,147,1,basic,Region XI,0,,0
CUST-105018,57,1698.02,3,92,0,premium,Region IV-A,0,,0
CUST-105019,45,686.22,3,43,2,standard,Region XI,0,,0
CUST-105020,57,689.97,4,11,1,basic,Region XI,0,,0
CUST-105021,32,862.31,2,12,1,standard,Region XI,0,,0
CUST-105022,37,383.04,2,126,1,basic,Region XI,0,,0
CUST-105023,58,198.62,8,42,1,basic,NCR,0,,0
CUST-105024,30,704.35,3,52,2,basic,NCR,0,,0
CUST-105025,3,1053.68,0,70,1,premium,Region IV-A,0,,0
CUST-105026,15,1523.62,0,124,0,premium,Region VII,0,,0
CUST-105027,37,1253.53,4,85,2,standard,Region XI,0,,0
CUST-105028,51,2220.03,5,164,2,standard,Region VII,0,,0
CUST-105029,36,43.59,4,24,0,basic,Region III,0,,0
CUST-105030,24,840.36,3,24,0,standard,Region XI,0,,0
CUST-105031,19,1568.08,1,151,0,basic,Region IV-A,0,,0
CUST-105032,41,979.38,3,71,3,basic,Region VII,0,,0
CUST-105033,54,1673.69,1,110,0,premium,Region III,0,,0
CUST-105034,17,1147.63,2,123,2,standard,Region VII,0,,0
CUST-105035,33,2025.35,0,132,0,premium,NCR,1,found_alternative,0
CUST-105036,26,1144.39,3,147,1,standard,Region XI,0,,0
CUST-105037,15,879.43,2,17,0,basic,Region XI,0,,0
CUST-105038,24,695.0,2,51,1,standard,Region VII,0,,0
CUST-105039,6,494.53,0,100,0,basic,Region XI,0,,0
CUST-105040,32,1584.93,1,31,1,premium,Region XI,0,,0
CUST-105041,7,652.39,0,174,0,basic,NCR,0,,0
CUST-105042,28,552.86,2,62,2,standard,Region III,0,,0
CUST-105043,53,862.87,5,172,1,standard,NCR,0,,0
CUST-105044,9,1293.48,0,93,0,basic,Region III,0,,0
CUST-105045,15,929.71,0,140,1,basic,Region IV-A,0,,0
CUST-105046,43,559.05,1,198,0,basic,NCR,1,poor_support,0
CUST-105047,54,803.59,6,121,0,basic,NCR,0,,0
CUST-105048,57,1971.73,10,59,0,premium,Region VII,0,,0
CUST-105049,8,438.36,1,184,2,basic,Region VII,0,,0
CUST-105050,15,412.63,3,29,1,basic,Region III,0,,0
CUST-105051,59,911.28,1,21,1,basic,Region VII,0,,0
CUST-105052,30,618.49,2,10,2,basic,Region IV-A,0,,0
CUST-105053,50,910.88,0,8,0,basic,Region IV-A,0,,0
CUST-105054,1,1433.04,0,64,0,premium,NCR,0,,0
CUST-105055,7,1159.45,2,145,1,standard,Region VII,0,,0
CUST-105056,13,2611.65,2,133,2,premium,Region VII,0,,0
CUST-105057,6,357.94,0,70,3,basic,NCR,1,poor_support,0
CUST-105058,53,1187.12,3,170,3,basic,NCR,0,,0
CUST-105059,48,1042.49,3,26,0,basic,Region III,0,,0
CUST-105060,24,1154.94,0,78,3,basic,NCR,0,,0
CUST-105061,5,226.64,0,187,1,basic,Region XI,1,too_expensive,0
CUST-105062,7,1255.8,0,182,0,basic,Region XI,0,,0
CUST-105063,16,957.94,0,4,0,standard,NCR,0,,0
CUST-105064,43,888.23,3,70,0,basic,Region III,0,,0
CUST-105065,48,1011.67,2,157,1,standard,Region III,0,,0
CUST-105066,32,726.46,1,195,0,standard,Region XI,0,,0
CUST-105067,54,972.0,7,80,1,standard,Region VII,0,,0
CUST-105068,55,831.5,7,59,1,basic,Region XI,0,,0
CUST-105069,46,1346.53,5,76,0,standard,Region III,0,,0
CUST-105070,5,996.02,0,107,1,basic,NCR,0,,0
CUST-105071,53,778.57,3,82,2,basic,Region IV-A,0,,0
CUST-105072,54,852.45,4,164,3,basic,Region XI,0,,0
CUST-105073,34,846.44,2,69,2,basic,Region XI,0,,0
CUST-105074,36,1079.62,1,158,0,basic,Region IV-A,0,,0
CUST-105075,46,1499.85,4,21,3,standard,Region III,0,,0
CUST-105076,35,1569.22,2,190,0,standard,NCR,0,,0
CUST-105077,21,670.25,1,141,2,basic,Region IV-A,1,found_alternative,0
CUST-105078,42,108.36,2,138,1,basic,Region IV-A,0,,0
CUST-105079,47,706.74,3,103,2,basic,NCR,0,,0
CUST-105080,9,1233.63,0,2,0,premium,Region XI,0,,0
CUST-105081,41,835.72,0,79,1,basic,Region VII,0,,0
CUST-105082,11,2319.02,1,112,2,basic,Region III,0,,0
CUST-105083,34,666.96,2,106,0,basic,Region III,0,,0
CUST-105084,7,1405.66,1,46,0,standard,Region III,0,,0
CUST-105085,59,1168.8,8,95,0,basic,Region XI,0,,0
CUST-105086,40,1017.43,2,131,1,basic,Region VII,0,,0
CUST-105087,28,216.69,6,49,1,basic,NCR,0,,0
CUST-105088,30,1041.12,2,172,0,standard,Region III,1,no_longer_needed,0
CUST-105089,37,1073.41,3,31,2,basic,Region VII,0,,0
CUST-105090,8,1122.74,1,19,1,premium,Region III,0,,0
CUST-105091,31,847.03,2,159,0,premium,Region XI,0,,0
CUST-105092,43,1336.77,2,112,1,standard,Region IV-A,0,,0
CUST-105093,16,1879.89,1,142,3,premium,Region VII,0,,0
CUST-105094,29,1008.78,1,125,3,standard,Region IV-A,0,,0
CUST-105095,20,601.86,7,38,0,basic,Region VII,0,,0
CUST-105096,10,1948.54,0,42,0,standard,Region IV-A,0,,0
CUST-105097,58,1554.44,4,24,1,standard,Region III,0,,0
CUST-105098,35,673.04,5,59,0,standard,Region XI,0,,0
CUST-105099,24,1146.91,1,109,1,standard,Region IV-A,0,,0
CUST-105100,20,706.66,1,106,2,standard,NCR,0,,0
CUST-105101,41,1280.01,2,130,0,premium,Region III,0,,0
CUST-105102,7,1559.93,0,78,1,basic,Region IV-A,1,too_expensive,0
CUST-105103,34,1816.66,5,117,4,standard,Region III,0,,0
CUST-105104,14,839.96,0,17,3,standard,Region XI,0,,0
CUST-105105,53,1734.39,5,54,1,premium,Region IV-A,0,,0
CUST-105106,47,429.78,1,156,1,basic,Region III,0,,0
CUST-105107,45,2268.61,4,146,0,basic,Region VII,0,,0
CUST-105108,9,245.59,0,157,3,basic,Region VII,1,no_longer_needed,0
CUST-105109,5,666.05,1,42,0,basic,Region IV-A,0,,0
CUST-105110,28,1132.42,3,118,1,basic,Region XI,0,,0
CUST-105111,21,479.03,2,102,2,basic,Region XI,0,,0
CUST-105112,43,425.77,3,111,1,basic,Region IV-A,0,,0
CUST-105113,43,1406.33,1,38,0,premium,Region VII,0,,0
CUST-105114,24,554.73,1,41,2,basic,NCR,0,,0
CUST-105115,10,219.79,0,70,0,basic,Region IV-A,0,,0
CUST-105116,20,1055.34,3,79,1,standard,Region IV-A,0,,0
CUST-105117,30,1107.54,2,99,2,basic,Region IV-A,0,,0
CUST-105118,15,976.98,4,151,1,standard,Region XI,0,,0
CUST-105119,19,1042.38,1,114,1,standard,Region IV-A,0,,0
CUST-105120,15,1017.94,0,178,1,basic,Region IV-A,0,,0
CUST-105121,4,1922.72,0,21,2,basic,Region IV-A,0,,0
CUST-105122,36,644.8,2,155,1,basic,Region VII,0,,0
CUST-105123,59,977.48,8,71,1,basic,Region III,0,,0
CUST-105124,57,1046.03,1,147,1,standard,Region III,0,,0
CUST-105125,55,408.4,4,107,1,basic,Region IV-A,0,,0
CUST-105126,39,1213.24,3,13,0,basic,Region III,0,,0
CUST-105127,45,1657.6,4,159,0,basic,Region VII,0,,0
CUST-105128,4,1108.38,0,60,0,basic,Region XI,0,,0
CUST-105129,12,171.72,1,51,2,basic,Region III,0,,0
CUST-105130,42,917.94,3,45,2,standard,Region IV-A,0,,0
CUST-105131,59,1106.14,1,158,0,basic,Region III,0,,0
CUST-105132,54,1658.76,7,126,0,standard,Region VII,0,,0
CUST-105133,38,889.45,4,192,1,premium,Region III,0,,0
CUST-105134,7,651.0,1,26,2,standard,Region IV-A,0,,0
CUST-105135,57,995.89,6,129,2,basic,Region III,0,,0
CUST-105136,19,860.36,1,43,4,basic,Region VII,0,,0
CUST-105137,3,1056.89,0,147,0,standard,Region III,0,,0
CUST-105138,46,2114.69,3,33,1,standard,Region III,0,,0
CUST-105139,11,2563.88,2,160,1,premium,Region VII,0,,0
CUST-105140,18,459.73,1,82,2,basic,Region IV-A,0,,0
CUST-105141,40,236.97,6,173,1,basic,Region VII,0,,0
CUST-105142,57,775.19,4,77,1,basic,Region VII,0,,0
CUST-105143,54,1799.28,9,19,1,premium,Region III,0,,0
CUST-105144,10,1732.51,1,44,0,standard,Region III,0,,0
CUST-105145,11,1251.14,2,63,2,premium,Region XI,0,,0
CUST-105146,48,777.23,1,39,0,standard,NCR,0,,0
CUST-105147,19,1628.48,3,101,1,premium,Region VII,0,,0
CUST-105148,5,961.64,1,160,1,standard,Region III,0,,0
CUST-105149,35,1435.28,2,66,1,premium,NCR,0,,0
CUST-105150,39,1711.89,1,16,0,premium,Region XI,0,,0
CUST-105151,59,989.11,8,44,0,standard,Region XI,0,,0
CUST-105152,29,923.91,1,89,0,premium,Region III,0,,0
CUST-105153,48,786.28,3,182,1,standard,Region VII,0,,0
CUST-105154,32,803.47,3,115,1,standard,Region VII,0,,0
CUST-105155,55,806.99,6,153,2,standard,Region IV-A,0,,0
CUST-105156,29,458.49,4,46,1,standard,Region XI,0,,0
CUST-105157,40,2377.72,3,44,0,standard,Region III,0,,0
CUST-105158,57,648.75,2,22,1,standard,NCR,0,,0
CUST-105159,52,1237.72,3,48,1,basic,Region XI,0,,0
CUST-105160,24,736.59,2,188,4,standard,Region III,1,unknown,0
CUST-105161,30,1247.39,1,126,3,premium,NCR,0,,0
CUST-105162,35,1072.49,3,106,0,standard,Region XI,0,,0
CUST-105163,8,575.45,3,93,1,basic,Region IV-A,1,poor_support,0
CUST-105164,14,2367.85,0,21,1,premium,Region XI,0,,0
CUST-105165,42,4012.15,4,61,0,standard,Region XI,0,,0
CUST-105166,5,226.28,1,38,0,basic,Region III,0,,0
CUST-105167,36,1680.5,4,166,1,standard,Region XI,0,,0
CUST-105168,29,1150.27,2,52,3,standard,Region IV-A,0,,0
CUST-105169,29,918.32,4,186,0,standard,Region VII,0,,0
CUST-105170,50,1298.96,1,49,0,basic,Region III,0,,0
CUST-105171,17,1503.28,0,72,2,basic,NCR,0,,0
CUST-105172,47,1374.08,6,19,0,premium,NCR,0,,0
CUST-105173,47,2249.14,4,129,1,premium,Region III,0,,0
CUST-105174,59,188.87,7,29,0,basic,Region IV-A,0,,0
CUST-105175,49,1794.98,5,67,0,premium,Region XI,0,,0
CUST-105176,30,836.68,3,193,2,basic,NCR,1,no_longer_needed,0
CUST-105177,22,932.18,1,190,0,basic,Region VII,0,,0
CUST-105178,47,1663.0,3,17,2,standard,Region VII,0,,0
CUST-105179,55,1125.16,9,80,0,basic,Region XI,0,,0
CUST-105180,17,2158.21,3,114,1,basic,Region XI,0,,0
CUST-105181,22,2964.54,5,41,2,premium,NCR,0,,0
CUST-105182,30,986.0,0,16,0,standard,Region III,0,,0
CUST-105183,7,362.72,0,79,2,basic,Region XI,0,,0
CUST-105184,19,811.99,3,98,3,basic,Region VII,0,,0
CUST-105185,10,708.69,1,63,1,standard,Region III,0,,0
CUST-105186,46,877.12,6,170,0,standard,Region XI,0,,0
CUST-105187,30,883.0,1,101,2,basic,Region III,1,no_longer_needed,1
CUST-105188,36,284.98,4,75,2,basic,Region III,0,,0
CUST-105189,5,1340.32,0,18,2,standard,Region XI,0,,0
CUST-105190,34,1026.02,5,187,2,standard,Region XI,0,,0
CUST-105191,43,1115.01,5,123,3,premium,Region IV-A,0,,0
CUST-105192,41,132.5,2,175,0,basic,Region VII,0,,0
CUST-105193,47,1987.3,4,154,3,premium,Region VII,0,,0
CUST-105194,7,2109.15,1,121,2,premium,Region III,0,,0
CUST-105195,33,1420.97,0,52,1,basic,Region IV-A,0,,0
CUST-105196,29,456.59,4,57,2,basic,NCR,0,,0
CUST-105197,53,1283.41,1,50,0,standard,Region XI,0,,0
CUST-105198,41,2141.49,3,135,0,premium,Region XI,0,,0
CUST-105199,57,978.77,1,66,1,basic,NCR,0,,0
CUST-105200,2,929.54,0,25,1,basic,Region VII,0,,0
CUST-105201,27,2254.27,0,102,1,standard,NCR,1,unknown,0
CUST-105202,42,2175.53,5,10,0,standard,NCR,0,,0
CUST-105203,6,627.31,0,20,0,basic,Region VII,0,,0
CUST-105204,39,562.18,5,173,0,basic,Region VII,0,,0
CUST-105205,14,491.25,0,110,0,basic,Region XI,0,,0
CUST-105206,5,816.87,1,49,1,premium,Region III,0,,0
CUST-105207,39,2014.95,1,132,2,standard,Region XI,0,,0
CUST-105208,26,970.31,3,75,2,basic,Region IV-A,0,,0
CUST-105209,24,1235.26,0,195,0,premium,Region III,0,,0
CUST-105210,20,1115.18,1,172,2,standard,Region III,0,,0
CUST-105211,41,2453.91,1,193,1,premium,Region VII,0,,0
CUST-105212,37,298.41,5,52,1,basic,Region III,0,,0
CUST-105213,40,1730.9,3,63,1,basic,Region III,0,,0
CUST-105214,47,818.71,4,124,1,basic,Region III,0,,0
CUST-105215,36,1073.81,3,133,0,basic,Region III,0,,0
CUST-105216,5,1359.75,1,28,1,standard,Region III,0,,0
CUST-105217,10,2163.98,0,146,0,standard,NCR,0,,0
CUST-105218,59,475.2,4,78,3,basic,Region XI,0,,0
CUST-105219,17,2861.08,0,166,5,standard,Region III,1,no_longer_needed,1
CUST-105220,26,597.19,5,99,1,standard,Region IV-A,0,,0
CUST-105221,23,784.9,3,17,0,standard,NCR,0,,0
CUST-105222,59,1214.48,5,115,1,basic,Region IV-A,0,,0
CUST-105223,49,2385.94,5,25,0,premium,Region III,0,,0
CUST-105224,29,740.45,3,142,3,standard,NCR,0,,0
CUST-105225,41,915.75,7,59,5,premium,Region III,0,,0
CUST-105226,33,2090.46,1,102,1,standard,Region XI,1,found_alternative,1
CUST-105227,39,895.71,5,53,0,standard,Region XI,0,,0
CUST-105228,57,674.86,8,27,1,basic,Region VII,0,,0
CUST-105229,40,1145.7,3,156,0,standard,Region III,0,,0
CUST-105230,7,793.58,1,41,1,basic,Region VII,0,,0
CUST-105231,30,1837.15,6,163,1,premium,Region XI,0,,0
CUST-105232,49,359.64,5,127,0,basic,Region VII,0,,0
CUST-105233,3,288.2,0,93,2,basic,Region XI,0,,0
CUST-105234,22,1315.25,3,99,4,standard,Region III,0,,0
CUST-105235,12,1350.72,0,95,0,standard,Region IV-A,0,,0
CUST-105236,43,1484.45,5,84,0,standard,Region III,0,,0
CUST-105237,9,1445.42,2,103,1,standard,Region VII,0,,0
CUST-105238,37,542.16,5,4,1,standard,NCR,0,,0
CUST-105239,4,1784.35,1,6,2,premium,Region III,0,,0
CUST-105240,55,1155.1,8,125,2,basic,Region VII,0,,0
CUST-105241,19,578.24,4,79,1,standard,NCR,0,,0
CUST-105242,25,2105.66,2,161,3,premium,Region III,0,,0
CUST-105243,47,479.73,7,18,0,basic,Region VII,0,,0
CUST-105244,23,441.55,3,24,2,basic,Region III,0,,0
CUST-105245,7,1252.32,0,26,2,basic,Region VII,0,,0
CUST-105246,54,632.43,4,173,0,standard,Region IV-A,0,,0
CUST-105247,7,976.28,0,137,1,standard,Region IV-A,0,,0
CUST-105248,30,658.4,1,94,1,basic,Region III,0,,0
CUST-105249,8,586.81,0,108,3,basic,Region XI,0,,0
CUST-105250,42,504.89,3,59,1,basic,Region VII,0,,0
CUST-105251,16,2408.54,1,87,1,basic,Region VII,0,,0
CUST-105252,56,1210.26,10,65,0,basic,Region VII,0,,0
CUST-105253,12,794.31,1,151,1,standard,Region IV-A,1,found_alternative,0
CUST-105254,40,710.89,5,155,0,premium,NCR,0,,0
CUST-105255,1,804.07,0,116,2,standard,NCR,0,,0
CUST-105256,7,1605.63,0,46,3,premium,Region IV-A,1,found_alternative,0
CUST-105257,17,1256.24,1,52,0,premium,Region XI,0,,0
CUST-105258,53,1293.48,1,77,2,standard,Region IV-A,0,,0
CUST-105259,59,654.32,4,132,0,standard,Region XI,0,,0
CUST-105260,37,1143.66,2,177,4,standard,Region IV-A,0,,0
CUST-105261,20,1547.96,2,57,3,standard,Region VII,0,,0
CUST-105262,19,864.49,0,158,1,basic,NCR,0,,0
CUST-105263,13,686.4,3,22,3,basic,Region VII,0,,0
CUST-105264,21,1356.38,2,27,4,standard,Region XI,0,,0
CUST-105265,30,778.56,3,191,3,premium,Region IV-A,0,,0
CUST-105266,41,1545.67,7,65,0,standard,Region XI,0,,0
CUST-105267,14,202.54,2,166,3,basic,Region III,0,,0
CUST-105268,3,1670.67,0,72,1,standard,Region IV-A,0,,0
CUST-105269,34,919.89,3,109,0,standard,Region XI,0,,0
CUST-105270,15,390.94,1,3,1,standard,Region VII,0,,0
CUST-105271,24,1357.44,3,19,3,basic,Region VII,0,,0
CUST-105272,42,1534.26,4,191,2,basic,Region IV-A,0,,0
CUST-105273,53,697.82,2,85,0,basic,Region IV-A,0,,0
CUST-105274,32,2068.36,4,152,3,premium,Region III,0,,0
CUST-105275,55,965.95,6,115,0,basic,Region VII,0,,0
CUST-105276,16,1701.39,2,135,1,premium,NCR,0,,0
CUST-105277,43,1669.69,6,66,1,basic,Region IV-A,0,,0
CUST-105278,58,1629.43,3,190,1,premium,Region XI,0,,0
CUST-105279,13,1359.27,1,38,2,basic,NCR,0,,0
CUST-105280,44,2549.53,3,145,3,standard,Region IV-A,0,,0
CUST-105281,28,1602.68,2,101,0,standard,Region VII,0,,0
CUST-105282,52,908.73,7,107,0,standard,NCR,0,,0
CUST-105283,19,1234.78,0,177,1,standard,NCR,0,,0
CUST-105284,57,551.68,3,3,2,basic,NCR,0,,0
CUST-105285,48,1011.65,2,63,1,basic,Region III,0,,0
CUST-105286,42,715.28,2,156,0,basic,Region XI,0,,0
CUST-105287,2,1321.03,1,174,1,standard,NCR,0,,0
CUST-105288,5,1619.32,1,186,4,standard,Region VII,0,,0
CUST-105289,40,539.33,3,75,0,basic,Region III,0,,0
CUST-105290,29,1127.99,2,81,3,standard,Region IV-A,0,,0
CUST-105291,20,453.27,0,56,4,basic,Region XI,0,,0
CUST-105292,50,557.51,4,76,2,basic,Region XI,0,,0
CUST-105293,29,961.21,3,172,2,basic,NCR,1,no_longer_needed,0
CUST-105294,28,933.01,0,71,1,standard,NCR,0,,0
CUST-105295,20,1839.11,0,18,1,basic,Region III,0,,0
CUST-105296,58,855.87,5,199,0,premium,Region XI,0,,0
CUST-105297,22,2302.83,2,152,1,standard,Region VII,0,,0
CUST-105298,16,1604.24,4,27,2,standard,Region VII,0,,0
CUST-105299,40,1202.58,5,95,1,basic,Region XI,0,,0
CUST-105300,3,1554.55,0,153,0,standard,NCR,0,,0
CUST-105301,36,1889.11,3,15,3,premium,Region VII,0,,0
CUST-105302,34,901.24,3,45,0,standard,Region XI,0,,0
CUST-105303,15,1394.53,2,134,0,basic,Region XI,0,,0
CUST-105304,46,1007.9,3,150,2,basic,Region VII,0,,0
CUST-105305,3,288.48,0,74,0,basic,Region VII,0,,0
CUST-105306,58,563.2,6,7,1,basic,Region III,0,,0
CUST-105307,51,706.45,5,151,1,standard,Region VII,0,,0
CUST-105308,11,767.71,2,144,0,basic,Region III,0,,0
CUST-105309,30,454.64,5,102,0,standard,Region IV-A,0,,0
CUST-105310,12,1268.68,1,51,0,basic,NCR,0,,0
CUST-105311,37,1647.15,5,160,0,standard,Region III,0,,0
CUST-105312,21,1238.94,4,139,0,premium,NCR,0,,0
CUST-105313,29,1082.31,1,4,3,basic,Region IV-A,0,,0
CUST-105314,57,1878.59,3,165,0,basic,NCR,0,,0
CUST-105315,37,926.72,3,97,1,standard,Region VII,0,,0
CUST-105316,52,676.96,3,138,0,basic,Region VII,0,,0
CUST-105317,37,990.01,6,100,1,standard,Region VII,0,,0
CUST-105318,28,1810.7,3,17,1,premium,Region VII,0,,0
CUST-105319,1,918.8,0,171,2,standard,Region VII,0,,0
CUST-105320,6,1348.28,0,175,2,premium,Region VII,0,,0
CUST-105321,32,1185.54,1,171,1,basic,Region VII,0,,0
CUST-105322,30,1146.25,3,107,2,basic,NCR,0,,0
CUST-105323,30,618.09,5,95,1,basic,Region VII,0,,0
CUST-105324,50,694.08,2,45,3,standard,Region IV-A,0,,0
CUST-105325,6,695.77,0,55,1,basic,NCR,0,,0
CUST-105326,39,794.62,3,32,4,basic,Region IV-A,0,,0
CUST-105327,45,1570.79,5,88,0,premium,Region III,0,,0
CUST-105328,39,869.79,5,130,1,basic,NCR,0,,0
CUST-105329,14,377.0,1,145,0,basic,Region IV-A,0,,0
CUST-105330,24,659.22,1,77,0,basic,Region XI,0,,0
CUST-105331,4,214.68,0,15,1,basic,NCR,0,,0
CUST-105332,11,967.84,1,181,0,basic,NCR,0,,0
CUST-105333,48,429.84,3,195,0,basic,Region XI,0,,0
CUST-105334,37,310.96,1,138,2,basic,Region VII,0,,0
CUST-105335,52,965.25,3,127,1,standard,Region III,0,,0
CUST-105336,41,1055.58,2,179,2,basic,Region III,0,,0
CUST-105337,15,1106.24,1,85,0,standard,NCR,0,,0
CUST-105338,48,2241.65,5,100,1,standard,Region XI,0,,0
CUST-105339,41,506.58,3,118,1,standard,Region VII,0,,0
CUST-105340,12,846.55,1,104,1,premium,Region III,0,,0
CUST-105341,1,589.01,0,178,0,basic,NCR,0,,0
CUST-105342,46,1363.96,4,48,1,basic,Region VII,0,,0
CUST-105343,43,621.2,2,80,2,basic,Region IV-A,0,,0
CUST-105344,6,480.09,0,191,1,basic,Region VII,1,no_longer_needed,0
CUST-105345,28,1345.68,3,45,2,standard,Region III,0,,0
CUST-105346,54,911.57,7,122,1,standard,Region XI,0,,0
CUST-105347,47,1645.04,6,133,1,basic,NCR,0,,0
CUST-105348,49,729.11,3,171,0,basic,NCR,0,,0
CUST-105349,24,1976.45,3,10,0,premium,Region VII,0,,0
CUST-105350,8,1015.57,1,101,0,standard,Region IV-A,0,,0
CUST-105351,21,1059.02,4,75,2,basic,Region III,0,,0
CUST-105352,41,2092.18,1,91,0,premium,Region VII,0,,0
CUST-105353,50,495.39,3,41,0,standard,Region IV-A,0,,0
CUST-105354,38,192.38,4,64,2,basic,Region IV-A,0,,0
CUST-105355,3,268.16,1,150,1,basic,Region III,1,found_alternative,0
CUST-105356,35,694.61,2,188,2,standard,Region VII,0,,0
CUST-105357,12,1529.07,1,171,0,basic,Region IV-A,1,found_alternative,0
CUST-105358,36,2745.13,2,147,2,premium,Region XI,0,,0
CUST-105359,25,1048.45,2,161,0,standard,Region IV-A,0,,0
CUST-105360,32,894.64,0,147,1,standard,Region III,0,,0
CUST-105361,36,1278.64,2,20,0,standard,NCR,0,,0
CUST-105362,38,1136.28,1,127,1,premium,Region III,0,,0
CUST-105363,1,995.13,1,28,1,basic,Region VII,0,,0
CUST-105364,58,1495.63,4,72,3,basic,Region III,0,,0
CUST-105365,34,1283.89,2,186,2,standard,Region IV-A,0,,0
CUST-105366,30,408.81,3,180,1,basic,Region III,0,,0
CUST-105367,23,1031.88,1,124,0,standard,Region XI,0,,0
CUST-105368,7,2535.73,0,142,0,standard,Region XI,0,,0
CUST-105369,38,1100.95,2,54,3,basic,Region XI,0,,0
CUST-105370,22,610.24,3,150,1,basic,Region VII,0,,0
CUST-105371,54,776.88,4,119,0,standard,Region IV-A,0,,0
CUST-105372,39,598.79,3,103,2,basic,NCR,0,,0
CUST-105373,27,1287.85,1,145,2,basic,NCR,0,,0
CUST-105374,2,949.7,0,185,0,basic,Region IV-A,0,,0
CUST-105375,33,435.33,3,134,3,basic,Region VII,0,,0
CUST-105376,50,1697.72,6,84,2,standard,NCR,0,,0
CUST-105377,28,2846.55,5,73,1,premium,Region IV-A,0,,0
CUST-105378,39,1228.2,3,53,1,standard,Region XI,0,,0
CUST-105379,7,1851.85,1,123,0,standard,Region XI,0,,0
CUST-105380,24,396.0,2,72,1,basic,Region IV-A,0,,0
CUST-105381,47,1350.74,3,17,0,premium,Region IV-A,0,,0
CUST-105382,25,965.9,2,113,0,premium,NCR,0,,0
CUST-105383,53,1568.79,8,182,1,standard,NCR,0,,0
CUST-105384,25,838.16,1,3,2,basic,Region III,0,,0
CUST-105385,48,192.63,2,160,1,basic,Region XI,0,,0
CUST-105386,38,400.56,6,172,0,basic,NCR,0,,0
CUST-105387,56,779.06,3,176,0,basic,Region VII,0,,0
CUST-105388,32,271.05,3,19,1,basic,Region III,0,,0
CUST-105389,28,1017.57,5,52,1,premium,NCR,0,,0
CUST-105390,21,1530.34,2,159,1,basic,NCR,0,,0
CUST-105391,39,513.55,4,47,2,basic,Region VII,0,,0
CUST-105392,58,1570.89,7,194,0,premium,NCR,0,,0
CUST-105393,10,2004.62,1,112,1,premium,Region IV-A,0,,0
CUST-105394,56,1262.84,1,68,0,basic,Region XI,0,,0
CUST-105395,58,1919.47,2,75,0,basic,Region IV-A,0,,0
CUST-105396,46,1716.29,3,86,1,standard,Region III,0,,0
CUST-105397,35,1550.88,4,39,1,premium,Region XI,0,,0
CUST-105398,51,547.9,3,72,0,standard,NCR,0,,0
CUST-105399,16,801.75,2,159,1,basic,Region III,0,,0
CUST-105400,38,1519.05,3,13,2,standard,NCR,0,,0
CUST-105401,48,715.22,5,17,1,standard,NCR,0,,0
CUST-105402,48,1543.01,7,78,3,basic,Region XI,0,,0
CUST-105403,35,839.28,4,5,3,basic,Region III,0,,0
CUST-105404,23,1865.1,4,86,2,premium,NCR,0,,0
CUST-105405,57,1510.23,6,165,1,standard,Region XI,0,,0
CUST-105406,40,1294.94,1,106,0,basic,Region XI,0,,0
CUST-105407,46,868.78,5,43,2,standard,Region III,0,,0
CUST-105408,37,2184.34,6,12,1,standard,Region IV-A,0,,0
CUST-105409,52,1709.31,4,175,1,basic,Region VII,0,,0
CUST-105410,29,901.65,1,156,1,basic,Region IV-A,0,,0
CUST-105411,33,383.39,1,111,3,basic,Region VII,1,no_longer_needed,0
CUST-105412,48,1235.57,2,57,3,premium,Region III,0,,0
CUST-105413,31,617.52,6,120,0,basic,Region XI,0,,0
CUST-105414,15,533.7,0,151,2,standard,Region IV-A,0,,0
CUST-105415,45,789.28,4,4,2,standard,NCR,0,,0
CUST-105416,23,644.58,1,149,0,premium,Region VII,0,,0
CUST-105417,7,1733.92,1,88,2,premium,NCR,0,,0
CUST-105418,22,1352.94,2,77,1,premium,Region XI,0,,0
CUST-105419,4,1906.77,0,182,1,premium,Region XI,0,,0
CUST-105420,52,689.54,7,163,2,basic,NCR,0,,0
CUST-105421,59,271.29,4,149,2,basic,Region IV-A,0,,0
CUST-105422,16,372.09,1,142,1,basic,Region III,0,,0
CUST-105423,55,1066.29,3,51,2,standard,NCR,0,,0
CUST-105424,42,811.94,0,190,1,basic,Region VII,0,,0
CUST-105425,57,537.1,7,8,3,basic,NCR,0,,0
CUST-105426,10,522.67,2,68,0,basic,NCR,0,,0
CUST-105427,4,1595.43,0,28,3,standard,Region XI,0,,0
CUST-105428,55,212.42,6,39,1,basic,Region III,0,,0
CUST-105429,16,1013.25,1,158,3,basic,Region XI,0,,0
CUST-105430,36,951.82,2,46,1,standard,Region IV-A,0,,0
CUST-105431,54,1592.94,4,98,0,standard,Region IV-A,0,,0
CUST-105432,21,2955.79,1,141,2,premium,Region IV-A,1,found_alternative,1
CUST-105433,6,587.44,1,97,1,standard,Region III,0,,0
CUST-105434,47,1463.46,2,52,3,standard,Region III,0,,0
CUST-105435,27,1178.8,1,171,0,basic,Region VII,1,poor_support,0
CUST-105436,2,483.04,0,65,2,basic,Region VII,1,unknown,1
CUST-105437,21,856.18,2,91,1,standard,NCR,0,,0
CUST-105438,32,735.01,2,44,1,basic,Region III,0,,0
CUST-105439,52,1400.16,4,89,0,standard,Region XI,0,,0
CUST-105440,14,1478.12,2,7,1,premium,Region IV-A,0,,0
CUST-105441,31,1757.25,2,12,3,basic,Region III,0,,0
CUST-105442,11,702.29,1,4,1,standard,Region III,0,,0
CUST-105443,18,801.56,1,157,0,basic,NCR,0,,0
CUST-105444,16,990.94,2,59,1,basic,Region XI,0,,0
CUST-105445,31,675.86,3,88,1,basic,Region III,0,,0
CUST-105446,40,657.03,3,82,2,standard,Region III,0,,0
CUST-105447,7,2163.1,0,188,0,premium,NCR,0,,0
CUST-105448,5,966.73,0,158,3,basic,Region XI,0,,0
CUST-105449,44,462.5,5,45,0,standard,Region III,0,,0
CUST-105450,18,555.3,1,12,2,basic,Region VII,0,,0
CUST-105451,37,469.88,2,37,1,basic,Region VII,0,,0
CUST-105452,5,2247.08,1,37,0,standard,Region III,0,,0
CUST-105453,36,960.34,3,0,2,standard,Region IV-A,0,,0
CUST-105454,54,2049.28,3,146,2,standard,NCR,1,poor_support,1
CUST-105455,26,1690.4,4,137,0,premium,Region VII,0,,0
CUST-105456,35,1054.29,6,111,2,basic,Region VII,0,,0
CUST-105457,18,791.8,0,107,0,standard,Region III,0,,0
CUST-105458,17,704.3,1,54,0,basic,NCR,0,,0
CUST-105459,4,577.4,0,56,0,standard,Region III,0,,0
CUST-105460,29,1443.29,5,18,0,basic,Region VII,0,,0
CUST-105461,56,1451.31,2,66,1,basic,Region IV-A,0,,0
CUST-105462,7,1304.54,0,83,0,standard,NCR,0,,0
CUST-105463,25,875.01,2,60,1,basic,Region IV-A,0,,0
CUST-105464,50,1016.79,1,178,0,standard,Region VII,0,,0
CUST-105465,30,2589.08,2,76,1,premium,NCR,0,,0
CUST-105466,45,1578.27,5,150,1,basic,Region IV-A,0,,0
CUST-105467,23,1219.82,1,61,1,standard,Region XI,0,,0
CUST-105468,36,1213.44,4,175,1,premium,Region III,0,,0
CUST-105469,59,825.42,7,87,2,standard,NCR,0,,0
CUST-105470,36,1900.33,5,151,1,basic,Region XI,0,,0
CUST-105471,47,748.07,6,169,0,standard,NCR,0,,0
CUST-105472,41,1050.59,1,168,0,standard,NCR,0,,0
CUST-105473,6,1424.14,1,106,2,standard,Region III,0,,0
CUST-105474,10,1628.21,0,165,4,standard,Region VII,0,,0
CUST-105475,36,1018.61,1,155,1,basic,Region VII,0,,0
CUST-105476,21,1143.47,3,39,4,standard,Region III,0,,0
CUST-105477,29,859.79,2,114,2,basic,NCR,0,,0
CUST-105478,29,1340.96,2,104,2,premium,Region XI,0,,0
CUST-105479,47,659.71,4,55,3,standard,NCR,0,,0
CUST-105480,59,1882.16,1,136,1,premium,Region XI,0,,0
CUST-105481,59,622.6,4,193,1,basic,Region IV-A,0,,0
CUST-105482,5,358.75,0,87,0,basic,NCR,0,,0
CUST-105483,44,437.71,3,36,2,basic,Region III,0,,0
CUST-105484,43,963.47,2,147,0,basic,Region III,1,too_expensive,0
CUST-105485,52,1244.17,5,189,1,basic,NCR,0,,0
CUST-105486,26,1193.4,1,8,1,standard,Region IV-A,0,,0
CUST-105487,30,784.29,1,187,0,basic,Region VII,0,,0
CUST-105488,27,1426.41,5,145,2,premium,Region IV-A,0,,0
CUST-105489,23,508.56,5,36,3,basic,Region VII,0,,0
CUST-105490,15,1466.23,1,73,0,basic,Region XI,0,,0
CUST-105491,38,693.22,0,32,0,standard,NCR,0,,0
CUST-105492,1,1035.15,0,112,1,basic,Region VII,0,,0
CUST-105493,45,1659.66,6,58,3,standard,Region III,0,,0
CUST-105494,50,1233.17,5,127,1,standard,NCR,0,,0
CUST-105495,14,1441.92,1,121,1,standard,Region III,1,found_alternative,0
CUST-105496,13,789.36,2,158,2,standard,Region III,1,no_longer_needed,0
CUST-105497,30,1265.25,3,85,2,standard,Region XI,0,,0
CUST-105498,50,1961.53,5,121,1,premium,Region III,0,,0
CUST-105499,7,1287.52,0,170,1,basic,Region VII,1,too_expensive,0
CUST-105500,26,1370.38,1,85,1,basic,Region XI,0,,0
CUST-105501,13,962.02,1,196,0,standard,Region III,0,,0
CUST-105502,51,1511.57,6,92,4,basic,NCR,0,,0
CUST-105503,53,1169.04,8,88,2,standard,Region XI,0,,0
CUST-105504,5,938.73,0,119,1,standard,Region IV-A,0,,0
CUST-105505,9,1918.17,1,2,1,basic,Region IV-A,0,,0
CUST-105506,10,217.92,1,106,2,basic,Region VII,0,,0
CUST-105507,48,1128.48,9,195,1,standard,Region III,0,,0
CUST-105508,54,560.03,3,126,1,basic,Region IV-A,0,,0
CUST-105509,22,1283.15,2,84,2,basic,Region XI,1,found_alternative,0
CUST-105510,10,781.68,2,91,1,standard,NCR,0,,0
CUST-105511,40,538.71,3,100,2,standard,Region VII,0,,0
CUST-105512,53,910.21,4,21,1,standard,Region III,0,,0
CUST-105513,54,703.74,6,125,0,basic,Region IV-A,0,,0
CUST-105514,27,597.03,1,24,2,basic,Region XI,0,,0
CUST-105515,47,614.36,1,152,1,standard,Region VII,0,,0
CUST-105516,57,779.75,5,22,1,basic,Region IV-A,0,,0
CUST-105517,49,847.56,2,96,1,premium,Region XI,0,,0
CUST-105518,29,1029.01,3,188,1,standard,Region VII,0,,0
CUST-105519,16,798.68,2,7,0,basic,NCR,0,,0
CUST-105520,22,2058.5,5,11,0,standard,NCR,0,,0
CUST-105521,22,1560.22,4,124,3,premium,Region III,0,,0
CUST-105522,59,857.26,8,135,4,premium,Region VII,0,,0
CUST-105523,44,1354.01,5,89,1,standard,Region IV-A,0,,0
CUST-105524,51,1966.07,6,37,0,basic,NCR,0,,0
CUST-105525,46,785.33,5,108,0,standard,Region XI,0,,0
CUST-105526,29,1050.58,1,144,1,standard,NCR,0,,0
CUST-105527,47,958.86,0,54,3,standard,NCR,0,,0
CUST-105528,38,827.74,3,28,1,basic,Region III,0,,0
CUST-105529,44,705.31,3,0,2,premium,NCR,0,,0
CUST-105530,18,1061.47,1,192,0,standard,Region IV-A,1,unknown,1
CUST-105531,14,792.52,0,26,1,basic,Region IV-A,0,,0
CUST-105532,11,571.47,2,131,0,basic,Region XI,0,,0
CUST-105533,18,741.29,1,116,0,basic,NCR,1,found_alternative,0
CUST-105534,58,879.49,2,107,1,basic,Region III,0,,0
CUST-105535,56,933.85,7,129,1,basic,Region VII,0,,0
CUST-105536,9,1274.43,0,33,0,standard,Region VII,1,unknown,0
CUST-105537,33,1613.54,4,24,2,basic,Region III,0,,0
CUST-105538,56,1187.47,1,108,1,basic,Region XI,0,,0
CUST-105539,45,935.85,4,87,0,basic,Region XI,0,,0
CUST-105540,37,695.22,4,112,3,basic,Region VII,0,,0
CUST-105541,36,2443.85,5,125,1,basic,Region VII,0,,0
CUST-105542,20,250.61,0,195,1,basic,Region IV-A,0,,0
CUST-105543,55,1267.43,1,85,2,standard,Region IV-A,0,,0
CUST-105544,5,1312.0,0,147,1,basic,Region IV-A,0,,0
CUST-105545,52,1134.08,5,139,2,standard,Region XI,0,,0
CUST-105546,52,550.76,4,51,1,basic,NCR,0,,0
CUST-105547,16,1095.94,0,186,2,basic,NCR,0,,0
CUST-105548,31,435.85,4,179,3,basic,Region IV-A,0,,0
CUST-105549,53,1316.59,2,65,2,basic,Region IV-A,0,,0
CUST-105550,28,657.92,1,71,1,standard,NCR,0,,0
CUST-105551,18,1956.52,0,158,3,standard,Region VII,0,,0
CUST-105552,5,1348.09,0,137,2,standard,NCR,0,,0
CUST-105553,27,908.7,2,47,0,basic,Region III,0,,0
CUST-105554,17,766.06,2,34,3,basic,Region IV-A,0,,0
CUST-105555,51,1418.75,7,115,4,premium,NCR,0,,0
CUST-105556,51,468.27,3,149,4,basic,Region VII,0,,0
CUST-105557,20,873.02,4,174,0,basic,Region IV-A,0,,0
CUST-105558,13,660.3,0,77,2,basic,Region IV-A,0,,0
CUST-105559,18,1225.15,3,175,1,premium,Region IV-A,0,,0
CUST-105560,24,2956.97,1,150,1,premium,Region VII,0,,0
CUST-105561,40,668.37,1,83,2,basic,Region VII,0,,0
CUST-105562,9,727.13,3,153,1,basic,Region VII,0,,0
CUST-105563,59,1718.46,3,165,3,standard,Region III,0,,0
CUST-105564,42,466.44,5,179,0,basic,Region VII,0,,0
CUST-105565,8,1682.32,2,94,1,basic,NCR,0,,0
CUST-105566,19,711.99,3,107,2,basic,NCR,0,,0
CUST-105567,42,514.04,4,129,1,basic,Region XI,0,,0
CUST-105568,30,246.41,1,56,0,basic,NCR,0,,0
CUST-105569,32,1816.88,7,106,2,standard,NCR,0,,0
CUST-105570,3,851.7,0,115,1,standard,Region III,0,,0
CUST-105571,25,950.41,0,112,1,standard,Region XI,0,,0
CUST-105572,37,707.42,2,68,1,basic,Region XI,0,,0
CUST-105573,45,600.55,6,13,2,basic,Region VII,0,,0
CUST-105574,27,1692.83,5,106,0,premium,NCR,0,,0
CUST-105575,33,1366.84,3,169,1,basic,Region VII,0,,0
CUST-105576,14,2433.95,0,143,3,basic,Region XI,0,,0
CUST-105577,48,1760.37,5,61,0,basic,Region III,0,,0
CUST-105578,42,896.97,2,120,1,basic,Region III,0,,0
CUST-105579,44,1323.61,6,21,1,basic,Region XI,0,,0
CUST-105580,40,2033.94,1,127,2,basic,NCR,0,,0
CUST-105581,59,1686.73,14,72,1,standard,Region XI,0,,0
CUST-105582,52,925.91,2,112,1,basic,Region IV-A,0,,0
CUST-105583,48,1353.56,2,16,1,standard,Region VII,0,,0
CUST-105584,20,1944.0,5,85,1,standard,Region III,0,,0
CUST-105585,4,199.82,0,5,1,basic,Region VII,0,,0
CUST-105586,1,1012.47,1,151,0,standard,Region XI,0,,0
CUST-105587,46,760.77,3,74,1,premium,Region IV-A,0,,0
CUST-105588,54,391.77,1,192,0,basic,Region III,0,,0
CUST-105589,39,364.7,5,99,3,standard,NCR,0,,0
CUST-105590,43,974.36,1,18,2,standard,Region XI,0,,0
CUST-105591,6,2185.26,2,180,2,standard,Region XI,0,,0
CUST-105592,34,1581.91,6,94,0,basic,Region VII,0,,0
CUST-105593,36,514.04,4,77,2,basic,NCR,0,,0
CUST-105594,10,1098.43,0,136,1,basic,Region XI,1,poor_support,0
CUST-105595,45,449.05,6,161,1,basic,Region IV-A,0,,0
CUST-105596,20,899.61,0,143,1,basic,Region III,0,,0
CUST-105597,12,2402.14,2,124,4,premium,Region III,0,,0
CUST-105598,42,357.86,4,190,0,basic,Region XI,0,,0
CUST-105599,26,1004.95,2,92,0,basic,Region VII,0,,0
CUST-105600,32,1298.31,2,90,1,basic,Region IV-A,0,,0
CUST-105601,33,582.99,2,9,2,basic,Region VII,0,,0
CUST-105602,37,1249.62,6,100,0,standard,Region XI,0,,0
CUST-105603,25,752.06,3,170,2,standard,Region VII,0,,0
CUST-105604,49,928.31,1,56,0,basic,Region III,0,,0
CUST-105605,52,928.35,4,123,3,basic,NCR,0,,0
CUST-105606,29,320.16,0,162,1,basic,NCR,0,,0
CUST-105607,10,878.77,0,43,2,premium,Region III,0,,0
CUST-105608,17,245.81,2,0,3,basic,Region VII,0,,0
CUST-105609,46,1139.45,11,55,0,basic,NCR,0,,0
CUST-105610,16,1032.13,0,7,0,basic,NCR,0,,0
CUST-105611,46,874.13,7,148,0,basic,Region XI,0,,0
CUST-105612,40,737.52,6,65,0,basic,Region IV-A,0,,0
CUST-105613,27,1957.87,4,163,0,premium,NCR,0,,0
CUST-105614,8,684.38,2,152,1,basic,Region XI,1,found_alternative,0
CUST-105615,32,532.51,0,145,3,basic,Region XI,0,,0
CUST-105616,41,384.68,7,50,2,basic,Region IV-A,0,,0
CUST-105617,10,841.15,0,41,1,basic,NCR,0,,0
CUST-105618,49,1553.79,2,62,0,premium,Region VII,0,,0
CUST-105619,12,403.21,3,14,1,standard,Region XI,0,,0
CUST-105620,25,1414.82,1,66,1,premium,Region XI,0,,0
CUST-105621,32,1859.07,4,87,3,premium,Region IV-A,0,,0
CUST-105622,44,948.7,1,108,2,standard,Region XI,0,,0
CUST-105623,14,3015.51,1,107,1,standard,Region XI,0,,0
CUST-105624,20,1093.63,3,163,2,standard,NCR,0,,0
CUST-105625,48,872.39,5,108,0,standard,Region VII,0,,0
CUST-105626,20,909.02,2,155,0,standard,Region VII,0,,0
CUST-105627,37,1294.43,3,110,1,standard,Region VII,0,,0
CUST-105628,24,2414.09,3,44,0,basic,Region IV-A,0,,0
CUST-105629,4,787.25,1,141,2,standard,Region VII,0,,0
CUST-105630,31,1192.71,3,195,2,basic,Region IV-A,0,,0
CUST-105631,22,1254.99,1,113,0,standard,Region III,0,,0
CUST-105632,16,2082.25,0,116,1,standard,Region IV-A,0,,0
CUST-105633,51,769.04,5,47,3,standard,Region XI,0,,0
CUST-105634,46,1354.21,1,151,0,standard,Region XI,0,,0
CUST-105635,17,1710.11,1,7,2,standard,Region VII,0,,0
CUST-105636,31,1431.43,1,143,1,standard,Region III,0,,0
CUST-105637,43,1371.46,2,96,1,basic,Region III,0,,0
CUST-105638,4,679.99,0,186,2,basic,Region III,1,found_alternative,0
CUST-105639,6,969.41,0,37,1,basic,Region III,0,,0
CUST-105640,32,1632.01,5,96,1,basic,Region XI,0,,0
CUST-105641,55,285.66,7,81,1,basic,Region IV-A,0,,0
CUST-105642,55,938.48,5,165,4,standard,Region III,0,,0
CUST-105643,27,744.7,2,45,1,standard,Region XI,0,,0
CUST-105644,42,479.99,3,81,1,basic,Region III,0,,0
CUST-105645,30,1620.75,0,96,0,premium,Region VII,0,,0
CUST-105646,54,1009.89,1,112,1,basic,Region VII,0,,0
CUST-105647,34,957.07,0,46,3,standard,Region III,0,,0
CUST-105648,53,930.66,9,82,0,basic,Region XI,0,,0
CUST-105649,22,1061.84,3,60,3,standard,Region VII,0,,0
CUST-105650,55,251.6,3,30,2,basic,Region XI,0,,0
CUST-105651,43,380.48,3,38,0,basic,NCR,0,,0
CUST-105652,46,1195.02,1,40,2,basic,Region III,0,,0
CUST-105653,1,690.48,2,119,3,standard,Region III,0,,0
CUST-105654,48,1299.83,7,147,2,premium,Region VII,0,,0
CUST-105655,10,1317.67,2,136,1,standard,Region XI,0,,0
CUST-105656,56,1252.56,7,1,1,standard,NCR,0,,0
CUST-105657,12,559.19,0,107,1,basic,NCR,0,,0
CUST-105658,49,1096.67,4,44,2,standard,Region VII,0,,0
CUST-105659,38,933.36,2,199,1,standard,Region III,0,,0
CUST-105660,24,781.85,0,29,1,basic,Region VII,0,,0
CUST-105661,53,1796.62,6,85,0,basic,NCR,0,,0
CUST-105662,23,1099.35,0,111,3,basic,Region IV-A,0,,0
CUST-105663,4,781.38,0,36,1,basic,NCR,0,,0
CUST-105664,5,859.72,1,10,1,basic,Region XI,0,,0
CUST-105665,51,408.61,6,164,1,standard,NCR,0,,0
CUST-105666,23,3350.81,2,63,2,standard,NCR,0,,0
CUST-105667,49,1620.44,2,90,0,basic,NCR,0,,0
CUST-105668,2,1255.6,0,148,0,premium,Region III,0,,0
CUST-105669,5,493.93,1,76,2,standard,Region IV-A,0,,0
CUST-105670,59,926.03,6,91,2,standard,Region VII,0,,0
CUST-105671,9,2069.03,0,107,0,premium,Region XI,0,,0
CUST-105672,41,1975.0,8,150,0,premium,Region XI,0,,0
CUST-105673,21,838.6,0,27,2,basic,NCR,0,,0
CUST-105674,30,2754.27,0,199,2,premium,Region IV-A,0,,0
CUST-105675,7,744.95,0,182,2,basic,Region XI,0,,0
CUST-105676,16,701.64,1,123,0,basic,NCR,0,,0
CUST-105677,45,1064.3,5,164,0,basic,Region VII,0,,0
CUST-105678,32,774.62,2,139,1,standard,Region IV-A,0,,0
CUST-105679,30,1206.15,5,185,2,premium,NCR,0,,0
CUST-105680,56,1208.08,3,6,0,basic,NCR,0,,0
CUST-105681,25,738.5,4,95,4,standard,Region III,0,,0
CUST-105682,48,1064.04,6,196,3,basic,NCR,0,,0
CUST-105683,43,1661.51,3,66,4,standard,NCR,0,,0
CUST-105684,28,659.92,3,167,1,basic,Region IV-A,1,too_expensive,0
CUST-105685,18,986.87,2,28,1,standard,Region VII,0,,0
CUST-105686,21,1149.73,0,0,1,standard,Region IV-A,0,,0
CUST-105687,52,487.67,3,132,1,basic,Region VII,0,,0
CUST-105688,19,1245.37,5,183,0,premium,NCR,0,,0
CUST-105689,39,906.45,4,47,0,premium,Region III,0,,0
CUST-105690,8,424.66,0,165,0,basic,Region VII,0,,0
CUST-105691,21,1045.67,0,60,0,standard,NCR,0,,0
CUST-105692,56,1271.68,5,194,2,standard,Region IV-A,0,,0
CUST-105693,32,1026.3,3,2,1,basic,NCR,0,,0
CUST-105694,49,559.72,9,147,1,basic,Region IV-A,0,,0
CUST-105695,16,816.16,0,192,2,standard,Region VII,0,,0
CUST-105696,45,863.3,5,106,1,standard,Region XI,0,,0
CUST-105697,59,1088.03,5,168,3,standard,NCR,0,,0
CUST-105698,55,672.67,6,12,0,standard,Region IV-A,0,,0
CUST-105699,26,523.81,0,143,1,standard,Region IV-A,0,,0
CUST-105700,41,915.26,4,9,2,basic,NCR,0,,0
CUST-105701,53,580.45,2,151,0,basic,Region VII,0,,0
CUST-105702,49,1030.07,3,34,2,basic,NCR,0,,0
CUST-105703,58,2212.06,2,166,0,basic,Region VII,0,,0
CUST-105704,2,843.59,0,106,0,standard,Region III,0,,0
CUST-105705,32,1326.89,2,44,1,standard,NCR,0,,0
CUST-105706,47,191.92,4,163,0,basic,NCR,0,,0
CUST-105707,44,912.66,4,93,2,standard,Region IV-A,0,,0
CUST-105708,10,884.05,0,184,1,basic,Region III,0,,0
CUST-105709,34,165.96,1,87,0,basic,Region IV-A,0,,0
CUST-105710,10,2289.53,0,87,0,premium,Region XI,0,,0
CUST-105711,6,499.53,2,8,0,basic,Region XI,0,,0
CUST-105712,7,1550.17,0,43,1,standard,Region VII,0,,0
CUST-105713,57,1127.45,6,122,0,basic,Region IV-A,0,,0
CUST-105714,17,1904.15,1,53,0,basic,NCR,0,,0
CUST-105715,27,443.99,1,25,2,standard,Region IV-A,0,,0
CUST-105716,16,1215.73,1,45,0,standard,NCR,0,,0
CUST-105717,53,1028.86,2,114,0,standard,NCR,0,,0
CUST-105718,53,754.29,3,73,2,premium,Region III,0,,0
CUST-105719,39,990.44,3,149,0,standard,Region VII,0,,0
CUST-105720,49,940.54,4,184,1,standard,Region VII,0,,0
CUST-105721,7,357.17,1,20,0,basic,Region VII,0,,0
CUST-105722,59,711.05,7,14,1,basic,Region III,0,,0
CUST-105723,25,920.82,2,34,1,standard,Region VII,0,,0
CUST-105724,24,846.02,2,3,4,standard,Region XI,0,,0
CUST-105725,12,983.97,1,174,2,basic,Region VII,0,,0
CUST-105726,52,1226.73,5,149,0,basic,Region VII,0,,0
CUST-105727,11,503.8,2,145,2,basic,Region XI,0,,0
CUST-105728,51,756.09,10,183,2,basic,Region VII,0,,0
CUST-105729,43,1876.0,2,156,1,basic,Region XI,0,,0
CUST-105730,46,1000.92,4,165,1,standard,Region III,0,,0
CUST-105731,2,743.44,1,31,0,standard,Region III,0,,0
CUST-105732,44,994.51,0,173,2,premium,NCR,0,,0
CUST-105733,58,1347.11,5,137,0,standard,NCR,0,,0
CUST-105734,24,519.53,3,28,2,basic,Region IV-A,0,,0
CUST-105735,27,706.47,2,27,5,standard,Region XI,0,,0
CUST-105736,7,1306.11,1,149,2,standard,Region III,1,found_alternative,1
CUST-105737,29,571.57,0,83,3,standard,Region VII,0,,0
CUST-105738,40,1021.02,6,62,1,basic,NCR,0,,0
CUST-105739,18,658.14,2,8,3,standard,Region XI,0,,0
CUST-105740,44,459.22,1,82,0,basic,Region IV-A,0,,0
CUST-105741,6,315.11,0,65,1,basic,Region IV-A,0,,0
CUST-105742,40,474.26,2,59,2,basic,Region III,0,,0
CUST-105743,35,1478.07,2,193,0,basic,Region XI,0,,0
CUST-105744,14,3546.12,0,39,1,premium,Region IV-A,0,,0
CUST-105745,21,716.71,1,139,1,basic,NCR,0,,0
CUST-105746,15,641.12,1,130,0,basic,Region IV-A,0,,0
CUST-105747,37,1482.9,1,7,0,standard,Region IV-A,0,,0
CUST-105748,38,1631.07,0,0,1,premium,Region VII,0,,0
CUST-105749,33,1628.86,4,153,0,standard,Region IV-A,0,,0
CUST-105750,12,974.81,0,102,0,basic,Region III,0,,0
CUST-105751,13,1486.32,2,77,0,basic,NCR,0,,0
CUST-105752,48,1193.95,5,93,1,standard,Region XI,0,,0
CUST-105753,28,2127.79,3,58,0,standard,NCR,0,,0
CUST-105754,26,1212.88,1,186,0,basic,Region III,0,,0
CUST-105755,19,2383.57,1,38,3,premium,NCR,0,,0
CUST-105756,55,892.46,5,39,1,standard,Region III,0,,0
CUST-105757,15,947.71,2,84,1,standard,NCR,0,,0
CUST-105758,46,907.23,1,30,0,basic,Region III,0,,0
CUST-105759,46,846.96,2,51,1,premium,Region XI,0,,0
CUST-105760,15,1187.68,3,131,0,standard,Region III,0,,0
CUST-105761,1,776.7,0,183,0,basic,Region XI,1,unknown,0
CUST-105762,15,823.85,2,9,4,basic,Region VII,0,,0
CUST-105763,16,684.99,2,140,2,basic,Region XI,0,,0
CUST-105764,44,903.3,1,40,0,basic,Region VII,0,,0
CUST-105765,32,605.07,2,182,0,basic,Region XI,0,,0
CUST-105766,26,1454.77,3,149,2,basic,Region IV-A,1,unknown,0
CUST-105767,29,1174.98,2,7,2,basic,Region XI,0,,0
CUST-105768,57,1160.35,10,137,1,standard,NCR,0,,0
CUST-105769,56,521.45,2,8,0,standard,Region XI,0,,0
CUST-105770,2,495.39,1,77,0,standard,NCR,0,,0
CUST-105771,50,825.79,2,125,1,basic,NCR,0,,0
CUST-105772,22,436.53,0,171,0,basic,Region VII,0,,0
CUST-105773,45,1341.51,2,123,1,standard,Region III,0,,0
CUST-105774,59,412.85,0,166,0,standard,NCR,0,,0
CUST-105775,31,2052.6,5,143,1,basic,Region XI,0,,0
CUST-105776,37,948.4,3,22,1,premium,Region IV-A,0,,0
CUST-105777,26,1634.52,4,113,0,standard,Region IV-A,0,,0
CUST-105778,5,1267.28,0,25,0,premium,Region III,0,,0
CUST-105779,3,511.52,0,7,0,standard,Region VII,0,,0
CUST-105780,22,699.15,1,178,2,basic,Region III,0,,0
CUST-105781,49,2281.04,2,137,3,premium,Region IV-A,0,,0
CUST-105782,21,1260.78,3,5,1,premium,NCR,0,,0
CUST-105783,26,1849.7,4,165,1,standard,Region III,0,,0
CUST-105784,32,1391.79,3,167,2,premium,NCR,0,,0
CUST-105785,19,1761.0,1,140,0,premium,Region III,0,,0
CUST-105786,29,792.86,7,87,0,standard,Region III,0,,0
CUST-105787,36,177.47,1,164,2,basic,Region VII,1,found_alternative,0
CUST-105788,51,721.23,5,198,0,standard,Region XI,0,,0
CUST-105789,45,615.4,4,88,2,standard,Region IV-A,0,,0
CUST-105790,49,1164.04,6,55,0,standard,Region XI,0,,0
CUST-105791,31,1052.57,4,20,0,basic,Region III,0,,0
CUST-105792,42,939.02,3,50,1,standard,Region IV-A,0,,0
CUST-105793,9,1111.46,2,179,1,premium,Region VII,0,,0
CUST-105794,9,1850.98,1,131,0,basic,NCR,1,no_longer_needed,0
CUST-105795,55,794.27,4,152,1,basic,Region IV-A,0,,0
CUST-105796,36,1246.16,3,26,1,standard,Region XI,0,,0
CUST-105797,7,600.07,0,107,2,basic,Region IV-A,1,poor_support,0
CUST-105798,25,270.19,3,59,2,basic,Region XI,0,,0
CUST-105799,58,711.46,2,28,2,standard,Region VII,0,,0
CUST-105800,2,1360.88,0,138,0,premium,NCR,0,,0
CUST-105801,27,308.45,7,34,1,basic,Region IV-A,0,,0
CUST-105802,50,1096.03,4,179,0,basic,Region III,0,,0
CUST-105803,56,774.19,4,38,1,basic,Region XI,0,,0
CUST-105804,22,971.63,1,124,3,standard,Region III,0,,0
CUST-105805,54,179.1,6,30,1,basic,Region IV-A,0,,0
CUST-105806,43,756.99,3,50,2,basic,Region VII,0,,0
CUST-105807,24,1111.86,0,164,1,standard,Region XI,1,too_expensive,0
CUST-105808,46,1022.89,2,174,1,premium,Region IV-A,0,,0
CUST-105809,48,571.44,5,89,0,basic,Region XI,0,,0
CUST-105810,17,1101.78,0,41,0,standard,NCR,0,,0
CUST-105811,6,696.74,0,58,1,standard,Region XI,0,,0
CUST-105812,47,564.06,2,115,1,basic,Region III,0,,0
CUST-105813,5,739.12,1,67,1,standard,Region VII,0,,0
CUST-105814,46,1065.24,2,162,2,basic,Region IV-A,0,,0
CUST-105815,22,1411.83,0,53,2,basic,Region VII,0,,0
CUST-105816,42,864.89,2,66,0,basic,NCR,0,,0
CUST-105817,36,644.92,1,106,0,basic,Region IV-A,0,,0
CUST-105818,3,1412.4,1,59,2,standard,NCR,0,,0
CUST-105819,1,513.83,0,89,1,standard,Region IV-A,0,,0
CUST-105820,38,996.71,2,53,1,standard,Region IV-A,0,,0
CUST-105821,31,1705.46,3,179,1,standard,Region III,0,,0
CUST-105822,3,519.12,0,94,1,basic,Region IV-A,0,,0
CUST-105823,58,1592.91,8,34,0,premium,Region III,0,,0
CUST-105824,15,1808.74,3,33,2,premium,NCR,0,,0
CUST-105825,51,845.65,5,171,0,basic,NCR,0,,0
CUST-105826,7,702.67,3,83,0,standard,Region III,0,,0
CUST-105827,14,815.85,0,62,1,standard,Region VII,0,,0
CUST-105828,32,1074.32,4,68,1,basic,Region IV-A,0,,0
CUST-105829,32,1061.06,1,195,2,basic,NCR,0,,0
CUST-105830,36,811.43,6,73,2,basic,Region IV-A,0,,0
CUST-105831,11,809.33,0,138,0,premium,Region IV-A,0,,0
CUST-105832,16,580.94,2,53,1,standard,Region III,0,,0
CUST-105833,16,982.65,1,185,0,standard,NCR,0,,0
CUST-105834,26,1104.9,3,138,1,premium,Region III,0,,0
CUST-105835,55,380.11,4,180,1,basic,NCR,0,,0
CUST-105836,28,857.84,2,50,5,premium,Region III,0,,0
CUST-105837,59,633.43,3,97,2,standard,Region IV-A,0,,0
CUST-105838,15,2590.67,1,65,3,standard,Region XI,0,,0
CUST-105839,15,896.72,2,85,2,basic,Region XI,0,,0
CUST-105840,6,1067.15,0,50,2,basic,Region VII,0,,0
CUST-105841,13,668.06,1,34,1,basic,Region III,0,,0
CUST-105842,19,1315.01,0,76,3,basic,Region XI,0,,0
CUST-105843,23,1013.08,1,69,0,basic,Region XI,0,,0
CUST-105844,43,850.17,6,107,2,basic,Region III,0,,0
CUST-105845,27,1110.73,3,60,2,standard,NCR,0,,0
CUST-105846,41,1074.85,6,30,0,premium,Region IV-A,0,,0
CUST-105847,6,456.35,1,69,2,basic,Region IV-A,0,,0
CUST-105848,56,886.26,5,140,0,basic,Region VII,0,,0
CUST-105849,9,1482.26,0,35,1,standard,NCR,0,,0
CUST-105850,2,1748.78,1,75,3,standard,Region IV-A,1,no_longer_needed,1
CUST-105851,26,1372.89,0,42,2,standard,Region III,0,,0
CUST-105852,39,2195.61,3,132,0,premium,Region IV-A,0,,0
CUST-105853,14,1455.33,1,161,0,basic,NCR,0,,0
CUST-105854,10,705.54,0,179,2,basic,Region IV-A,1,poor_support,0
CUST-105855,50,2407.82,2,158,2,premium,NCR,0,,0
CUST-105856,49,1036.69,3,10,2,standard,Region XI,0,,0
CUST-105857,45,1005.68,1,172,1,standard,Region VII,0,,0
CUST-105858,14,1671.23,2,181,2,premium,Region XI,1,no_longer_needed,0
CUST-105859,32,1496.88,0,35,1,basic,Region VII,0,,0
CUST-105860,41,526.2,2,86,1,basic,Region XI,0,,0
CUST-105861,26,784.33,3,190,3,basic,Region III,0,,0
CUST-105862,11,951.61,1,129,2,standard,NCR,0,,0
CUST-105863,50,1025.33,9,50,2,premium,Region XI,0,,0
CUST-105864,56,525.21,8,100,0,basic,Region VII,0,,0
CUST-105865,10,438.45,1,38,4,basic,Region VII,0,,0
CUST-105866,42,1291.5,3,93,0,standard,Region III,0,,0
CUST-105867,53,681.93,2,26,1,basic,Region III,0,,0
CUST-105868,32,866.8,2,150,0,standard,Region VII,0,,0
CUST-105869,3,974.49,1,27,1,basic,Region IV-A,0,,0
CUST-105870,41,1589.24,1,1,1,premium,NCR,0,,0
CUST-105871,55,1705.95,7,54,0,standard,Region III,0,,0
CUST-105872,16,201.65,0,73,1,basic,Region III,0,,0
CUST-105873,9,1546.19,1,196,2,standard,Region XI,1,poor_support,0
CUST-105874,15,659.47,1,129,0,standard,Region III,0,,0
CUST-105875,48,934.81,4,144,2,basic,Region IV-A,0,,0
CUST-105876,33,389.2,3,144,1,basic,Region IV-A,0,,0
CUST-105877,2,1365.0,0,106,1,standard,NCR,0,,0
CUST-105878,35,800.63,0,7,1,standard,Region IV-A,0,,0
CUST-105879,49,1271.88,3,69,0,standard,Region III,0,,0
CUST-105880,11,497.34,0,147,0,basic,Region XI,1,too_expensive,0
CUST-105881,35,499.78,5,118,2,standard,Region III,0,,0
CUST-105882,14,757.34,1,66,0,standard,Region III,0,,0
CUST-105883,2,989.82,0,93,1,basic,Region IV-A,0,,0
CUST-105884,24,672.14,2,13,1,basic,Region III,0,,0
CUST-105885,46,1188.57,3,178,2,basic,Region IV-A,0,,0
CUST-105886,40,979.39,3,53,1,standard,Region VII,0,,0
CUST-105887,6,908.26,2,53,1,basic,Region XI,0,,0
CUST-105888,11,885.14,2,51,0,premium,Region XI,0,,0
CUST-105889,32,992.12,2,37,0,basic,Region III,0,,0
CUST-105890,19,1513.58,2,83,0,standard,Region VII,0,,0
CUST-105891,20,200.09,2,55,1,basic,Region III,0,,0
CUST-105892,26,589.8,3,116,0,standard,Region XI,0,,0
CUST-105893,45,2213.41,4,149,2,standard,NCR,1,unknown,0
CUST-105894,34,1137.1,5,25,0,standard,Region XI,0,,0
CUST-105895,51,1280.12,6,110,2,premium,Region III,0,,0
CUST-105896,7,627.69,4,21,2,basic,Region VII,0,,0
CUST-105897,28,110.88,4,144,1,basic,Region VII,1,poor_support,0
CUST-105898,33,1104.98,1,95,1,basic,Region III,0,,0
CUST-105899,45,905.38,4,98,3,standard,Region XI,0,,0
CUST-105900,31,1060.33,1,66,1,standard,Region III,0,,0
CUST-105901,55,1271.64,3,81,3,basic,Region VII,0,,0
CUST-105902,50,975.52,7,74,0,standard,Region XI,0,,0
CUST-105903,41,1406.19,6,50,0,basic,NCR,0,,0
CUST-105904,24,854.59,0,170,1,premium,Region XI,0,,0
CUST-105905,19,957.39,0,161,0,basic,Region XI,0,,0
CUST-105906,32,1161.71,2,58,1,premium,Region III,0,,0
CUST-105907,28,1230.17,1,70,2,standard,Region XI,0,,0
CUST-105908,2,1273.54,1,142,3,premium,NCR,0,,0
CUST-105909,14,1710.9,1,8,2,standard,NCR,0,,0
CUST-105910,50,1146.16,7,45,1,basic,Region VII,0,,0
CUST-105911,28,824.24,1,59,4,standard,Region XI,0,,0
CUST-105912,57,545.32,3,24,1,basic,NCR,0,,0
CUST-105913,15,949.94,0,31,1,basic,Region VII,0,,0
CUST-105914,58,701.73,4,110,2,basic,NCR,0,,0
CUST-105915,48,1473.3,6,111,2,premium,Region VII,0,,0
CUST-105916,22,1304.6,3,148,0,standard,Region XI,0,,0
CUST-105917,36,1289.9,2,99,1,basic,Region IV-A,0,,0
CUST-105918,59,891.7,4,66,1,standard,NCR,0,,0
CUST-105919,38,451.9,2,95,0,basic,Region III,0,,0
CUST-105920,55,1470.77,1,190,2,basic,Region IV-A,0,,0
CUST-105921,7,1270.41,1,50,0,basic,Region VII,0,,0
CUST-105922,10,989.83,0,175,1,basic,Region IV-A,0,,0
CUST-105923,1,1344.06,0,20,1,standard,Region IV-A,0,,0
CUST-105924,20,752.56,1,143,1,basic,Region VII,1,poor_support,0
CUST-105925,47,1074.72,8,24,0,basic,Region XI,0,,0
CUST-105926,57,1609.02,3,176,1,basic,Region VII,0,,0
CUST-105927,32,1015.79,5,71,1,premium,NCR,0,,0
CUST-105928,25,732.92,3,58,0,standard,NCR,0,,0
CUST-105929,55,1149.51,5,125,0,basic,Region III,0,,0
CUST-105930,35,418.5,2,97,2,standard,Region III,0,,0
CUST-105931,32,1662.5,1,3,3,basic,Region VII,0,,0
CUST-105932,6,2448.1,0,146,2,premium,Region XI,0,,0
CUST-105933,13,454.33,1,1,1,basic,Region IV-A,0,,0
CUST-105934,42,458.67,5,161,1,basic,Region XI,0,,0
CUST-105935,42,103.0,0,26,0,basic,Region IV-A,0,,0
CUST-105936,30,451.7,2,180,3,basic,Region VII,1,no_longer_needed,0
CUST-105937,42,779.53,4,101,2,basic,Region VII,0,,0
CUST-105938,41,489.29,3,17,0,standard,Region III,0,,0
CUST-105939,4,1344.75,0,66,1,basic,Region VII,0,,0
CUST-105940,50,1290.78,9,49,1,basic,Region IV-A,0,,0
CUST-105941,41,1145.24,2,88,1,standard,Region IV-A,0,,0
CUST-105942,13,807.18,1,188,1,standard,Region III,0,,0
CUST-105943,13,1110.98,0,61,1,premium,Region III,0,,0
CUST-105944,57,1115.55,3,103,2,basic,Region XI,0,,0
CUST-105945,16,2109.78,1,137,1,premium,Region VII,0,,0
CUST-105946,2,804.55,0,161,0,standard,NCR,0,,0
CUST-105947,2,1784.87,0,60,0,standard,Region IV-A,0,,0
CUST-105948,14,1001.4,3,30,4,basic,Region VII,0,,0
CUST-105949,38,1558.2,3,41,1,basic,Region VII,0,,0
CUST-105950,27,641.47,1,131,2,basic,Region XI,0,,0
CUST-105951,44,594.01,7,152,1,standard,Region VII,0,,0
CUST-105952,14,1809.12,0,128,1,standard,NCR,0,,0
CUST-105953,14,525.61,0,193,0,basic,Region IV-A,0,,0
CUST-105954,24,1362.73,4,104,2,basic,Region III,0,,0
CUST-105955,47,769.91,1,112,2,premium,NCR,0,,0
CUST-105956,30,805.72,2,10,3,basic,Region XI,0,,0
CUST-105957,45,1257.57,5,11,1,standard,NCR,0,,0
CUST-105958,6,1488.41,0,195,0,premium,Region III,0,,0
CUST-105959,25,898.88,5,160,1,basic,Region III,0,,0
CUST-105960,26,989.88,4,156,3,standard,Region IV-A,0,,0
CUST-105961,5,953.98,1,85,2,standard,Region VII,0,,0
CUST-105962,19,953.68,2,19,1,basic,Region III,0,,0
CUST-105963,17,1484.33,1,138,2,basic,Region VII,0,,0
CUST-105964,27,1123.86,0,16,0,premium,NCR,0,,0
CUST-105965,10,1144.33,1,116,2,basic,Region XI,0,,0
CUST-105966,16,351.43,1,73,2,basic,Region XI,0,,0
CUST-105967,57,1051.03,3,100,1,basic,Region IV-A,0,,0
CUST-105968,9,839.81,2,30,0,standard,NCR,0,,0
CUST-105969,49,472.3,3,73,1,basic,Region VII,0,,0
CUST-105970,33,942.13,1,76,0,basic,Region VII,0,,0
CUST-105971,5,1618.36,0,41,0,basic,Region VII,1,no_longer_needed,0
CUST-105972,24,428.96,2,127,2,basic,Region III,0,,0
CUST-105973,31,624.53,4,77,4,standard,Region IV-A,0,,0
CUST-105974,17,1400.1,1,75,0,premium,Region IV-A,0,,0
CUST-105975,16,484.95,0,32,0,basic,Region VII,0,,0
CUST-105976,43,1066.02,3,47,1,standard,Region III,0,,0
CUST-105977,2,886.67,0,134,4,standard,Region IV-A,1,found_alternative,0
CUST-105978,55,627.9,4,149,0,standard,Region XI,0,,0
CUST-105979,20,778.57,1,17,1,standard,Region IV-A,0,,0
CUST-105980,23,1372.42,0,51,1,basic,Region IV-A,0,,0
CUST-105981,8,932.57,2,143,2,standard,Region XI,1,no_longer_needed,0
CUST-105982,52,1030.78,3,43,3,standard,Region XI,0,,0
CUST-105983,14,722.67,0,159,0,standard,Region IV-A,1,found_alternative,0
CUST-105984,48,938.44,3,181,1,basic,Region III,0,,0
CUST-105985,20,1172.92,0,122,0,basic,NCR,0,,0
CUST-105986,2,853.9,0,86,1,basic,Region XI,0,,0
CUST-105987,25,663.69,3,164,1,basic,Region IV-A,0,,0
CUST-105988,31,1289.5,4,139,3,basic,Region IV-A,0,,0
CUST-105989,28,797.0,2,68,1,basic,Region XI,0,,0
CUST-105990,59,1464.54,5,195,1,basic,Region III,0,,0
CUST-105991,31,1086.75,6,99,2,basic,NCR,0,,0
CUST-105992,46,1253.99,5,85,1,premium,Region VII,0,,0
CUST-105993,22,542.47,0,100,1,standard,Region XI,0,,0
CUST-105994,9,1103.3,0,182,0,basic,NCR,1,unknown,1
CUST-105995,30,1719.47,5,127,1,standard,Region XI,0,,0
CUST-105996,34,419.47,5,185,2,basic,Region IV-A,0,,0
CUST-105997,25,752.37,0,94,2,basic,Region IV-A,0,,0
CUST-105998,46,1346.28,9,79,1,standard,Region XI,0,,0
CUST-105999,57,657.23,5,11,0,basic,Region III,0,,0
