Sales Key,Order ID,Order Date,Customer ID,Product ID,Sales,Quantity,Discount,Profit
1,US-2023-100000,2023-11-12,CU-10030,OFF-PA-1000,355.54,8,0.1,68.89
2,US-2023-100001,2025-10-12,CU-10013,OFF-LA-1001,76.7,4,0.15,24.16
3,US-2023-100002,2025-08-24,CU-10057,TEC-PH-1002,1042.4,5,0.3,20.49
4,US-2023-100003,2024-09-24,CU-10054,FUR-BO-1003,398.76,3,0.1,41.56
5,US-2023-100004,2025-06-26,CU-10118,TEC-CO-1004,323.42,1,0.0,14.49
6,US-2023-100005,2025-11-05,CU-10033,OFF-PA-1005,95.84,2,0.0,33.3
7,US-2023-100006,2025-07-06,CU-10096,TEC-CO-1006,5954.92,11,0.15,61.73
8,US-2023-100007,2023-12-21,CU-10116,OFF-ST-1007,214.38,9,0.0,45.74
9,US-2023-100008,2024-10-24,CU-10040,OFF-PA-1008,208.2,5,0.0,73.84
10,US-2023-100009,2025-07-25,CU-10092,TEC-AC-1009,6722.91,9,0.0,1074.83
11,US-2023-100010,2023-07-13,CU-10004,TEC-AC-1010,1235.56,2,0.0,231.93
12,US-2023-100011,2024-07-27,CU-10086,TEC-CO-1011,4978.82,8,0.15,1263.66
13,US-2023-100012,2025-03-02,CU-10006,FUR-TA-1012,2946.24,8,0.0,167.32
14,US-2023-100013,2025-10-05,CU-10062,TEC-AC-1013,559.26,2,0.0,93.6
15,US-2023-100014,2025-10-07,CU-10024,TEC-MA-1014,3839.6,10,0.0,247.01
16,US-2023-100015,2025-11-19,CU-10010,OFF-ST-1015,252.0,10,0.3,76.63
17,US-2023-100016,2023-06-03,CU-10078,TEC-AC-1016,1401.05,2,0.1,9.21
18,US-2023-100017,2023-02-05,CU-10065,TEC-MA-1017,2047.24,4,0.0,124.02
19,US-2023-100018,2025-03-20,CU-10065,TEC-CO-1018,3076.36,4,0.0,829.79
20,US-2023-100019,2023-05-30,CU-10074,FUR-FU-1019,631.65,4,0.15,-25.61
21,US-2023-100020,2023-11-13,CU-10109,FUR-BO-1020,3725.04,8,0.0,576.72
22,US-2023-100021,2025-01-03,CU-10116,OFF-AR-1021,156.31,11,0.0,16.8
23,US-2023-100022,2024-08-14,CU-10065,FUR-FU-1022,2070.4,10,0.0,233.9
24,US-2023-100023,2025-04-01,CU-10061,FUR-TA-1023,5118.84,12,0.0,-371.03
25,US-2023-100024,2024-02-17,CU-10071,OFF-AR-1024,89.62,8,0.4,14.38
26,US-2023-100025,2024-08-12,CU-10030,FUR-FU-1025,2076.97,7,0.0,-133.41
27,US-2023-100026,2025-11-04,CU-10011,OFF-ST-1026,270.0,9,0.0,36.53
28,US-2023-100027,2024-10-21,CU-10110,OFF-ST-1027,99.44,3,0.1,27.9
29,US-2023-100028,2024-10-05,CU-10073,OFF-AR-1028,234.66,6,0.0,52.52
30,US-2023-100029,2024-09-03,CU-10015,OFF-ST-1029,227.57,11,0.2,49.67
31,US-2023-100030,2023-03-03,CU-10104,OFF-BI-1030,99.25,5,0.0,29.06
32,US-2023-100031,2024-04-23,CU-10084,FUR-CH-1031,1406.88,8,0.0,263.83
33,US-2023-100032,2024-05-07,CU-10050,OFF-AR-1032,238.44,6,0.0,31.65
34,US-2023-100033,2024-05-26,CU-10085,TEC-CO-1033,3082.28,8,0.5,38.46
35,US-2023-100034,2025-07-12,CU-10039,OFF-AR-1034,132.3,7,0.0,45.26
36,US-2023-100035,2024-11-23,CU-10023,OFF-ST-1035,112.49,7,0.0,36.34
37,US-2023-100036,2024-09-01,CU-10048,FUR-FU-1036,1771.5,5,0.0,271.65
38,US-2023-100037,2024-08-05,CU-10082,TEC-AC-1037,6225.52,8,0.0,744.85
39,US-2023-100038,2024-07-20,CU-10002,OFF-LA-1038,80.7,3,0.0,6.25
40,US-2023-100039,2025-01-27,CU-10050,FUR-TA-1039,1525.64,4,0.1,296.8
41,US-2023-100040,2025-08-21,CU-10118,TEC-CO-1040,7610.3,13,0.2,32.2
42,US-2023-100041,2025-06-05,CU-10077,TEC-AC-1041,4375.8,13,0.15,853.26
43,US-2023-100042,2023-01-06,CU-10035,OFF-AR-1042,251.63,13,0.4,48.68
44,US-2023-100043,2024-12-13,CU-10026,TEC-CO-1043,2476.54,11,0.0,-38.12
45,US-2023-100044,2025-10-17,CU-10091,TEC-CO-1044,7445.9,10,0.0,300.52
46,US-2023-100045,2023-09-14,CU-10053,OFF-ST-1045,20.69,1,0.3,5.62
47,US-2023-100046,2024-03-30,CU-10062,OFF-LA-1046,234.96,8,0.0,78.94
48,US-2023-100047,2025-01-14,CU-10081,TEC-AC-1047,5219.89,13,0.0,57.66
49,US-2023-100048,2023-07-24,CU-10102,OFF-ST-1048,403.44,12,0.0,72.46
50,US-2023-100049,2024-01-20,CU-10066,OFF-ST-1049,91.11,5,0.4,26.93
51,US-2023-100050,2025-12-10,CU-10041,OFF-PA-1050,357.1,12,0.15,88.28
52,US-2023-100051,2023-01-28,CU-10102,FUR-CH-1051,2650.1,12,0.1,364.63
53,US-2023-100052,2024-11-26,CU-10103,OFF-LA-1052,475.54,11,0.15,59.71
54,US-2023-100053,2023-12-17,CU-10051,OFF-LA-1053,50.47,6,0.4,5.09
55,US-2023-100054,2023-02-26,CU-10068,OFF-ST-1054,73.35,5,0.0,13.6
56,US-2023-100055,2025-09-10,CU-10053,OFF-PA-1055,75.42,6,0.0,24.8
57,US-2023-100056,2023-05-02,CU-10032,OFF-PA-1056,530.75,11,0.0,88.5
58,US-2023-100057,2025-09-28,CU-10103,OFF-PA-1057,189.28,13,0.0,53.65
59,US-2023-100058,2024-10-23,CU-10038,FUR-FU-1058,414.9,3,0.0,35.7
60,US-2023-100059,2023-04-08,CU-10027,FUR-FU-1059,4657.56,12,0.0,614.24
61,US-2023-100060,2023-11-16,CU-10029,OFF-ST-1060,289.85,13,0.2,47.98
62,US-2023-100061,2023-05-04,CU-10035,OFF-ST-1061,27.54,2,0.0,2.09
63,US-2023-100062,2024-12-23,CU-10101,OFF-AR-1062,452.88,12,0.0,51.23
64,US-2023-100063,2023-03-08,CU-10095,FUR-FU-1063,492.35,1,0.1,-30.49
65,US-2023-100064,2023-04-10,CU-10049,OFF-AR-1064,37.77,1,0.0,10.16
66,US-2023-100065,2023-07-27,CU-10006,TEC-PH-1065,2215.15,4,0.1,196.82
67,US-2023-100066,2024-08-06,CU-10091,TEC-CO-1066,3299.52,6,0.0,688.97
68,US-2023-100067,2024-04-14,CU-10112,OFF-LA-1067,101.79,9,0.4,12.57
69,US-2023-100068,2025-10-05,CU-10118,OFF-PA-1068,498.3,10,0.0,112.17
70,US-2023-100069,2024-12-16,CU-10064,FUR-TA-1069,5027.27,12,0.15,-352.12
71,US-2023-100070,2024-04-17,CU-10054,OFF-LA-1070,502.2,10,0.0,83.23
72,US-2023-100071,2024-09-18,CU-10046,TEC-AC-1071,2336.46,7,0.0,206.15
73,US-2023-100072,2023-12-31,CU-10036,TEC-MA-1072,908.72,4,0.15,212.92
74,US-2023-100073,2024-06-07,CU-10117,OFF-ST-1073,57.68,4,0.0,20.64
75,US-2023-100074,2025-01-08,CU-10106,OFF-PA-1074,348.32,10,0.3,127.27
76,US-2023-100075,2024-01-24,CU-10070,OFF-BI-1075,106.37,8,0.2,27.13
77,US-2023-100076,2024-07-25,CU-10009,TEC-PH-1076,5599.12,8,0.0,455.63
78,US-2023-100077,2023-05-02,CU-10003,TEC-PH-1077,1618.72,2,0.0,79.9
79,US-2023-100078,2024-11-08,CU-10078,OFF-ST-1078,389.44,10,0.2,66.9
80,US-2023-100079,2025-02-28,CU-10039,TEC-PH-1079,8743.2,12,0.0,1024.55
81,US-2023-100080,2024-03-07,CU-10099,FUR-BO-1080,2572.91,13,0.4,-131.03
82,US-2023-100081,2025-11-17,CU-10019,FUR-BO-1081,2825.82,12,0.1,111.63
83,US-2023-100082,2024-08-02,CU-10079,TEC-CO-1082,5187.6,10,0.0,1277.19
84,US-2023-100083,2024-09-04,CU-10111,OFF-AR-1083,462.3,10,0.0,160.48
85,US-2023-100084,2023-11-11,CU-10090,OFF-LA-1084,31.98,1,0.0,3.7
86,US-2023-100085,2024-06-28,CU-10018,TEC-MA-1085,3503.36,6,0.1,391.8
87,US-2023-100086,2024-07-30,CU-10066,TEC-AC-1086,354.02,1,0.3,68.99
88,US-2023-100087,2024-05-11,CU-10090,TEC-MA-1087,3510.95,5,0.0,486.43
89,US-2023-100088,2024-10-08,CU-10087,OFF-ST-1088,149.25,5,0.0,16.08
90,US-2023-100089,2023-12-23,CU-10015,FUR-TA-1089,888.55,5,0.15,140.56
91,US-2023-100090,2025-09-27,CU-10020,FUR-CH-1090,1152.93,4,0.3,-45.24
92,US-2023-100091,2024-08-21,CU-10092,OFF-AR-1091,141.05,9,0.4,26.79
93,US-2023-100092,2024-08-19,CU-10064,OFF-LA-1092,250.94,6,0.2,41.82
94,US-2023-100093,2025-02-11,CU-10053,OFF-PA-1093,496.9,12,0.2,180.6
95,US-2023-100094,2025-12-28,CU-10027,OFF-ST-1094,159.6,4,0.0,23.52
96,US-2023-100095,2024-02-02,CU-10034,TEC-CO-1095,615.3,3,0.0,128.75
97,US-2023-100096,2023-09-15,CU-10083,OFF-BI-1096,268.97,13,0.0,52.94
98,US-2023-100097,2025-08-19,CU-10034,FUR-BO-1097,1848.15,11,0.3,183.03
99,US-2023-100098,2025-02-18,CU-10069,OFF-ST-1098,262.46,7,0.1,96.48
100,US-2023-100099,2023-02-04,CU-10012,TEC-AC-1099,2568.1,5,0.0,-37.43
101,US-2023-100100,2025-04-16,CU-10038,TEC-CO-1100,2135.11,6,0.15,449.26
102,US-2023-100101,2023-09-01,CU-10032,FUR-FU-1101,703.76,2,0.0,-59.23
103,US-2023-100102,2023-04-06,CU-10102,OFF-BI-1102,216.04,11,0.0,70.91
104,US-2023-100103,2024-08-29,CU-10054,OFF-BI-1103,199.24,10,0.15,44.08
105,US-2023-100104,2025-02-21,CU-10037,FUR-BO-1104,1755.4,10,0.0,-82.7
106,US-2023-100105,2023-02-18,CU-10007,FUR-FU-1105,2841.39,9,0.0,461.8
107,US-2023-100106,2025-11-13,CU-10054,OFF-PA-1106,157.43,4,0.1,37.04
108,US-2023-100107,2024-02-11,CU-10055,OFF-BI-1107,164.92,7,0.0,49.04
109,US-2023-100108,2024-01-17,CU-10018,OFF-PA-1108,164.12,5,0.1,14.74
110,US-2023-100109,2023-01-11,CU-10071,FUR-TA-1109,3896.76,12,0.0,704.0
111,US-2023-100110,2024-01-08,CU-10056,OFF-BI-1110,50.13,3,0.0,9.87
112,US-2023-100111,2023-03-27,CU-10078,OFF-PA-1111,27.69,1,0.0,7.01
113,US-2023-100112,2025-05-28,CU-10003,FUR-BO-1112,776.64,2,0.0,120.93
114,US-2023-100113,2023-04-24,CU-10083,FUR-FU-1113,945.61,6,0.4,69.08
115,US-2023-100114,2025-10-10,CU-10096,OFF-ST-1114,372.84,13,0.0,91.5
116,US-2023-100115,2024-12-18,CU-10026,TEC-PH-1115,3551.2,8,0.0,353.19
117,US-2023-100116,2024-02-20,CU-10096,OFF-PA-1116,219.84,6,0.0,58.83
118,US-2023-100117,2024-02-10,CU-10116,FUR-CH-1117,1296.96,3,0.0,-46.22
119,US-2023-100118,2025-04-10,CU-10063,TEC-CO-1118,5239.04,8,0.0,1328.91
120,US-2023-100119,2023-04-24,CU-10110,FUR-BO-1119,3277.17,9,0.0,403.22
121,US-2023-100120,2023-09-20,CU-10024,TEC-PH-1120,3987.8,5,0.0,556.39
122,US-2023-100121,2025-01-06,CU-10052,OFF-ST-1121,555.88,13,0.2,70.2
123,US-2023-100122,2025-11-20,CU-10069,TEC-PH-1122,2043.26,7,0.5,310.91
124,US-2023-100123,2025-10-21,CU-10015,TEC-PH-1123,4327.29,11,0.0,1005.23
125,US-2023-100124,2025-10-27,CU-10060,FUR-TA-1124,2309.39,9,0.1,-203.16
126,US-2023-100125,2025-11-19,CU-10111,FUR-BO-1125,498.42,5,0.4,10.72
127,US-2023-100126,2024-03-30,CU-10029,TEC-AC-1126,4425.66,9,0.0,-85.11
128,US-2023-100127,2024-02-09,CU-10057,OFF-BI-1127,203.52,4,0.0,71.39
129,US-2023-100128,2025-09-26,CU-10033,FUR-FU-1128,3239.4,7,0.1,62.1
130,US-2023-100129,2025-12-20,CU-10020,FUR-CH-1129,2139.44,4,0.0,342.72
131,US-2023-100130,2024-08-15,CU-10015,TEC-CO-1130,1482.28,2,0.0,197.22
132,US-2023-100131,2023-08-25,CU-10052,OFF-ST-1131,167.22,6,0.0,16.21
133,US-2023-100132,2024-09-14,CU-10086,OFF-LA-1132,19.19,1,0.0,6.96
134,US-2023-100133,2024-02-25,CU-10079,OFF-LA-1133,19.03,1,0.0,2.45
135,US-2023-100134,2024-02-04,CU-10031,FUR-TA-1134,3410.53,11,0.2,629.76
136,US-2023-100135,2023-05-03,CU-10056,TEC-MA-1135,3620.65,5,0.0,89.95
137,US-2023-100136,2023-07-23,CU-10020,OFF-ST-1136,137.76,10,0.3,17.41
138,US-2023-100137,2024-10-07,CU-10063,OFF-ST-1137,431.21,13,0.0,84.75
139,US-2023-100138,2025-03-15,CU-10028,FUR-TA-1138,2951.4,13,0.3,125.93
140,US-2023-100139,2025-05-27,CU-10086,OFF-AR-1139,396.01,9,0.1,69.03
141,US-2023-100140,2025-05-02,CU-10111,OFF-PA-1140,317.81,11,0.15,66.08
142,US-2023-100141,2024-10-17,CU-10041,OFF-BI-1141,505.2,10,0.0,52.15
143,US-2023-100142,2025-05-29,CU-10033,OFF-PA-1142,457.16,12,0.15,56.03
144,US-2023-100143,2025-05-13,CU-10096,OFF-PA-1143,61.01,2,0.15,5.55
145,US-2023-100144,2023-09-21,CU-10069,OFF-LA-1144,250.03,11,0.0,30.73
146,US-2023-100145,2024-01-12,CU-10086,OFF-AR-1145,72.24,4,0.0,11.62
147,US-2023-100146,2025-09-14,CU-10064,OFF-LA-1146,222.08,9,0.5,56.42
148,US-2023-100147,2025-07-01,CU-10060,FUR-CH-1147,327.81,1,0.0,7.28
149,US-2023-100148,2025-04-16,CU-10077,OFF-BI-1148,266.92,11,0.5,88.58
150,US-2023-100149,2023-06-25,CU-10015,OFF-PA-1149,317.65,13,0.1,50.47
151,US-2023-100150,2023-09-03,CU-10089,OFF-LA-1150,456.06,11,0.0,55.93
152,US-2023-100151,2025-12-09,CU-10110,OFF-BI-1151,247.5,11,0.0,88.94
153,US-2023-100152,2023-01-06,CU-10118,TEC-MA-1152,4023.89,11,0.2,136.5
154,US-2023-100153,2024-09-18,CU-10043,FUR-BO-1153,3284.54,7,0.0,61.0
155,US-2023-100154,2023-06-21,CU-10028,OFF-BI-1154,309.52,7,0.1,85.77
156,US-2023-100155,2023-06-30,CU-10078,OFF-LA-1155,445.7,10,0.0,93.81
157,US-2023-100156,2023-07-10,CU-10048,TEC-MA-1156,8950.2,12,0.0,467.56
158,US-2023-100157,2023-10-30,CU-10002,OFF-ST-1157,353.64,12,0.0,41.94
159,US-2023-100158,2024-04-20,CU-10019,TEC-CO-1158,4257.72,12,0.0,980.24
160,US-2023-100159,2023-04-19,CU-10064,TEC-PH-1159,9038.77,13,0.0,2106.06
161,US-2023-100160,2025-12-15,CU-10005,OFF-AR-1160,45.26,2,0.0,10.03
162,US-2023-100161,2025-07-29,CU-10099,OFF-LA-1161,413.1,10,0.0,52.28
163,US-2023-100162,2024-05-12,CU-10000,TEC-CO-1162,3169.95,5,0.0,843.17
164,US-2023-100163,2024-10-16,CU-10073,TEC-MA-1163,3032.36,5,0.3,183.14
165,US-2023-100164,2023-08-16,CU-10028,TEC-AC-1164,297.25,1,0.15,41.33
166,US-2023-100165,2024-06-03,CU-10054,FUR-FU-1165,3160.14,6,0.0,394.74
167,US-2023-100166,2024-07-29,CU-10026,FUR-FU-1166,3193.33,7,0.0,-98.28
168,US-2023-100167,2024-01-09,CU-10053,TEC-AC-1167,3666.39,7,0.0,594.44
169,US-2023-100168,2023-01-19,CU-10100,OFF-PA-1168,75.35,2,0.3,26.11
170,US-2023-100169,2025-06-26,CU-10034,FUR-BO-1169,545.67,1,0.0,-32.87
171,US-2023-100170,2025-03-16,CU-10010,TEC-AC-1170,4246.13,9,0.15,442.52
172,US-2023-100171,2023-07-03,CU-10008,OFF-AR-1171,36.75,2,0.2,6.21
173,US-2023-100172,2024-12-08,CU-10105,OFF-AR-1172,87.74,3,0.3,13.91
174,US-2023-100173,2023-09-30,CU-10040,OFF-AR-1173,147.74,9,0.1,40.25
175,US-2023-100174,2024-10-29,CU-10090,FUR-CH-1174,796.65,3,0.15,-23.01
176,US-2023-100175,2024-05-23,CU-10004,OFF-ST-1175,467.46,9,0.0,106.86
177,US-2023-100176,2025-12-30,CU-10014,OFF-ST-1176,401.64,12,0.0,144.05
178,US-2023-100177,2024-10-07,CU-10051,FUR-BO-1177,2304.84,6,0.15,-208.25
179,US-2023-100178,2025-12-05,CU-10012,OFF-BI-1178,198.85,5,0.0,59.24
180,US-2023-100179,2023-10-01,CU-10113,TEC-CO-1179,4579.64,13,0.0,206.68
181,US-2023-100180,2024-12-01,CU-10090,OFF-LA-1180,309.02,9,0.3,40.53
182,US-2023-100181,2025-01-02,CU-10026,TEC-MA-1181,9018.46,13,0.15,457.59
183,US-2023-100182,2024-11-29,CU-10009,OFF-ST-1182,266.04,6,0.0,45.01
184,US-2023-100183,2024-04-16,CU-10063,OFF-ST-1183,360.4,10,0.0,59.43
185,US-2023-100184,2023-10-07,CU-10107,FUR-BO-1184,859.07,8,0.2,-45.86
186,US-2023-100185,2023-09-08,CU-10080,TEC-PH-1185,2489.88,12,0.0,600.49
187,US-2023-100186,2025-01-17,CU-10107,TEC-AC-1186,6785.12,8,0.0,407.66
188,US-2023-100187,2025-04-25,CU-10088,OFF-BI-1187,132.8,10,0.0,34.95
189,US-2023-100188,2024-11-23,CU-10062,FUR-TA-1188,2670.15,7,0.0,-232.93
190,US-2023-100189,2024-09-22,CU-10019,TEC-PH-1189,3065.97,13,0.3,-75.55
191,US-2023-100190,2024-07-22,CU-10061,TEC-CO-1190,9288.86,12,0.1,-60.87
192,US-2023-100191,2023-03-08,CU-10112,OFF-ST-1191,87.88,2,0.0,25.39
193,US-2023-100192,2024-07-28,CU-10086,TEC-MA-1192,4509.1,10,0.0,161.76
194,US-2023-100193,2024-10-12,CU-10062,TEC-PH-1193,3895.85,5,0.0,606.19
195,US-2023-100194,2023-05-17,CU-10011,FUR-FU-1194,823.06,2,0.0,-64.71
196,US-2023-100195,2025-04-06,CU-10016,TEC-MA-1195,5411.42,7,0.0,1384.74
197,US-2023-100196,2023-07-27,CU-10042,FUR-CH-1196,834.4,2,0.0,-11.7
198,US-2023-100197,2023-08-19,CU-10082,OFF-ST-1197,38.61,1,0.0,10.25
199,US-2023-100198,2024-03-28,CU-10054,OFF-ST-1198,314.16,11,0.0,77.93
200,US-2023-100199,2024-11-24,CU-10090,FUR-CH-1199,5780.72,11,0.0,464.84
201,US-2023-100200,2025-09-17,CU-10092,TEC-AC-1200,2974.4,13,0.0,398.86
202,US-2023-100201,2025-05-19,CU-10011,OFF-BI-1201,288.97,11,0.0,105.02
203,US-2023-100202,2023-01-21,CU-10024,OFF-LA-1202,114.45,7,0.0,39.95
204,US-2023-100203,2025-12-17,CU-10116,TEC-AC-1203,1872.24,6,0.2,162.82
205,US-2023-100204,2025-09-26,CU-10027,FUR-CH-1204,1134.43,6,0.1,-51.73
206,US-2023-100205,2024-02-13,CU-10060,OFF-PA-1205,156.02,7,0.2,37.69
207,US-2023-100206,2023-02-15,CU-10051,OFF-BI-1206,38.47,2,0.15,4.2
208,US-2023-100207,2025-09-20,CU-10027,OFF-AR-1207,351.26,13,0.0,79.3
209,US-2023-100208,2025-05-06,CU-10053,TEC-PH-1208,907.6,4,0.0,38.19
210,US-2023-100209,2025-06-22,CU-10042,OFF-BI-1209,161.46,6,0.0,15.65
211,US-2023-100210,2023-09-05,CU-10034,TEC-CO-1210,3931.48,7,0.0,794.87
212,US-2023-100211,2025-03-14,CU-10057,TEC-MA-1211,3155.08,11,0.3,-5.36
213,US-2023-100212,2024-05-03,CU-10004,FUR-TA-1212,4600.23,11,0.1,722.5
214,US-2023-100213,2025-04-04,CU-10117,OFF-BI-1213,116.76,4,0.0,38.98
215,US-2023-100214,2025-08-01,CU-10110,OFF-PA-1214,140.64,6,0.0,16.25
216,US-2023-100215,2024-10-28,CU-10066,OFF-LA-1215,357.63,13,0.4,114.96
217,US-2023-100216,2025-10-12,CU-10067,OFF-LA-1216,208.04,4,0.0,49.75
218,US-2023-100217,2023-10-13,CU-10040,FUR-FU-1217,1479.81,7,0.1,-95.3
219,US-2023-100218,2023-10-14,CU-10031,OFF-PA-1218,313.1,10,0.0,31.7
220,US-2023-100219,2025-04-17,CU-10037,TEC-MA-1219,388.54,2,0.3,98.79
221,US-2023-100220,2023-12-24,CU-10081,FUR-CH-1220,2373.13,12,0.15,-189.5
222,US-2023-100221,2023-05-08,CU-10012,FUR-TA-1221,4608.45,13,0.2,-272.17
223,US-2023-100222,2025-10-25,CU-10104,FUR-CH-1222,1165.9,5,0.0,-47.7
224,US-2023-100223,2023-12-03,CU-10039,OFF-PA-1223,283.14,11,0.1,101.89
225,US-2023-100224,2023-05-15,CU-10109,OFF-BI-1224,544.4,10,0.0,53.26
226,US-2023-100225,2023-02-03,CU-10084,TEC-AC-1225,6778.94,12,0.1,1331.19
227,US-2023-100226,2024-07-29,CU-10005,FUR-TA-1226,4806.84,12,0.0,-209.43
228,US-2023-100227,2025-02-11,CU-10037,TEC-PH-1227,3358.6,10,0.0,878.68
229,US-2023-100228,2024-10-05,CU-10025,FUR-CH-1228,1433.5,10,0.0,170.37
230,US-2023-100229,2023-12-10,CU-10025,OFF-ST-1229,173.35,5,0.0,43.24
231,US-2023-100230,2024-11-08,CU-10099,FUR-CH-1230,1235.9,5,0.0,159.71
232,US-2023-100231,2024-11-05,CU-10101,OFF-BI-1231,23.67,2,0.5,3.14
233,US-2023-100232,2023-05-26,CU-10050,OFF-ST-1232,202.29,11,0.0,56.02
234,US-2023-100233,2025-07-01,CU-10066,FUR-BO-1233,434.35,1,0.0,50.87
235,US-2023-100234,2025-12-21,CU-10084,FUR-BO-1234,487.79,1,0.0,31.45
236,US-2023-100235,2023-11-09,CU-10106,TEC-AC-1235,1529.76,2,0.0,173.31
237,US-2023-100236,2023-05-03,CU-10110,OFF-PA-1236,173.3,5,0.0,29.13
238,US-2023-100237,2025-04-19,CU-10103,TEC-PH-1237,2094.98,8,0.1,469.9
239,US-2023-100238,2024-04-23,CU-10068,TEC-PH-1238,2547.25,13,0.15,-21.5
240,US-2023-100239,2024-01-12,CU-10101,OFF-BI-1239,304.85,13,0.0,32.67
241,US-2023-100240,2024-11-01,CU-10026,TEC-CO-1240,3644.59,11,0.1,215.85
242,US-2023-100241,2024-08-08,CU-10064,OFF-LA-1241,232.4,7,0.0,32.77
243,US-2023-100242,2023-05-31,CU-10102,FUR-BO-1242,1163.4,10,0.3,136.94
244,US-2023-100243,2023-03-02,CU-10101,TEC-CO-1243,5986.0,10,0.0,1072.58
245,US-2023-100244,2023-03-06,CU-10022,TEC-MA-1244,4017.78,13,0.0,529.67
246,US-2023-100245,2025-07-07,CU-10006,OFF-ST-1245,274.99,8,0.15,72.18
247,US-2023-100246,2025-05-25,CU-10113,FUR-TA-1246,1117.25,4,0.2,115.88
248,US-2023-100247,2024-03-13,CU-10021,TEC-AC-1247,4817.04,8,0.0,500.37
249,US-2023-100248,2023-02-09,CU-10044,FUR-CH-1248,414.08,2,0.0,75.88
250,US-2023-100249,2025-12-16,CU-10113,TEC-MA-1249,2901.2,5,0.2,9.42
251,US-2023-100250,2025-09-14,CU-10022,TEC-PH-1250,5994.65,12,0.1,200.95
252,US-2023-100251,2025-01-13,CU-10023,TEC-AC-1251,4273.39,11,0.0,1077.34
253,US-2023-100252,2023-03-03,CU-10093,OFF-ST-1252,33.22,2,0.0,10.66
254,US-2023-100253,2023-01-23,CU-10109,FUR-BO-1253,2026.37,8,0.1,351.9
255,US-2023-100254,2025-11-21,CU-10005,OFF-LA-1254,321.33,9,0.1,24.08
256,US-2023-100255,2025-09-23,CU-10020,FUR-CH-1255,2383.92,7,0.0,4.57
257,US-2023-100256,2023-06-01,CU-10106,FUR-FU-1256,1249.65,5,0.0,62.21
258,US-2023-100257,2025-04-11,CU-10039,FUR-TA-1257,1288.32,4,0.0,109.89
259,US-2023-100258,2023-05-07,CU-10029,OFF-AR-1258,15.08,1,0.1,5.56
260,US-2023-100259,2024-12-22,CU-10076,OFF-LA-1259,303.19,9,0.2,32.35
261,US-2023-100260,2024-02-22,CU-10034,FUR-BO-1260,314.23,1,0.0,-15.78
262,US-2023-100261,2023-04-06,CU-10102,OFF-LA-1261,35.07,2,0.3,3.39
263,US-2023-100262,2025-10-23,CU-10068,OFF-ST-1262,267.12,6,0.0,30.25
264,US-2023-100263,2025-05-30,CU-10094,TEC-MA-1263,5003.47,11,0.15,256.88
265,US-2023-100264,2023-11-25,CU-10045,TEC-CO-1264,10230.36,12,0.0,2552.96
266,US-2023-100265,2023-06-13,CU-10085,OFF-PA-1265,64.0,4,0.0,21.53
267,US-2023-100266,2025-02-05,CU-10022,FUR-CH-1266,1957.05,11,0.15,250.49
268,US-2023-100267,2023-11-11,CU-10031,TEC-CO-1267,5736.81,11,0.2,1537.06
269,US-2023-100268,2023-09-14,CU-10047,TEC-MA-1268,3507.12,6,0.0,132.33
270,US-2023-100269,2025-01-25,CU-10109,OFF-PA-1269,555.94,11,0.0,134.79
271,US-2023-100270,2023-11-27,CU-10068,OFF-PA-1270,270.32,8,0.0,85.25
272,US-2023-100271,2023-03-14,CU-10078,FUR-FU-1271,1674.57,8,0.15,-47.5
273,US-2023-100272,2023-07-07,CU-10058,OFF-LA-1272,522.72,12,0.2,62.6
274,US-2023-100273,2024-08-18,CU-10113,OFF-LA-1273,162.29,7,0.2,45.91
275,US-2023-100274,2024-07-10,CU-10037,OFF-BI-1274,299.13,13,0.0,33.46
276,US-2023-100275,2025-11-19,CU-10039,FUR-FU-1275,2193.41,8,0.2,14.44
277,US-2023-100276,2024-04-14,CU-10030,FUR-FU-1276,3026.88,6,0.0,-31.4
278,US-2023-100277,2023-02-07,CU-10066,FUR-CH-1277,2679.71,7,0.1,-193.12
279,US-2023-100278,2024-08-07,CU-10025,TEC-MA-1278,980.79,3,0.0,-19.73
280,US-2023-100279,2023-02-08,CU-10063,TEC-PH-1279,7834.76,11,0.1,1349.51
281,US-2023-100280,2024-04-23,CU-10090,OFF-BI-1280,52.65,1,0.0,14.35
282,US-2023-100281,2025-06-13,CU-10034,TEC-CO-1281,712.78,1,0.0,117.31
283,US-2023-100282,2023-04-22,CU-10063,FUR-BO-1282,2469.15,9,0.0,265.6
284,US-2023-100283,2025-02-20,CU-10069,TEC-MA-1283,351.54,1,0.5,78.74
285,US-2023-100284,2024-08-01,CU-10102,TEC-AC-1284,6953.31,13,0.0,1034.36
286,US-2023-100285,2023-11-01,CU-10076,FUR-TA-1285,345.86,3,0.2,37.37
287,US-2023-100286,2024-05-01,CU-10057,OFF-PA-1286,310.44,6,0.0,84.98
288,US-2023-100287,2025-08-20,CU-10116,OFF-AR-1287,119.93,3,0.15,16.38
289,US-2023-100288,2024-08-22,CU-10024,OFF-AR-1288,215.91,9,0.0,18.07
290,US-2023-100289,2024-02-22,CU-10065,FUR-BO-1289,1790.72,8,0.0,233.25
291,US-2023-100290,2024-11-13,CU-10033,OFF-LA-1290,471.87,10,0.1,94.14
292,US-2023-100291,2023-01-08,CU-10117,OFF-ST-1291,60.26,2,0.0,11.64
293,US-2023-100292,2023-11-25,CU-10026,OFF-AR-1292,23.11,1,0.0,3.12
294,US-2023-100293,2023-06-07,CU-10039,FUR-BO-1293,717.22,2,0.0,46.27
295,US-2023-100294,2024-03-24,CU-10059,FUR-BO-1294,975.67,2,0.1,81.07
296,US-2023-100295,2025-03-14,CU-10047,OFF-PA-1295,121.04,6,0.3,13.89
297,US-2023-100296,2024-06-12,CU-10080,FUR-FU-1296,3736.46,12,0.15,-206.42
298,US-2023-100297,2023-06-17,CU-10014,OFF-BI-1297,142.49,12,0.15,52.7
299,US-2023-100298,2025-08-15,CU-10014,OFF-BI-1298,337.5,9,0.0,94.22
300,US-2023-100299,2024-09-24,CU-10109,OFF-LA-1299,183.19,7,0.0,26.27
301,US-2023-100300,2023-06-20,CU-10100,FUR-FU-1300,1211.08,4,0.0,168.95
302,US-2023-100301,2024-12-12,CU-10111,FUR-FU-1301,4141.2,12,0.0,-219.04
303,US-2023-100302,2023-12-23,CU-10081,TEC-CO-1302,1205.36,2,0.0,160.17
304,US-2023-100303,2025-07-07,CU-10019,OFF-BI-1303,113.08,9,0.3,25.07
305,US-2023-100304,2023-08-01,CU-10081,TEC-AC-1304,3113.52,8,0.0,472.87
306,US-2023-100305,2025-03-28,CU-10059,FUR-TA-1305,2951.17,8,0.2,-21.06
307,US-2023-100306,2025-08-08,CU-10005,FUR-TA-1306,1733.47,13,0.2,135.61
308,US-2023-100307,2023-11-04,CU-10008,OFF-AR-1307,27.0,2,0.15,4.26
309,US-2023-100308,2024-06-19,CU-10053,OFF-PA-1308,213.07,13,0.0,29.92
310,US-2023-100309,2024-01-20,CU-10071,OFF-ST-1309,38.14,2,0.2,9.56
311,US-2023-100310,2024-05-29,CU-10045,OFF-PA-1310,497.37,13,0.1,35.56
312,US-2023-100311,2024-09-24,CU-10107,TEC-CO-1311,2554.81,6,0.4,276.67
313,US-2023-100312,2025-01-16,CU-10094,FUR-FU-1312,3707.45,9,0.1,180.41
314,US-2023-100313,2023-08-05,CU-10101,OFF-PA-1313,96.14,6,0.3,17.51
315,US-2023-100314,2025-09-28,CU-10078,OFF-AR-1314,42.78,1,0.2,12.28
316,US-2023-100315,2023-01-13,CU-10078,OFF-AR-1315,87.72,4,0.0,23.49
317,US-2023-100316,2025-06-16,CU-10064,OFF-PA-1316,329.98,8,0.2,113.78
318,US-2023-100317,2024-03-03,CU-10015,FUR-BO-1317,1407.12,6,0.0,261.67
319,US-2023-100318,2023-03-01,CU-10084,OFF-AR-1318,199.85,5,0.0,70.21
320,US-2023-100319,2025-01-16,CU-10045,OFF-AR-1319,156.17,9,0.1,23.61
321,US-2023-100320,2024-12-14,CU-10110,OFF-PA-1320,62.1,3,0.0,6.75
322,US-2023-100321,2025-03-14,CU-10014,FUR-FU-1321,366.84,1,0.15,56.1
323,US-2023-100322,2023-03-20,CU-10004,FUR-CH-1322,1581.42,13,0.2,145.25
324,US-2023-100323,2023-03-15,CU-10017,FUR-BO-1323,2203.12,8,0.0,-97.29
325,US-2023-100324,2023-02-20,CU-10102,OFF-LA-1324,695.37,13,0.0,197.82
326,US-2023-100325,2023-03-12,CU-10027,FUR-BO-1325,3918.96,8,0.1,443.74
327,US-2023-100326,2024-06-07,CU-10040,OFF-LA-1326,23.84,1,0.3,3.51
328,US-2023-100327,2025-06-24,CU-10003,TEC-PH-1327,3569.28,12,0.0,101.76
329,US-2023-100328,2023-09-26,CU-10058,OFF-AR-1328,132.0,8,0.0,46.14
330,US-2023-100329,2023-12-06,CU-10097,TEC-AC-1329,1214.76,6,0.0,3.46
331,US-2023-100330,2024-11-18,CU-10020,OFF-AR-1330,88.58,2,0.0,6.55
332,US-2023-100331,2023-03-24,CU-10100,TEC-CO-1331,2356.16,10,0.2,407.98
333,US-2023-100332,2023-11-20,CU-10041,FUR-CH-1332,1172.29,7,0.0,-70.61
334,US-2023-100333,2023-09-22,CU-10029,TEC-MA-1333,6600.24,8,0.0,29.37
335,US-2023-100334,2023-11-21,CU-10033,OFF-LA-1334,468.0,13,0.0,101.41
336,US-2023-100335,2023-10-30,CU-10010,OFF-PA-1335,14.28,1,0.1,1.31
337,US-2023-100336,2025-07-09,CU-10007,TEC-PH-1336,2303.5,13,0.4,341.91
338,US-2023-100337,2025-01-26,CU-10068,OFF-LA-1337,183.82,7,0.0,49.52
339,US-2023-100338,2023-02-07,CU-10012,OFF-BI-1338,273.51,9,0.0,54.71
340,US-2023-100339,2024-11-10,CU-10087,OFF-ST-1339,580.32,13,0.0,124.05
341,US-2023-100340,2023-05-29,CU-10057,TEC-MA-1340,2322.1,10,0.0,-51.9
342,US-2023-100341,2023-12-18,CU-10013,OFF-LA-1341,224.19,9,0.0,65.29
343,US-2023-100342,2023-04-17,CU-10094,OFF-BI-1342,419.04,10,0.1,135.8
344,US-2023-100343,2023-04-12,CU-10106,TEC-PH-1343,871.28,4,0.0,69.71
345,US-2023-100344,2024-01-01,CU-10067,OFF-PA-1344,237.15,5,0.0,23.96
346,US-2023-100345,2024-05-09,CU-10099,TEC-AC-1345,1334.1,6,0.0,-24.53
347,US-2023-100346,2023-08-08,CU-10035,OFF-ST-1346,367.65,9,0.0,63.92
348,US-2023-100347,2025-08-04,CU-10015,OFF-PA-1347,164.16,9,0.0,55.46
349,US-2023-100348,2025-08-09,CU-10001,OFF-ST-1348,51.4,1,0.0,18.31
350,US-2023-100349,2023-06-02,CU-10057,FUR-TA-1349,1934.93,9,0.4,61.5
351,US-2023-100350,2025-08-21,CU-10047,FUR-FU-1350,5189.5,10,0.0,-347.43
352,US-2023-100351,2024-06-08,CU-10102,OFF-LA-1351,478.18,12,0.2,107.48
353,US-2023-100352,2025-08-17,CU-10086,FUR-TA-1352,1036.77,7,0.0,-31.49
354,US-2023-100353,2023-03-12,CU-10085,TEC-CO-1353,3240.6,5,0.0,52.68
355,US-2023-100354,2025-01-12,CU-10104,TEC-CO-1354,2316.68,8,0.5,102.79
356,US-2023-100355,2023-06-15,CU-10118,FUR-CH-1355,1897.68,8,0.0,-166.75
357,US-2023-100356,2023-04-22,CU-10017,TEC-AC-1356,3414.24,5,0.1,470.39
358,US-2023-100357,2023-02-02,CU-10019,TEC-CO-1357,2181.78,12,0.15,229.84
359,US-2023-100358,2024-01-18,CU-10046,TEC-CO-1358,3643.65,9,0.0,947.46
360,US-2023-100359,2024-07-05,CU-10095,OFF-ST-1359,200.09,6,0.3,69.96
361,US-2023-100360,2023-11-07,CU-10040,OFF-LA-1360,399.24,10,0.1,117.31
362,US-2023-100361,2024-11-07,CU-10035,TEC-PH-1361,1841.98,8,0.2,340.98
363,US-2023-100362,2024-01-08,CU-10049,OFF-ST-1362,33.92,1,0.15,8.15
364,US-2023-100363,2024-04-15,CU-10073,TEC-MA-1363,5230.8,10,0.4,1285.07
365,US-2023-100364,2025-10-01,CU-10101,TEC-AC-1364,5532.8,7,0.0,466.32
366,US-2023-100365,2025-12-22,CU-10081,TEC-PH-1365,1631.91,7,0.0,182.84
367,US-2023-100366,2024-11-18,CU-10035,OFF-PA-1366,53.34,3,0.3,12.44
368,US-2023-100367,2024-05-04,CU-10016,OFF-ST-1367,180.54,13,0.2,59.42
369,US-2023-100368,2023-11-05,CU-10017,TEC-MA-1368,5226.29,7,0.1,649.61
370,US-2023-100369,2024-10-24,CU-10009,TEC-PH-1369,8638.3,11,0.0,1910.45
371,US-2023-100370,2023-07-17,CU-10119,OFF-PA-1370,115.8,5,0.2,17.02
372,US-2023-100371,2023-06-19,CU-10005,OFF-AR-1371,411.12,10,0.2,76.93
373,US-2023-100372,2025-03-28,CU-10046,OFF-LA-1372,178.09,11,0.0,65.77
374,US-2023-100373,2025-03-24,CU-10037,OFF-ST-1373,67.6,2,0.0,23.7
375,US-2023-100374,2024-07-02,CU-10029,OFF-BI-1374,214.0,9,0.1,72.13
376,US-2023-100375,2024-09-21,CU-10052,OFF-BI-1375,506.09,13,0.0,103.89
377,US-2023-100376,2024-03-17,CU-10040,OFF-LA-1376,185.13,9,0.0,66.56
378,US-2023-100377,2025-04-27,CU-10056,TEC-PH-1377,2241.27,3,0.0,118.72
379,US-2023-100378,2023-05-05,CU-10078,TEC-PH-1378,2323.75,5,0.0,529.24
380,US-2023-100379,2025-10-30,CU-10109,OFF-PA-1379,38.48,2,0.0,12.85
381,US-2023-100380,2023-08-30,CU-10109,OFF-LA-1380,121.36,4,0.0,13.18
382,US-2023-100381,2023-04-28,CU-10105,OFF-AR-1381,184.4,5,0.2,30.72
383,US-2023-100382,2023-11-23,CU-10105,FUR-TA-1382,1991.94,6,0.0,-142.69
384,US-2023-100383,2024-02-10,CU-10072,FUR-CH-1383,1313.68,8,0.0,164.98
385,US-2023-100384,2023-11-07,CU-10071,OFF-BI-1384,247.0,12,0.1,68.0
386,US-2023-100385,2023-03-30,CU-10079,OFF-AR-1385,419.64,10,0.15,154.29
387,US-2023-100386,2025-08-31,CU-10107,TEC-AC-1386,6120.74,13,0.1,761.92
388,US-2023-100387,2023-06-12,CU-10086,TEC-CO-1387,2320.64,4,0.15,582.21
389,US-2023-100388,2024-05-06,CU-10079,TEC-PH-1388,2355.59,4,0.15,241.13
390,US-2023-100389,2024-05-22,CU-10003,FUR-TA-1389,1850.56,10,0.2,-13.19
391,US-2023-100390,2025-07-29,CU-10089,TEC-MA-1390,3036.53,7,0.0,162.28
392,US-2023-100391,2023-09-17,CU-10018,FUR-CH-1391,509.42,4,0.15,27.39
393,US-2023-100392,2023-09-01,CU-10035,TEC-CO-1392,5784.24,9,0.15,679.02
394,US-2023-100393,2024-11-08,CU-10097,FUR-FU-1393,5736.72,11,0.0,329.54
395,US-2023-100394,2023-08-02,CU-10063,OFF-PA-1394,78.9,3,0.0,9.16
396,US-2023-100395,2023-05-11,CU-10065,OFF-AR-1395,52.64,4,0.0,8.62
397,US-2023-100396,2023-10-27,CU-10006,OFF-AR-1396,543.11,13,0.1,60.43
398,US-2023-100397,2023-08-31,CU-10086,OFF-PA-1397,133.28,4,0.2,40.06
399,US-2023-100398,2023-04-28,CU-10066,OFF-AR-1398,74.0,4,0.3,19.04
400,US-2023-100399,2024-04-08,CU-10094,OFF-ST-1399,249.84,6,0.0,77.08
401,US-2023-100400,2024-01-27,CU-10103,OFF-AR-1000,376.8,13,0.15,106.12
402,US-2023-100401,2023-03-22,CU-10063,OFF-PA-1001,228.96,6,0.0,71.27
403,US-2023-100402,2025-01-06,CU-10052,FUR-CH-1002,1463.83,9,0.4,-4.04
404,US-2023-100403,2023-01-06,CU-10019,OFF-ST-1003,51.72,3,0.0,19.12
405,US-2023-100404,2023-08-15,CU-10018,OFF-BI-1004,436.64,10,0.15,91.3
406,US-2023-100405,2023-09-06,CU-10069,TEC-CO-1005,1068.73,4,0.1,133.33
407,US-2023-100406,2025-07-09,CU-10113,OFF-PA-1006,41.34,2,0.0,12.94
408,US-2023-100407,2023-09-15,CU-10012,TEC-AC-1007,5490.91,12,0.2,677.53
409,US-2023-100408,2025-06-10,CU-10034,OFF-PA-1008,224.66,7,0.1,44.74
410,US-2023-100409,2025-08-05,CU-10020,FUR-FU-1009,2259.58,8,0.2,-131.83
411,US-2023-100410,2024-12-15,CU-10094,FUR-TA-1010,1659.07,7,0.0,157.16
412,US-2023-100411,2025-05-24,CU-10043,FUR-BO-1011,1123.19,8,0.3,-41.64
413,US-2023-100412,2025-08-08,CU-10102,TEC-MA-1012,8919.82,13,0.0,1320.15
414,US-2023-100413,2023-05-26,CU-10080,OFF-PA-1013,84.06,2,0.0,14.58
415,US-2023-100414,2024-04-08,CU-10079,FUR-CH-1014,2426.06,13,0.0,-99.24
416,US-2023-100415,2024-11-16,CU-10109,OFF-BI-1015,145.89,9,0.0,35.65
417,US-2023-100416,2023-01-10,CU-10026,OFF-PA-1016,427.75,13,0.4,84.24
418,US-2023-100417,2025-07-09,CU-10000,FUR-BO-1017,1616.16,6,0.0,185.58
419,US-2023-100418,2025-11-01,CU-10049,FUR-TA-1018,1328.6,7,0.0,111.16
420,US-2023-100419,2025-12-27,CU-10022,OFF-BI-1019,185.2,8,0.0,17.84
421,US-2023-100420,2025-09-07,CU-10117,TEC-MA-1020,8354.51,11,0.1,1410.88
422,US-2023-100421,2024-12-10,CU-10046,OFF-PA-1021,142.16,8,0.0,23.31
423,US-2023-100422,2024-08-06,CU-10005,TEC-MA-1022,1657.52,2,0.0,79.46
424,US-2023-100423,2024-01-10,CU-10040,TEC-AC-1023,5148.63,9,0.0,1124.76
425,US-2023-100424,2023-07-22,CU-10037,TEC-MA-1024,8820.37,13,0.0,1286.37
426,US-2023-100425,2023-05-29,CU-10078,TEC-AC-1025,1261.28,3,0.1,120.95
427,US-2023-100426,2023-04-17,CU-10097,OFF-AR-1026,94.95,3,0.0,14.46
428,US-2023-100427,2023-04-28,CU-10056,OFF-LA-1027,140.49,9,0.0,14.09
429,US-2023-100428,2024-09-21,CU-10052,OFF-PA-1028,280.3,8,0.1,95.74
430,US-2023-100429,2024-10-07,CU-10052,TEC-MA-1029,1163.07,2,0.15,284.48
431,US-2023-100430,2023-12-11,CU-10074,OFF-AR-1030,214.92,10,0.1,70.83
432,US-2023-100431,2024-07-25,CU-10084,TEC-CO-1031,5265.72,6,0.0,661.54
433,US-2023-100432,2024-09-05,CU-10061,OFF-AR-1032,205.14,6,0.0,15.61
434,US-2023-100433,2023-03-28,CU-10091,OFF-AR-1033,97.44,7,0.0,20.69
435,US-2023-100434,2023-03-07,CU-10011,OFF-ST-1034,141.44,4,0.0,30.01
436,US-2023-100435,2023-02-28,CU-10049,OFF-BI-1035,104.28,3,0.0,34.2
437,US-2023-100436,2023-06-29,CU-10003,OFF-BI-1036,134.53,7,0.4,37.94
438,US-2023-100437,2023-10-05,CU-10085,OFF-ST-1037,366.64,13,0.3,105.49
439,US-2023-100438,2025-08-23,CU-10041,TEC-CO-1038,582.12,2,0.0,68.67
440,US-2023-100439,2024-03-27,CU-10119,OFF-LA-1039,85.7,7,0.3,10.5
441,US-2023-100440,2025-01-17,CU-10008,OFF-BI-1040,444.2,10,0.0,39.31
442,US-2023-100441,2025-03-27,CU-10091,OFF-PA-1041,73.24,2,0.0,20.05
443,US-2023-100442,2023-07-29,CU-10030,FUR-BO-1042,949.75,5,0.0,153.69
444,US-2023-100443,2025-08-31,CU-10115,TEC-MA-1043,593.28,1,0.15,-5.84
445,US-2023-100444,2024-06-17,CU-10096,OFF-ST-1044,524.7,11,0.0,116.82
446,US-2023-100445,2024-04-06,CU-10054,FUR-BO-1045,2965.71,11,0.0,-130.41
447,US-2023-100446,2023-01-18,CU-10081,OFF-BI-1046,190.01,13,0.4,63.9
448,US-2023-100447,2024-07-13,CU-10111,OFF-ST-1047,432.06,11,0.15,159.64
449,US-2023-100448,2023-05-20,CU-10084,FUR-BO-1048,2934.66,6,0.0,322.82
450,US-2023-100449,2025-12-06,CU-10015,TEC-PH-1049,2455.98,3,0.0,658.9
451,US-2023-100450,2023-08-05,CU-10031,OFF-BI-1050,325.93,11,0.0,80.44
452,US-2023-100451,2023-11-24,CU-10098,TEC-AC-1051,1041.55,5,0.0,141.71
453,US-2023-100452,2025-04-26,CU-10001,TEC-AC-1052,3029.68,4,0.0,472.34
454,US-2023-100453,2025-06-10,CU-10002,TEC-MA-1053,4964.88,8,0.0,151.26
455,US-2023-100454,2023-12-20,CU-10002,TEC-CO-1054,1678.02,2,0.0,188.3
456,US-2023-100455,2025-01-14,CU-10031,OFF-BI-1055,197.12,11,0.0,47.42
457,US-2023-100456,2024-08-11,CU-10041,TEC-CO-1056,5361.86,7,0.0,-50.91
458,US-2023-100457,2024-10-04,CU-10059,TEC-AC-1057,2255.01,5,0.15,96.59
459,US-2023-100458,2025-10-17,CU-10107,FUR-TA-1058,2626.61,7,0.0,77.72
460,US-2023-100459,2025-08-21,CU-10048,OFF-BI-1059,129.75,3,0.0,43.97
461,US-2023-100460,2025-11-16,CU-10093,OFF-PA-1060,565.4,11,0.0,65.74
462,US-2023-100461,2023-06-11,CU-10064,OFF-AR-1061,249.93,9,0.0,31.02
463,US-2023-100462,2024-01-01,CU-10101,TEC-CO-1062,385.73,1,0.0,57.34
464,US-2023-100463,2024-06-04,CU-10044,OFF-BI-1063,44.06,1,0.0,6.48
465,US-2023-100464,2025-11-12,CU-10112,OFF-BI-1064,72.58,4,0.1,10.05
466,US-2023-100465,2023-10-06,CU-10065,OFF-BI-1065,17.92,1,0.3,5.72
467,US-2023-100466,2025-03-28,CU-10000,OFF-LA-1066,101.32,4,0.0,16.66
468,US-2023-100467,2025-01-10,CU-10067,OFF-ST-1067,252.56,7,0.0,81.49
469,US-2023-100468,2024-10-24,CU-10107,OFF-ST-1068,74.64,2,0.0,23.69
470,US-2023-100469,2024-12-17,CU-10042,FUR-FU-1069,351.63,2,0.1,69.47
471,US-2023-100470,2023-04-13,CU-10110,FUR-TA-1070,2822.33,7,0.0,-80.86
472,US-2023-100471,2024-04-09,CU-10053,TEC-AC-1071,3151.32,4,0.0,638.93
473,US-2023-100472,2025-04-18,CU-10091,TEC-AC-1072,3547.7,13,0.0,274.16
474,US-2023-100473,2023-01-27,CU-10026,FUR-FU-1073,2326.08,6,0.0,-141.44
475,US-2023-100474,2025-05-20,CU-10103,OFF-AR-1074,220.29,8,0.2,23.48
476,US-2023-100475,2023-09-08,CU-10077,TEC-MA-1075,1030.6,4,0.0,208.2
477,US-2023-100476,2024-03-26,CU-10003,OFF-AR-1076,122.09,4,0.15,20.16
478,US-2023-100477,2025-07-28,CU-10060,OFF-BI-1077,222.12,12,0.0,18.79
479,US-2023-100478,2024-03-29,CU-10082,OFF-PA-1078,256.58,13,0.15,39.8
480,US-2023-100479,2024-06-05,CU-10028,OFF-AR-1079,384.28,10,0.15,29.72
481,US-2023-100480,2024-12-10,CU-10119,TEC-MA-1080,1655.46,3,0.15,-31.21
482,US-2023-100481,2025-10-07,CU-10060,FUR-FU-1081,2428.4,5,0.0,355.55
483,US-2023-100482,2025-07-02,CU-10070,TEC-AC-1082,9366.41,12,0.1,1880.01
484,US-2023-100483,2024-04-11,CU-10008,OFF-LA-1083,304.64,7,0.0,40.64
485,US-2023-100484,2025-08-10,CU-10025,OFF-PA-1084,232.78,9,0.5,61.81
486,US-2023-100485,2025-03-28,CU-10112,FUR-BO-1085,6399.38,13,0.0,656.26
487,US-2023-100486,2025-06-06,CU-10066,OFF-BI-1086,205.62,6,0.0,72.29
488,US-2023-100487,2025-10-06,CU-10060,TEC-AC-1087,1663.5,5,0.0,86.3
489,US-2023-100488,2024-11-14,CU-10064,FUR-TA-1088,2090.7,5,0.0,-70.5
490,US-2023-100489,2023-05-16,CU-10001,OFF-BI-1089,669.89,13,0.0,109.19
491,US-2023-100490,2023-08-09,CU-10066,FUR-BO-1090,2078.12,6,0.3,-140.88
492,US-2023-100491,2024-05-08,CU-10034,OFF-LA-1091,74.24,2,0.0,23.26
493,US-2023-100492,2024-03-05,CU-10083,OFF-BI-1092,22.0,1,0.1,2.48
494,US-2023-100493,2024-03-24,CU-10084,TEC-CO-1093,609.32,1,0.15,163.95
495,US-2023-100494,2023-01-27,CU-10033,TEC-CO-1094,2179.48,7,0.15,493.34
496,US-2023-100495,2024-02-24,CU-10050,OFF-ST-1095,594.44,11,0.0,102.66
497,US-2023-100496,2023-10-11,CU-10101,OFF-BI-1096,69.41,3,0.15,9.98
498,US-2023-100497,2024-04-22,CU-10052,OFF-BI-1097,272.24,8,0.0,55.55
499,US-2023-100498,2025-03-28,CU-10115,OFF-BI-1098,232.85,11,0.1,44.94
500,US-2023-100499,2024-03-17,CU-10014,TEC-PH-1099,6636.2,10,0.0,62.12
501,US-2023-100500,2024-10-07,CU-10002,OFF-AR-1100,14.05,1,0.0,3.58
502,US-2023-100501,2025-10-03,CU-10110,OFF-ST-1101,362.46,7,0.0,70.51
503,US-2023-100502,2024-03-20,CU-10109,OFF-ST-1102,408.72,12,0.0,62.02
504,US-2023-100503,2023-04-04,CU-10088,OFF-AR-1103,76.14,6,0.0,5.47
505,US-2023-100504,2024-06-19,CU-10056,OFF-PA-1104,192.15,5,0.3,47.19
506,US-2023-100505,2025-11-07,CU-10019,FUR-TA-1105,3003.39,9,0.0,-53.25
507,US-2023-100506,2024-07-04,CU-10027,OFF-BI-1106,491.92,11,0.0,65.24
508,US-2023-100507,2023-12-13,CU-10056,OFF-AR-1107,223.49,8,0.1,50.34
509,US-2023-100508,2025-08-05,CU-10046,FUR-CH-1108,1351.04,4,0.0,88.78
510,US-2023-100509,2024-05-07,CU-10056,OFF-AR-1109,120.6,6,0.0,36.91
511,US-2023-100510,2023-07-22,CU-10011,TEC-AC-1110,3810.25,5,0.0,-102.02
512,US-2023-100511,2025-06-20,CU-10001,OFF-ST-1111,175.68,6,0.0,19.57
513,US-2023-100512,2024-04-14,CU-10089,TEC-PH-1112,3137.42,11,0.0,799.64
514,US-2023-100513,2025-01-23,CU-10073,OFF-PA-1113,245.21,12,0.15,65.88
515,US-2023-100514,2024-10-19,CU-10047,OFF-ST-1114,123.61,6,0.1,30.33
516,US-2023-100515,2023-11-16,CU-10095,OFF-AR-1115,84.87,5,0.1,21.29
517,US-2023-100516,2025-02-07,CU-10015,OFF-BI-1116,329.94,6,0.0,50.86
518,US-2023-100517,2024-07-27,CU-10081,OFF-ST-1117,299.11,7,0.15,65.7
519,US-2023-100518,2025-09-02,CU-10106,OFF-AR-1118,190.84,12,0.1,25.77
520,US-2023-100519,2023-08-29,CU-10004,OFF-LA-1119,438.87,11,0.1,151.9
521,US-2023-100520,2025-12-20,CU-10078,TEC-MA-1120,3024.84,7,0.0,349.33
522,US-2023-100521,2024-02-01,CU-10063,TEC-AC-1121,2516.4,4,0.0,199.15
523,US-2023-100522,2025-12-13,CU-10063,FUR-FU-1122,4344.96,8,0.0,609.17
524,US-2023-100523,2024-06-03,CU-10096,OFF-AR-1123,113.05,10,0.5,15.64
525,US-2023-100524,2024-04-18,CU-10062,OFF-PA-1124,57.78,3,0.0,8.27
526,US-2023-100525,2024-01-11,CU-10001,FUR-CH-1125,3521.97,9,0.0,-17.21
527,US-2023-100526,2025-10-03,CU-10049,FUR-CH-1126,3953.56,11,0.3,-129.75
528,US-2023-100527,2025-05-26,CU-10029,OFF-PA-1127,154.71,3,0.0,11.15
529,US-2023-100528,2023-10-21,CU-10058,OFF-ST-1128,97.56,3,0.0,24.84
530,US-2023-100529,2024-07-24,CU-10031,FUR-BO-1129,2451.38,6,0.1,271.04
531,US-2023-100530,2023-08-11,CU-10073,TEC-PH-1130,1194.18,3,0.0,138.54
532,US-2023-100531,2025-11-16,CU-10071,TEC-CO-1131,5117.66,9,0.1,514.15
533,US-2023-100532,2025-03-11,CU-10061,TEC-PH-1132,501.17,1,0.1,14.76
534,US-2023-100533,2025-04-20,CU-10067,OFF-AR-1133,51.88,2,0.0,7.46
535,US-2023-100534,2024-10-18,CU-10097,TEC-PH-1134,1314.22,3,0.1,8.0
536,US-2023-100535,2024-08-24,CU-10006,OFF-ST-1135,19.67,1,0.0,3.16
537,US-2023-100536,2023-08-19,CU-10034,OFF-AR-1136,135.56,4,0.0,23.46
538,US-2023-100537,2025-10-29,CU-10071,OFF-PA-1137,46.53,2,0.15,5.69
539,US-2023-100538,2024-04-21,CU-10043,OFF-LA-1138,232.46,11,0.3,36.53
540,US-2023-100539,2023-01-20,CU-10100,TEC-MA-1139,4815.22,8,0.1,1051.53
541,US-2023-100540,2023-09-11,CU-10098,OFF-BI-1140,348.15,11,0.0,54.46
542,US-2023-100541,2025-01-22,CU-10041,TEC-AC-1141,2542.18,13,0.3,382.45
543,US-2023-100542,2025-11-05,CU-10048,OFF-AR-1142,194.72,6,0.1,16.08
544,US-2023-100543,2023-05-16,CU-10093,OFF-LA-1143,65.49,3,0.0,21.77
545,US-2023-100544,2024-07-29,CU-10028,TEC-PH-1144,5245.29,9,0.0,1305.17
546,US-2023-100545,2023-12-20,CU-10009,TEC-MA-1145,2590.92,4,0.0,290.65
547,US-2023-100546,2023-04-22,CU-10042,OFF-PA-1146,75.99,6,0.5,26.74
548,US-2023-100547,2025-08-09,CU-10073,OFF-AR-1147,177.8,10,0.0,50.66
549,US-2023-100548,2025-02-14,CU-10113,FUR-BO-1148,380.46,3,0.0,22.25
550,US-2023-100549,2024-08-27,CU-10070,FUR-TA-1149,1615.56,12,0.0,272.18
551,US-2023-100550,2025-03-27,CU-10024,OFF-BI-1150,646.8,12,0.0,112.12
552,US-2023-100551,2023-08-17,CU-10119,FUR-BO-1151,1183.8,6,0.0,-99.88
553,US-2023-100552,2023-06-19,CU-10089,OFF-ST-1152,665.86,13,0.0,136.25
554,US-2023-100553,2024-10-29,CU-10040,FUR-BO-1153,1335.84,8,0.0,58.98
555,US-2023-100554,2025-10-22,CU-10006,OFF-BI-1154,565.51,11,0.0,108.3
556,US-2023-100555,2024-10-13,CU-10087,OFF-BI-1155,147.2,8,0.0,23.81
557,US-2023-100556,2025-12-17,CU-10103,FUR-TA-1156,948.58,2,0.0,-77.17
558,US-2023-100557,2023-02-13,CU-10053,OFF-LA-1157,183.78,6,0.0,48.75
559,US-2023-100558,2024-03-15,CU-10104,FUR-CH-1158,1731.41,5,0.3,81.58
560,US-2023-100559,2024-12-21,CU-10071,OFF-LA-1159,314.84,10,0.15,38.83
561,US-2023-100560,2025-04-14,CU-10039,OFF-LA-1160,44.04,3,0.15,10.41
562,US-2023-100561,2024-07-05,CU-10088,TEC-MA-1161,5819.28,9,0.1,1556.19
563,US-2023-100562,2023-12-14,CU-10100,OFF-ST-1162,267.6,10,0.0,69.49
564,US-2023-100563,2024-10-04,CU-10115,OFF-PA-1163,98.1,4,0.1,17.02
565,US-2023-100564,2024-08-15,CU-10009,OFF-ST-1164,63.12,2,0.2,5.2
566,US-2023-100565,2024-08-07,CU-10110,OFF-LA-1165,191.46,5,0.15,27.58
567,US-2023-100566,2024-03-19,CU-10033,OFF-AR-1166,267.08,11,0.0,22.09
568,US-2023-100567,2025-02-15,CU-10101,TEC-PH-1167,6530.0,10,0.0,1593.09
569,US-2023-100568,2024-08-04,CU-10075,TEC-CO-1168,3866.72,8,0.0,834.14
570,US-2023-100569,2023-02-04,CU-10101,TEC-CO-1169,5424.89,13,0.15,1185.16
571,US-2023-100570,2024-10-15,CU-10058,OFF-BI-1170,373.32,9,0.0,106.95
572,US-2023-100571,2024-10-04,CU-10024,TEC-AC-1171,922.67,3,0.15,-3.88
573,US-2023-100572,2024-03-17,CU-10034,OFF-ST-1172,418.73,13,0.0,81.02
574,US-2023-100573,2023-11-25,CU-10044,OFF-BI-1173,86.49,3,0.0,20.4
575,US-2023-100574,2024-07-08,CU-10019,TEC-PH-1174,2907.2,4,0.0,77.39
576,US-2023-100575,2023-11-25,CU-10040,FUR-FU-1175,1442.7,5,0.0,195.68
577,US-2023-100576,2025-10-08,CU-10015,TEC-CO-1176,7912.84,13,0.0,814.03
578,US-2023-100577,2023-12-14,CU-10044,TEC-PH-1177,2525.64,3,0.0,22.1
579,US-2023-100578,2023-06-25,CU-10000,OFF-LA-1178,302.06,11,0.0,61.52
580,US-2023-100579,2023-02-12,CU-10061,TEC-PH-1179,2023.62,7,0.1,55.8
581,US-2023-100580,2024-12-03,CU-10075,TEC-PH-1180,638.04,1,0.15,7.92
582,US-2023-100581,2025-01-06,CU-10044,TEC-PH-1181,1993.11,3,0.0,65.53
583,US-2023-100582,2024-07-30,CU-10079,FUR-BO-1182,982.17,5,0.3,170.68
584,US-2023-100583,2025-06-17,CU-10075,OFF-AR-1183,203.22,9,0.0,66.68
585,US-2023-100584,2025-09-30,CU-10037,OFF-BI-1184,102.12,3,0.0,26.33
586,US-2023-100585,2024-08-03,CU-10003,TEC-MA-1185,2150.24,8,0.0,237.44
587,US-2023-100586,2024-01-27,CU-10024,FUR-BO-1186,734.66,2,0.0,-18.46
588,US-2023-100587,2024-05-09,CU-10006,OFF-LA-1187,127.37,3,0.2,22.03
589,US-2023-100588,2025-06-11,CU-10100,TEC-CO-1188,2450.16,4,0.0,-72.73
590,US-2023-100589,2024-12-28,CU-10001,OFF-ST-1189,193.64,4,0.1,52.53
591,US-2023-100590,2025-08-31,CU-10116,FUR-CH-1190,4487.22,9,0.0,-0.61
592,US-2023-100591,2023-11-18,CU-10031,FUR-CH-1191,1564.26,3,0.0,154.36
593,US-2023-100592,2025-03-17,CU-10068,FUR-BO-1192,3441.62,7,0.0,-211.84
594,US-2023-100593,2024-10-16,CU-10027,OFF-AR-1193,111.69,5,0.15,31.83
595,US-2023-100594,2023-08-16,CU-10008,OFF-ST-1194,249.05,6,0.1,18.14
596,US-2023-100595,2023-09-23,CU-10081,OFF-ST-1195,245.7,7,0.0,83.34
597,US-2023-100596,2024-08-06,CU-10051,OFF-BI-1196,255.78,6,0.0,72.45
598,US-2023-100597,2025-10-10,CU-10052,OFF-PA-1197,420.64,11,0.0,85.34
599,US-2023-100598,2024-08-20,CU-10019,OFF-BI-1198,451.7,10,0.0,72.77
600,US-2023-100599,2025-03-05,CU-10116,FUR-BO-1199,1809.91,9,0.15,-154.87
601,US-2023-100600,2023-07-04,CU-10014,OFF-AR-1200,179.58,9,0.1,16.95
602,US-2023-100601,2023-11-03,CU-10118,OFF-ST-1201,123.85,5,0.0,42.55
603,US-2023-100602,2023-06-24,CU-10093,FUR-CH-1202,1261.89,7,0.0,137.31
604,US-2023-100603,2024-10-18,CU-10042,OFF-LA-1203,334.44,12,0.0,75.17
605,US-2023-100604,2024-09-28,CU-10118,OFF-AR-1204,340.2,12,0.0,83.42
606,US-2023-100605,2025-06-30,CU-10090,TEC-PH-1205,6852.48,12,0.0,893.05
607,US-2023-100606,2023-06-30,CU-10000,TEC-PH-1206,2270.69,12,0.2,-1.9
608,US-2023-100607,2025-11-17,CU-10079,TEC-MA-1207,2367.88,11,0.1,477.55
609,US-2023-100608,2023-12-18,CU-10115,FUR-BO-1208,6034.82,11,0.0,-421.84
610,US-2023-100609,2023-12-28,CU-10037,TEC-CO-1209,7708.2,12,0.0,1864.57
611,US-2023-100610,2023-06-16,CU-10071,TEC-AC-1210,2288.41,3,0.1,389.97
612,US-2023-100611,2023-07-04,CU-10028,TEC-AC-1211,7949.28,12,0.0,198.27
613,US-2023-100612,2024-03-25,CU-10005,OFF-BI-1212,445.0,10,0.0,112.52
614,US-2023-100613,2025-04-01,CU-10051,FUR-BO-1213,3708.35,12,0.3,152.03
615,US-2023-100614,2025-11-01,CU-10100,TEC-MA-1214,8751.27,11,0.0,1121.1
616,US-2023-100615,2024-02-04,CU-10082,TEC-AC-1215,876.96,2,0.5,96.03
617,US-2023-100616,2024-07-22,CU-10010,TEC-CO-1216,4530.77,11,0.2,802.9
618,US-2023-100617,2023-07-06,CU-10107,OFF-AR-1217,486.36,12,0.0,94.44
619,US-2023-100618,2025-01-20,CU-10088,TEC-AC-1218,7646.4,10,0.0,1502.41
620,US-2023-100619,2025-05-03,CU-10077,OFF-AR-1219,277.86,11,0.0,48.69
621,US-2023-100620,2024-07-07,CU-10036,FUR-TA-1220,865.49,5,0.1,-22.11
622,US-2023-100621,2024-07-21,CU-10046,OFF-PA-1221,322.65,9,0.0,107.18
623,US-2023-100622,2025-08-27,CU-10009,OFF-PA-1222,146.44,4,0.0,49.32
624,US-2023-100623,2025-08-17,CU-10084,TEC-CO-1223,2593.32,12,0.0,-44.08
625,US-2023-100624,2025-07-11,CU-10079,OFF-ST-1224,99.36,8,0.1,28.85
626,US-2023-100625,2024-09-27,CU-10044,FUR-TA-1225,1187.31,3,0.0,-76.19
627,US-2023-100626,2023-03-26,CU-10013,FUR-TA-1226,2444.3,10,0.0,-80.54
628,US-2023-100627,2025-02-19,CU-10042,OFF-BI-1227,144.96,3,0.0,52.18
629,US-2023-100628,2023-12-19,CU-10064,TEC-PH-1228,1543.46,2,0.0,-18.0
630,US-2023-100629,2024-08-14,CU-10084,OFF-AR-1229,426.71,12,0.1,67.28
631,US-2023-100630,2025-02-27,CU-10068,OFF-ST-1230,128.42,4,0.15,38.93
632,US-2023-100631,2023-09-23,CU-10063,TEC-PH-1231,2327.28,4,0.0,502.27
633,US-2023-100632,2024-12-06,CU-10029,OFF-LA-1232,115.5,5,0.0,27.23
634,US-2023-100633,2024-09-14,CU-10076,OFF-LA-1233,120.19,8,0.2,9.76
635,US-2023-100634,2023-07-04,CU-10064,OFF-PA-1234,159.35,5,0.0,13.33
636,US-2023-100635,2023-08-20,CU-10096,OFF-BI-1235,65.55,5,0.0,14.37
637,US-2023-100636,2025-11-28,CU-10026,OFF-AR-1236,418.23,9,0.0,35.15
638,US-2023-100637,2024-06-05,CU-10021,TEC-PH-1237,1390.46,5,0.1,167.22
639,US-2023-100638,2023-10-04,CU-10073,OFF-AR-1238,17.14,1,0.4,3.68
640,US-2023-100639,2024-06-12,CU-10081,OFF-LA-1239,148.72,5,0.2,48.84
641,US-2023-100640,2024-07-10,CU-10008,FUR-TA-1240,303.24,1,0.1,47.38
642,US-2023-100641,2023-04-15,CU-10046,FUR-TA-1241,1585.8,9,0.0,-84.17
643,US-2023-100642,2024-07-17,CU-10084,TEC-CO-1242,1275.68,2,0.2,295.1
644,US-2023-100643,2025-03-07,CU-10068,OFF-BI-1243,106.74,6,0.0,39.3
645,US-2023-100644,2024-05-20,CU-10020,OFF-PA-1244,64.97,6,0.15,23.97
646,US-2023-100645,2024-05-25,CU-10099,OFF-BI-1245,215.95,7,0.0,70.12
647,US-2023-100646,2023-10-16,CU-10043,OFF-BI-1246,496.88,11,0.1,94.88
648,US-2023-100647,2025-10-10,CU-10099,OFF-LA-1247,74.31,3,0.0,25.68
649,US-2023-100648,2024-04-09,CU-10003,OFF-LA-1248,249.3,9,0.0,81.48
650,US-2023-100649,2023-07-09,CU-10014,FUR-BO-1249,3673.23,11,0.0,16.85
651,US-2023-100650,2025-01-19,CU-10006,OFF-AR-1250,369.46,13,0.0,85.44
652,US-2023-100651,2024-02-24,CU-10064,TEC-PH-1251,3248.19,11,0.4,857.3
653,US-2023-100652,2023-02-17,CU-10112,OFF-BI-1252,211.84,4,0.0,63.3
654,US-2023-100653,2024-12-31,CU-10063,FUR-BO-1253,2084.65,5,0.0,-166.99
655,US-2023-100654,2024-07-11,CU-10116,FUR-TA-1254,1351.53,4,0.15,-28.33
656,US-2023-100655,2025-07-07,CU-10032,FUR-BO-1255,1232.76,6,0.0,-87.82
657,US-2023-100656,2023-10-19,CU-10082,OFF-AR-1256,419.14,12,0.2,120.0
658,US-2023-100657,2025-10-21,CU-10101,OFF-BI-1257,8.87,1,0.3,2.46
659,US-2023-100658,2025-10-06,CU-10023,OFF-LA-1258,256.48,8,0.0,71.7
660,US-2023-100659,2024-03-09,CU-10067,OFF-ST-1259,553.02,13,0.0,100.35
661,US-2023-100660,2023-01-25,CU-10116,OFF-LA-1260,110.77,3,0.15,16.48
662,US-2023-100661,2025-05-06,CU-10005,FUR-BO-1261,1006.32,7,0.0,137.33
663,US-2023-100662,2025-12-08,CU-10115,OFF-ST-1262,163.28,8,0.0,44.61
664,US-2023-100663,2023-03-28,CU-10110,FUR-FU-1263,2586.15,10,0.1,-66.46
665,US-2023-100664,2024-12-29,CU-10041,OFF-BI-1264,117.07,6,0.1,13.32
666,US-2023-100665,2024-12-16,CU-10102,OFF-PA-1265,306.54,6,0.0,96.73
667,US-2023-100666,2024-04-25,CU-10011,OFF-ST-1266,361.84,11,0.1,44.57
668,US-2023-100667,2023-07-03,CU-10017,TEC-PH-1267,8047.65,13,0.0,1770.26
669,US-2023-100668,2024-05-23,CU-10037,TEC-CO-1268,2477.7,9,0.0,108.02
670,US-2023-100669,2024-05-07,CU-10079,OFF-AR-1269,137.9,11,0.2,11.2
671,US-2023-100670,2025-06-11,CU-10008,FUR-TA-1270,434.04,1,0.0,42.07
672,US-2023-100671,2024-04-07,CU-10046,OFF-PA-1271,86.65,2,0.1,19.18
673,US-2023-100672,2023-10-22,CU-10044,TEC-AC-1272,10486.8,12,0.0,2189.7
674,US-2023-100673,2025-10-21,CU-10091,FUR-FU-1273,2426.41,7,0.0,283.3
675,US-2023-100674,2023-03-26,CU-10053,OFF-PA-1274,87.21,3,0.4,10.1
676,US-2023-100675,2023-01-12,CU-10007,OFF-AR-1275,178.48,8,0.0,58.82
677,US-2023-100676,2024-10-29,CU-10044,OFF-LA-1276,138.72,6,0.0,49.56
678,US-2023-100677,2024-05-24,CU-10101,OFF-PA-1277,80.37,5,0.15,26.68
679,US-2023-100678,2023-04-12,CU-10040,OFF-PA-1278,564.2,13,0.0,156.08
680,US-2023-100679,2024-11-12,CU-10012,OFF-ST-1279,111.09,7,0.4,24.71
681,US-2023-100680,2024-09-12,CU-10016,FUR-TA-1280,3330.96,12,0.0,-127.58
682,US-2023-100681,2023-05-14,CU-10054,TEC-PH-1281,3933.2,10,0.0,231.38
683,US-2023-100682,2023-10-04,CU-10098,TEC-AC-1282,6408.99,9,0.0,1494.72
684,US-2023-100683,2023-06-07,CU-10110,FUR-BO-1283,2344.68,9,0.0,188.36
685,US-2023-100684,2024-05-19,CU-10055,TEC-AC-1284,1023.66,3,0.0,130.4
686,US-2023-100685,2023-05-10,CU-10076,OFF-PA-1285,33.84,3,0.15,6.77
687,US-2023-100686,2024-07-24,CU-10111,FUR-CH-1286,5023.56,12,0.0,293.11
688,US-2023-100687,2024-03-29,CU-10031,FUR-BO-1287,1940.1,6,0.0,45.29
689,US-2023-100688,2023-12-14,CU-10071,OFF-ST-1288,144.76,7,0.2,35.1
690,US-2023-100689,2025-02-05,CU-10075,OFF-LA-1289,83.66,2,0.0,23.02
691,US-2023-100690,2023-05-04,CU-10006,OFF-ST-1290,398.16,9,0.0,114.33
692,US-2023-100691,2023-04-11,CU-10110,OFF-AR-1291,115.62,4,0.2,16.75
693,US-2023-100692,2024-11-08,CU-10093,OFF-ST-1292,476.58,13,0.0,39.86
694,US-2023-100693,2023-10-13,CU-10058,TEC-MA-1293,4703.95,7,0.15,1233.4
695,US-2023-100694,2025-09-23,CU-10001,TEC-PH-1294,2086.59,4,0.2,37.85
696,US-2023-100695,2023-04-08,CU-10078,OFF-ST-1295,411.04,8,0.0,100.2
697,US-2023-100696,2025-10-04,CU-10023,FUR-FU-1296,2512.8,8,0.15,-139.38
698,US-2023-100697,2023-08-14,CU-10024,TEC-MA-1297,3088.89,9,0.0,805.25
699,US-2023-100698,2024-01-27,CU-10108,TEC-MA-1298,871.8,4,0.0,-4.29
700,US-2023-100699,2024-04-09,CU-10036,OFF-BI-1299,47.87,3,0.1,10.61
701,US-2024-100700,2023-10-27,CU-10022,OFF-LA-1300,193.8,4,0.0,46.1
702,US-2024-100701,2025-11-02,CU-10035,TEC-PH-1301,617.5,2,0.0,139.69
703,US-2024-100702,2024-10-02,CU-10079,OFF-ST-1302,105.26,2,0.0,29.17
704,US-2024-100703,2025-04-16,CU-10074,OFF-LA-1303,251.5,7,0.1,50.28
705,US-2024-100704,2023-08-06,CU-10112,TEC-CO-1304,5696.02,11,0.15,133.37
706,US-2024-100705,2025-03-25,CU-10067,TEC-CO-1305,2348.77,7,0.1,235.91
707,US-2024-100706,2025-12-17,CU-10092,OFF-PA-1306,58.5,2,0.0,6.1
708,US-2024-100707,2024-02-20,CU-10098,TEC-PH-1307,821.52,3,0.0,151.62
709,US-2024-100708,2024-04-10,CU-10019,FUR-FU-1308,2921.7,6,0.0,-58.17
710,US-2024-100709,2024-01-08,CU-10029,FUR-CH-1309,4295.92,12,0.1,-169.79
711,US-2024-100710,2024-12-27,CU-10073,OFF-LA-1310,260.37,11,0.0,73.09
712,US-2024-100711,2023-03-01,CU-10078,FUR-FU-1311,1960.0,5,0.0,-153.67
713,US-2024-100712,2025-10-25,CU-10020,TEC-AC-1312,5013.54,9,0.0,416.5
714,US-2024-100713,2025-05-10,CU-10065,OFF-ST-1313,175.39,12,0.2,25.7
715,US-2024-100714,2025-05-15,CU-10114,TEC-PH-1314,2090.3,5,0.0,210.13
716,US-2024-100715,2023-02-17,CU-10040,FUR-FU-1315,1704.07,6,0.3,133.15
717,US-2024-100716,2024-08-18,CU-10038,TEC-CO-1316,4186.64,8,0.0,-51.76
718,US-2024-100717,2025-08-25,CU-10044,OFF-PA-1317,77.72,2,0.1,10.9
719,US-2024-100718,2024-06-10,CU-10007,OFF-ST-1318,94.74,3,0.1,11.1
720,US-2024-100719,2024-11-08,CU-10105,OFF-AR-1319,386.76,11,0.2,99.62
721,US-2024-100720,2025-07-09,CU-10002,FUR-CH-1320,1743.06,6,0.0,-30.44
722,US-2024-100721,2023-03-21,CU-10079,TEC-AC-1321,1761.08,11,0.4,-45.04
723,US-2024-100722,2023-08-29,CU-10047,OFF-ST-1322,12.86,1,0.0,1.28
724,US-2024-100723,2023-04-06,CU-10092,FUR-TA-1323,1275.09,4,0.3,40.17
725,US-2024-100724,2024-02-01,CU-10035,OFF-ST-1324,26.33,1,0.3,7.2
726,US-2024-100725,2025-06-01,CU-10002,TEC-MA-1325,2359.69,6,0.1,258.16
727,US-2024-100726,2023-02-28,CU-10063,OFF-PA-1326,216.1,5,0.0,40.03
728,US-2024-100727,2023-11-18,CU-10069,OFF-ST-1327,357.84,10,0.2,65.28
729,US-2024-100728,2023-03-24,CU-10079,OFF-AR-1328,203.74,11,0.1,23.93
730,US-2024-100729,2023-12-15,CU-10035,TEC-MA-1329,3682.01,11,0.4,358.29
731,US-2024-100730,2025-04-13,CU-10075,FUR-CH-1330,1302.27,7,0.1,-55.96
732,US-2024-100731,2023-01-28,CU-10044,OFF-LA-1331,33.22,1,0.1,2.47
733,US-2024-100732,2025-03-07,CU-10010,OFF-ST-1332,215.52,4,0.0,25.58
734,US-2024-100733,2023-09-15,CU-10041,OFF-LA-1333,561.86,13,0.0,140.67
735,US-2024-100734,2024-10-21,CU-10009,TEC-PH-1334,4997.25,13,0.15,461.4
736,US-2024-100735,2023-01-28,CU-10095,FUR-CH-1335,304.37,2,0.3,-22.66
737,US-2024-100736,2024-05-22,CU-10036,FUR-TA-1336,2952.29,9,0.1,207.18
738,US-2024-100737,2023-05-16,CU-10017,FUR-TA-1337,2065.5,5,0.0,-167.58
739,US-2024-100738,2024-06-12,CU-10011,TEC-CO-1338,2050.6,6,0.1,324.93
740,US-2024-100739,2024-06-04,CU-10117,FUR-BO-1339,1037.34,2,0.0,83.57
741,US-2024-100740,2024-03-25,CU-10093,OFF-AR-1340,281.02,7,0.15,87.83
742,US-2024-100741,2024-12-25,CU-10052,OFF-AR-1341,310.52,10,0.3,54.28
743,US-2024-100742,2023-04-09,CU-10084,TEC-CO-1342,3275.58,6,0.0,67.84
744,US-2024-100743,2024-07-19,CU-10012,OFF-LA-1343,332.01,10,0.1,87.38
745,US-2024-100744,2023-01-22,CU-10105,OFF-BI-1344,335.0,10,0.0,83.41
746,US-2024-100745,2025-04-27,CU-10102,OFF-AR-1345,272.16,12,0.4,28.78
747,US-2024-100746,2024-04-14,CU-10003,OFF-PA-1346,255.7,5,0.0,31.38
748,US-2024-100747,2024-04-23,CU-10080,OFF-ST-1347,102.33,3,0.1,30.91
749,US-2024-100748,2025-02-10,CU-10101,FUR-TA-1348,1950.6,11,0.15,217.59
750,US-2024-100749,2023-02-17,CU-10068,OFF-AR-1349,341.1,9,0.0,24.41
751,US-2024-100750,2025-10-18,CU-10008,OFF-LA-1350,450.02,11,0.15,84.34
752,US-2024-100751,2024-07-21,CU-10047,OFF-LA-1351,352.31,7,0.0,110.44
753,US-2024-100752,2023-10-05,CU-10068,TEC-PH-1352,688.34,1,0.0,179.15
754,US-2024-100753,2024-07-30,CU-10062,TEC-AC-1353,5581.55,13,0.0,0.76
755,US-2024-100754,2023-10-25,CU-10009,TEC-AC-1354,355.67,1,0.0,2.55
756,US-2024-100755,2024-07-02,CU-10021,TEC-AC-1355,8435.96,13,0.0,-37.21
757,US-2024-100756,2023-04-19,CU-10117,OFF-PA-1356,104.58,7,0.4,14.26
758,US-2024-100757,2025-12-17,CU-10004,TEC-MA-1357,1194.26,2,0.0,25.27
759,US-2024-100758,2023-03-18,CU-10017,TEC-MA-1358,8442.2,10,0.0,1539.35
760,US-2024-100759,2025-05-07,CU-10073,TEC-AC-1359,1242.01,7,0.5,5.8
761,US-2024-100760,2025-04-12,CU-10030,FUR-FU-1360,3416.64,9,0.15,-63.31
762,US-2024-100761,2025-12-08,CU-10046,TEC-AC-1361,6597.8,10,0.0,749.93
763,US-2024-100762,2023-03-27,CU-10093,OFF-PA-1362,121.2,8,0.0,10.11
764,US-2024-100763,2025-12-11,CU-10018,TEC-PH-1363,5294.4,8,0.0,1122.2
765,US-2024-100764,2024-10-04,CU-10053,OFF-PA-1364,46.04,6,0.4,15.22
766,US-2024-100765,2025-12-04,CU-10105,TEC-MA-1365,1822.93,4,0.1,16.66
767,US-2024-100766,2023-01-29,CU-10055,OFF-BI-1366,191.4,10,0.0,54.33
768,US-2024-100767,2024-03-15,CU-10095,OFF-AR-1367,391.05,10,0.1,92.89
769,US-2024-100768,2023-02-01,CU-10100,TEC-CO-1368,10188.96,12,0.0,200.09
770,US-2024-100769,2024-01-21,CU-10020,TEC-CO-1369,4129.14,6,0.0,538.3
771,US-2024-100770,2023-07-15,CU-10031,OFF-AR-1370,63.7,5,0.0,23.05
772,US-2024-100771,2024-10-05,CU-10053,OFF-ST-1371,76.8,5,0.0,11.38
773,US-2024-100772,2023-11-28,CU-10067,OFF-ST-1372,227.39,8,0.15,81.13
774,US-2024-100773,2024-03-18,CU-10030,OFF-AR-1373,31.85,5,0.5,8.02
775,US-2024-100774,2024-11-01,CU-10005,OFF-BI-1374,289.48,7,0.1,72.49
776,US-2024-100775,2025-08-10,CU-10109,OFF-AR-1375,64.77,3,0.0,14.71
777,US-2024-100776,2024-07-14,CU-10084,OFF-BI-1376,163.56,3,0.0,22.35
778,US-2024-100777,2024-12-08,CU-10092,OFF-AR-1377,237.53,9,0.2,57.18
779,US-2024-100778,2024-05-22,CU-10080,TEC-MA-1378,3406.09,12,0.15,511.89
780,US-2024-100779,2024-07-14,CU-10035,OFF-AR-1379,22.08,1,0.3,6.26
781,US-2024-100780,2025-04-07,CU-10058,FUR-TA-1380,1185.6,8,0.0,105.13
782,US-2024-100781,2025-01-16,CU-10031,FUR-FU-1381,1450.75,4,0.15,25.71
783,US-2024-100782,2024-08-08,CU-10057,FUR-TA-1382,380.96,3,0.3,66.31
784,US-2024-100783,2025-10-26,CU-10039,OFF-BI-1383,190.92,4,0.0,50.37
785,US-2024-100784,2024-12-03,CU-10003,OFF-LA-1384,194.59,6,0.2,41.47
786,US-2024-100785,2025-05-28,CU-10003,FUR-FU-1385,1736.4,6,0.0,36.03
787,US-2024-100786,2023-12-19,CU-10070,TEC-CO-1386,2534.22,6,0.0,-48.01
788,US-2024-100787,2025-11-26,CU-10098,TEC-MA-1387,2329.32,6,0.0,77.95
789,US-2024-100788,2024-04-18,CU-10034,TEC-MA-1388,4788.09,9,0.0,1151.89
790,US-2024-100789,2024-06-28,CU-10075,OFF-BI-1389,188.58,7,0.0,28.15
791,US-2024-100790,2023-03-31,CU-10074,OFF-LA-1390,171.54,7,0.15,19.28
792,US-2024-100791,2023-12-31,CU-10068,TEC-CO-1391,3577.86,11,0.0,74.53
793,US-2024-100792,2024-04-26,CU-10108,TEC-MA-1392,5316.5,7,0.0,73.2
794,US-2024-100793,2025-11-17,CU-10051,OFF-PA-1393,263.3,5,0.0,27.84
795,US-2024-100794,2024-04-03,CU-10093,OFF-BI-1394,52.4,4,0.0,15.27
796,US-2024-100795,2025-11-14,CU-10054,TEC-MA-1395,6219.4,11,0.0,412.92
797,US-2024-100796,2023-08-31,CU-10097,OFF-LA-1396,146.13,8,0.15,42.55
798,US-2024-100797,2023-06-25,CU-10074,FUR-FU-1397,3853.56,12,0.0,-263.25
799,US-2024-100798,2023-05-21,CU-10083,FUR-TA-1398,2265.71,13,0.1,404.84
800,US-2024-100799,2024-09-22,CU-10088,FUR-BO-1399,978.3,6,0.0,-32.16
801,US-2024-100800,2024-03-01,CU-10088,FUR-TA-1000,362.61,1,0.1,3.93
802,US-2024-100801,2024-01-09,CU-10064,OFF-PA-1001,424.96,8,0.0,122.96
803,US-2024-100802,2025-07-21,CU-10042,OFF-ST-1002,30.61,1,0.4,2.17
804,US-2024-100803,2023-01-11,CU-10112,FUR-TA-1003,3027.53,11,0.0,49.02
805,US-2024-100804,2023-02-13,CU-10052,TEC-MA-1004,5185.78,7,0.1,1040.5
806,US-2024-100805,2023-03-05,CU-10047,FUR-BO-1005,263.75,1,0.5,33.94
807,US-2024-100806,2023-01-18,CU-10080,OFF-PA-1006,121.68,9,0.0,35.25
808,US-2024-100807,2024-02-07,CU-10118,TEC-AC-1007,6724.4,12,0.1,1015.09
809,US-2024-100808,2023-12-05,CU-10080,OFF-AR-1008,492.96,12,0.0,37.42
810,US-2024-100809,2024-08-16,CU-10004,FUR-BO-1009,1164.64,3,0.15,17.33
811,US-2024-100810,2025-02-05,CU-10091,FUR-CH-1010,2668.25,5,0.0,391.68
812,US-2024-100811,2023-08-09,CU-10055,OFF-PA-1011,466.83,13,0.0,107.18
813,US-2024-100812,2023-11-07,CU-10081,OFF-LA-1012,78.84,4,0.1,27.27
814,US-2024-100813,2024-08-22,CU-10074,TEC-CO-1013,1127.24,4,0.0,66.2
815,US-2024-100814,2025-10-24,CU-10079,TEC-CO-1014,7613.55,9,0.0,592.21
816,US-2024-100815,2025-10-11,CU-10064,FUR-BO-1015,939.52,5,0.2,-48.72
817,US-2024-100816,2024-03-25,CU-10115,TEC-PH-1016,4489.02,9,0.0,1085.08
818,US-2024-100817,2023-01-24,CU-10026,OFF-LA-1017,267.21,10,0.1,98.72
819,US-2024-100818,2023-02-08,CU-10050,TEC-CO-1018,2687.63,11,0.0,642.26
820,US-2024-100819,2023-03-07,CU-10011,OFF-ST-1019,247.4,11,0.1,71.22
821,US-2024-100820,2024-08-23,CU-10038,FUR-BO-1020,534.49,6,0.4,91.17
822,US-2024-100821,2024-02-22,CU-10059,TEC-AC-1021,2232.8,8,0.0,265.87
823,US-2024-100822,2024-08-29,CU-10058,TEC-PH-1022,3056.62,5,0.1,141.11
824,US-2024-100823,2024-01-12,CU-10117,TEC-AC-1023,1677.6,3,0.0,57.5
825,US-2024-100824,2023-08-10,CU-10119,OFF-BI-1024,295.06,6,0.1,103.44
826,US-2024-100825,2024-10-26,CU-10095,OFF-PA-1025,382.62,7,0.0,134.15
827,US-2024-100826,2024-01-17,CU-10006,TEC-MA-1026,5169.48,12,0.5,883.67
828,US-2024-100827,2024-07-29,CU-10095,OFF-LA-1027,255.6,9,0.0,20.32
829,US-2024-100828,2024-07-13,CU-10114,OFF-PA-1028,238.95,5,0.0,58.13
830,US-2024-100829,2023-02-16,CU-10118,OFF-AR-1029,141.33,7,0.0,25.71
831,US-2024-100830,2023-01-09,CU-10044,OFF-ST-1030,57.68,4,0.0,18.42
832,US-2024-100831,2024-05-15,CU-10051,FUR-FU-1031,2934.36,6,0.0,-189.67
833,US-2024-100832,2025-10-08,CU-10043,OFF-AR-1032,90.96,5,0.2,17.19
834,US-2024-100833,2023-01-02,CU-10030,OFF-ST-1033,198.2,6,0.3,60.66
835,US-2024-100834,2023-01-05,CU-10103,TEC-MA-1034,3206.36,12,0.3,720.21
836,US-2024-100835,2023-02-20,CU-10070,OFF-BI-1035,131.71,8,0.4,19.28
837,US-2024-100836,2024-06-07,CU-10035,OFF-AR-1036,544.57,13,0.0,53.25
838,US-2024-100837,2025-01-12,CU-10036,FUR-CH-1037,2148.73,12,0.15,277.18
839,US-2024-100838,2024-04-01,CU-10109,TEC-MA-1038,7757.0,10,0.0,323.56
840,US-2024-100839,2023-01-23,CU-10102,OFF-ST-1039,182.72,10,0.2,33.6
841,US-2024-100840,2025-11-26,CU-10076,OFF-PA-1040,106.23,3,0.15,18.25
842,US-2024-100841,2025-12-01,CU-10094,OFF-ST-1041,144.2,4,0.0,34.06
843,US-2024-100842,2024-02-04,CU-10081,OFF-AR-1042,58.15,5,0.5,7.68
844,US-2024-100843,2024-04-27,CU-10048,TEC-PH-1043,2116.37,9,0.1,319.75
845,US-2024-100844,2023-10-07,CU-10030,OFF-AR-1044,287.16,12,0.0,71.78
846,US-2024-100845,2023-01-04,CU-10014,FUR-CH-1045,2859.76,10,0.2,212.69
847,US-2024-100846,2023-02-14,CU-10095,OFF-BI-1046,435.6,11,0.1,35.58
848,US-2024-100847,2025-09-10,CU-10010,FUR-CH-1047,1013.12,3,0.1,-91.15
849,US-2024-100848,2025-12-30,CU-10101,FUR-TA-1048,2458.73,9,0.4,453.69
850,US-2024-100849,2024-05-13,CU-10012,FUR-TA-1049,1258.3,5,0.0,140.73
851,US-2024-100850,2023-03-28,CU-10055,FUR-BO-1050,1816.88,5,0.1,-141.33
852,US-2024-100851,2025-08-02,CU-10042,TEC-AC-1051,7643.25,9,0.0,1189.62
853,US-2024-100852,2023-01-21,CU-10019,FUR-FU-1052,2083.96,6,0.3,404.53
854,US-2024-100853,2024-08-15,CU-10097,OFF-ST-1053,254.23,6,0.1,82.28
855,US-2024-100854,2023-11-09,CU-10086,OFF-BI-1054,144.76,4,0.0,17.54
856,US-2024-100855,2023-02-26,CU-10016,FUR-BO-1055,1766.43,9,0.0,187.89
857,US-2024-100856,2024-07-09,CU-10016,OFF-LA-1056,183.35,4,0.1,46.6
858,US-2024-100857,2023-02-07,CU-10072,OFF-AR-1057,40.68,4,0.4,4.58
859,US-2024-100858,2023-11-05,CU-10107,TEC-PH-1058,5438.65,7,0.0,-93.28
860,US-2024-100859,2023-08-17,CU-10058,TEC-PH-1059,5547.17,12,0.4,1336.47
861,US-2024-100860,2025-01-21,CU-10017,TEC-CO-1060,2024.1,10,0.4,514.41
862,US-2024-100861,2024-06-07,CU-10022,FUR-FU-1061,1783.08,12,0.0,-105.92
863,US-2024-100862,2023-08-07,CU-10079,TEC-AC-1062,740.04,4,0.15,133.74
864,US-2024-100863,2023-08-28,CU-10048,TEC-AC-1063,6602.8,10,0.0,-193.61
865,US-2024-100864,2024-07-15,CU-10021,OFF-PA-1064,42.66,3,0.4,8.27
866,US-2024-100865,2025-05-10,CU-10086,TEC-AC-1065,4815.84,8,0.0,671.28
867,US-2024-100866,2024-05-15,CU-10084,OFF-ST-1066,96.16,2,0.0,18.58
868,US-2024-100867,2025-08-26,CU-10050,OFF-PA-1067,419.56,13,0.1,78.86
869,US-2024-100868,2025-11-09,CU-10090,OFF-LA-1068,173.06,8,0.15,57.9
870,US-2024-100869,2023-06-21,CU-10022,TEC-CO-1069,860.1,3,0.0,6.61
871,US-2024-100870,2023-02-01,CU-10023,OFF-PA-1070,432.51,13,0.0,61.74
872,US-2024-100871,2024-11-27,CU-10072,FUR-TA-1071,1142.53,8,0.2,207.79
873,US-2024-100872,2024-09-23,CU-10028,FUR-CH-1072,2183.4,4,0.0,344.3
874,US-2024-100873,2025-07-02,CU-10041,FUR-FU-1073,1130.16,3,0.15,124.04
875,US-2024-100874,2025-04-15,CU-10114,OFF-AR-1074,56.54,4,0.4,16.3
876,US-2024-100875,2025-03-21,CU-10027,OFF-PA-1075,256.41,10,0.1,72.6
877,US-2024-100876,2025-10-25,CU-10004,OFF-ST-1076,224.71,8,0.1,76.59
878,US-2024-100877,2023-07-27,CU-10096,OFF-ST-1077,45.22,1,0.0,7.0
879,US-2024-100878,2024-01-12,CU-10081,OFF-AR-1078,68.06,4,0.2,6.66
880,US-2024-100879,2023-08-30,CU-10082,OFF-LA-1079,643.89,13,0.0,91.66
881,US-2024-100880,2025-01-17,CU-10068,OFF-PA-1080,184.77,5,0.1,67.04
882,US-2024-100881,2023-06-25,CU-10100,OFF-AR-1081,87.98,8,0.3,22.67
883,US-2024-100882,2025-03-30,CU-10033,TEC-MA-1082,1561.56,7,0.0,388.17
884,US-2024-100883,2025-01-02,CU-10059,OFF-LA-1083,145.66,12,0.3,49.7
885,US-2024-100884,2025-03-06,CU-10093,FUR-CH-1084,541.88,1,0.0,42.23
886,US-2024-100885,2025-12-25,CU-10086,OFF-PA-1085,239.62,13,0.4,64.78
887,US-2024-100886,2023-09-12,CU-10009,OFF-LA-1086,282.06,6,0.0,86.05
888,US-2024-100887,2023-04-28,CU-10024,OFF-BI-1087,142.7,3,0.1,19.87
889,US-2024-100888,2024-11-02,CU-10036,FUR-FU-1088,4048.43,13,0.1,48.03
890,US-2024-100889,2023-02-05,CU-10021,TEC-MA-1089,915.57,3,0.0,80.0
891,US-2024-100890,2024-07-22,CU-10015,TEC-AC-1090,2573.0,9,0.15,115.4
892,US-2024-100891,2023-01-11,CU-10060,TEC-PH-1091,5092.0,13,0.4,1274.19
893,US-2024-100892,2024-12-25,CU-10098,FUR-CH-1092,5636.93,13,0.0,64.49
894,US-2024-100893,2025-07-25,CU-10092,OFF-PA-1093,233.76,8,0.0,23.78
895,US-2024-100894,2023-06-08,CU-10046,OFF-PA-1094,528.4,10,0.0,38.35
896,US-2024-100895,2025-05-19,CU-10103,FUR-CH-1095,2122.7,5,0.0,-72.7
897,US-2024-100896,2025-04-13,CU-10099,OFF-AR-1096,188.09,5,0.3,31.01
898,US-2024-100897,2023-07-05,CU-10118,TEC-AC-1097,4895.52,12,0.0,-93.2
899,US-2024-100898,2025-10-17,CU-10093,FUR-FU-1098,2931.28,10,0.2,125.15
900,US-2024-100899,2023-04-08,CU-10115,FUR-TA-1099,4292.28,9,0.0,86.19
901,US-2024-100900,2024-06-08,CU-10025,OFF-AR-1100,338.58,11,0.1,38.01
902,US-2024-100901,2023-01-14,CU-10084,TEC-CO-1101,1421.14,3,0.15,245.01
903,US-2024-100902,2024-03-30,CU-10002,TEC-PH-1102,2857.49,7,0.1,755.58
904,US-2024-100903,2023-12-03,CU-10065,OFF-BI-1103,170.0,8,0.0,44.32
905,US-2024-100904,2023-08-31,CU-10023,OFF-ST-1104,255.99,7,0.0,41.93
906,US-2024-100905,2024-01-07,CU-10016,OFF-ST-1105,327.52,8,0.0,66.92
907,US-2024-100906,2024-04-03,CU-10000,TEC-AC-1106,9634.43,13,0.0,200.74
908,US-2024-100907,2024-07-24,CU-10082,FUR-FU-1107,4491.63,10,0.1,474.88
909,US-2024-100908,2024-01-29,CU-10076,TEC-PH-1108,10174.32,13,0.0,-19.75
910,US-2024-100909,2023-01-17,CU-10063,OFF-LA-1109,368.64,8,0.0,132.43
911,US-2024-100910,2023-07-12,CU-10025,OFF-LA-1110,458.2,10,0.0,141.85
912,US-2024-100911,2023-07-24,CU-10085,OFF-PA-1111,295.26,6,0.0,59.1
913,US-2024-100912,2023-11-21,CU-10039,FUR-FU-1112,1077.98,2,0.0,-82.27
914,US-2024-100913,2023-11-24,CU-10065,TEC-AC-1113,4663.51,9,0.2,774.02
915,US-2024-100914,2023-01-25,CU-10005,OFF-ST-1114,279.48,6,0.0,21.71
916,US-2024-100915,2024-03-01,CU-10061,OFF-ST-1115,146.52,11,0.0,46.61
917,US-2024-100916,2024-02-17,CU-10083,FUR-FU-1116,4688.53,11,0.0,841.64
918,US-2024-100917,2023-01-05,CU-10107,FUR-TA-1117,4338.96,12,0.0,-410.1
919,US-2024-100918,2025-05-19,CU-10105,OFF-AR-1118,109.01,8,0.4,35.76
920,US-2024-100919,2023-11-06,CU-10093,OFF-LA-1119,415.76,8,0.0,97.76
921,US-2024-100920,2024-06-05,CU-10029,OFF-LA-1120,76.7,2,0.2,21.36
922,US-2024-100921,2025-03-10,CU-10071,FUR-BO-1121,5709.34,13,0.0,-380.16
923,US-2024-100922,2025-03-25,CU-10017,FUR-BO-1122,2695.15,5,0.0,138.24
924,US-2024-100923,2025-09-20,CU-10110,OFF-AR-1123,355.42,9,0.15,109.3
925,US-2024-100924,2024-01-19,CU-10104,TEC-MA-1124,1170.59,4,0.2,51.63
926,US-2024-100925,2024-05-19,CU-10080,OFF-ST-1125,258.65,11,0.4,80.38
927,US-2024-100926,2024-04-28,CU-10024,OFF-BI-1126,155.2,9,0.1,27.7
928,US-2024-100927,2023-11-26,CU-10063,FUR-CH-1127,1790.8,6,0.1,102.74
929,US-2024-100928,2024-02-26,CU-10042,TEC-PH-1128,5774.58,9,0.0,537.9
930,US-2024-100929,2025-04-15,CU-10024,OFF-LA-1129,111.94,6,0.15,16.58
931,US-2024-100930,2023-10-03,CU-10022,FUR-TA-1130,709.88,2,0.1,75.11
932,US-2024-100931,2025-08-13,CU-10010,FUR-TA-1131,2437.29,9,0.0,-22.66
933,US-2024-100932,2023-10-08,CU-10099,OFF-ST-1132,39.58,1,0.0,8.46
934,US-2024-100933,2025-03-26,CU-10001,OFF-BI-1133,194.22,13,0.0,32.32
935,US-2024-100934,2024-11-26,CU-10015,OFF-ST-1134,158.46,5,0.4,16.78
936,US-2024-100935,2023-11-26,CU-10018,OFF-ST-1135,144.48,6,0.0,53.12
937,US-2024-100936,2025-07-24,CU-10058,OFF-ST-1136,402.32,8,0.0,70.36
938,US-2024-100937,2024-05-13,CU-10044,TEC-AC-1137,5895.26,9,0.1,63.26
939,US-2024-100938,2024-11-08,CU-10037,FUR-BO-1138,2574.33,11,0.0,379.88
940,US-2024-100939,2024-09-16,CU-10023,TEC-PH-1139,2112.67,7,0.0,41.39
941,US-2024-100940,2024-04-10,CU-10026,OFF-PA-1140,212.45,7,0.0,17.35
942,US-2024-100941,2023-07-11,CU-10073,TEC-PH-1141,2026.8,10,0.0,57.78
943,US-2024-100942,2023-04-10,CU-10119,OFF-LA-1142,444.0,10,0.0,154.34
944,US-2024-100943,2025-01-10,CU-10013,OFF-PA-1143,200.06,7,0.0,59.81
945,US-2024-100944,2025-04-06,CU-10090,OFF-AR-1144,40.55,1,0.0,11.65
946,US-2024-100945,2025-03-12,CU-10083,TEC-CO-1145,5531.44,8,0.0,1143.39
947,US-2024-100946,2023-12-24,CU-10105,FUR-CH-1146,1118.02,6,0.1,-77.72
948,US-2024-100947,2023-06-17,CU-10100,TEC-MA-1147,7595.25,13,0.0,6.61
949,US-2024-100948,2024-09-01,CU-10059,FUR-TA-1148,2228.06,6,0.2,-64.17
950,US-2024-100949,2024-03-15,CU-10068,TEC-MA-1149,2228.11,4,0.1,152.69
951,US-2024-100950,2025-05-30,CU-10028,TEC-MA-1150,4823.92,8,0.0,723.97
952,US-2024-100951,2023-11-25,CU-10019,FUR-CH-1151,1371.96,3,0.0,-127.46
953,US-2024-100952,2023-10-15,CU-10111,TEC-CO-1152,4101.89,8,0.4,262.4
954,US-2024-100953,2024-08-24,CU-10025,OFF-LA-1153,202.47,6,0.15,67.61
955,US-2024-100954,2023-02-22,CU-10062,TEC-PH-1154,577.82,1,0.0,81.13
956,US-2024-100955,2024-01-17,CU-10068,FUR-TA-1155,2011.0,10,0.0,-112.2
957,US-2024-100956,2023-12-27,CU-10002,OFF-LA-1156,594.0,11,0.0,68.3
958,US-2024-100957,2025-03-14,CU-10046,TEC-PH-1157,4838.47,13,0.0,165.36
959,US-2024-100958,2025-11-26,CU-10048,OFF-BI-1158,59.52,2,0.0,15.74
960,US-2024-100959,2023-07-01,CU-10034,FUR-FU-1159,1795.9,4,0.1,-86.92
961,US-2024-100960,2023-06-10,CU-10033,FUR-TA-1160,1330.07,7,0.0,105.81
962,US-2024-100961,2024-08-06,CU-10035,TEC-AC-1161,1870.56,4,0.0,77.94
963,US-2024-100962,2025-11-12,CU-10104,TEC-PH-1162,2865.98,11,0.4,119.44
964,US-2024-100963,2023-03-29,CU-10104,OFF-PA-1163,272.16,7,0.0,54.27
965,US-2024-100964,2025-02-11,CU-10113,TEC-CO-1164,4248.66,6,0.0,311.63
966,US-2024-100965,2024-11-08,CU-10030,OFF-LA-1165,192.25,5,0.0,21.61
967,US-2024-100966,2024-11-18,CU-10056,FUR-BO-1166,3130.68,6,0.0,-203.01
968,US-2024-100967,2023-10-17,CU-10104,FUR-TA-1167,3156.7,10,0.0,-36.18
969,US-2024-100968,2024-06-06,CU-10021,OFF-ST-1168,361.35,9,0.0,92.34
970,US-2024-100969,2025-12-09,CU-10032,OFF-ST-1169,101.94,3,0.0,35.05
971,US-2024-100970,2024-06-05,CU-10102,FUR-FU-1170,632.88,4,0.0,111.17
972,US-2024-100971,2023-11-17,CU-10093,OFF-ST-1171,354.08,11,0.15,54.63
973,US-2024-100972,2023-03-19,CU-10013,FUR-FU-1172,560.62,2,0.0,100.92
974,US-2024-100973,2023-11-18,CU-10013,TEC-AC-1173,2130.0,4,0.0,-58.23
975,US-2024-100974,2025-06-12,CU-10104,FUR-TA-1174,1746.19,6,0.3,-17.87
976,US-2024-100975,2023-06-17,CU-10026,OFF-PA-1175,139.65,11,0.5,47.84
977,US-2024-100976,2025-06-24,CU-10024,TEC-CO-1176,253.81,1,0.0,62.26
978,US-2024-100977,2023-04-12,CU-10037,TEC-MA-1177,3561.04,8,0.0,11.68
979,US-2024-100978,2025-02-14,CU-10084,FUR-CH-1178,597.38,4,0.5,10.69
980,US-2024-100979,2024-02-28,CU-10002,TEC-CO-1179,4113.53,13,0.5,-82.33
981,US-2024-100980,2025-10-06,CU-10066,TEC-MA-1180,1830.39,3,0.0,272.46
982,US-2024-100981,2023-06-04,CU-10077,OFF-PA-1181,396.09,9,0.0,124.99
983,US-2024-100982,2025-03-31,CU-10111,OFF-ST-1182,42.62,2,0.0,4.17
984,US-2024-100983,2024-10-17,CU-10003,OFF-ST-1183,144.72,8,0.0,19.79
985,US-2024-100984,2025-06-17,CU-10014,TEC-AC-1184,2768.65,5,0.0,512.18
986,US-2024-100985,2025-10-27,CU-10040,TEC-MA-1185,4346.45,5,0.0,518.53
987,US-2024-100986,2023-03-12,CU-10048,OFF-BI-1186,394.31,9,0.1,141.17
988,US-2024-100987,2025-12-14,CU-10017,OFF-LA-1187,176.26,8,0.1,17.29
989,US-2024-100988,2023-02-02,CU-10014,OFF-BI-1188,273.49,7,0.0,31.11
990,US-2024-100989,2023-02-04,CU-10084,FUR-TA-1189,2263.4,10,0.0,23.37
991,US-2024-100990,2023-05-18,CU-10045,TEC-AC-1190,5752.67,7,0.0,13.02
992,US-2024-100991,2023-08-18,CU-10005,OFF-LA-1191,267.04,8,0.0,67.74
993,US-2024-100992,2025-09-20,CU-10086,OFF-BI-1192,13.52,1,0.3,4.99
994,US-2024-100993,2023-02-19,CU-10069,OFF-BI-1193,29.54,2,0.5,8.75
995,US-2024-100994,2024-06-11,CU-10093,OFF-AR-1194,174.51,7,0.0,25.75
996,US-2024-100995,2023-08-28,CU-10047,OFF-PA-1195,81.52,7,0.4,16.64
997,US-2024-100996,2023-01-30,CU-10093,OFF-AR-1196,106.01,4,0.4,19.53
998,US-2024-100997,2024-04-17,CU-10013,TEC-AC-1197,9532.25,13,0.0,2509.96
999,US-2024-100998,2023-03-23,CU-10000,TEC-PH-1198,8033.9,13,0.15,699.71
1000,US-2024-100999,2024-12-03,CU-10095,FUR-FU-1199,1001.81,4,0.1,136.57
1001,US-2024-101000,2023-01-08,CU-10107,OFF-BI-1200,188.7,5,0.0,33.84
1002,US-2024-101001,2023-07-06,CU-10027,OFF-PA-1201,523.38,11,0.0,121.31
1003,US-2024-101002,2023-10-24,CU-10072,FUR-FU-1202,4863.3,10,0.0,556.05
1004,US-2024-101003,2025-03-15,CU-10058,FUR-FU-1203,4649.85,10,0.1,373.21
1005,US-2024-101004,2025-01-04,CU-10021,TEC-MA-1204,11368.37,13,0.0,264.07
1006,US-2024-101005,2023-07-28,CU-10072,OFF-ST-1205,47.55,2,0.2,13.36
1007,US-2024-101006,2023-08-28,CU-10063,TEC-PH-1206,2023.27,9,0.15,162.92
1008,US-2024-101007,2025-07-13,CU-10051,TEC-MA-1207,5065.4,13,0.1,192.72
1009,US-2024-101008,2023-04-26,CU-10109,TEC-PH-1208,4376.82,12,0.15,-5.9
1010,US-2024-101009,2023-06-06,CU-10052,OFF-AR-1209,242.34,7,0.0,20.7
1011,US-2024-101010,2023-02-21,CU-10052,OFF-PA-1210,429.3,9,0.0,100.66
1012,US-2024-101011,2024-12-08,CU-10021,TEC-PH-1211,1697.14,3,0.1,152.56
1013,US-2024-101012,2025-12-07,CU-10088,OFF-AR-1212,195.26,5,0.1,31.86
1014,US-2024-101013,2023-03-12,CU-10068,OFF-BI-1213,235.8,6,0.0,70.48
1015,US-2024-101014,2024-03-09,CU-10048,TEC-CO-1214,2778.19,12,0.1,724.01
1016,US-2024-101015,2025-07-31,CU-10066,OFF-BI-1215,96.72,3,0.0,21.02
1017,US-2024-101016,2023-02-10,CU-10089,TEC-CO-1216,751.64,4,0.1,167.96
1018,US-2024-101017,2023-05-18,CU-10020,OFF-AR-1217,494.96,12,0.1,133.36
1019,US-2024-101018,2024-04-14,CU-10078,OFF-AR-1218,106.39,7,0.15,28.07
1020,US-2024-101019,2025-02-07,CU-10006,TEC-CO-1219,3217.22,8,0.15,412.83
1021,US-2024-101020,2023-03-13,CU-10057,FUR-TA-1220,3656.8,8,0.0,117.68
1022,US-2024-101021,2024-02-06,CU-10032,OFF-PA-1221,244.67,6,0.1,37.64
1023,US-2024-101022,2023-10-27,CU-10066,TEC-AC-1222,3427.12,10,0.15,187.74
1024,US-2024-101023,2025-01-14,CU-10030,TEC-MA-1223,2680.92,4,0.1,347.95
1025,US-2024-101024,2024-10-10,CU-10004,TEC-AC-1224,2606.04,12,0.0,44.76
1026,US-2024-101025,2023-08-08,CU-10119,OFF-AR-1225,122.97,3,0.0,9.32
1027,US-2024-101026,2025-09-30,CU-10034,TEC-AC-1226,2067.45,5,0.4,159.87
1028,US-2024-101027,2023-05-14,CU-10072,OFF-PA-1227,260.44,7,0.3,49.22
1029,US-2024-101028,2023-06-16,CU-10050,FUR-BO-1228,102.54,1,0.4,-3.73
1030,US-2024-101029,2025-03-08,CU-10069,OFF-PA-1229,330.66,9,0.0,94.87
1031,US-2024-101030,2023-06-25,CU-10028,TEC-MA-1230,1752.3,3,0.3,136.99
1032,US-2024-101031,2025-10-04,CU-10102,FUR-TA-1231,1017.2,7,0.1,53.59
1033,US-2024-101032,2024-08-05,CU-10012,OFF-ST-1232,304.76,13,0.3,53.78
1034,US-2024-101033,2023-11-20,CU-10029,TEC-PH-1233,6509.23,13,0.0,972.04
1035,US-2024-101034,2023-11-17,CU-10107,FUR-TA-1234,1878.01,12,0.1,-129.72
1036,US-2024-101035,2023-03-17,CU-10084,OFF-AR-1235,370.71,9,0.0,32.33
1037,US-2024-101036,2025-06-18,CU-10119,TEC-PH-1236,629.97,1,0.0,104.79
1038,US-2024-101037,2023-10-15,CU-10089,FUR-TA-1237,1583.82,9,0.0,180.46
1039,US-2024-101038,2025-11-18,CU-10061,TEC-CO-1238,2376.05,5,0.15,26.36
1040,US-2024-101039,2024-05-15,CU-10012,OFF-AR-1239,141.47,7,0.0,40.76
1041,US-2024-101040,2023-07-17,CU-10090,OFF-AR-1240,157.83,3,0.0,36.05
1042,US-2024-101041,2023-08-09,CU-10077,OFF-AR-1241,58.8,4,0.0,4.3
1043,US-2024-101042,2023-06-04,CU-10110,TEC-PH-1242,7794.23,13,0.15,1404.63
1044,US-2024-101043,2023-01-17,CU-10032,TEC-AC-1243,4645.94,13,0.0,759.33
1045,US-2024-101044,2025-12-31,CU-10080,OFF-AR-1244,130.97,10,0.3,13.13
1046,US-2024-101045,2025-04-21,CU-10061,FUR-TA-1245,2333.42,6,0.2,-119.2
1047,US-2024-101046,2023-01-23,CU-10052,FUR-CH-1246,3812.25,13,0.0,487.41
1048,US-2024-101047,2024-03-22,CU-10063,TEC-AC-1247,8613.18,13,0.2,462.22
1049,US-2024-101048,2024-07-04,CU-10066,FUR-CH-1248,3381.84,8,0.0,73.75
1050,US-2024-101049,2023-10-24,CU-10112,FUR-CH-1249,391.34,1,0.2,-27.94
1051,US-2024-101050,2023-03-05,CU-10006,FUR-TA-1250,2301.52,8,0.0,63.12
1052,US-2024-101051,2023-12-11,CU-10041,TEC-PH-1251,1635.12,4,0.0,321.38
1053,US-2024-101052,2025-02-05,CU-10051,OFF-LA-1252,557.28,12,0.0,120.56
1054,US-2024-101053,2024-11-30,CU-10072,TEC-PH-1253,6861.01,13,0.0,1041.16
1055,US-2024-101054,2023-03-11,CU-10032,TEC-AC-1254,912.38,4,0.5,20.86
1056,US-2024-101055,2024-11-29,CU-10077,OFF-BI-1255,307.71,9,0.0,74.73
1057,US-2024-101056,2025-03-28,CU-10004,TEC-AC-1256,1918.03,11,0.4,455.58
1058,US-2024-101057,2025-06-02,CU-10107,TEC-MA-1257,1764.07,7,0.0,414.13
1059,US-2024-101058,2023-01-23,CU-10111,OFF-ST-1258,144.76,4,0.1,13.83
1060,US-2024-101059,2024-09-12,CU-10009,TEC-AC-1259,504.68,2,0.1,89.83
1061,US-2024-101060,2024-03-21,CU-10090,OFF-AR-1260,277.41,7,0.0,50.67
1062,US-2024-101061,2025-01-10,CU-10074,FUR-BO-1261,185.78,1,0.1,-17.59
1063,US-2024-101062,2025-10-31,CU-10021,OFF-BI-1262,392.22,9,0.0,129.65
1064,US-2024-101063,2023-08-12,CU-10004,OFF-AR-1263,196.3,5,0.0,70.68
1065,US-2024-101064,2023-08-07,CU-10093,TEC-MA-1264,9022.09,11,0.0,943.93
1066,US-2024-101065,2024-05-26,CU-10101,OFF-ST-1265,323.75,7,0.0,91.61
1067,US-2024-101066,2023-01-28,CU-10049,OFF-BI-1266,578.02,12,0.1,77.25
1068,US-2024-101067,2025-12-27,CU-10062,TEC-AC-1267,2744.16,6,0.0,126.85
1069,US-2024-101068,2024-10-27,CU-10090,FUR-BO-1268,3468.24,9,0.0,173.75
1070,US-2024-101069,2024-10-02,CU-10035,FUR-FU-1269,638.72,6,0.15,-32.03
1071,US-2024-101070,2025-06-09,CU-10111,OFF-AR-1270,66.48,3,0.2,21.84
1072,US-2024-101071,2023-11-03,CU-10113,OFF-BI-1271,88.32,5,0.2,26.01
1073,US-2024-101072,2025-04-23,CU-10002,OFF-ST-1272,50.65,1,0.0,16.08
1074,US-2024-101073,2025-11-19,CU-10049,OFF-LA-1273,128.34,3,0.0,32.05
1075,US-2024-101074,2023-01-26,CU-10119,TEC-MA-1274,883.57,2,0.3,40.47
1076,US-2024-101075,2024-05-17,CU-10047,FUR-CH-1275,2543.88,12,0.0,199.55
1077,US-2024-101076,2023-04-19,CU-10018,FUR-TA-1276,3752.43,11,0.0,391.1
1078,US-2024-101077,2023-03-23,CU-10029,OFF-PA-1277,153.41,4,0.15,52.3
1079,US-2024-101078,2024-10-07,CU-10036,FUR-CH-1278,2251.85,11,0.1,145.61
1080,US-2024-101079,2024-09-24,CU-10040,OFF-ST-1279,308.98,7,0.0,63.0
1081,US-2024-101080,2023-09-23,CU-10093,TEC-PH-1280,206.85,1,0.0,32.29
1082,US-2024-101081,2023-07-30,CU-10104,TEC-PH-1281,3184.2,5,0.0,582.22
1083,US-2024-101082,2023-03-12,CU-10094,FUR-CH-1282,4437.93,13,0.1,832.95
1084,US-2024-101083,2024-07-11,CU-10077,OFF-PA-1283,141.0,5,0.0,24.93
1085,US-2024-101084,2023-01-24,CU-10087,OFF-PA-1284,427.3,10,0.0,34.61
1086,US-2024-101085,2024-02-25,CU-10043,FUR-FU-1285,2165.85,5,0.0,-188.04
1087,US-2024-101086,2024-01-18,CU-10108,TEC-AC-1286,2772.2,4,0.0,153.65
1088,US-2024-101087,2023-03-11,CU-10070,TEC-PH-1287,2154.36,3,0.1,308.2
1089,US-2024-101088,2025-08-23,CU-10108,TEC-CO-1288,7477.92,12,0.0,978.74
1090,US-2024-101089,2023-08-13,CU-10040,OFF-AR-1289,276.78,7,0.0,99.26
1091,US-2024-101090,2024-06-22,CU-10076,OFF-AR-1290,218.35,11,0.0,40.71
1092,US-2024-101091,2024-06-02,CU-10095,TEC-MA-1291,412.4,1,0.3,36.67
1093,US-2024-101092,2023-07-02,CU-10035,TEC-AC-1292,3720.55,5,0.0,720.56
1094,US-2024-101093,2024-09-09,CU-10001,OFF-AR-1293,32.62,3,0.4,8.7
1095,US-2024-101094,2024-08-22,CU-10107,OFF-BI-1294,152.01,9,0.0,39.55
1096,US-2024-101095,2023-11-29,CU-10090,FUR-FU-1295,1833.82,4,0.15,331.87
1097,US-2024-101096,2025-06-11,CU-10011,TEC-MA-1296,5333.4,12,0.0,316.31
1098,US-2024-101097,2024-04-28,CU-10052,TEC-MA-1297,4050.4,8,0.0,-31.7
1099,US-2024-101098,2023-12-25,CU-10005,OFF-BI-1298,52.88,1,0.0,9.78
1100,US-2024-101099,2025-04-24,CU-10058,OFF-LA-1299,118.15,3,0.1,21.11
1101,US-2024-101100,2025-09-10,CU-10045,FUR-CH-1300,3614.45,7,0.0,-300.57
1102,US-2024-101101,2025-03-04,CU-10001,FUR-FU-1301,1371.6,5,0.0,63.51
1103,US-2024-101102,2024-04-02,CU-10108,OFF-BI-1302,177.1,5,0.0,63.05
1104,US-2024-101103,2024-05-23,CU-10105,OFF-BI-1303,251.05,5,0.0,34.14
1105,US-2024-101104,2024-03-22,CU-10062,OFF-PA-1304,460.92,12,0.0,39.06
1106,US-2024-101105,2025-03-29,CU-10083,OFF-PA-1305,158.43,3,0.0,25.58
1107,US-2024-101106,2025-05-13,CU-10042,OFF-BI-1306,379.81,9,0.1,114.25
1108,US-2024-101107,2024-07-10,CU-10076,OFF-ST-1307,70.41,3,0.0,5.12
1109,US-2024-101108,2025-08-06,CU-10002,OFF-AR-1308,125.0,10,0.0,34.94
1110,US-2024-101109,2023-10-10,CU-10073,TEC-AC-1309,7018.5,10,0.0,-77.33
1111,US-2024-101110,2024-05-23,CU-10108,OFF-PA-1310,203.28,11,0.2,25.03
1112,US-2024-101111,2025-02-16,CU-10119,OFF-BI-1311,109.78,5,0.15,9.24
1113,US-2024-101112,2025-06-04,CU-10075,TEC-CO-1312,4479.3,12,0.1,277.57
1114,US-2024-101113,2023-09-29,CU-10054,TEC-CO-1313,3187.73,13,0.0,192.08
1115,US-2024-101114,2023-04-24,CU-10027,OFF-AR-1314,438.3,10,0.1,77.25
1116,US-2024-101115,2023-12-02,CU-10018,FUR-CH-1315,4267.12,13,0.2,134.23
1117,US-2024-101116,2024-10-22,CU-10039,TEC-CO-1316,1998.71,7,0.0,392.24
1118,US-2024-101117,2025-08-03,CU-10098,TEC-AC-1317,1789.53,6,0.5,77.84
1119,US-2024-101118,2024-03-16,CU-10110,OFF-LA-1318,105.49,7,0.15,11.57
1120,US-2024-101119,2024-04-21,CU-10074,OFF-LA-1319,326.64,12,0.0,118.34
1121,US-2024-101120,2025-09-13,CU-10091,OFF-PA-1320,37.89,3,0.0,4.85
1122,US-2024-101121,2023-07-25,CU-10091,OFF-LA-1321,14.36,1,0.3,3.61
1123,US-2024-101122,2023-02-11,CU-10032,TEC-CO-1322,847.52,1,0.0,187.64
1124,US-2024-101123,2023-02-02,CU-10079,OFF-LA-1323,216.04,7,0.15,45.69
1125,US-2024-101124,2025-04-09,CU-10037,OFF-AR-1324,390.28,11,0.0,106.89
1126,US-2024-101125,2025-04-19,CU-10107,OFF-ST-1325,292.37,13,0.0,30.23
1127,US-2024-101126,2023-11-19,CU-10106,OFF-ST-1326,82.78,7,0.1,21.05
1128,US-2024-101127,2025-09-18,CU-10050,OFF-PA-1327,148.72,8,0.0,40.89
1129,US-2024-101128,2024-10-18,CU-10050,OFF-AR-1328,20.54,1,0.3,6.4
1130,US-2024-101129,2025-10-26,CU-10076,FUR-TA-1329,1234.87,3,0.1,116.27
1131,US-2024-101130,2025-04-06,CU-10090,OFF-BI-1330,267.7,5,0.0,25.45
1132,US-2024-101131,2024-01-11,CU-10116,OFF-BI-1331,154.8,4,0.0,16.01
1133,US-2024-101132,2024-04-06,CU-10109,OFF-BI-1332,134.04,4,0.0,49.44
1134,US-2024-101133,2023-09-16,CU-10063,OFF-ST-1333,245.48,5,0.1,57.3
1135,US-2024-101134,2025-02-02,CU-10110,OFF-BI-1334,300.77,7,0.15,38.89
1136,US-2024-101135,2024-09-06,CU-10101,OFF-BI-1335,436.27,9,0.1,32.66
1137,US-2024-101136,2025-03-28,CU-10060,FUR-CH-1336,1634.22,7,0.0,117.63
1138,US-2024-101137,2025-01-03,CU-10032,OFF-BI-1337,87.65,6,0.3,31.75
1139,US-2024-101138,2024-03-12,CU-10101,OFF-PA-1338,15.45,2,0.5,4.03
1140,US-2024-101139,2025-02-02,CU-10034,TEC-MA-1339,4687.52,12,0.1,788.2
1141,US-2024-101140,2023-07-18,CU-10084,OFF-BI-1340,441.84,11,0.1,42.16
1142,US-2024-101141,2024-08-08,CU-10004,FUR-FU-1341,3093.9,6,0.0,-252.28
1143,US-2024-101142,2023-10-06,CU-10054,TEC-CO-1342,368.66,1,0.3,36.9
1144,US-2024-101143,2025-09-12,CU-10013,OFF-ST-1343,23.08,1,0.15,2.7
1145,US-2024-101144,2023-07-05,CU-10026,TEC-AC-1344,6785.22,13,0.0,1369.8
1146,US-2024-101145,2025-06-15,CU-10035,OFF-PA-1345,362.6,7,0.0,126.35
1147,US-2024-101146,2023-06-25,CU-10069,FUR-CH-1346,5315.42,11,0.0,295.42
1148,US-2024-101147,2025-02-23,CU-10081,FUR-CH-1347,2025.02,11,0.3,143.13
1149,US-2024-101148,2024-11-15,CU-10047,OFF-LA-1348,334.4,11,0.0,32.12
1150,US-2024-101149,2025-08-14,CU-10048,OFF-ST-1349,207.2,9,0.4,23.14
1151,US-2024-101150,2024-10-26,CU-10022,OFF-AR-1350,350.24,11,0.0,74.16
1152,US-2024-101151,2023-10-03,CU-10026,TEC-CO-1351,5430.26,11,0.0,445.33
1153,US-2024-101152,2025-05-08,CU-10117,FUR-BO-1352,2001.35,12,0.1,26.97
1154,US-2024-101153,2023-07-18,CU-10056,OFF-AR-1353,275.83,6,0.1,60.4
1155,US-2024-101154,2025-01-29,CU-10087,OFF-LA-1354,37.76,3,0.5,9.83
1156,US-2024-101155,2024-04-28,CU-10080,OFF-LA-1355,168.68,5,0.2,51.59
1157,US-2024-101156,2024-08-31,CU-10022,TEC-MA-1356,1215.02,4,0.15,125.55
1158,US-2024-101157,2024-07-29,CU-10073,OFF-PA-1357,318.8,10,0.0,34.94
1159,US-2024-101158,2024-08-28,CU-10026,OFF-PA-1358,55.12,4,0.0,5.55
1160,US-2024-101159,2025-01-11,CU-10105,TEC-CO-1359,3604.54,8,0.15,-3.15
1161,US-2024-101160,2025-01-08,CU-10055,TEC-CO-1360,4486.24,10,0.2,1040.74
1162,US-2024-101161,2023-11-20,CU-10088,FUR-TA-1361,1364.91,3,0.0,55.88
1163,US-2024-101162,2024-03-10,CU-10013,OFF-AR-1362,81.92,2,0.0,19.53
1164,US-2024-101163,2025-04-14,CU-10071,TEC-AC-1363,3229.86,6,0.0,498.7
1165,US-2024-101164,2023-05-09,CU-10076,OFF-BI-1364,73.11,3,0.0,8.83
1166,US-2024-101165,2024-12-27,CU-10002,TEC-AC-1365,6637.56,12,0.0,1213.47
1167,US-2024-101166,2024-08-10,CU-10057,OFF-PA-1366,171.48,10,0.4,52.63
1168,US-2024-101167,2024-07-15,CU-10101,OFF-ST-1367,336.05,11,0.0,55.07
1169,US-2024-101168,2025-12-30,CU-10066,OFF-AR-1368,254.95,11,0.3,86.72
1170,US-2024-101169,2025-11-25,CU-10046,OFF-LA-1369,92.36,4,0.0,28.65
1171,US-2024-101170,2023-09-01,CU-10053,OFF-ST-1370,37.45,2,0.3,7.98
1172,US-2024-101171,2023-08-14,CU-10101,OFF-AR-1371,174.56,4,0.2,50.85
1173,US-2024-101172,2023-03-18,CU-10100,TEC-CO-1372,6011.39,7,0.0,828.04
1174,US-2024-101173,2023-07-31,CU-10032,FUR-FU-1373,1510.68,4,0.0,98.23
1175,US-2024-101174,2023-01-26,CU-10041,TEC-PH-1374,3587.88,6,0.0,648.69
1176,US-2024-101175,2024-11-17,CU-10077,OFF-AR-1375,265.9,5,0.0,33.22
1177,US-2024-101176,2025-03-28,CU-10023,OFF-AR-1376,210.26,8,0.15,17.37
1178,US-2024-101177,2023-07-29,CU-10073,OFF-BI-1377,150.28,10,0.15,45.48
1179,US-2024-101178,2023-05-20,CU-10092,TEC-PH-1378,2016.28,10,0.15,245.85
1180,US-2024-101179,2023-09-23,CU-10016,TEC-AC-1379,2264.15,4,0.1,390.43
1181,US-2024-101180,2024-08-07,CU-10055,FUR-CH-1380,1909.84,8,0.0,-161.43
1182,US-2024-101181,2025-04-28,CU-10065,TEC-PH-1381,3157.31,4,0.1,125.63
1183,US-2024-101182,2023-08-07,CU-10014,TEC-PH-1382,5500.11,10,0.3,214.14
1184,US-2024-101183,2025-04-11,CU-10017,OFF-BI-1383,197.92,4,0.0,54.44
1185,US-2024-101184,2024-01-24,CU-10037,FUR-BO-1384,773.34,3,0.0,33.33
1186,US-2024-101185,2023-08-29,CU-10088,TEC-PH-1385,7991.68,13,0.1,1335.45
1187,US-2024-101186,2025-10-06,CU-10014,OFF-ST-1386,137.94,11,0.0,36.67
1188,US-2024-101187,2024-05-28,CU-10092,OFF-BI-1387,606.96,12,0.0,89.44
1189,US-2024-101188,2024-11-02,CU-10012,FUR-CH-1388,4261.62,11,0.0,748.5
1190,US-2024-101189,2023-10-19,CU-10116,TEC-MA-1389,8874.53,13,0.2,964.86
1191,US-2024-101190,2023-02-11,CU-10118,TEC-MA-1390,6191.06,12,0.4,845.19
1192,US-2024-101191,2024-02-03,CU-10040,TEC-PH-1391,5082.21,9,0.0,630.05
1193,US-2024-101192,2025-06-22,CU-10048,TEC-AC-1392,5098.25,12,0.1,274.09
1194,US-2024-101193,2025-10-29,CU-10053,OFF-ST-1393,75.68,4,0.0,21.45
1195,US-2024-101194,2023-12-31,CU-10052,TEC-MA-1394,4941.0,8,0.1,119.79
1196,US-2024-101195,2023-02-13,CU-10067,OFF-AR-1395,559.44,12,0.0,186.73
1197,US-2024-101196,2025-05-25,CU-10040,OFF-LA-1396,225.32,5,0.1,73.43
1198,US-2024-101197,2025-05-07,CU-10085,OFF-ST-1397,98.77,6,0.1,19.68
1199,US-2024-101198,2025-01-15,CU-10096,OFF-PA-1398,47.62,1,0.0,16.72
1200,US-2024-101199,2024-04-14,CU-10076,TEC-AC-1399,6630.72,12,0.0,900.89
1201,US-2024-101200,2024-06-07,CU-10035,OFF-AR-1000,261.52,8,0.3,53.51
1202,US-2024-101201,2025-02-11,CU-10080,TEC-MA-1001,2120.38,6,0.15,73.52
1203,US-2024-101202,2024-12-20,CU-10057,OFF-ST-1002,73.32,3,0.0,12.73
1204,US-2024-101203,2025-09-05,CU-10034,TEC-MA-1003,1585.76,2,0.0,407.47
1205,US-2024-101204,2025-08-03,CU-10101,TEC-PH-1004,6001.2,9,0.0,1095.75
1206,US-2024-101205,2025-08-25,CU-10020,TEC-AC-1005,4606.96,8,0.0,799.0
1207,US-2024-101206,2024-06-08,CU-10110,OFF-BI-1006,74.11,3,0.2,7.29
1208,US-2024-101207,2025-09-07,CU-10108,TEC-PH-1007,2948.88,6,0.0,252.64
1209,US-2024-101208,2025-01-09,CU-10090,OFF-AR-1008,83.79,3,0.0,22.68
1210,US-2024-101209,2023-04-02,CU-10038,TEC-PH-1009,2204.6,5,0.0,-10.14
1211,US-2024-101210,2025-10-27,CU-10034,TEC-PH-1010,7324.5,11,0.2,1771.72
1212,US-2024-101211,2023-03-09,CU-10092,OFF-PA-1011,16.69,1,0.1,1.79
1213,US-2024-101212,2023-09-12,CU-10061,FUR-BO-1012,1332.42,3,0.0,-119.1
1214,US-2024-101213,2023-08-21,CU-10063,FUR-CH-1013,1618.75,10,0.3,240.05
1215,US-2024-101214,2025-06-28,CU-10004,TEC-AC-1014,545.46,1,0.2,140.18
1216,US-2024-101215,2024-01-04,CU-10095,TEC-AC-1015,2836.4,8,0.0,441.72
1217,US-2024-101216,2024-07-26,CU-10038,OFF-LA-1016,82.59,3,0.0,8.69
1218,US-2024-101217,2023-12-06,CU-10036,FUR-TA-1017,586.11,3,0.0,70.71
1219,US-2024-101218,2025-07-20,CU-10106,FUR-BO-1018,2236.25,7,0.2,-137.38
1220,US-2024-101219,2025-06-18,CU-10087,FUR-BO-1019,1004.14,2,0.0,57.24
1221,US-2024-101220,2024-07-28,CU-10044,OFF-BI-1020,46.1,2,0.0,13.15
1222,US-2024-101221,2024-05-10,CU-10029,FUR-FU-1021,4352.14,11,0.1,137.78
1223,US-2024-101222,2025-03-11,CU-10077,FUR-FU-1022,2235.3,7,0.2,87.03
1224,US-2024-101223,2025-07-25,CU-10062,OFF-ST-1023,249.7,11,0.0,53.0
1225,US-2024-101224,2025-04-28,CU-10104,OFF-ST-1024,398.64,8,0.0,62.21
1226,US-2024-101225,2024-01-29,CU-10102,FUR-TA-1025,781.83,3,0.0,146.61
1227,US-2024-101226,2024-01-16,CU-10107,FUR-BO-1026,1531.32,6,0.0,124.48
1228,US-2024-101227,2025-01-13,CU-10083,TEC-MA-1027,6437.47,13,0.0,1419.18
1229,US-2024-101228,2025-07-22,CU-10079,TEC-MA-1028,6764.04,10,0.15,1100.19
1230,US-2024-101229,2024-05-02,CU-10066,TEC-CO-1029,2410.43,8,0.2,-64.49
1231,US-2024-101230,2025-12-01,CU-10005,FUR-TA-1030,438.98,2,0.0,-42.05
1232,US-2024-101231,2025-06-11,CU-10077,OFF-PA-1031,226.2,12,0.0,62.8
1233,US-2024-101232,2024-03-14,CU-10108,TEC-AC-1032,2893.32,6,0.0,-56.03
1234,US-2024-101233,2024-08-03,CU-10061,OFF-PA-1033,79.08,3,0.0,22.06
1235,US-2024-101234,2023-03-14,CU-10018,TEC-MA-1034,484.5,1,0.0,6.78
1236,US-2024-101235,2025-03-16,CU-10101,FUR-FU-1035,951.48,2,0.0,156.79
1237,US-2024-101236,2024-06-01,CU-10081,TEC-PH-1036,6775.2,9,0.0,679.05
1238,US-2024-101237,2023-10-25,CU-10101,TEC-PH-1037,2423.88,4,0.0,399.04
1239,US-2024-101238,2024-05-23,CU-10042,OFF-PA-1038,85.02,2,0.0,13.4
1240,US-2024-101239,2024-03-31,CU-10091,TEC-MA-1039,5891.8,9,0.15,85.96
1241,US-2024-101240,2025-11-15,CU-10118,FUR-BO-1040,2173.54,8,0.1,25.49
1242,US-2024-101241,2023-03-24,CU-10005,TEC-PH-1041,5739.61,8,0.15,1151.53
1243,US-2024-101242,2025-04-26,CU-10045,FUR-TA-1042,1585.62,9,0.0,171.04
1244,US-2024-101243,2025-10-16,CU-10030,FUR-FU-1043,345.16,1,0.2,18.76
1245,US-2024-101244,2024-06-07,CU-10051,TEC-CO-1044,1931.0,5,0.0,-28.62
1246,US-2024-101245,2024-06-25,CU-10050,OFF-PA-1045,230.83,8,0.4,41.59
1247,US-2024-101246,2024-11-13,CU-10042,FUR-BO-1046,1527.0,12,0.0,41.53
1248,US-2024-101247,2024-11-04,CU-10081,OFF-AR-1047,200.52,5,0.15,38.04
1249,US-2024-101248,2025-06-04,CU-10001,FUR-BO-1048,831.79,2,0.15,127.82
1250,US-2024-101249,2024-05-29,CU-10045,OFF-AR-1049,297.25,7,0.2,41.6
1251,US-2024-101250,2025-09-03,CU-10082,FUR-BO-1050,2794.1,10,0.0,548.78
1252,US-2024-101251,2024-05-02,CU-10092,OFF-ST-1051,401.12,8,0.0,86.68
1253,US-2024-101252,2025-09-08,CU-10072,TEC-MA-1052,2269.36,8,0.0,172.4
1254,US-2024-101253,2024-10-11,CU-10049,OFF-ST-1053,49.09,1,0.0,16.67
1255,US-2024-101254,2025-07-08,CU-10027,OFF-AR-1054,116.88,8,0.0,33.68
1256,US-2024-101255,2023-10-18,CU-10062,TEC-PH-1055,8499.26,11,0.0,836.0
1257,US-2024-101256,2024-12-02,CU-10094,OFF-ST-1056,160.96,4,0.0,52.8
1258,US-2024-101257,2025-09-18,CU-10112,FUR-CH-1057,5040.95,13,0.1,779.63
1259,US-2024-101258,2023-05-06,CU-10051,OFF-BI-1058,262.02,6,0.0,64.97
1260,US-2024-101259,2023-08-08,CU-10084,TEC-CO-1059,427.23,1,0.0,72.34
1261,US-2024-101260,2023-10-16,CU-10115,OFF-PA-1060,548.96,12,0.15,74.18
1262,US-2024-101261,2025-06-05,CU-10094,TEC-PH-1061,4350.42,9,0.0,366.3
1263,US-2024-101262,2025-03-31,CU-10092,FUR-FU-1062,2189.12,4,0.0,-152.49
1264,US-2024-101263,2023-03-16,CU-10095,FUR-BO-1063,1327.62,7,0.15,208.77
1265,US-2024-101264,2025-09-20,CU-10039,OFF-PA-1064,298.98,11,0.0,81.37
1266,US-2024-101265,2023-07-31,CU-10052,OFF-LA-1065,371.79,9,0.0,51.51
1267,US-2024-101266,2023-02-04,CU-10088,OFF-AR-1066,548.35,12,0.15,50.97
1268,US-2024-101267,2023-07-31,CU-10016,OFF-BI-1067,107.6,5,0.2,21.15
1269,US-2024-101268,2025-11-06,CU-10025,OFF-PA-1068,201.7,5,0.0,74.27
1270,US-2024-101269,2023-01-27,CU-10006,TEC-MA-1069,4267.75,9,0.3,456.17
1271,US-2024-101270,2024-06-06,CU-10019,TEC-MA-1070,346.68,1,0.0,87.92
1272,US-2024-101271,2025-06-26,CU-10112,TEC-MA-1071,8049.91,13,0.2,239.12
1273,US-2024-101272,2023-11-30,CU-10049,TEC-PH-1072,1136.55,3,0.0,254.36
1274,US-2024-101273,2025-09-12,CU-10048,OFF-LA-1073,233.97,11,0.0,24.68
1275,US-2024-101274,2023-04-29,CU-10071,OFF-ST-1074,118.48,8,0.0,20.78
1276,US-2024-101275,2025-07-22,CU-10097,OFF-AR-1075,214.76,13,0.0,53.21
1277,US-2024-101276,2024-04-01,CU-10090,OFF-ST-1076,161.52,10,0.2,29.58
1278,US-2024-101277,2024-09-11,CU-10026,TEC-CO-1077,4167.2,11,0.15,599.26
1279,US-2024-101278,2025-06-23,CU-10048,TEC-MA-1078,1215.28,4,0.0,240.37
1280,US-2024-101279,2023-02-01,CU-10086,OFF-ST-1079,479.52,9,0.0,76.69
1281,US-2024-101280,2025-03-09,CU-10110,FUR-BO-1080,1802.03,13,0.1,227.73
1282,US-2024-101281,2024-11-08,CU-10088,OFF-ST-1081,199.08,9,0.0,14.03
1283,US-2024-101282,2025-02-27,CU-10003,OFF-BI-1082,303.98,8,0.1,22.02
1284,US-2024-101283,2024-11-27,CU-10009,OFF-BI-1083,361.98,9,0.0,98.01
1285,US-2024-101284,2024-01-12,CU-10013,OFF-BI-1084,254.15,10,0.15,74.22
1286,US-2024-101285,2023-12-15,CU-10085,FUR-TA-1085,5882.91,11,0.0,1058.76
1287,US-2024-101286,2023-01-06,CU-10112,OFF-AR-1086,27.0,1,0.15,4.52
1288,US-2024-101287,2024-03-10,CU-10008,OFF-PA-1087,68.94,3,0.0,7.45
1289,US-2024-101288,2025-08-22,CU-10010,TEC-MA-1088,5214.57,7,0.1,-131.74
1290,US-2024-101289,2023-10-21,CU-10112,OFF-ST-1089,316.33,7,0.0,38.85
1291,US-2024-101290,2025-07-25,CU-10039,TEC-MA-1090,1669.32,4,0.0,223.23
1292,US-2024-101291,2025-05-26,CU-10054,TEC-CO-1091,4444.31,11,0.1,335.29
1293,US-2024-101292,2025-07-02,CU-10103,OFF-BI-1092,113.76,9,0.0,20.83
1294,US-2024-101293,2023-07-18,CU-10021,OFF-AR-1093,248.62,11,0.4,40.85
1295,US-2024-101294,2025-04-10,CU-10097,FUR-FU-1094,1198.26,7,0.1,167.1
1296,US-2024-101295,2025-01-24,CU-10043,OFF-PA-1095,218.4,13,0.0,45.24
1297,US-2024-101296,2025-12-20,CU-10055,TEC-AC-1096,2572.75,6,0.3,579.89
1298,US-2024-101297,2023-08-07,CU-10042,TEC-CO-1097,7817.58,9,0.0,1504.59
1299,US-2024-101298,2025-11-12,CU-10114,OFF-BI-1098,225.88,6,0.15,72.28
1300,US-2024-101299,2023-11-09,CU-10070,TEC-AC-1099,3640.64,9,0.5,283.1
1301,US-2024-101300,2023-08-21,CU-10077,OFF-PA-1100,118.02,3,0.0,23.54
1302,US-2024-101301,2024-07-08,CU-10090,FUR-CH-1101,5664.2,13,0.1,718.77
1303,US-2024-101302,2023-08-03,CU-10051,FUR-CH-1102,2295.2,10,0.0,-154.31
1304,US-2024-101303,2025-09-14,CU-10104,TEC-MA-1103,2519.31,3,0.0,2.91
1305,US-2024-101304,2023-07-16,CU-10117,TEC-MA-1104,2510.83,7,0.0,72.31
1306,US-2024-101305,2024-08-30,CU-10034,TEC-PH-1105,7437.15,9,0.0,1689.01
1307,US-2024-101306,2023-07-04,CU-10045,OFF-BI-1106,426.03,11,0.0,75.02
1308,US-2024-101307,2023-10-30,CU-10058,OFF-PA-1107,539.52,12,0.0,192.41
1309,US-2024-101308,2025-04-02,CU-10067,FUR-CH-1108,6009.35,13,0.1,-208.2
1310,US-2024-101309,2024-01-18,CU-10072,OFF-BI-1109,407.44,8,0.0,70.66
1311,US-2024-101310,2024-10-11,CU-10049,FUR-FU-1110,2469.1,5,0.0,147.04
1312,US-2024-101311,2025-11-27,CU-10040,TEC-CO-1111,240.08,1,0.15,36.33
1313,US-2024-101312,2024-10-31,CU-10069,FUR-TA-1112,436.11,2,0.3,29.36
1314,US-2024-101313,2025-04-19,CU-10115,FUR-TA-1113,3592.36,10,0.15,-8.77
1315,US-2024-101314,2024-09-07,CU-10080,OFF-BI-1114,192.0,10,0.0,15.92
1316,US-2024-101315,2025-11-29,CU-10071,FUR-FU-1115,2440.03,6,0.2,-7.13
1317,US-2024-101316,2025-07-29,CU-10020,FUR-TA-1116,386.21,1,0.0,-11.04
1318,US-2024-101317,2023-10-14,CU-10042,OFF-PA-1117,88.72,2,0.1,10.1
1319,US-2024-101318,2025-09-02,CU-10048,OFF-AR-1118,168.9,10,0.0,12.7
1320,US-2024-101319,2023-08-08,CU-10083,OFF-BI-1119,97.68,4,0.15,8.93
1321,US-2024-101320,2024-11-04,CU-10064,TEC-PH-1120,9839.18,13,0.0,1664.4
1322,US-2024-101321,2024-12-03,CU-10003,OFF-BI-1121,544.28,11,0.0,116.53
1323,US-2024-101322,2023-01-13,CU-10082,OFF-PA-1122,227.4,12,0.0,19.78
1324,US-2024-101323,2025-02-25,CU-10107,FUR-TA-1123,5682.0,12,0.0,634.88
1325,US-2024-101324,2023-11-20,CU-10004,TEC-PH-1124,627.39,1,0.0,116.55
1326,US-2024-101325,2024-06-18,CU-10013,OFF-LA-1125,221.06,8,0.2,34.61
1327,US-2024-101326,2023-07-23,CU-10110,TEC-MA-1126,2294.3,5,0.0,488.36
1328,US-2024-101327,2023-01-08,CU-10067,FUR-CH-1127,562.98,3,0.0,54.17
1329,US-2024-101328,2024-09-19,CU-10088,FUR-BO-1128,467.78,2,0.0,59.61
1330,US-2024-101329,2023-10-11,CU-10041,OFF-LA-1129,269.91,9,0.0,45.75
1331,US-2024-101330,2025-02-22,CU-10054,TEC-AC-1130,1734.18,7,0.0,126.54
1332,US-2024-101331,2025-06-13,CU-10046,OFF-ST-1131,153.2,10,0.0,11.32
1333,US-2024-101332,2024-02-02,CU-10077,TEC-AC-1132,526.53,3,0.3,126.81
1334,US-2024-101333,2025-02-06,CU-10113,OFF-AR-1133,82.34,3,0.2,27.01
1335,US-2024-101334,2023-12-22,CU-10063,OFF-ST-1134,30.36,2,0.15,2.35
1336,US-2024-101335,2024-04-02,CU-10091,OFF-BI-1135,302.5,10,0.0,62.81
1337,US-2024-101336,2024-02-29,CU-10104,FUR-TA-1136,148.7,1,0.2,-7.01
1338,US-2024-101337,2023-06-19,CU-10042,TEC-MA-1137,4546.85,9,0.1,-81.26
1339,US-2024-101338,2025-01-02,CU-10068,FUR-TA-1138,2534.5,8,0.3,4.47
1340,US-2024-101339,2023-04-08,CU-10066,OFF-AR-1139,550.0,10,0.0,71.88
1341,US-2024-101340,2024-08-10,CU-10074,OFF-LA-1140,256.5,9,0.0,82.15
1342,US-2024-101341,2024-11-26,CU-10043,FUR-CH-1141,2882.25,7,0.0,441.37
1343,US-2024-101342,2023-02-12,CU-10074,OFF-ST-1142,55.82,2,0.0,6.93
1344,US-2024-101343,2025-05-29,CU-10060,OFF-ST-1143,376.65,9,0.0,36.24
1345,US-2024-101344,2023-06-08,CU-10105,OFF-AR-1144,316.2,6,0.0,105.61
1346,US-2024-101345,2024-08-09,CU-10113,TEC-PH-1145,3177.6,4,0.0,344.83
1347,US-2024-101346,2024-03-01,CU-10078,OFF-LA-1146,657.0,12,0.0,150.72
1348,US-2024-101347,2025-05-16,CU-10072,TEC-CO-1147,1706.34,3,0.0,409.23
1349,US-2024-101348,2025-03-05,CU-10053,FUR-BO-1148,839.44,2,0.15,-19.86
1350,US-2024-101349,2023-01-26,CU-10004,OFF-PA-1149,92.16,5,0.1,27.21
1351,US-2024-101350,2024-10-10,CU-10042,FUR-FU-1150,284.89,1,0.0,3.53
1352,US-2024-101351,2025-02-27,CU-10077,OFF-AR-1151,266.37,6,0.15,60.81
1353,US-2024-101352,2025-11-11,CU-10073,TEC-AC-1152,9129.89,12,0.1,2371.83
1354,US-2024-101353,2025-08-22,CU-10106,OFF-BI-1153,132.12,4,0.0,18.59
1355,US-2024-101354,2025-09-09,CU-10026,OFF-LA-1154,195.04,4,0.0,70.66
1356,US-2024-101355,2023-03-22,CU-10113,OFF-BI-1155,260.87,6,0.1,52.06
1357,US-2024-101356,2023-05-12,CU-10098,OFF-AR-1156,347.6,11,0.0,111.55
1358,US-2024-101357,2024-04-03,CU-10085,OFF-LA-1157,278.04,6,0.0,86.87
1359,US-2024-101358,2025-08-03,CU-10104,TEC-CO-1158,1116.52,4,0.0,37.85
1360,US-2024-101359,2024-08-12,CU-10084,OFF-BI-1159,326.19,9,0.1,117.37
1361,US-2024-101360,2024-06-06,CU-10115,TEC-PH-1160,5155.2,8,0.0,521.95
1362,US-2024-101361,2025-07-14,CU-10059,OFF-PA-1161,306.77,11,0.3,63.4
1363,US-2024-101362,2025-12-07,CU-10069,FUR-TA-1162,1805.44,4,0.1,-155.31
1364,US-2024-101363,2025-11-17,CU-10039,FUR-TA-1163,598.31,3,0.15,31.59
1365,US-2024-101364,2025-11-24,CU-10018,FUR-BO-1164,1509.35,6,0.3,-42.39
1366,US-2024-101365,2023-01-03,CU-10008,OFF-BI-1165,54.43,3,0.1,9.94
1367,US-2024-101366,2025-01-12,CU-10064,OFF-PA-1166,488.76,12,0.0,115.22
1368,US-2024-101367,2024-07-03,CU-10039,TEC-CO-1167,766.32,3,0.0,99.81
1369,US-2024-101368,2025-12-01,CU-10068,OFF-LA-1168,45.59,2,0.1,6.69
1370,US-2024-101369,2024-06-29,CU-10106,OFF-LA-1169,91.14,3,0.0,33.45
1371,US-2024-101370,2023-02-18,CU-10085,OFF-AR-1170,236.64,8,0.0,86.09
1372,US-2024-101371,2023-03-17,CU-10118,OFF-BI-1171,395.5,10,0.0,34.76
1373,US-2024-101372,2024-03-18,CU-10095,TEC-AC-1172,4443.12,11,0.1,862.79
1374,US-2024-101373,2025-07-28,CU-10067,TEC-MA-1173,9900.84,12,0.0,309.19
1375,US-2024-101374,2024-09-22,CU-10049,TEC-MA-1174,2996.19,9,0.0,541.76
1376,US-2024-101375,2025-11-18,CU-10013,OFF-ST-1175,477.25,13,0.15,143.47
1377,US-2024-101376,2023-11-28,CU-10087,OFF-ST-1176,175.28,4,0.0,50.59
1378,US-2024-101377,2025-07-25,CU-10027,FUR-TA-1177,3832.4,11,0.0,271.46
1379,US-2024-101378,2024-08-28,CU-10072,TEC-MA-1178,841.68,2,0.0,82.6
1380,US-2024-101379,2024-12-13,CU-10042,OFF-AR-1179,124.95,7,0.15,44.29
1381,US-2024-101380,2023-08-12,CU-10070,OFF-ST-1180,94.2,3,0.0,26.29
1382,US-2024-101381,2024-01-13,CU-10094,FUR-FU-1181,2046.56,8,0.0,-146.98
1383,US-2024-101382,2025-06-22,CU-10062,OFF-LA-1182,18.57,1,0.0,3.88
1384,US-2024-101383,2023-01-18,CU-10015,OFF-AR-1183,417.52,8,0.0,93.42
1385,US-2024-101384,2023-09-08,CU-10040,OFF-AR-1184,271.21,7,0.1,73.5
1386,US-2024-101385,2023-08-23,CU-10008,OFF-BI-1185,162.76,4,0.0,43.45
1387,US-2024-101386,2024-12-20,CU-10097,TEC-AC-1186,2149.98,6,0.0,-3.15
1388,US-2024-101387,2025-06-01,CU-10013,TEC-PH-1187,4021.89,9,0.1,1007.47
1389,US-2024-101388,2024-03-06,CU-10077,TEC-CO-1188,4212.6,5,0.0,777.34
1390,US-2024-101389,2025-08-19,CU-10020,TEC-AC-1189,1557.2,2,0.0,143.06
1391,US-2024-101390,2023-10-03,CU-10021,FUR-TA-1190,6033.56,13,0.0,-64.36
1392,US-2024-101391,2024-11-04,CU-10053,OFF-ST-1191,319.6,10,0.0,32.68
1393,US-2024-101392,2023-11-13,CU-10047,OFF-ST-1192,137.0,10,0.0,11.74
1394,US-2024-101393,2024-01-11,CU-10033,FUR-FU-1193,3732.8,10,0.0,298.05
1395,US-2024-101394,2024-06-21,CU-10102,OFF-AR-1194,169.11,9,0.0,11.97
1396,US-2024-101395,2023-10-22,CU-10087,OFF-BI-1195,422.25,9,0.1,42.61
1397,US-2024-101396,2024-08-14,CU-10008,TEC-CO-1196,4411.27,13,0.15,745.08
1398,US-2024-101397,2025-08-08,CU-10104,TEC-MA-1197,4394.83,11,0.0,121.65
1399,US-2024-101398,2024-12-16,CU-10076,TEC-AC-1198,3150.17,12,0.15,32.8
1400,US-2024-101399,2025-03-20,CU-10016,OFF-BI-1199,104.4,2,0.0,23.0
1401,US-2025-101400,2025-10-24,CU-10003,OFF-LA-1200,105.75,3,0.0,32.69
1402,US-2025-101401,2025-03-22,CU-10083,FUR-FU-1201,1876.64,4,0.1,-166.24
1403,US-2025-101402,2025-07-18,CU-10022,TEC-AC-1202,1112.72,4,0.1,261.19
1404,US-2025-101403,2025-03-08,CU-10051,TEC-PH-1203,368.14,2,0.15,28.99
1405,US-2025-101404,2025-07-09,CU-10024,OFF-AR-1204,83.44,2,0.0,27.53
1406,US-2025-101405,2023-03-09,CU-10005,TEC-PH-1205,3270.05,6,0.2,174.31
1407,US-2025-101406,2023-08-06,CU-10102,OFF-PA-1206,301.18,11,0.0,86.59
1408,US-2025-101407,2024-09-11,CU-10094,TEC-CO-1207,4128.8,10,0.0,504.81
1409,US-2025-101408,2025-12-13,CU-10108,TEC-PH-1208,5390.21,7,0.0,863.38
1410,US-2025-101409,2023-05-14,CU-10061,TEC-PH-1209,1263.16,2,0.0,-8.72
1411,US-2025-101410,2024-07-17,CU-10047,TEC-MA-1210,5037.89,13,0.0,337.11
1412,US-2025-101411,2025-06-25,CU-10031,OFF-ST-1211,377.85,11,0.0,56.71
1413,US-2025-101412,2023-08-25,CU-10052,FUR-CH-1212,986.16,4,0.3,-9.7
1414,US-2025-101413,2024-02-17,CU-10098,FUR-FU-1213,3138.47,8,0.15,146.42
1415,US-2025-101414,2025-08-22,CU-10035,OFF-BI-1214,23.43,1,0.2,7.57
1416,US-2025-101415,2025-08-06,CU-10104,FUR-CH-1215,2387.11,11,0.0,298.04
1417,US-2025-101416,2025-12-27,CU-10039,FUR-FU-1216,1959.48,9,0.0,53.29
1418,US-2025-101417,2023-06-22,CU-10020,TEC-MA-1217,3855.05,5,0.0,330.33
1419,US-2025-101418,2025-10-04,CU-10037,OFF-ST-1218,207.94,8,0.15,39.49
1420,US-2025-101419,2025-11-10,CU-10106,OFF-PA-1219,125.4,3,0.0,23.4
1421,US-2025-101420,2023-06-22,CU-10089,FUR-TA-1220,307.26,2,0.0,12.86
1422,US-2025-101421,2025-09-02,CU-10048,FUR-CH-1221,228.46,2,0.1,40.98
1423,US-2025-101422,2025-07-07,CU-10077,OFF-LA-1222,51.76,2,0.4,15.71
1424,US-2025-101423,2023-02-10,CU-10081,FUR-BO-1223,2053.37,11,0.0,-31.93
1425,US-2025-101424,2025-05-26,CU-10024,OFF-ST-1224,189.04,4,0.1,67.74
1426,US-2025-101425,2023-01-28,CU-10000,FUR-FU-1225,3653.37,9,0.0,240.24
1427,US-2025-101426,2023-09-06,CU-10084,TEC-MA-1226,8757.2,10,0.0,860.53
1428,US-2025-101427,2025-04-04,CU-10007,OFF-AR-1227,78.64,2,0.2,13.79
1429,US-2025-101428,2025-09-23,CU-10041,OFF-PA-1228,16.94,1,0.15,3.12
1430,US-2025-101429,2025-04-08,CU-10108,OFF-AR-1229,489.7,10,0.0,151.86
1431,US-2025-101430,2025-04-02,CU-10041,FUR-BO-1230,960.36,2,0.0,176.91
1432,US-2025-101431,2025-09-10,CU-10088,OFF-ST-1231,678.47,13,0.0,173.71
1433,US-2025-101432,2023-05-17,CU-10091,TEC-AC-1232,2749.5,5,0.0,685.19
1434,US-2025-101433,2024-02-16,CU-10014,OFF-LA-1233,17.26,1,0.15,3.3
1435,US-2025-101434,2024-05-04,CU-10019,OFF-ST-1234,455.1,10,0.0,121.76
1436,US-2025-101435,2024-03-23,CU-10056,TEC-MA-1235,215.51,1,0.0,47.04
1437,US-2025-101436,2023-03-29,CU-10010,OFF-BI-1236,77.67,7,0.5,9.25
1438,US-2025-101437,2023-06-05,CU-10064,OFF-BI-1237,67.41,5,0.4,14.09
1439,US-2025-101438,2023-01-02,CU-10081,OFF-ST-1238,49.56,3,0.0,14.67
1440,US-2025-101439,2023-09-16,CU-10087,OFF-PA-1239,277.2,7,0.2,20.23
1441,US-2025-101440,2025-12-06,CU-10017,OFF-ST-1240,182.16,6,0.0,61.49
1442,US-2025-101441,2025-02-15,CU-10007,OFF-PA-1241,286.26,6,0.0,100.46
1443,US-2025-101442,2024-01-31,CU-10073,OFF-ST-1242,174.96,9,0.1,30.86
1444,US-2025-101443,2025-08-09,CU-10005,OFF-AR-1243,295.85,8,0.1,87.18
1445,US-2025-101444,2025-01-01,CU-10045,FUR-BO-1244,257.94,2,0.5,-13.62
1446,US-2025-101445,2024-12-06,CU-10019,TEC-PH-1245,1435.68,2,0.0,132.06
1447,US-2025-101446,2025-10-22,CU-10008,OFF-ST-1246,50.64,1,0.0,6.06
1448,US-2025-101447,2024-08-06,CU-10080,OFF-ST-1247,156.31,6,0.15,25.06
1449,US-2025-101448,2024-12-18,CU-10081,TEC-AC-1248,6050.03,7,0.0,842.7
1450,US-2025-101449,2023-01-27,CU-10053,TEC-PH-1249,4399.22,9,0.4,617.43
1451,US-2025-101450,2024-09-28,CU-10070,FUR-TA-1250,234.14,1,0.0,-7.4
1452,US-2025-101451,2024-05-07,CU-10096,TEC-CO-1251,7460.64,12,0.0,1887.81
1453,US-2025-101452,2024-10-21,CU-10067,OFF-ST-1252,45.57,1,0.0,7.24
1454,US-2025-101453,2025-11-13,CU-10051,FUR-BO-1253,227.89,1,0.5,22.3
1455,US-2025-101454,2023-04-27,CU-10049,OFF-BI-1254,126.68,4,0.0,20.98
1456,US-2025-101455,2024-06-04,CU-10118,OFF-LA-1255,17.42,1,0.0,1.54
1457,US-2025-101456,2025-04-12,CU-10109,TEC-CO-1256,4705.46,8,0.15,1114.22
1458,US-2025-101457,2025-05-10,CU-10016,FUR-TA-1257,606.18,2,0.0,-29.83
1459,US-2025-101458,2023-03-02,CU-10048,OFF-PA-1258,136.67,6,0.1,35.58
1460,US-2025-101459,2025-08-19,CU-10082,TEC-AC-1259,3466.78,12,0.15,720.81
1461,US-2025-101460,2023-07-09,CU-10041,FUR-BO-1260,2775.33,9,0.0,427.76
1462,US-2025-101461,2024-01-12,CU-10087,TEC-CO-1261,341.91,2,0.3,3.92
1463,US-2025-101462,2023-04-23,CU-10108,OFF-PA-1262,206.25,5,0.0,44.68
1464,US-2025-101463,2023-12-21,CU-10056,TEC-PH-1263,2804.8,4,0.0,113.62
1465,US-2025-101464,2023-04-16,CU-10113,OFF-PA-1264,138.24,6,0.5,31.51
1466,US-2025-101465,2023-05-21,CU-10003,FUR-CH-1265,6933.81,13,0.0,30.9
1467,US-2025-101466,2024-10-08,CU-10019,OFF-PA-1266,74.46,5,0.15,7.56
1468,US-2025-101467,2023-02-06,CU-10014,TEC-MA-1267,1603.4,2,0.0,150.81
1469,US-2025-101468,2023-06-17,CU-10031,OFF-PA-1268,83.39,2,0.1,17.89
1470,US-2025-101469,2023-06-06,CU-10051,OFF-PA-1269,18.16,1,0.15,2.07
1471,US-2025-101470,2025-01-10,CU-10099,FUR-BO-1270,2261.64,6,0.0,212.87
1472,US-2025-101471,2023-06-30,CU-10047,OFF-BI-1271,46.82,2,0.2,8.15
1473,US-2025-101472,2023-04-23,CU-10002,TEC-PH-1272,4681.81,11,0.1,466.83
1474,US-2025-101473,2024-07-25,CU-10054,TEC-AC-1273,2340.8,4,0.0,19.28
1475,US-2025-101474,2023-06-10,CU-10047,TEC-MA-1274,1915.94,5,0.15,235.81
1476,US-2025-101475,2023-05-21,CU-10035,OFF-BI-1275,245.89,8,0.2,57.15
1477,US-2025-101476,2025-12-04,CU-10100,FUR-TA-1276,2575.16,8,0.15,-199.86
1478,US-2025-101477,2025-12-17,CU-10012,TEC-MA-1277,3182.34,12,0.3,8.3
1479,US-2025-101478,2024-06-19,CU-10018,TEC-PH-1278,5225.22,13,0.0,280.56
1480,US-2025-101479,2023-12-14,CU-10006,TEC-CO-1279,560.08,2,0.5,126.46
1481,US-2025-101480,2023-04-27,CU-10076,OFF-AR-1280,395.28,9,0.0,44.67
1482,US-2025-101481,2025-12-21,CU-10013,TEC-PH-1281,4088.02,9,0.2,381.61
1483,US-2025-101482,2025-12-25,CU-10057,OFF-PA-1282,357.03,9,0.0,128.44
1484,US-2025-101483,2023-08-26,CU-10111,FUR-TA-1283,3582.9,9,0.0,497.22
1485,US-2025-101484,2025-12-29,CU-10052,OFF-PA-1284,132.66,9,0.0,18.15
1486,US-2025-101485,2025-05-05,CU-10071,OFF-LA-1285,206.4,4,0.0,52.49
1487,US-2025-101486,2025-12-11,CU-10021,TEC-PH-1286,613.41,1,0.1,83.28
1488,US-2025-101487,2023-10-11,CU-10115,OFF-AR-1287,201.8,4,0.0,24.08
1489,US-2025-101488,2023-11-08,CU-10102,FUR-FU-1288,188.61,1,0.2,-10.87
1490,US-2025-101489,2023-12-10,CU-10005,OFF-BI-1289,364.56,11,0.15,36.21
1491,US-2025-101490,2024-08-18,CU-10059,OFF-BI-1290,61.14,5,0.4,13.14
1492,US-2025-101491,2024-03-13,CU-10112,TEC-AC-1291,4390.8,6,0.0,630.88
1493,US-2025-101492,2024-02-18,CU-10005,TEC-CO-1292,899.56,3,0.1,241.67
1494,US-2025-101493,2024-11-03,CU-10029,FUR-BO-1293,232.66,2,0.15,-0.55
1495,US-2025-101494,2025-12-18,CU-10086,OFF-PA-1294,41.75,1,0.0,5.67
1496,US-2025-101495,2023-05-24,CU-10039,OFF-PA-1295,49.5,1,0.0,4.88
1497,US-2025-101496,2025-05-17,CU-10002,OFF-BI-1296,250.38,13,0.0,62.63
1498,US-2025-101497,2024-07-17,CU-10022,OFF-BI-1297,154.24,4,0.0,35.09
1499,US-2025-101498,2023-08-06,CU-10079,TEC-CO-1298,3936.0,6,0.0,950.65
1500,US-2025-101499,2023-12-09,CU-10047,TEC-CO-1299,6019.2,11,0.0,1526.84
1501,US-2025-101500,2025-12-20,CU-10076,OFF-AR-1300,318.08,8,0.2,64.47
1502,US-2025-101501,2025-02-04,CU-10106,TEC-AC-1301,632.7,2,0.2,159.33
1503,US-2025-101502,2025-05-02,CU-10006,OFF-ST-1302,92.84,4,0.1,23.82
1504,US-2025-101503,2023-04-26,CU-10104,TEC-MA-1303,3673.02,6,0.0,855.32
1505,US-2025-101504,2023-10-01,CU-10069,OFF-BI-1304,277.44,6,0.15,20.3
1506,US-2025-101505,2024-07-14,CU-10091,FUR-BO-1305,2246.18,9,0.2,-47.82
1507,US-2025-101506,2023-11-12,CU-10071,OFF-BI-1306,114.75,3,0.0,34.59
1508,US-2025-101507,2023-01-29,CU-10083,FUR-BO-1307,1151.58,5,0.4,-83.79
1509,US-2025-101508,2025-10-15,CU-10043,TEC-AC-1308,5390.28,7,0.0,1142.16
1510,US-2025-101509,2023-02-09,CU-10081,FUR-FU-1309,2190.32,9,0.1,51.86
1511,US-2025-101510,2025-11-26,CU-10111,TEC-MA-1310,5891.68,10,0.2,480.65
1512,US-2025-101511,2023-05-23,CU-10104,TEC-AC-1311,5658.08,8,0.0,1122.69
1513,US-2025-101512,2024-01-21,CU-10037,OFF-ST-1312,111.48,4,0.0,26.87
1514,US-2025-101513,2025-11-17,CU-10034,OFF-LA-1313,346.17,11,0.0,40.56
1515,US-2025-101514,2024-01-25,CU-10045,TEC-PH-1314,1712.09,5,0.3,409.0
1516,US-2025-101515,2023-04-27,CU-10070,TEC-MA-1315,3361.5,5,0.0,381.7
1517,US-2025-101516,2024-07-27,CU-10001,TEC-CO-1316,2131.85,10,0.3,506.9
1518,US-2025-101517,2024-11-20,CU-10025,OFF-AR-1317,131.0,5,0.1,22.28
1519,US-2025-101518,2024-09-05,CU-10065,TEC-PH-1318,3033.78,6,0.0,241.21
1520,US-2025-101519,2024-03-13,CU-10020,TEC-PH-1319,1984.91,9,0.1,137.74
1521,US-2025-101520,2024-11-04,CU-10052,TEC-MA-1320,4945.23,9,0.0,333.18
1522,US-2025-101521,2023-12-10,CU-10071,OFF-ST-1321,314.37,7,0.0,102.35
1523,US-2025-101522,2024-10-16,CU-10109,OFF-AR-1322,213.0,10,0.0,65.48
1524,US-2025-101523,2025-02-16,CU-10106,TEC-MA-1323,7149.47,11,0.2,1874.58
1525,US-2025-101524,2025-06-14,CU-10027,FUR-FU-1324,2207.3,13,0.2,99.59
1526,US-2025-101525,2024-09-10,CU-10090,OFF-AR-1325,520.85,11,0.0,40.23
1527,US-2025-101526,2025-08-28,CU-10103,TEC-MA-1326,9570.72,13,0.1,480.72
1528,US-2025-101527,2023-12-10,CU-10032,FUR-CH-1327,6256.38,13,0.0,736.3
1529,US-2025-101528,2023-01-25,CU-10100,OFF-PA-1328,127.28,4,0.0,26.72
1530,US-2025-101529,2025-11-22,CU-10037,FUR-BO-1329,3271.82,11,0.4,614.82
1531,US-2025-101530,2023-07-03,CU-10038,TEC-CO-1330,5309.92,11,0.0,305.12
1532,US-2025-101531,2023-10-11,CU-10092,OFF-PA-1331,181.05,5,0.0,41.01
1533,US-2025-101532,2024-07-21,CU-10001,OFF-PA-1332,118.04,4,0.1,32.57
1534,US-2025-101533,2025-05-10,CU-10020,OFF-PA-1333,380.42,11,0.2,119.63
1535,US-2025-101534,2023-01-02,CU-10087,FUR-CH-1334,1152.86,4,0.4,172.35
1536,US-2025-101535,2023-07-20,CU-10118,FUR-CH-1335,380.08,2,0.0,47.94
1537,US-2025-101536,2024-09-09,CU-10034,TEC-CO-1336,5399.45,9,0.15,956.11
1538,US-2025-101537,2023-02-07,CU-10093,OFF-PA-1337,138.2,5,0.1,30.4
1539,US-2025-101538,2025-01-26,CU-10073,OFF-AR-1338,16.08,1,0.0,2.03
1540,US-2025-101539,2023-11-22,CU-10045,FUR-TA-1339,2311.1,5,0.0,410.2
1541,US-2025-101540,2025-11-25,CU-10057,TEC-CO-1340,4264.21,12,0.15,156.36
1542,US-2025-101541,2023-06-18,CU-10101,OFF-ST-1341,88.92,3,0.0,29.13
1543,US-2025-101542,2025-07-10,CU-10036,OFF-ST-1342,193.0,6,0.1,67.95
1544,US-2025-101543,2023-02-16,CU-10040,TEC-MA-1343,9082.71,13,0.1,1695.15
1545,US-2025-101544,2024-05-16,CU-10056,TEC-MA-1344,2017.7,7,0.1,419.13
1546,US-2025-101545,2025-07-28,CU-10016,OFF-LA-1345,265.1,11,0.0,90.9
1547,US-2025-101546,2025-10-22,CU-10095,TEC-AC-1346,8440.2,10,0.0,1327.53
1548,US-2025-101547,2024-08-06,CU-10107,OFF-PA-1347,302.6,10,0.15,97.22
1549,US-2025-101548,2025-07-27,CU-10065,OFF-PA-1348,377.92,8,0.0,35.63
1550,US-2025-101549,2025-04-01,CU-10049,TEC-MA-1349,1266.84,3,0.0,242.46
1551,US-2025-101550,2023-12-08,CU-10018,TEC-AC-1350,8744.64,12,0.0,561.07
1552,US-2025-101551,2023-08-22,CU-10068,TEC-CO-1351,7999.3,10,0.0,1577.97
1553,US-2025-101552,2023-05-03,CU-10114,OFF-AR-1352,47.78,2,0.0,7.95
1554,US-2025-101553,2023-05-04,CU-10103,OFF-BI-1353,146.13,5,0.4,28.79
1555,US-2025-101554,2025-04-17,CU-10089,OFF-AR-1354,222.16,12,0.15,28.99
1556,US-2025-101555,2024-05-29,CU-10065,OFF-ST-1355,14.91,1,0.0,4.71
1557,US-2025-101556,2025-02-05,CU-10037,OFF-ST-1356,26.87,1,0.15,3.78
1558,US-2025-101557,2024-09-02,CU-10005,FUR-FU-1357,1444.18,6,0.2,89.85
1559,US-2025-101558,2024-07-01,CU-10086,OFF-AR-1358,479.16,11,0.1,110.93
1560,US-2025-101559,2025-10-30,CU-10067,OFF-LA-1359,417.4,10,0.0,108.93
1561,US-2025-101560,2025-11-09,CU-10022,OFF-AR-1360,120.71,7,0.1,12.08
1562,US-2025-101561,2023-08-12,CU-10050,OFF-ST-1361,256.96,12,0.3,28.51
1563,US-2025-101562,2025-05-05,CU-10014,OFF-LA-1362,153.22,9,0.3,32.4
1564,US-2025-101563,2023-08-29,CU-10096,FUR-CH-1363,1406.73,3,0.0,262.3
1565,US-2025-101564,2023-11-11,CU-10040,OFF-AR-1364,267.58,8,0.2,45.73
1566,US-2025-101565,2025-03-15,CU-10014,TEC-PH-1365,967.3,3,0.1,-6.57
1567,US-2025-101566,2025-07-13,CU-10052,TEC-MA-1366,2208.24,5,0.1,133.92
1568,US-2025-101567,2023-06-08,CU-10051,FUR-CH-1367,5187.55,12,0.2,-509.82
1569,US-2025-101568,2024-10-10,CU-10105,TEC-CO-1368,1711.1,2,0.0,182.07
1570,US-2025-101569,2025-10-20,CU-10024,OFF-ST-1369,382.69,11,0.3,133.9
1571,US-2025-101570,2025-07-31,CU-10107,FUR-FU-1370,928.14,3,0.0,78.63
1572,US-2025-101571,2023-03-30,CU-10113,OFF-ST-1371,26.23,2,0.1,6.05
1573,US-2025-101572,2025-12-05,CU-10102,OFF-AR-1372,257.4,6,0.15,34.96
1574,US-2025-101573,2025-02-01,CU-10091,FUR-TA-1373,1722.71,4,0.15,308.09
1575,US-2025-101574,2025-05-12,CU-10098,OFF-PA-1374,62.8,5,0.0,18.92
1576,US-2025-101575,2025-12-29,CU-10095,OFF-AR-1375,139.62,3,0.1,26.75
1577,US-2025-101576,2025-12-20,CU-10096,FUR-BO-1376,2534.16,6,0.0,270.85
1578,US-2025-101577,2023-05-21,CU-10048,FUR-FU-1377,2405.16,10,0.15,-86.23
1579,US-2025-101578,2023-05-10,CU-10099,OFF-AR-1378,374.58,10,0.1,108.31
1580,US-2025-101579,2023-02-02,CU-10052,TEC-AC-1379,1137.78,3,0.0,161.22
1581,US-2025-101580,2025-07-31,CU-10092,OFF-AR-1380,407.2,10,0.0,52.96
1582,US-2025-101581,2025-08-07,CU-10028,FUR-BO-1381,251.78,1,0.15,8.85
1583,US-2025-101582,2025-07-15,CU-10082,OFF-AR-1382,289.68,12,0.0,79.1
1584,US-2025-101583,2024-03-09,CU-10099,TEC-PH-1383,5606.3,10,0.3,300.26
1585,US-2025-101584,2023-09-21,CU-10022,TEC-MA-1384,1662.42,2,0.0,395.51
1586,US-2025-101585,2025-07-05,CU-10078,OFF-BI-1385,414.49,13,0.4,109.32
1587,US-2025-101586,2025-12-22,CU-10015,FUR-TA-1386,776.5,2,0.0,-7.43
1588,US-2025-101587,2024-07-31,CU-10009,TEC-AC-1387,4178.28,12,0.0,139.87
1589,US-2025-101588,2025-03-09,CU-10024,OFF-LA-1388,163.05,5,0.4,49.5
1590,US-2025-101589,2023-10-07,CU-10110,FUR-FU-1389,2708.56,8,0.0,-200.2
1591,US-2025-101590,2025-05-29,CU-10088,TEC-MA-1390,5265.44,8,0.0,1168.18
1592,US-2025-101591,2024-12-30,CU-10061,TEC-CO-1391,7655.23,11,0.0,1299.0
1593,US-2025-101592,2023-03-28,CU-10115,OFF-LA-1392,89.0,4,0.0,12.2
1594,US-2025-101593,2025-07-29,CU-10075,TEC-MA-1393,2340.72,5,0.1,483.5
1595,US-2025-101594,2023-12-25,CU-10016,OFF-AR-1394,599.35,13,0.15,206.56
1596,US-2025-101595,2023-03-28,CU-10075,OFF-PA-1395,345.28,10,0.2,82.1
1597,US-2025-101596,2025-11-25,CU-10089,OFF-PA-1396,539.8,10,0.0,90.76
1598,US-2025-101597,2025-12-08,CU-10052,OFF-BI-1397,297.9,10,0.0,75.44
1599,US-2025-101598,2023-03-08,CU-10038,FUR-FU-1398,3055.32,10,0.15,123.02
1600,US-2025-101599,2025-06-07,CU-10100,FUR-FU-1399,3552.17,9,0.1,-17.16
1601,US-2025-101600,2025-08-02,CU-10012,TEC-AC-1000,1654.72,2,0.0,365.64
1602,US-2025-101601,2025-12-18,CU-10041,OFF-BI-1001,127.84,8,0.0,47.05
1603,US-2025-101602,2023-10-17,CU-10098,OFF-AR-1002,377.08,11,0.0,81.0
1604,US-2025-101603,2025-11-02,CU-10112,OFF-PA-1003,106.26,3,0.0,37.8
1605,US-2025-101604,2025-08-09,CU-10056,OFF-BI-1004,386.15,12,0.3,110.51
1606,US-2025-101605,2024-02-16,CU-10100,TEC-AC-1005,9879.0,12,0.0,1855.45
1607,US-2025-101606,2025-08-04,CU-10035,TEC-PH-1006,2393.24,7,0.4,399.64
1608,US-2025-101607,2023-04-12,CU-10072,OFF-BI-1007,157.68,5,0.1,19.52
1609,US-2025-101608,2023-12-06,CU-10084,FUR-TA-1008,3081.05,7,0.0,0.31
1610,US-2025-101609,2025-08-11,CU-10028,FUR-TA-1009,3511.3,10,0.0,648.93
1611,US-2025-101610,2024-01-25,CU-10091,TEC-PH-1010,2955.88,9,0.15,359.13
1612,US-2025-101611,2024-09-11,CU-10051,TEC-AC-1011,5364.48,8,0.2,415.51
1613,US-2025-101612,2024-04-11,CU-10105,OFF-BI-1012,174.61,5,0.3,54.25
1614,US-2025-101613,2025-10-17,CU-10068,OFF-ST-1013,254.31,7,0.0,33.41
1615,US-2025-101614,2025-05-07,CU-10115,OFF-BI-1014,170.44,4,0.0,27.24
1616,US-2025-101615,2025-12-31,CU-10030,TEC-PH-1015,520.68,1,0.1,74.56
1617,US-2025-101616,2024-07-11,CU-10011,TEC-CO-1016,3447.55,7,0.15,702.9
1618,US-2025-101617,2025-12-08,CU-10054,OFF-AR-1017,85.36,2,0.1,7.46
1619,US-2025-101618,2024-12-04,CU-10022,TEC-AC-1018,1284.19,7,0.1,-35.98
1620,US-2025-101619,2024-06-11,CU-10074,FUR-BO-1019,1610.68,6,0.4,90.73
1621,US-2025-101620,2025-07-01,CU-10057,TEC-MA-1020,4034.8,7,0.2,-2.08
1622,US-2025-101621,2023-03-11,CU-10107,TEC-AC-1021,3233.28,4,0.0,478.23
1623,US-2025-101622,2025-12-27,CU-10016,OFF-BI-1022,193.35,5,0.0,23.26
1624,US-2025-101623,2025-12-23,CU-10112,OFF-BI-1023,416.2,10,0.0,135.82
1625,US-2025-101624,2025-04-20,CU-10015,OFF-PA-1024,166.96,4,0.0,19.3
1626,US-2025-101625,2025-02-14,CU-10068,OFF-BI-1025,100.74,4,0.3,33.32
1627,US-2025-101626,2023-08-21,CU-10005,OFF-LA-1026,90.12,2,0.0,26.98
1628,US-2025-101627,2023-05-06,CU-10090,OFF-AR-1027,535.48,11,0.0,197.53
1629,US-2025-101628,2024-12-09,CU-10046,TEC-MA-1028,275.52,1,0.0,41.49
1630,US-2025-101629,2025-12-11,CU-10027,OFF-PA-1029,361.98,9,0.0,70.97
1631,US-2025-101630,2025-01-08,CU-10058,OFF-AR-1030,18.67,1,0.15,2.7
1632,US-2025-101631,2024-11-27,CU-10101,OFF-AR-1031,61.06,4,0.1,12.88
1633,US-2025-101632,2024-08-07,CU-10077,FUR-CH-1032,1274.04,11,0.3,-117.12
1634,US-2025-101633,2025-08-02,CU-10090,OFF-PA-1033,481.08,12,0.0,148.66
1635,US-2025-101634,2023-10-02,CU-10054,OFF-LA-1034,424.8,10,0.0,70.94
1636,US-2025-101635,2023-03-27,CU-10104,TEC-MA-1035,1439.08,4,0.0,-19.35
1637,US-2025-101636,2024-01-03,CU-10008,OFF-AR-1036,498.92,11,0.15,141.45
1638,US-2025-101637,2025-06-12,CU-10098,OFF-AR-1037,363.24,8,0.1,28.21
1639,US-2025-101638,2023-12-25,CU-10090,TEC-CO-1038,5207.88,12,0.0,1168.7
1640,US-2025-101639,2023-01-18,CU-10061,TEC-MA-1039,7134.72,12,0.0,436.11
1641,US-2025-101640,2023-09-11,CU-10103,TEC-MA-1040,2216.69,7,0.0,567.64
1642,US-2025-101641,2023-12-28,CU-10094,TEC-MA-1041,3820.28,11,0.3,321.2
1643,US-2025-101642,2024-04-28,CU-10086,TEC-CO-1042,5244.08,10,0.2,955.83
1644,US-2025-101643,2025-01-07,CU-10026,TEC-AC-1043,2247.21,7,0.0,502.96
1645,US-2025-101644,2025-03-18,CU-10085,TEC-MA-1044,4555.2,6,0.0,562.4
1646,US-2025-101645,2023-07-03,CU-10051,OFF-PA-1045,504.92,13,0.2,113.69
1647,US-2025-101646,2023-03-22,CU-10088,TEC-CO-1046,3328.44,12,0.0,874.83
1648,US-2025-101647,2025-06-01,CU-10079,TEC-AC-1047,2568.28,11,0.0,-61.2
1649,US-2025-101648,2025-10-14,CU-10101,OFF-ST-1048,308.95,8,0.1,30.0
1650,US-2025-101649,2024-08-23,CU-10117,OFF-AR-1049,175.22,11,0.15,21.91
1651,US-2025-101650,2024-05-09,CU-10016,TEC-PH-1050,5786.46,8,0.15,880.81
1652,US-2025-101651,2023-02-11,CU-10024,TEC-MA-1051,441.76,1,0.1,47.79
1653,US-2025-101652,2025-08-28,CU-10111,OFF-PA-1052,666.77,13,0.0,152.76
1654,US-2025-101653,2025-03-03,CU-10083,OFF-ST-1053,126.89,8,0.15,27.58
1655,US-2025-101654,2024-06-29,CU-10087,OFF-BI-1054,140.16,11,0.15,30.87
1656,US-2025-101655,2023-09-11,CU-10081,TEC-PH-1055,2092.14,6,0.4,-33.72
1657,US-2025-101656,2024-06-01,CU-10022,TEC-CO-1056,4218.85,5,0.0,1114.91
1658,US-2025-101657,2025-10-14,CU-10067,OFF-AR-1057,196.15,5,0.0,20.69
1659,US-2025-101658,2023-04-28,CU-10021,FUR-TA-1058,1204.32,3,0.0,120.86
1660,US-2025-101659,2025-03-26,CU-10084,FUR-FU-1059,2870.16,12,0.0,197.24
1661,US-2025-101660,2023-11-22,CU-10018,OFF-AR-1060,418.73,13,0.0,132.25
1662,US-2025-101661,2025-10-14,CU-10028,OFF-PA-1061,128.21,4,0.15,45.04
1663,US-2025-101662,2024-05-07,CU-10059,OFF-BI-1062,411.03,9,0.0,111.14
1664,US-2025-101663,2024-03-07,CU-10060,TEC-CO-1063,2240.6,4,0.1,117.25
1665,US-2025-101664,2025-09-04,CU-10035,OFF-BI-1064,107.97,3,0.1,23.79
1666,US-2025-101665,2023-12-27,CU-10082,FUR-TA-1065,3106.03,11,0.3,-68.2
1667,US-2025-101666,2025-09-18,CU-10029,OFF-AR-1066,221.22,10,0.1,68.64
1668,US-2025-101667,2024-01-24,CU-10057,TEC-CO-1067,2381.84,4,0.0,467.44
1669,US-2025-101668,2025-09-02,CU-10104,FUR-BO-1068,2041.4,10,0.0,-100.21
1670,US-2025-101669,2023-08-11,CU-10025,FUR-CH-1069,280.12,1,0.0,-25.74
1671,US-2025-101670,2025-12-07,CU-10051,OFF-BI-1070,449.82,9,0.0,138.67
1672,US-2025-101671,2024-07-09,CU-10107,TEC-PH-1071,3788.18,11,0.0,950.55
1673,US-2025-101672,2025-10-30,CU-10055,FUR-TA-1072,2397.92,10,0.3,-104.26
1674,US-2025-101673,2025-05-31,CU-10072,FUR-FU-1073,1407.36,3,0.0,-46.88
1675,US-2025-101674,2024-07-24,CU-10007,OFF-AR-1074,394.56,8,0.0,114.79
1676,US-2025-101675,2025-05-11,CU-10056,OFF-BI-1075,77.96,2,0.1,13.1
1677,US-2025-101676,2025-12-04,CU-10104,FUR-CH-1076,1522.56,8,0.2,159.61
1678,US-2025-101677,2023-11-07,CU-10002,OFF-BI-1077,136.97,3,0.1,18.18
1679,US-2025-101678,2025-04-23,CU-10081,TEC-AC-1078,2935.38,6,0.0,158.6
1680,US-2025-101679,2025-02-23,CU-10117,FUR-TA-1079,763.5,6,0.0,76.97
1681,US-2025-101680,2025-09-07,CU-10094,TEC-AC-1080,5833.3,9,0.2,817.36
1682,US-2025-101681,2024-08-02,CU-10013,TEC-PH-1081,3512.15,5,0.0,899.08
1683,US-2025-101682,2023-09-09,CU-10064,OFF-PA-1082,573.6,12,0.0,139.99
1684,US-2025-101683,2024-01-17,CU-10069,OFF-BI-1083,175.64,4,0.1,23.63
1685,US-2025-101684,2023-04-08,CU-10036,OFF-LA-1084,115.6,4,0.0,31.92
1686,US-2025-101685,2025-04-17,CU-10068,OFF-BI-1085,89.61,2,0.15,27.68
1687,US-2025-101686,2024-06-21,CU-10031,TEC-MA-1086,929.25,5,0.1,27.9
1688,US-2025-101687,2023-09-02,CU-10056,TEC-MA-1087,1908.25,10,0.15,395.71
1689,US-2025-101688,2025-12-16,CU-10086,OFF-PA-1088,101.88,5,0.4,25.95
1690,US-2025-101689,2025-11-28,CU-10015,TEC-MA-1089,2755.1,5,0.0,680.76
1691,US-2025-101690,2023-12-25,CU-10066,FUR-FU-1090,1346.17,3,0.15,5.14
1692,US-2025-101691,2025-08-18,CU-10059,TEC-AC-1091,756.95,1,0.0,177.35
1693,US-2025-101692,2023-06-03,CU-10024,OFF-PA-1092,453.96,9,0.0,104.3
1694,US-2025-101693,2025-10-28,CU-10051,FUR-CH-1093,1122.9,3,0.0,-78.39
1695,US-2025-101694,2023-12-06,CU-10011,TEC-MA-1094,1682.87,10,0.3,158.48
1696,US-2025-101695,2025-11-06,CU-10009,OFF-PA-1095,67.9,3,0.4,13.24
1697,US-2025-101696,2025-07-16,CU-10113,OFF-LA-1096,52.76,2,0.0,13.22
1698,US-2025-101697,2025-08-12,CU-10083,OFF-PA-1097,151.44,8,0.15,14.6
1699,US-2025-101698,2025-01-19,CU-10011,OFF-AR-1098,278.46,6,0.0,43.36
1700,US-2025-101699,2023-05-11,CU-10013,TEC-CO-1099,1106.28,2,0.0,162.24
1701,US-2025-101700,2024-09-15,CU-10056,OFF-PA-1100,214.33,11,0.1,37.81
1702,US-2025-101701,2024-11-25,CU-10095,OFF-PA-1101,335.58,9,0.1,110.76
1703,US-2025-101702,2023-08-10,CU-10081,TEC-PH-1102,5938.13,8,0.1,1284.43
1704,US-2025-101703,2025-06-01,CU-10085,OFF-BI-1103,267.52,13,0.15,59.54
1705,US-2025-101704,2024-09-20,CU-10026,OFF-ST-1104,19.44,1,0.1,1.99
1706,US-2025-101705,2023-02-02,CU-10069,FUR-CH-1105,3866.61,11,0.0,243.1
1707,US-2025-101706,2025-01-17,CU-10093,OFF-BI-1106,367.47,9,0.0,49.54
1708,US-2025-101707,2025-12-31,CU-10070,OFF-ST-1107,136.9,7,0.1,15.7
1709,US-2025-101708,2023-06-15,CU-10083,TEC-AC-1108,4395.69,13,0.0,270.11
1710,US-2025-101709,2023-08-12,CU-10035,FUR-TA-1109,2277.58,8,0.1,271.78
1711,US-2025-101710,2024-09-30,CU-10068,TEC-PH-1110,7027.12,10,0.15,305.27
1712,US-2025-101711,2023-06-04,CU-10016,OFF-ST-1111,48.5,1,0.0,10.68
1713,US-2025-101712,2023-12-23,CU-10066,TEC-AC-1112,5000.16,12,0.0,761.95
1714,US-2025-101713,2023-08-07,CU-10105,TEC-CO-1113,5867.5,8,0.1,143.89
1715,US-2025-101714,2023-11-01,CU-10068,OFF-PA-1114,150.18,11,0.1,34.64
1716,US-2025-101715,2023-05-26,CU-10069,TEC-PH-1115,6417.8,10,0.0,-138.01
1717,US-2025-101716,2023-08-30,CU-10071,OFF-LA-1116,215.48,4,0.0,25.47
1718,US-2025-101717,2023-01-20,CU-10082,TEC-CO-1117,621.26,1,0.0,151.03
1719,US-2025-101718,2025-05-30,CU-10027,FUR-TA-1118,4318.56,8,0.0,-430.38
1720,US-2025-101719,2023-02-09,CU-10079,OFF-AR-1119,53.6,4,0.2,11.52
1721,US-2025-101720,2023-03-14,CU-10052,TEC-CO-1120,4664.92,13,0.0,785.78
1722,US-2025-101721,2023-07-02,CU-10033,FUR-TA-1121,4087.48,10,0.15,15.34
1723,US-2025-101722,2024-07-16,CU-10005,OFF-ST-1122,384.1,10,0.0,47.61
1724,US-2025-101723,2023-04-01,CU-10033,FUR-CH-1123,3699.41,11,0.0,150.52
1725,US-2025-101724,2024-09-03,CU-10061,OFF-AR-1124,218.88,4,0.0,48.86
1726,US-2025-101725,2025-12-03,CU-10051,OFF-LA-1125,532.4,10,0.0,145.09
1727,US-2025-101726,2024-05-16,CU-10032,TEC-PH-1126,3748.8,8,0.0,547.5
1728,US-2025-101727,2024-10-23,CU-10019,TEC-PH-1127,2237.84,5,0.15,411.39
1729,US-2025-101728,2025-03-05,CU-10015,OFF-PA-1128,42.97,1,0.0,14.79
1730,US-2025-101729,2024-12-15,CU-10030,TEC-CO-1129,8373.86,11,0.0,-113.84
1731,US-2025-101730,2025-11-15,CU-10005,TEC-MA-1130,1456.34,2,0.0,139.3
1732,US-2025-101731,2025-05-26,CU-10016,OFF-PA-1131,202.46,8,0.1,40.54
1733,US-2025-101732,2024-02-21,CU-10097,OFF-AR-1132,495.82,13,0.0,143.94
1734,US-2025-101733,2023-06-09,CU-10091,OFF-AR-1133,245.84,8,0.0,85.71
1735,US-2025-101734,2025-01-03,CU-10013,TEC-CO-1134,1507.2,5,0.2,145.87
1736,US-2025-101735,2023-11-04,CU-10109,OFF-BI-1135,258.08,13,0.3,49.67
1737,US-2025-101736,2025-10-01,CU-10019,FUR-CH-1136,3084.24,6,0.0,571.11
1738,US-2025-101737,2025-01-22,CU-10106,TEC-AC-1137,7032.77,13,0.15,-143.5
1739,US-2025-101738,2025-08-15,CU-10043,OFF-AR-1138,126.98,13,0.4,12.73
1740,US-2025-101739,2025-07-03,CU-10116,TEC-AC-1139,3541.45,11,0.0,-50.66
1741,US-2025-101740,2023-02-18,CU-10073,TEC-CO-1140,1984.36,11,0.1,39.68
1742,US-2025-101741,2024-04-29,CU-10104,OFF-AR-1141,476.55,9,0.0,150.02
1743,US-2025-101742,2025-08-13,CU-10019,TEC-PH-1142,1116.43,2,0.1,255.48
1744,US-2025-101743,2025-10-27,CU-10051,OFF-BI-1143,66.4,7,0.4,10.91
1745,US-2025-101744,2023-04-22,CU-10020,FUR-TA-1144,2394.9,6,0.0,264.52
1746,US-2025-101745,2023-10-01,CU-10083,OFF-PA-1145,367.1,10,0.0,88.26
1747,US-2025-101746,2023-08-14,CU-10015,OFF-AR-1146,60.49,4,0.15,14.54
1748,US-2025-101747,2024-11-18,CU-10075,OFF-LA-1147,53.1,4,0.1,8.46
1749,US-2025-101748,2023-04-04,CU-10108,OFF-ST-1148,348.53,7,0.0,126.85
1750,US-2025-101749,2025-12-22,CU-10028,OFF-BI-1149,116.78,3,0.1,10.43
1751,US-2025-101750,2025-11-06,CU-10086,OFF-BI-1150,155.69,7,0.4,26.84
1752,US-2025-101751,2024-07-29,CU-10083,OFF-PA-1151,20.18,2,0.4,6.19
1753,US-2025-101752,2025-12-16,CU-10097,OFF-PA-1152,221.7,10,0.0,29.49
1754,US-2025-101753,2025-08-07,CU-10081,FUR-FU-1153,4751.01,10,0.1,897.67
1755,US-2025-101754,2023-11-08,CU-10029,OFF-AR-1154,573.84,12,0.0,92.28
1756,US-2025-101755,2024-08-25,CU-10082,OFF-PA-1155,53.35,1,0.0,6.78
1757,US-2025-101756,2023-08-17,CU-10098,OFF-ST-1156,462.37,12,0.15,94.23
1758,US-2025-101757,2024-09-03,CU-10071,TEC-CO-1157,7215.6,10,0.0,881.78
1759,US-2025-101758,2025-03-10,CU-10054,TEC-MA-1158,2293.14,3,0.0,-49.08
1760,US-2025-101759,2025-07-04,CU-10026,OFF-PA-1159,109.55,7,0.0,11.02
1761,US-2025-101760,2025-09-17,CU-10008,TEC-AC-1160,5641.4,10,0.0,-159.41
1762,US-2025-101761,2023-01-29,CU-10077,FUR-FU-1161,528.49,1,0.0,9.53
1763,US-2025-101762,2024-08-01,CU-10039,OFF-AR-1162,101.02,4,0.1,14.78
1764,US-2025-101763,2023-05-18,CU-10070,TEC-CO-1163,3608.41,7,0.3,-82.96
1765,US-2025-101764,2023-02-07,CU-10008,TEC-CO-1164,3389.72,4,0.0,89.53
1766,US-2025-101765,2025-05-25,CU-10104,OFF-PA-1165,65.52,6,0.2,11.23
1767,US-2025-101766,2024-11-25,CU-10111,FUR-FU-1166,1420.5,3,0.1,13.82
1768,US-2025-101767,2025-04-10,CU-10102,FUR-BO-1167,690.87,3,0.0,-21.49
1769,US-2025-101768,2025-11-29,CU-10072,TEC-MA-1168,2249.02,4,0.3,580.11
1770,US-2025-101769,2023-02-08,CU-10052,FUR-BO-1169,306.09,1,0.2,-6.84
1771,US-2025-101770,2025-11-26,CU-10093,FUR-CH-1170,4759.45,12,0.1,498.84
1772,US-2025-101771,2023-05-15,CU-10068,OFF-AR-1171,13.7,1,0.0,3.41
1773,US-2025-101772,2025-04-03,CU-10053,FUR-CH-1172,5939.57,13,0.0,431.63
1774,US-2025-101773,2023-05-29,CU-10116,OFF-PA-1173,174.08,8,0.15,41.85
1775,US-2025-101774,2024-08-11,CU-10045,FUR-TA-1174,3385.8,10,0.0,-337.05
1776,US-2025-101775,2025-05-11,CU-10096,OFF-ST-1175,181.2,8,0.0,40.66
1777,US-2025-101776,2024-08-21,CU-10105,TEC-CO-1176,3276.0,4,0.0,740.43
1778,US-2025-101777,2024-10-04,CU-10014,TEC-PH-1177,1156.97,7,0.4,155.92
1779,US-2025-101778,2024-09-05,CU-10014,OFF-PA-1178,108.85,7,0.0,34.22
1780,US-2025-101779,2025-04-12,CU-10084,FUR-BO-1179,776.76,2,0.0,114.12
1781,US-2025-101780,2023-11-10,CU-10077,FUR-FU-1180,2852.11,13,0.1,-135.63
1782,US-2025-101781,2023-03-16,CU-10076,FUR-FU-1181,2169.36,9,0.0,-120.1
1783,US-2025-101782,2024-11-19,CU-10016,TEC-CO-1182,2210.81,5,0.15,382.05
1784,US-2025-101783,2023-11-29,CU-10038,OFF-ST-1183,86.26,4,0.1,17.15
1785,US-2025-101784,2025-05-30,CU-10098,OFF-PA-1184,127.14,3,0.0,24.68
1786,US-2025-101785,2025-07-02,CU-10019,TEC-MA-1185,7505.6,13,0.15,1799.3
1787,US-2025-101786,2024-04-04,CU-10059,OFF-AR-1186,128.64,6,0.2,34.26
1788,US-2025-101787,2025-11-18,CU-10023,OFF-ST-1187,168.03,9,0.0,24.8
1789,US-2025-101788,2023-10-02,CU-10091,OFF-AR-1188,100.82,2,0.0,10.1
1790,US-2025-101789,2024-11-22,CU-10015,OFF-BI-1189,24.71,1,0.2,9.13
1791,US-2025-101790,2023-04-06,CU-10110,TEC-MA-1190,4036.99,10,0.15,292.12
1792,US-2025-101791,2025-11-26,CU-10065,TEC-MA-1191,2913.12,7,0.0,278.74
1793,US-2025-101792,2024-04-20,CU-10002,OFF-PA-1192,433.19,12,0.1,136.48
1794,US-2025-101793,2024-04-11,CU-10041,TEC-MA-1193,3923.25,5,0.0,423.37
1795,US-2025-101794,2023-01-15,CU-10073,OFF-AR-1194,560.56,11,0.0,204.33
1796,US-2025-101795,2023-09-22,CU-10033,OFF-ST-1195,404.72,8,0.0,127.51
1797,US-2025-101796,2023-06-16,CU-10005,OFF-PA-1196,327.6,10,0.0,97.61
1798,US-2025-101797,2024-02-19,CU-10059,OFF-AR-1197,279.27,9,0.0,102.21
1799,US-2025-101798,2025-08-04,CU-10079,FUR-TA-1198,890.0,5,0.0,-83.3
1800,US-2025-101799,2025-08-04,CU-10050,FUR-FU-1199,2244.41,10,0.3,101.73
1801,US-2025-101800,2025-05-01,CU-10089,TEC-PH-1200,1912.53,3,0.0,2.64
1802,US-2025-101801,2024-03-28,CU-10036,FUR-TA-1201,989.01,7,0.15,136.47
1803,US-2025-101802,2023-08-18,CU-10091,TEC-MA-1202,480.7,2,0.0,95.22
1804,US-2025-101803,2025-04-17,CU-10086,OFF-PA-1203,142.63,11,0.4,31.92
1805,US-2025-101804,2024-02-29,CU-10095,OFF-AR-1204,470.45,11,0.1,63.72
1806,US-2025-101805,2024-02-13,CU-10042,OFF-LA-1205,160.35,5,0.0,37.64
1807,US-2025-101806,2024-04-18,CU-10044,TEC-AC-1206,3870.78,13,0.2,83.73
1808,US-2025-101807,2023-10-29,CU-10063,OFF-AR-1207,107.46,3,0.0,16.51
1809,US-2025-101808,2025-10-11,CU-10091,OFF-BI-1208,282.96,8,0.0,76.16
1810,US-2025-101809,2024-05-21,CU-10028,OFF-BI-1209,146.3,7,0.0,13.53
1811,US-2025-101810,2025-06-01,CU-10082,TEC-CO-1210,1247.36,4,0.0,292.47
1812,US-2025-101811,2024-01-17,CU-10099,OFF-ST-1211,622.92,12,0.0,100.92
1813,US-2025-101812,2025-08-21,CU-10041,OFF-PA-1212,429.6,10,0.2,41.17
1814,US-2025-101813,2023-06-01,CU-10094,TEC-PH-1213,1224.75,5,0.0,322.31
1815,US-2025-101814,2023-04-10,CU-10005,FUR-FU-1214,3301.28,9,0.15,-181.4
1816,US-2025-101815,2024-04-28,CU-10035,OFF-BI-1215,36.5,1,0.2,2.7
1817,US-2025-101816,2024-03-20,CU-10094,TEC-AC-1216,4186.03,11,0.3,763.45
1818,US-2025-101817,2025-08-09,CU-10049,OFF-PA-1217,123.47,3,0.15,20.92
1819,US-2025-101818,2025-04-01,CU-10083,FUR-TA-1218,3167.19,13,0.0,495.98
1820,US-2025-101819,2023-01-24,CU-10045,OFF-AR-1219,345.84,11,0.2,88.8
1821,US-2025-101820,2023-02-19,CU-10025,OFF-AR-1220,42.19,1,0.0,9.81
1822,US-2025-101821,2023-12-23,CU-10085,FUR-BO-1221,725.3,2,0.0,140.87
1823,US-2025-101822,2024-02-15,CU-10028,OFF-ST-1222,258.11,7,0.1,45.72
1824,US-2025-101823,2025-10-15,CU-10097,OFF-LA-1223,517.77,11,0.0,49.87
1825,US-2025-101824,2023-02-14,CU-10062,OFF-AR-1224,108.62,2,0.0,24.25
1826,US-2025-101825,2023-08-18,CU-10055,OFF-AR-1225,260.09,7,0.3,26.94
1827,US-2025-101826,2025-11-15,CU-10030,OFF-LA-1226,342.84,12,0.0,86.73
1828,US-2025-101827,2024-12-14,CU-10001,TEC-CO-1227,1859.15,4,0.15,32.64
1829,US-2025-101828,2025-04-04,CU-10010,OFF-LA-1228,53.04,3,0.15,18.6
1830,US-2025-101829,2024-05-09,CU-10112,OFF-AR-1229,160.92,6,0.0,42.33
1831,US-2025-101830,2024-02-20,CU-10119,OFF-ST-1230,38.04,2,0.0,5.81
1832,US-2025-101831,2023-06-09,CU-10037,OFF-AR-1231,140.61,3,0.0,48.44
1833,US-2025-101832,2024-06-06,CU-10075,OFF-BI-1232,302.04,9,0.0,106.67
1834,US-2025-101833,2023-12-29,CU-10119,TEC-CO-1233,6504.87,9,0.1,-48.22
1835,US-2025-101834,2025-11-01,CU-10028,OFF-AR-1234,103.26,3,0.0,28.15
1836,US-2025-101835,2023-09-22,CU-10067,OFF-ST-1235,515.2,12,0.15,85.47
1837,US-2025-101836,2025-04-18,CU-10012,OFF-BI-1236,56.43,6,0.5,19.75
1838,US-2025-101837,2024-08-11,CU-10043,OFF-LA-1237,206.76,6,0.0,52.4
1839,US-2025-101838,2024-11-23,CU-10001,OFF-ST-1238,58.18,5,0.15,8.31
1840,US-2025-101839,2024-10-12,CU-10004,OFF-ST-1239,289.52,8,0.0,57.62
1841,US-2025-101840,2025-11-11,CU-10088,TEC-PH-1240,1472.26,2,0.1,-22.57
1842,US-2025-101841,2023-08-13,CU-10070,TEC-CO-1241,5940.29,8,0.1,1381.35
1843,US-2025-101842,2025-08-15,CU-10059,TEC-MA-1242,7359.48,9,0.0,998.69
1844,US-2025-101843,2024-07-16,CU-10019,OFF-AR-1243,130.03,9,0.2,42.89
1845,US-2025-101844,2025-11-06,CU-10016,TEC-MA-1244,1895.76,4,0.0,316.62
1846,US-2025-101845,2023-11-10,CU-10080,FUR-BO-1245,2728.5,6,0.0,-229.24
1847,US-2025-101846,2025-03-30,CU-10096,TEC-PH-1246,603.68,1,0.2,142.71
1848,US-2025-101847,2024-12-10,CU-10031,OFF-ST-1247,107.93,8,0.1,38.16
1849,US-2025-101848,2023-08-20,CU-10052,FUR-TA-1248,1353.33,9,0.0,114.63
1850,US-2025-101849,2025-09-06,CU-10090,OFF-PA-1249,116.68,4,0.3,11.2
1851,US-2025-101850,2025-06-05,CU-10110,FUR-CH-1250,383.87,1,0.15,76.41
1852,US-2025-101851,2025-09-04,CU-10016,OFF-BI-1251,286.68,12,0.0,57.82
1853,US-2025-101852,2025-09-27,CU-10078,OFF-ST-1252,230.32,6,0.15,45.96
1854,US-2025-101853,2025-07-24,CU-10065,FUR-BO-1253,3615.47,9,0.15,422.9
1855,US-2025-101854,2024-10-05,CU-10084,FUR-BO-1254,2022.0,12,0.0,119.51
1856,US-2025-101855,2024-09-21,CU-10109,TEC-AC-1255,1411.38,2,0.1,52.05
1857,US-2025-101856,2024-10-14,CU-10056,OFF-LA-1256,48.65,3,0.2,15.47
1858,US-2025-101857,2024-07-11,CU-10050,FUR-BO-1257,3159.17,7,0.0,551.77
1859,US-2025-101858,2025-02-18,CU-10053,TEC-AC-1258,2805.66,6,0.0,368.58
1860,US-2025-101859,2024-04-02,CU-10033,TEC-PH-1259,387.53,2,0.15,93.69
1861,US-2025-101860,2025-07-06,CU-10027,FUR-BO-1260,2656.56,8,0.0,104.8
1862,US-2025-101861,2024-02-09,CU-10045,OFF-PA-1261,215.91,9,0.0,76.37
1863,US-2025-101862,2024-10-23,CU-10058,FUR-TA-1262,1594.8,3,0.0,-67.89
1864,US-2025-101863,2025-04-04,CU-10003,FUR-CH-1263,1454.06,3,0.1,217.13
1865,US-2025-101864,2025-04-26,CU-10110,OFF-AR-1264,126.09,9,0.0,39.04
1866,US-2025-101865,2025-02-24,CU-10001,OFF-PA-1265,486.2,11,0.0,115.85
1867,US-2025-101866,2024-03-05,CU-10054,FUR-FU-1266,874.52,2,0.0,121.18
1868,US-2025-101867,2024-10-08,CU-10030,FUR-FU-1267,3465.0,12,0.0,183.67
1869,US-2025-101868,2025-04-27,CU-10017,FUR-CH-1268,5701.41,11,0.0,197.63
1870,US-2025-101869,2025-05-13,CU-10008,TEC-AC-1269,1605.56,4,0.0,-40.16
1871,US-2025-101870,2024-12-11,CU-10094,OFF-BI-1270,214.68,6,0.0,65.93
1872,US-2025-101871,2023-02-25,CU-10000,OFF-PA-1271,655.33,13,0.0,141.84
1873,US-2025-101872,2025-07-15,CU-10067,TEC-PH-1272,2126.32,10,0.2,410.6
1874,US-2025-101873,2023-11-16,CU-10060,OFF-LA-1273,220.77,9,0.5,20.14
1875,US-2025-101874,2025-03-17,CU-10069,OFF-ST-1274,305.48,7,0.0,93.36
1876,US-2025-101875,2024-07-26,CU-10070,TEC-PH-1275,4801.61,11,0.0,704.34
1877,US-2025-101876,2023-09-16,CU-10019,OFF-PA-1276,56.38,5,0.3,6.72
1878,US-2025-101877,2025-06-15,CU-10100,OFF-LA-1277,112.98,3,0.0,37.55
1879,US-2025-101878,2023-04-25,CU-10013,TEC-AC-1278,4980.47,11,0.0,31.42
1880,US-2025-101879,2024-12-30,CU-10071,TEC-MA-1279,2808.58,7,0.3,732.73
1881,US-2025-101880,2025-01-15,CU-10001,FUR-CH-1280,4226.1,10,0.0,-130.92
1882,US-2025-101881,2024-10-06,CU-10065,OFF-AR-1281,113.4,4,0.0,28.59
1883,US-2025-101882,2025-10-09,CU-10110,OFF-AR-1282,155.63,11,0.1,36.51
1884,US-2025-101883,2025-03-06,CU-10054,OFF-BI-1283,166.18,7,0.0,19.46
1885,US-2025-101884,2024-10-08,CU-10061,TEC-MA-1284,2667.49,12,0.1,42.39
1886,US-2025-101885,2024-12-16,CU-10030,TEC-PH-1285,6183.58,10,0.15,755.45
1887,US-2025-101886,2024-08-10,CU-10049,TEC-MA-1286,841.33,2,0.15,53.59
1888,US-2025-101887,2024-04-23,CU-10007,OFF-PA-1287,356.86,8,0.15,44.82
1889,US-2025-101888,2023-10-08,CU-10079,FUR-TA-1288,3453.0,10,0.0,-335.01
1890,US-2025-101889,2023-08-21,CU-10050,TEC-AC-1289,1278.75,5,0.0,98.94
1891,US-2025-101890,2025-02-22,CU-10021,FUR-FU-1290,3232.7,10,0.0,-7.52
1892,US-2025-101891,2023-09-24,CU-10074,FUR-CH-1291,3162.53,8,0.1,-312.79
1893,US-2025-101892,2023-03-22,CU-10044,OFF-BI-1292,241.32,6,0.0,61.88
1894,US-2025-101893,2024-06-05,CU-10113,FUR-BO-1293,7014.67,13,0.0,1193.92
1895,US-2025-101894,2025-11-11,CU-10076,OFF-PA-1294,93.33,9,0.5,12.24
1896,US-2025-101895,2023-08-15,CU-10002,OFF-PA-1295,23.74,1,0.0,5.37
1897,US-2025-101896,2023-04-08,CU-10102,TEC-MA-1296,8474.06,12,0.15,249.83
1898,US-2025-101897,2025-09-18,CU-10000,TEC-CO-1297,830.95,3,0.4,-20.05
1899,US-2025-101898,2025-10-12,CU-10086,OFF-PA-1298,374.33,11,0.0,40.49
1900,US-2025-101899,2024-04-17,CU-10065,FUR-FU-1299,5115.43,11,0.1,448.14
1901,US-2025-101900,2024-01-22,CU-10031,OFF-PA-1300,21.82,1,0.1,4.51
1902,US-2025-101901,2025-07-29,CU-10057,OFF-ST-1301,38.58,2,0.5,9.47
1903,US-2025-101902,2023-09-18,CU-10109,FUR-FU-1302,444.21,3,0.15,-38.35
1904,US-2025-101903,2023-01-18,CU-10111,OFF-PA-1303,265.98,6,0.0,52.23
1905,US-2025-101904,2025-06-23,CU-10012,OFF-AR-1304,278.63,12,0.3,86.62
1906,US-2025-101905,2023-02-05,CU-10017,OFF-AR-1305,463.84,13,0.0,111.08
1907,US-2025-101906,2023-09-01,CU-10068,TEC-PH-1306,2394.92,11,0.2,476.74
1908,US-2025-101907,2025-11-07,CU-10003,OFF-AR-1307,221.26,5,0.15,64.35
1909,US-2025-101908,2024-09-13,CU-10074,OFF-AR-1308,91.4,2,0.0,21.31
1910,US-2025-101909,2023-09-30,CU-10113,TEC-PH-1309,6860.75,13,0.0,989.74
1911,US-2025-101910,2024-06-23,CU-10087,OFF-BI-1310,192.2,4,0.0,38.11
1912,US-2025-101911,2023-12-20,CU-10117,OFF-PA-1311,465.5,10,0.0,81.01
1913,US-2025-101912,2023-12-07,CU-10032,FUR-CH-1312,1959.75,13,0.0,345.75
1914,US-2025-101913,2024-07-02,CU-10109,TEC-PH-1313,3400.92,4,0.0,536.02
1915,US-2025-101914,2024-08-27,CU-10072,FUR-FU-1314,2931.79,13,0.1,251.14
1916,US-2025-101915,2025-01-18,CU-10095,OFF-AR-1315,236.64,8,0.0,27.9
1917,US-2025-101916,2024-11-30,CU-10035,OFF-ST-1316,301.65,8,0.15,86.71
1918,US-2025-101917,2023-09-16,CU-10053,TEC-MA-1317,3004.43,11,0.0,320.17
1919,US-2025-101918,2023-02-22,CU-10110,OFF-PA-1318,173.88,9,0.15,16.93
1920,US-2025-101919,2024-04-21,CU-10050,OFF-PA-1319,146.72,4,0.0,26.75
1921,US-2025-101920,2025-08-15,CU-10039,OFF-AR-1320,213.41,12,0.4,71.08
1922,US-2025-101921,2023-10-01,CU-10088,FUR-FU-1321,636.34,4,0.15,72.75
1923,US-2025-101922,2024-09-27,CU-10011,FUR-FU-1322,982.94,4,0.1,-58.07
1924,US-2025-101923,2023-07-30,CU-10063,OFF-BI-1323,55.82,2,0.0,5.78
1925,US-2025-101924,2025-03-30,CU-10043,OFF-BI-1324,75.09,2,0.2,19.15
1926,US-2025-101925,2024-05-13,CU-10093,FUR-CH-1325,2923.11,9,0.0,223.6
1927,US-2025-101926,2025-04-15,CU-10002,FUR-FU-1326,2692.08,9,0.0,521.92
1928,US-2025-101927,2023-01-05,CU-10052,TEC-CO-1327,584.71,1,0.0,108.02
1929,US-2025-101928,2023-03-24,CU-10069,OFF-LA-1328,52.67,1,0.0,11.19
1930,US-2025-101929,2024-12-18,CU-10038,FUR-BO-1329,3380.02,7,0.0,372.43
1931,US-2025-101930,2024-03-20,CU-10003,OFF-PA-1330,142.87,5,0.3,20.48
1932,US-2025-101931,2023-03-05,CU-10017,TEC-PH-1331,6580.3,9,0.15,617.16
1933,US-2025-101932,2023-03-19,CU-10028,TEC-AC-1332,1218.36,3,0.5,206.56
1934,US-2025-101933,2024-06-01,CU-10043,TEC-CO-1333,4935.02,13,0.3,93.01
1935,US-2025-101934,2024-05-02,CU-10111,TEC-MA-1334,690.17,1,0.0,154.77
1936,US-2025-101935,2024-05-10,CU-10099,OFF-PA-1335,27.52,1,0.0,3.05
1937,US-2025-101936,2023-12-08,CU-10093,OFF-PA-1336,256.66,7,0.1,55.05
1938,US-2025-101937,2025-11-22,CU-10096,TEC-MA-1337,5048.64,8,0.0,1254.92
1939,US-2025-101938,2025-07-28,CU-10023,OFF-AR-1338,73.31,4,0.2,11.28
1940,US-2025-101939,2024-01-14,CU-10015,OFF-ST-1339,279.99,12,0.15,80.23
1941,US-2025-101940,2023-01-26,CU-10107,FUR-BO-1340,3261.72,11,0.0,-108.49
1942,US-2025-101941,2024-04-25,CU-10023,TEC-MA-1341,3922.19,7,0.1,458.63
1943,US-2025-101942,2025-07-30,CU-10115,FUR-TA-1342,2541.0,10,0.0,274.55
1944,US-2025-101943,2023-10-01,CU-10075,OFF-ST-1343,91.14,2,0.0,31.89
1945,US-2025-101944,2023-06-27,CU-10067,OFF-ST-1344,129.75,3,0.0,43.54
1946,US-2025-101945,2023-03-04,CU-10061,OFF-AR-1345,192.84,6,0.0,68.24
1947,US-2025-101946,2024-06-24,CU-10040,TEC-MA-1346,796.72,4,0.1,97.58
1948,US-2025-101947,2024-10-23,CU-10070,OFF-PA-1347,174.02,8,0.1,59.59
1949,US-2025-101948,2024-08-07,CU-10096,OFF-LA-1348,202.08,8,0.0,33.52
1950,US-2025-101949,2023-11-10,CU-10096,OFF-LA-1349,87.39,3,0.0,27.97
1951,US-2025-101950,2025-06-19,CU-10051,FUR-CH-1350,2159.26,9,0.3,21.28
1952,US-2025-101951,2023-05-18,CU-10044,OFF-LA-1351,98.85,10,0.5,12.07
1953,US-2025-101952,2023-05-09,CU-10082,TEC-CO-1352,2752.9,7,0.2,396.0
1954,US-2025-101953,2023-10-04,CU-10105,OFF-PA-1353,71.38,3,0.2,16.7
1955,US-2025-101954,2023-08-26,CU-10010,OFF-ST-1354,169.38,9,0.0,18.91
1956,US-2025-101955,2025-12-08,CU-10067,OFF-ST-1355,156.8,10,0.0,47.93
1957,US-2025-101956,2025-12-06,CU-10082,FUR-FU-1356,699.22,2,0.0,64.01
1958,US-2025-101957,2025-02-24,CU-10082,TEC-MA-1357,1963.45,9,0.15,459.16
1959,US-2025-101958,2023-07-15,CU-10007,OFF-LA-1358,74.77,4,0.1,22.53
1960,US-2025-101959,2025-02-27,CU-10077,FUR-TA-1359,217.52,2,0.3,-11.8
1961,US-2025-101960,2024-10-12,CU-10063,FUR-TA-1360,1314.88,5,0.2,145.02
1962,US-2025-101961,2023-01-07,CU-10085,TEC-MA-1361,573.89,3,0.4,146.33
1963,US-2025-101962,2023-07-12,CU-10021,OFF-ST-1362,224.87,13,0.15,16.12
1964,US-2025-101963,2025-03-24,CU-10045,TEC-CO-1363,1862.9,10,0.5,205.89
1965,US-2025-101964,2025-06-18,CU-10028,OFF-ST-1364,145.43,4,0.3,31.83
1966,US-2025-101965,2025-10-02,CU-10027,OFF-LA-1365,300.4,10,0.0,28.54
1967,US-2025-101966,2024-04-01,CU-10095,OFF-BI-1366,270.78,6,0.0,29.47
1968,US-2025-101967,2024-09-03,CU-10027,OFF-LA-1367,111.23,7,0.3,39.99
1969,US-2025-101968,2025-12-21,CU-10027,OFF-LA-1368,400.78,9,0.15,101.26
1970,US-2025-101969,2023-11-17,CU-10044,OFF-LA-1369,462.78,10,0.1,75.42
1971,US-2025-101970,2023-08-24,CU-10019,TEC-MA-1370,8675.32,12,0.1,2281.39
1972,US-2025-101971,2024-07-12,CU-10078,TEC-AC-1371,6403.5,10,0.0,-140.18
1973,US-2025-101972,2025-01-08,CU-10084,FUR-BO-1372,2209.86,9,0.0,-166.67
1974,US-2025-101973,2025-07-11,CU-10034,FUR-CH-1373,5994.78,11,0.0,956.8
1975,US-2025-101974,2024-07-05,CU-10028,FUR-BO-1374,4919.2,10,0.0,-404.01
1976,US-2025-101975,2025-09-04,CU-10057,OFF-PA-1375,321.98,8,0.2,41.79
1977,US-2025-101976,2023-12-04,CU-10001,FUR-TA-1376,3263.76,8,0.0,626.32
1978,US-2025-101977,2025-11-20,CU-10054,OFF-BI-1377,445.05,9,0.0,43.72
1979,US-2025-101978,2024-12-26,CU-10043,FUR-FU-1378,634.28,2,0.1,33.8
1980,US-2025-101979,2025-07-27,CU-10028,FUR-BO-1379,476.46,3,0.0,76.05
1981,US-2025-101980,2023-08-04,CU-10119,OFF-LA-1380,433.9,10,0.0,97.46
1982,US-2025-101981,2024-05-18,CU-10107,OFF-LA-1381,152.3,6,0.2,30.73
1983,US-2025-101982,2025-09-04,CU-10102,OFF-LA-1382,325.26,13,0.4,38.53
1984,US-2025-101983,2023-12-17,CU-10055,TEC-MA-1383,3905.73,9,0.0,361.34
1985,US-2025-101984,2025-03-25,CU-10011,OFF-AR-1384,200.75,5,0.0,36.98
1986,US-2025-101985,2025-12-31,CU-10037,OFF-ST-1385,285.71,11,0.4,78.27
1987,US-2025-101986,2023-04-22,CU-10029,FUR-CH-1386,1906.2,5,0.1,-8.67
1988,US-2025-101987,2023-01-02,CU-10090,OFF-ST-1387,216.52,4,0.0,51.67
1989,US-2025-101988,2023-08-11,CU-10006,FUR-FU-1388,2183.28,4,0.0,-9.78
1990,US-2025-101989,2025-10-14,CU-10022,TEC-PH-1389,2395.33,4,0.2,538.39
1991,US-2025-101990,2025-12-22,CU-10114,OFF-BI-1390,150.89,7,0.15,43.27
1992,US-2025-101991,2024-01-22,CU-10088,TEC-AC-1391,4321.13,11,0.0,1125.44
1993,US-2025-101992,2024-06-29,CU-10001,TEC-AC-1392,10680.8,13,0.0,-221.22
1994,US-2025-101993,2025-04-20,CU-10090,OFF-LA-1393,108.9,4,0.2,28.42
1995,US-2025-101994,2024-07-18,CU-10011,TEC-AC-1394,3488.03,13,0.0,305.72
1996,US-2025-101995,2023-05-06,CU-10018,TEC-PH-1395,1520.74,2,0.0,95.45
1997,US-2025-101996,2025-02-12,CU-10109,TEC-CO-1396,221.02,1,0.0,44.18
1998,US-2025-101997,2024-10-21,CU-10055,OFF-LA-1397,86.1,3,0.0,23.38
1999,US-2025-101998,2025-03-04,CU-10070,TEC-MA-1398,445.2,1,0.0,82.6
2000,US-2025-101999,2023-06-25,CU-10004,OFF-AR-1399,361.62,10,0.1,63.25
