Order ID,Order Date,Ship Date,Ship Mode,Customer ID,Customer Name,Segment,Country,City,State,Postal Code,Region,Product ID,Category,Sub-Category,Product Name,Sales,Quantity,Discount,Profit
US-2023-100000,2023-11-12,2023-11-18,Standard Class,CU-10030,Rita Parker,Consumer,United States,Detroit,Michigan,43676,Central,OFF-PA-1000,Office Supplies,Paper,Boise Paper,355.54,8,0.1,68.89
US-2023-100001,2025-10-12,2025-10-15,Same Day,CU-10013,Henry Reed,Consumer,United States,Eugene,Oregon,19474,West,OFF-LA-1001,Office Supplies,Labels,Hon Label Maker Tape,76.7,4,0.15,24.16
US-2023-100002,2025-08-24,2025-08-25,Standard Class,CU-10057,Jack Moore,Corporate,United States,Newark,New Jersey,35624,East,TEC-PH-1002,Technology,Phones,Apple iPhone,1042.4,5,0.3,20.49
US-2023-100003,2024-09-24,2024-09-26,Same Day,CU-10054,Ivy Parker,Corporate,United States,Buffalo,New York,45426,East,FUR-BO-1003,Furniture,Bookcases,Sauder Bookcase,398.76,3,0.1,41.56
US-2023-100004,2025-06-26,2025-06-29,First Class,CU-10118,Maria Johnson,Consumer,United States,Cleveland,Ohio,61410,Central,TEC-CO-1004,Technology,Copiers,Hewlett Packard Copier,323.42,1,0.0,14.49
US-2023-100005,2025-11-05,2025-11-08,First Class,CU-10033,Rita Irwin,Home Office,United States,Houston,Texas,18920,Central,OFF-PA-1005,Office Supplies,Paper,Boise Paper,95.84,2,0.0,33.3
US-2023-100006,2025-07-06,2025-07-12,Same Day,CU-10096,Leo Irwin,Home Office,United States,Boston,Massachusetts,58245,East,TEC-CO-1006,Technology,Copiers,Hewlett Packard Copier,5954.92,11,0.15,61.73
US-2023-100007,2023-12-21,2023-12-25,Standard Class,CU-10116,Aaron Quintana,Consumer,United States,Memphis,Tennessee,47519,South,OFF-ST-1007,Office Supplies,Storage,Iris File Box,214.38,9,0.0,45.74
US-2023-100008,2024-10-24,2024-10-26,First Class,CU-10040,Rita Johnson,Consumer,United States,Savannah,Georgia,92470,South,OFF-PA-1008,Office Supplies,Paper,HP Paper Ream,208.2,5,0.0,73.84
US-2023-100009,2025-07-25,2025-07-29,Standard Class,CU-10092,Ivy Johnson,Consumer,United States,Seattle,Washington,35933,West,TEC-AC-1009,Technology,Accessories,Kensington Keyboard,6722.91,9,0.0,1074.83
US-2023-100010,2023-07-13,2023-07-19,First Class,CU-10004,Derek Chavez,Corporate,United States,Buffalo,New York,17604,East,TEC-AC-1010,Technology,Accessories,SanDisk Flash Drive,1235.56,2,0.0,231.93
US-2023-100011,2024-07-27,2024-08-03,Standard Class,CU-10086,Olivia Parker,Consumer,United States,San Diego,California,32804,West,TEC-CO-1011,Technology,Copiers,Canon Copier,4978.82,8,0.15,1263.66
US-2023-100012,2025-03-02,2025-03-07,First Class,CU-10006,Nathan Quintana,Home Office,United States,San Francisco,California,78752,West,FUR-TA-1012,Furniture,Tables,Bretford Conference Table,2946.24,8,0.0,167.32
US-2023-100013,2025-10-05,2025-10-11,First Class,CU-10062,Quinn Moore,Consumer,United States,Atlanta,Georgia,47674,South,TEC-AC-1013,Technology,Accessories,SanDisk Flash Drive,559.26,2,0.0,93.6
US-2023-100014,2025-10-07,2025-10-13,Second Class,CU-10024,Maria Quintana,Home Office,United States,Jersey City,New Jersey,24184,East,TEC-MA-1014,Technology,Machines,Lexmark Printer,3839.6,10,0.0,247.01
US-2023-100015,2025-11-19,2025-11-21,First Class,CU-10010,Jack Irwin,Consumer,United States,Tucson,Arizona,53142,West,OFF-ST-1015,Office Supplies,Storage,Fellowes Storage Box,252.0,10,0.3,76.63
US-2023-100016,2023-06-03,2023-06-06,Second Class,CU-10078,Brian Moore,Home Office,United States,Boston,Massachusetts,62942,East,TEC-AC-1016,Technology,Accessories,Kensington Keyboard,1401.05,2,0.1,9.21
US-2023-100017,2023-02-05,2023-02-10,First Class,CU-10065,Karen Moore,Consumer,United States,New York City,New York,92658,East,TEC-MA-1017,Technology,Machines,Cubify 3D Printer,2047.24,4,0.0,124.02
US-2023-100018,2025-03-20,2025-03-26,Standard Class,CU-10065,Karen Moore,Consumer,United States,New York City,New York,69910,East,TEC-CO-1018,Technology,Copiers,Hewlett Packard Copier,3076.36,4,0.0,829.79
US-2023-100019,2023-05-30,2023-06-04,Standard Class,CU-10074,Paul Chavez,Consumer,United States,San Diego,California,91956,West,FUR-FU-1019,Furniture,Furnishings,Eldon Desk Lamp,631.65,4,0.15,-25.61
US-2023-100020,2023-11-13,2023-11-18,Standard Class,CU-10109,Henry Turner,Consumer,United States,Miami,Florida,15150,South,FUR-BO-1020,Furniture,Bookcases,O'Sullivan Bookcase,3725.04,8,0.0,576.72
US-2023-100021,2025-01-03,2025-01-09,First Class,CU-10116,Aaron Quintana,Consumer,United States,Nashville,Tennessee,55407,South,OFF-AR-1021,Office Supplies,Art,Sharpie Markers,156.31,11,0.0,16.8
US-2023-100022,2024-08-14,2024-08-20,First Class,CU-10065,Karen Moore,Consumer,United States,Newark,New Jersey,98217,East,FUR-FU-1022,Furniture,Furnishings,Advantus Task Lamp,2070.4,10,0.0,233.9
US-2023-100023,2025-04-01,2025-04-06,Same Day,CU-10061,Maria Kim,Home Office,United States,Houston,Texas,26517,Central,FUR-TA-1023,Furniture,Tables,Bretford Conference Table,5118.84,12,0.0,-371.03
US-2023-100024,2024-02-17,2024-02-24,Second Class,CU-10071,Elena Johnson,Home Office,United States,Springfield,Illinois,62020,Central,OFF-AR-1024,Office Supplies,Art,Sharpie Markers,89.62,8,0.4,14.38
US-2023-100025,2024-08-12,2024-08-17,Same Day,CU-10030,Rita Parker,Consumer,United States,Columbus,Ohio,22068,Central,FUR-FU-1025,Furniture,Furnishings,Tenex Chairmat,2076.97,7,0.0,-133.41
US-2023-100026,2025-11-04,2025-11-06,Same Day,CU-10011,Carla Turner,Corporate,United States,Springfield,Illinois,62946,Central,OFF-ST-1026,Office Supplies,Storage,SimpleHouseware Bin,270.0,9,0.0,36.53
US-2023-100027,2024-10-21,2024-10-24,First Class,CU-10110,Brian Kim,Corporate,United States,Houston,Texas,68314,Central,OFF-ST-1027,Office Supplies,Storage,Fellowes Storage Box,99.44,3,0.1,27.9
US-2023-100028,2024-10-05,2024-10-10,Same Day,CU-10073,Aaron Foster,Consumer,United States,Philadelphia,Pennsylvania,76302,East,OFF-AR-1028,Office Supplies,Art,Newell Highlighters,234.66,6,0.0,52.52
US-2023-100029,2024-09-03,2024-09-10,Standard Class,CU-10015,Ivy Foster,Consumer,United States,Worcester,Massachusetts,20426,East,OFF-ST-1029,Office Supplies,Storage,Fellowes Storage Box,227.57,11,0.2,49.67
US-2023-100030,2023-03-03,2023-03-04,Same Day,CU-10104,Elena Quintana,Home Office,United States,Worcester,Massachusetts,11321,East,OFF-BI-1030,Office Supplies,Binders,GBC Binding System,99.25,5,0.0,29.06
US-2023-100031,2024-04-23,2024-04-29,Standard Class,CU-10084,Frank Bennett,Home Office,United States,Detroit,Michigan,99590,Central,FUR-CH-1031,Furniture,Chairs,Global Task Chair,1406.88,8,0.0,263.83
US-2023-100032,2024-05-07,2024-05-13,Same Day,CU-10050,Paul Evans,Home Office,United States,Pittsburgh,Pennsylvania,57257,East,OFF-AR-1032,Office Supplies,Art,Sharpie Markers,238.44,6,0.0,31.65
US-2023-100033,2024-05-26,2024-05-28,First Class,CU-10085,Brian Chavez,Consumer,United States,Dallas,Texas,50341,Central,TEC-CO-1033,Technology,Copiers,Hewlett Packard Copier,3082.28,8,0.5,38.46
US-2023-100034,2025-07-12,2025-07-15,Same Day,CU-10039,Karen Ortiz,Consumer,United States,San Diego,California,14018,West,OFF-AR-1034,Office Supplies,Art,Bic Pens,132.3,7,0.0,45.26
US-2023-100035,2024-11-23,2024-11-25,Same Day,CU-10023,Henry Silva,Home Office,United States,Philadelphia,Pennsylvania,67382,East,OFF-ST-1035,Office Supplies,Storage,Iris File Box,112.49,7,0.0,36.34
US-2023-100036,2024-09-01,2024-09-06,Second Class,CU-10048,Derek Ortiz,Corporate,United States,Raleigh,North Carolina,53431,South,FUR-FU-1036,Furniture,Furnishings,Advantus Task Lamp,1771.5,5,0.0,271.65
US-2023-100037,2024-08-05,2024-08-11,Same Day,CU-10082,Henry Reed,Corporate,United States,Boston,Massachusetts,57826,East,TEC-AC-1037,Technology,Accessories,Logitech Mouse,6225.52,8,0.0,744.85
US-2023-100038,2024-07-20,2024-07-21,First Class,CU-10002,Henry Silva,Consumer,United States,Pittsburgh,Pennsylvania,93470,East,OFF-LA-1038,Office Supplies,Labels,Avery Labels,80.7,3,0.0,6.25
US-2023-100039,2025-01-27,2025-01-31,Same Day,CU-10050,Paul Evans,Home Office,United States,Philadelphia,Pennsylvania,65831,East,FUR-TA-1039,Furniture,Tables,Chromcraft Round Table,1525.64,4,0.1,296.8
US-2023-100040,2025-08-21,2025-08-25,First Class,CU-10118,Maria Johnson,Consumer,United States,Ann Arbor,Michigan,75916,Central,TEC-CO-1040,Technology,Copiers,Canon Copier,7610.3,13,0.2,32.2
US-2023-100041,2025-06-05,2025-06-09,First Class,CU-10077,Henry Ortiz,Home Office,United States,Raleigh,North Carolina,41184,South,TEC-AC-1041,Technology,Accessories,Logitech Mouse,4375.8,13,0.15,853.26
US-2023-100042,2023-01-06,2023-01-07,Standard Class,CU-10035,Olivia Evans,Corporate,United States,Orlando,Florida,81430,South,OFF-AR-1042,Office Supplies,Art,Sharpie Markers,251.63,13,0.4,48.68
US-2023-100043,2024-12-13,2024-12-14,Second Class,CU-10026,Grace Kim,Corporate,United States,Jersey City,New Jersey,19835,East,TEC-CO-1043,Technology,Copiers,Canon Copier,2476.54,11,0.0,-38.12
US-2023-100044,2025-10-17,2025-10-22,Standard Class,CU-10091,Ivy Ortiz,Corporate,United States,Raleigh,North Carolina,65970,South,TEC-CO-1044,Technology,Copiers,Hewlett Packard Copier,7445.9,10,0.0,300.52
US-2023-100045,2023-09-14,2023-09-21,Second Class,CU-10053,Olivia Ortiz,Consumer,United States,Buffalo,New York,31389,East,OFF-ST-1045,Office Supplies,Storage,SimpleHouseware Bin,20.69,1,0.3,5.62
US-2023-100046,2024-03-30,2024-04-05,Same Day,CU-10062,Quinn Moore,Consumer,United States,Savannah,Georgia,26883,South,OFF-LA-1046,Office Supplies,Labels,Hon Label Maker Tape,234.96,8,0.0,78.94
US-2023-100047,2025-01-14,2025-01-15,Standard Class,CU-10081,Henry Johnson,Consumer,United States,Seattle,Washington,61737,West,TEC-AC-1047,Technology,Accessories,Kensington Keyboard,5219.89,13,0.0,57.66
US-2023-100048,2023-07-24,2023-07-31,Standard Class,CU-10102,Ivy Garcia,Corporate,United States,Cleveland,Ohio,16044,Central,OFF-ST-1048,Office Supplies,Storage,SimpleHouseware Bin,403.44,12,0.0,72.46
US-2023-100049,2024-01-20,2024-01-22,First Class,CU-10066,Alice Moore,Consumer,United States,Miami,Florida,58676,South,OFF-ST-1049,Office Supplies,Storage,Iris File Box,91.11,5,0.4,26.93
US-2023-100050,2025-12-10,2025-12-12,First Class,CU-10041,Carla Reed,Corporate,United States,Nashville,Tennessee,68808,South,OFF-PA-1050,Office Supplies,Paper,Boise Paper,357.1,12,0.15,88.28
US-2023-100051,2023-01-28,2023-01-31,First Class,CU-10102,Ivy Garcia,Corporate,United States,Houston,Texas,80543,Central,FUR-CH-1051,Furniture,Chairs,HON Executive Chair,2650.1,12,0.1,364.63
US-2023-100052,2024-11-26,2024-11-30,Standard Class,CU-10103,Olivia Ward,Corporate,United States,Spokane,Washington,60594,West,OFF-LA-1052,Office Supplies,Labels,Avery Labels,475.54,11,0.15,59.71
US-2023-100053,2023-12-17,2023-12-18,Second Class,CU-10051,Paul Bennett,Consumer,United States,Newark,New Jersey,13697,East,OFF-LA-1053,Office Supplies,Labels,Hon Label Maker Tape,50.47,6,0.4,5.09
US-2023-100054,2023-02-26,2023-02-28,Same Day,CU-10068,Leo Bennett,Consumer,United States,Buffalo,New York,15447,East,OFF-ST-1054,Office Supplies,Storage,Iris File Box,73.35,5,0.0,13.6
US-2023-100055,2025-09-10,2025-09-15,Standard Class,CU-10053,Olivia Ortiz,Consumer,United States,Buffalo,New York,10110,East,OFF-PA-1055,Office Supplies,Paper,Xerox Paper Ream,75.42,6,0.0,24.8
US-2023-100056,2023-05-02,2023-05-06,First Class,CU-10032,Henry Hughes,Consumer,United States,Seattle,Washington,31823,West,OFF-PA-1056,Office Supplies,Paper,HP Paper Ream,530.75,11,0.0,88.5
US-2023-100057,2025-09-28,2025-10-02,Standard Class,CU-10103,Olivia Ward,Corporate,United States,Portland,Oregon,23540,West,OFF-PA-1057,Office Supplies,Paper,Xerox Paper Ream,189.28,13,0.0,53.65
US-2023-100058,2024-10-23,2024-10-24,Second Class,CU-10038,Frank Foster,Consumer,United States,Los Angeles,California,31747,West,FUR-FU-1058,Furniture,Furnishings,Advantus Task Lamp,414.9,3,0.0,35.7
US-2023-100059,2023-04-08,2023-04-12,Same Day,CU-10027,Ivy Bennett,Corporate,United States,Raleigh,North Carolina,86993,South,FUR-FU-1059,Furniture,Furnishings,Eldon Desk Lamp,4657.56,12,0.0,614.24
US-2023-100060,2023-11-16,2023-11-18,First Class,CU-10029,Nathan Ortiz,Corporate,United States,Worcester,Massachusetts,81928,East,OFF-ST-1060,Office Supplies,Storage,Iris File Box,289.85,13,0.2,47.98
US-2023-100061,2023-05-04,2023-05-09,First Class,CU-10035,Olivia Evans,Corporate,United States,Orlando,Florida,24893,South,OFF-ST-1061,Office Supplies,Storage,Iris File Box,27.54,2,0.0,2.09
US-2023-100062,2024-12-23,2024-12-29,First Class,CU-10101,Ivy Ortiz,Consumer,United States,Newark,New Jersey,72377,East,OFF-AR-1062,Office Supplies,Art,Newell Highlighters,452.88,12,0.0,51.23
US-2023-100063,2023-03-08,2023-03-10,First Class,CU-10095,Maria Nguyen,Home Office,United States,Columbus,Ohio,90756,Central,FUR-FU-1063,Furniture,Furnishings,Advantus Task Lamp,492.35,1,0.1,-30.49
US-2023-100064,2023-04-10,2023-04-17,Same Day,CU-10049,Leo Diaz,Corporate,United States,Newark,New Jersey,85261,East,OFF-AR-1064,Office Supplies,Art,Sharpie Markers,37.77,1,0.0,10.16
US-2023-100065,2023-07-27,2023-07-28,Same Day,CU-10006,Nathan Quintana,Home Office,United States,Portland,Oregon,70985,West,TEC-PH-1065,Technology,Phones,Cisco IP Phone,2215.15,4,0.1,196.82
US-2023-100066,2024-08-06,2024-08-12,Second Class,CU-10091,Ivy Ortiz,Corporate,United States,Charlotte,North Carolina,56820,South,TEC-CO-1066,Technology,Copiers,Canon Copier,3299.52,6,0.0,688.97
US-2023-100067,2024-04-14,2024-04-17,First Class,CU-10112,Nathan Hughes,Consumer,United States,San Diego,California,27958,West,OFF-LA-1067,Office Supplies,Labels,Avery Labels,101.79,9,0.4,12.57
US-2023-100068,2025-10-05,2025-10-12,Standard Class,CU-10118,Maria Johnson,Consumer,United States,Detroit,Michigan,76753,Central,OFF-PA-1068,Office Supplies,Paper,Boise Paper,498.3,10,0.0,112.17
US-2023-100069,2024-12-16,2024-12-22,Standard Class,CU-10064,Karen Nguyen,Corporate,United States,Tucson,Arizona,28395,West,FUR-TA-1069,Furniture,Tables,Bush Somerset Table,5027.27,12,0.15,-352.12
US-2023-100070,2024-04-17,2024-04-23,Second Class,CU-10054,Ivy Parker,Corporate,United States,New York City,New York,64786,East,OFF-LA-1070,Office Supplies,Labels,Hon Label Maker Tape,502.2,10,0.0,83.23
US-2023-100071,2024-09-18,2024-09-23,Same Day,CU-10046,Paul Irwin,Consumer,United States,Seattle,Washington,21799,West,TEC-AC-1071,Technology,Accessories,Kensington Keyboard,2336.46,7,0.0,206.15
US-2023-100072,2023-12-31,2024-01-02,Second Class,CU-10036,Ivy Diaz,Corporate,United States,Newark,New Jersey,35029,East,TEC-MA-1072,Technology,Machines,Lexmark Printer,908.72,4,0.15,212.92
US-2023-100073,2024-06-07,2024-06-09,Standard Class,CU-10117,Ivy Parker,Home Office,United States,New York City,New York,68726,East,OFF-ST-1073,Office Supplies,Storage,SimpleHouseware Bin,57.68,4,0.0,20.64
US-2023-100074,2025-01-08,2025-01-12,First Class,CU-10106,Olivia Johnson,Home Office,United States,New York City,New York,98412,East,OFF-PA-1074,Office Supplies,Paper,Xerox Paper Ream,348.32,10,0.3,127.27
US-2023-100075,2024-01-24,2024-01-31,Second Class,CU-10070,Sam Foster,Corporate,United States,New York City,New York,58812,East,OFF-BI-1075,Office Supplies,Binders,Avery Binder,106.37,8,0.2,27.13
US-2023-100076,2024-07-25,2024-07-27,Same Day,CU-10009,Paul Kim,Consumer,United States,Atlanta,Georgia,46436,South,TEC-PH-1076,Technology,Phones,Samsung Galaxy,5599.12,8,0.0,455.63
US-2023-100077,2023-05-02,2023-05-08,Standard Class,CU-10003,Alice Ortiz,Corporate,United States,Nashville,Tennessee,86182,South,TEC-PH-1077,Technology,Phones,Samsung Galaxy,1618.72,2,0.0,79.9
US-2023-100078,2024-11-08,2024-11-10,First Class,CU-10078,Brian Moore,Home Office,United States,Philadelphia,Pennsylvania,57776,East,OFF-ST-1078,Office Supplies,Storage,Iris File Box,389.44,10,0.2,66.9
US-2023-100079,2025-02-28,2025-03-02,Second Class,CU-10039,Karen Ortiz,Consumer,United States,Los Angeles,California,57676,West,TEC-PH-1079,Technology,Phones,Apple iPhone,8743.2,12,0.0,1024.55
US-2023-100080,2024-03-07,2024-03-11,Second Class,CU-10099,Frank Ward,Home Office,United States,Philadelphia,Pennsylvania,59896,East,FUR-BO-1080,Furniture,Bookcases,Sauder Bookcase,2572.91,13,0.4,-131.03
US-2023-100081,2025-11-17,2025-11-19,Same Day,CU-10019,Elena Nguyen,Corporate,United States,Spokane,Washington,46040,West,FUR-BO-1081,Furniture,Bookcases,Sauder Bookcase,2825.82,12,0.1,111.63
US-2023-100082,2024-08-02,2024-08-06,First Class,CU-10079,Jack Quintana,Home Office,United States,San Diego,California,40724,West,TEC-CO-1082,Technology,Copiers,Hewlett Packard Copier,5187.6,10,0.0,1277.19
US-2023-100083,2024-09-04,2024-09-05,First Class,CU-10111,Nathan Foster,Consumer,United States,Atlanta,Georgia,49418,South,OFF-AR-1083,Office Supplies,Art,Newell Highlighters,462.3,10,0.0,160.48
US-2023-100084,2023-11-11,2023-11-16,Same Day,CU-10090,Rita Evans,Corporate,United States,Orlando,Florida,66904,South,OFF-LA-1084,Office Supplies,Labels,Hon Label Maker Tape,31.98,1,0.0,3.7
US-2023-100085,2024-06-28,2024-07-01,First Class,CU-10018,Quinn Reed,Consumer,United States,Tucson,Arizona,95504,West,TEC-MA-1085,Technology,Machines,Lexmark Printer,3503.36,6,0.1,391.8
US-2023-100086,2024-07-30,2024-08-02,Second Class,CU-10066,Alice Moore,Consumer,United States,Miami,Florida,99261,South,TEC-AC-1086,Technology,Accessories,Kensington Keyboard,354.02,1,0.3,68.99
US-2023-100087,2024-05-11,2024-05-15,Standard Class,CU-10090,Rita Evans,Corporate,United States,Charlotte,North Carolina,74779,South,TEC-MA-1087,Technology,Machines,Lexmark Printer,3510.95,5,0.0,486.43
US-2023-100088,2024-10-08,2024-10-12,Same Day,CU-10087,Maria Kim,Consumer,United States,Nashville,Tennessee,18255,South,OFF-ST-1088,Office Supplies,Storage,SimpleHouseware Bin,149.25,5,0.0,16.08
US-2023-100089,2023-12-23,2023-12-28,Same Day,CU-10015,Ivy Foster,Consumer,United States,Jersey City,New Jersey,32200,East,FUR-TA-1089,Furniture,Tables,Bush Somerset Table,888.55,5,0.15,140.56
US-2023-100090,2025-09-27,2025-10-02,Same Day,CU-10020,Carla Quintana,Home Office,United States,Buffalo,New York,58786,East,FUR-CH-1090,Furniture,Chairs,Global Task Chair,1152.93,4,0.3,-45.24
US-2023-100091,2024-08-21,2024-08-26,Second Class,CU-10092,Ivy Johnson,Consumer,United States,Tucson,Arizona,71687,West,OFF-AR-1091,Office Supplies,Art,Newell Highlighters,141.05,9,0.4,26.79
US-2023-100092,2024-08-19,2024-08-20,Same Day,CU-10064,Karen Nguyen,Corporate,United States,Spokane,Washington,59008,West,OFF-LA-1092,Office Supplies,Labels,Avery Labels,250.94,6,0.2,41.82
US-2023-100093,2025-02-11,2025-02-15,Standard Class,CU-10053,Olivia Ortiz,Consumer,United States,Jersey City,New Jersey,77048,East,OFF-PA-1093,Office Supplies,Paper,HP Paper Ream,496.9,12,0.2,180.6
US-2023-100094,2025-12-28,2026-01-03,Second Class,CU-10027,Ivy Bennett,Corporate,United States,Nashville,Tennessee,62735,South,OFF-ST-1094,Office Supplies,Storage,Iris File Box,159.6,4,0.0,23.52
US-2023-100095,2024-02-02,2024-02-05,Standard Class,CU-10034,Alice Kim,Corporate,United States,Dallas,Texas,85524,Central,TEC-CO-1095,Technology,Copiers,Hewlett Packard Copier,615.3,3,0.0,128.75
US-2023-100096,2023-09-15,2023-09-16,Second Class,CU-10083,Frank Evans,Home Office,United States,Tucson,Arizona,65769,West,OFF-BI-1096,Office Supplies,Binders,GBC Binding System,268.97,13,0.0,52.94
US-2023-100097,2025-08-19,2025-08-26,Second Class,CU-10034,Alice Kim,Corporate,United States,Ann Arbor,Michigan,20065,Central,FUR-BO-1097,Furniture,Bookcases,Bush Cubix Bookcase,1848.15,11,0.3,183.03
US-2023-100098,2025-02-18,2025-02-24,Standard Class,CU-10069,Frank Johnson,Consumer,United States,Houston,Texas,99946,Central,OFF-ST-1098,Office Supplies,Storage,Fellowes Storage Box,262.46,7,0.1,96.48
US-2023-100099,2023-02-04,2023-02-08,Second Class,CU-10012,Olivia Nguyen,Consumer,United States,San Diego,California,70503,West,TEC-AC-1099,Technology,Accessories,Logitech Mouse,2568.1,5,0.0,-37.43
US-2023-100100,2025-04-16,2025-04-19,Standard Class,CU-10038,Frank Foster,Consumer,United States,Tucson,Arizona,54212,West,TEC-CO-1100,Technology,Copiers,Hewlett Packard Copier,2135.11,6,0.15,449.26
US-2023-100101,2023-09-01,2023-09-08,Standard Class,CU-10032,Henry Hughes,Consumer,United States,San Francisco,California,10046,West,FUR-FU-1101,Furniture,Furnishings,Eldon Desk Lamp,703.76,2,0.0,-59.23
US-2023-100102,2023-04-06,2023-04-10,Second Class,CU-10102,Ivy Garcia,Corporate,United States,Detroit,Michigan,84080,Central,OFF-BI-1102,Office Supplies,Binders,Wilson Jones Binder,216.04,11,0.0,70.91
US-2023-100103,2024-08-29,2024-09-02,First Class,CU-10054,Ivy Parker,Corporate,United States,Boston,Massachusetts,77523,East,OFF-BI-1103,Office Supplies,Binders,GBC Binding System,199.24,10,0.15,44.08
US-2023-100104,2025-02-21,2025-02-25,Standard Class,CU-10037,Maria Kim,Home Office,United States,Philadelphia,Pennsylvania,25781,East,FUR-BO-1104,Furniture,Bookcases,Bush Cubix Bookcase,1755.4,10,0.0,-82.7
US-2023-100105,2023-02-18,2023-02-24,Same Day,CU-10007,Nathan Quintana,Corporate,United States,Spokane,Washington,97802,West,FUR-FU-1105,Furniture,Furnishings,Advantus Task Lamp,2841.39,9,0.0,461.8
US-2023-100106,2025-11-13,2025-11-20,Second Class,CU-10054,Ivy Parker,Corporate,United States,Buffalo,New York,84568,East,OFF-PA-1106,Office Supplies,Paper,Boise Paper,157.43,4,0.1,37.04
US-2023-100107,2024-02-11,2024-02-16,Standard Class,CU-10055,Elena Quintana,Corporate,United States,Dallas,Texas,84394,Central,OFF-BI-1107,Office Supplies,Binders,GBC Binding System,164.92,7,0.0,49.04
US-2023-100108,2024-01-17,2024-01-21,Second Class,CU-10018,Quinn Reed,Consumer,United States,Spokane,Washington,10096,West,OFF-PA-1108,Office Supplies,Paper,Xerox Paper Ream,164.12,5,0.1,14.74
US-2023-100109,2023-01-11,2023-01-13,Second Class,CU-10071,Elena Johnson,Home Office,United States,Ann Arbor,Michigan,15353,Central,FUR-TA-1109,Furniture,Tables,Bush Somerset Table,3896.76,12,0.0,704.0
US-2023-100110,2024-01-08,2024-01-10,First Class,CU-10056,Karen Kim,Home Office,United States,Charlotte,North Carolina,25852,South,OFF-BI-1110,Office Supplies,Binders,Avery Binder,50.13,3,0.0,9.87
US-2023-100111,2023-03-27,2023-03-28,Second Class,CU-10078,Brian Moore,Home Office,United States,Boston,Massachusetts,28484,East,OFF-PA-1111,Office Supplies,Paper,Xerox Paper Ream,27.69,1,0.0,7.01
US-2023-100112,2025-05-28,2025-06-04,Same Day,CU-10003,Alice Ortiz,Corporate,United States,Memphis,Tennessee,77883,South,FUR-BO-1112,Furniture,Bookcases,Sauder Bookcase,776.64,2,0.0,120.93
US-2023-100113,2023-04-24,2023-04-30,Same Day,CU-10083,Frank Evans,Home Office,United States,Portland,Oregon,82556,West,FUR-FU-1113,Furniture,Furnishings,Eldon Desk Lamp,945.61,6,0.4,69.08
US-2023-100114,2025-10-10,2025-10-12,Second Class,CU-10096,Leo Irwin,Home Office,United States,Boston,Massachusetts,21524,East,OFF-ST-1114,Office Supplies,Storage,Fellowes Storage Box,372.84,13,0.0,91.5
US-2023-100115,2024-12-18,2024-12-21,Same Day,CU-10026,Grace Kim,Corporate,United States,Buffalo,New York,66982,East,TEC-PH-1115,Technology,Phones,Apple iPhone,3551.2,8,0.0,353.19
US-2023-100116,2024-02-20,2024-02-27,Second Class,CU-10096,Leo Irwin,Home Office,United States,Worcester,Massachusetts,59895,East,OFF-PA-1116,Office Supplies,Paper,Xerox Paper Ream,219.84,6,0.0,58.83
US-2023-100117,2024-02-10,2024-02-13,Same Day,CU-10116,Aaron Quintana,Consumer,United States,Atlanta,Georgia,60639,South,FUR-CH-1117,Furniture,Chairs,Global Task Chair,1296.96,3,0.0,-46.22
US-2023-100118,2025-04-10,2025-04-16,Same Day,CU-10063,Alice Quintana,Home Office,United States,Springfield,Illinois,45323,Central,TEC-CO-1118,Technology,Copiers,Canon Copier,5239.04,8,0.0,1328.91
US-2023-100119,2023-04-24,2023-05-01,Standard Class,CU-10110,Brian Kim,Corporate,United States,Cleveland,Ohio,86692,Central,FUR-BO-1119,Furniture,Bookcases,O'Sullivan Bookcase,3277.17,9,0.0,403.22
US-2023-100120,2023-09-20,2023-09-24,Standard Class,CU-10024,Maria Quintana,Home Office,United States,Philadelphia,Pennsylvania,34330,East,TEC-PH-1120,Technology,Phones,Cisco IP Phone,3987.8,5,0.0,556.39
US-2023-100121,2025-01-06,2025-01-08,Same Day,CU-10052,Olivia Quintana,Home Office,United States,Phoenix,Arizona,63483,West,OFF-ST-1121,Office Supplies,Storage,Fellowes Storage Box,555.88,13,0.2,70.2
US-2023-100122,2025-11-20,2025-11-27,Same Day,CU-10069,Frank Johnson,Consumer,United States,Chicago,Illinois,48247,Central,TEC-PH-1122,Technology,Phones,Samsung Galaxy,2043.26,7,0.5,310.91
US-2023-100123,2025-10-21,2025-10-24,Standard Class,CU-10015,Ivy Foster,Consumer,United States,Philadelphia,Pennsylvania,12157,East,TEC-PH-1123,Technology,Phones,Apple iPhone,4327.29,11,0.0,1005.23
US-2023-100124,2025-10-27,2025-10-31,First Class,CU-10060,Henry Ortiz,Corporate,United States,Atlanta,Georgia,51554,South,FUR-TA-1124,Furniture,Tables,Chromcraft Round Table,2309.39,9,0.1,-203.16
US-2023-100125,2025-11-19,2025-11-23,Standard Class,CU-10111,Nathan Foster,Consumer,United States,Orlando,Florida,82806,South,FUR-BO-1125,Furniture,Bookcases,Bush Cubix Bookcase,498.42,5,0.4,10.72
US-2023-100126,2024-03-30,2024-04-06,Standard Class,CU-10029,Nathan Ortiz,Corporate,United States,Buffalo,New York,58113,East,TEC-AC-1126,Technology,Accessories,SanDisk Flash Drive,4425.66,9,0.0,-85.11
US-2023-100127,2024-02-09,2024-02-16,Same Day,CU-10057,Jack Moore,Corporate,United States,Worcester,Massachusetts,85371,East,OFF-BI-1127,Office Supplies,Binders,GBC Binding System,203.52,4,0.0,71.39
US-2023-100128,2025-09-26,2025-09-27,Same Day,CU-10033,Rita Irwin,Home Office,United States,Houston,Texas,50050,Central,FUR-FU-1128,Furniture,Furnishings,Advantus Task Lamp,3239.4,7,0.1,62.1
US-2023-100129,2025-12-20,2025-12-21,Standard Class,CU-10020,Carla Quintana,Home Office,United States,Boston,Massachusetts,73705,East,FUR-CH-1129,Furniture,Chairs,HON Executive Chair,2139.44,4,0.0,342.72
US-2023-100130,2024-08-15,2024-08-21,Same Day,CU-10015,Ivy Foster,Consumer,United States,Worcester,Massachusetts,90902,East,TEC-CO-1130,Technology,Copiers,Hewlett Packard Copier,1482.28,2,0.0,197.22
US-2023-100131,2023-08-25,2023-09-01,First Class,CU-10052,Olivia Quintana,Home Office,United States,Eugene,Oregon,16969,West,OFF-ST-1131,Office Supplies,Storage,Iris File Box,167.22,6,0.0,16.21
US-2023-100132,2024-09-14,2024-09-20,Same Day,CU-10086,Olivia Parker,Consumer,United States,Seattle,Washington,29683,West,OFF-LA-1132,Office Supplies,Labels,Avery Labels,19.19,1,0.0,6.96
US-2023-100133,2024-02-25,2024-02-29,Standard Class,CU-10079,Jack Quintana,Home Office,United States,Tucson,Arizona,61170,West,OFF-LA-1133,Office Supplies,Labels,Hon Label Maker Tape,19.03,1,0.0,2.45
US-2023-100134,2024-02-04,2024-02-11,Standard Class,CU-10031,Grace Ward,Consumer,United States,Jersey City,New Jersey,41310,East,FUR-TA-1134,Furniture,Tables,Chromcraft Round Table,3410.53,11,0.2,629.76
US-2023-100135,2023-05-03,2023-05-04,First Class,CU-10056,Karen Kim,Home Office,United States,Orlando,Florida,38865,South,TEC-MA-1135,Technology,Machines,Lexmark Printer,3620.65,5,0.0,89.95
US-2023-100136,2023-07-23,2023-07-28,Same Day,CU-10020,Carla Quintana,Home Office,United States,Newark,New Jersey,19658,East,OFF-ST-1136,Office Supplies,Storage,Iris File Box,137.76,10,0.3,17.41
US-2023-100137,2024-10-07,2024-10-11,Same Day,CU-10063,Alice Quintana,Home Office,United States,Columbus,Ohio,16014,Central,OFF-ST-1137,Office Supplies,Storage,Fellowes Storage Box,431.21,13,0.0,84.75
US-2023-100138,2025-03-15,2025-03-20,First Class,CU-10028,Jack Evans,Corporate,United States,Tampa,Florida,15429,South,FUR-TA-1138,Furniture,Tables,Chromcraft Round Table,2951.4,13,0.3,125.93
US-2023-100139,2025-05-27,2025-06-02,Second Class,CU-10086,Olivia Parker,Consumer,United States,Eugene,Oregon,69627,West,OFF-AR-1139,Office Supplies,Art,Bic Pens,396.01,9,0.1,69.03
US-2023-100140,2025-05-02,2025-05-07,First Class,CU-10111,Nathan Foster,Consumer,United States,Memphis,Tennessee,29394,South,OFF-PA-1140,Office Supplies,Paper,HP Paper Ream,317.81,11,0.15,66.08
US-2023-100141,2024-10-17,2024-10-23,Standard Class,CU-10041,Carla Reed,Corporate,United States,Orlando,Florida,96043,South,OFF-BI-1141,Office Supplies,Binders,Avery Binder,505.2,10,0.0,52.15
US-2023-100142,2025-05-29,2025-05-31,Same Day,CU-10033,Rita Irwin,Home Office,United States,Dallas,Texas,42191,Central,OFF-PA-1142,Office Supplies,Paper,Xerox Paper Ream,457.16,12,0.15,56.03
US-2023-100143,2025-05-13,2025-05-17,Second Class,CU-10096,Leo Irwin,Home Office,United States,New York City,New York,53300,East,OFF-PA-1143,Office Supplies,Paper,HP Paper Ream,61.01,2,0.15,5.55
US-2023-100144,2023-09-21,2023-09-27,Standard Class,CU-10069,Frank Johnson,Consumer,United States,Columbus,Ohio,52073,Central,OFF-LA-1144,Office Supplies,Labels,Avery Labels,250.03,11,0.0,30.73
US-2023-100145,2024-01-12,2024-01-15,Same Day,CU-10086,Olivia Parker,Consumer,United States,San Diego,California,43234,West,OFF-AR-1145,Office Supplies,Art,Newell Highlighters,72.24,4,0.0,11.62
US-2023-100146,2025-09-14,2025-09-16,Second Class,CU-10064,Karen Nguyen,Corporate,United States,Phoenix,Arizona,90079,West,OFF-LA-1146,Office Supplies,Labels,Hon Label Maker Tape,222.08,9,0.5,56.42
US-2023-100147,2025-07-01,2025-07-08,Second Class,CU-10060,Henry Ortiz,Corporate,United States,Nashville,Tennessee,61134,South,FUR-CH-1147,Furniture,Chairs,Hbada Office Chair,327.81,1,0.0,7.28
US-2023-100148,2025-04-16,2025-04-20,Standard Class,CU-10077,Henry Ortiz,Home Office,United States,Memphis,Tennessee,90090,South,OFF-BI-1148,Office Supplies,Binders,Avery Binder,266.92,11,0.5,88.58
US-2023-100149,2023-06-25,2023-06-28,Standard Class,CU-10015,Ivy Foster,Consumer,United States,Pittsburgh,Pennsylvania,25281,East,OFF-PA-1149,Office Supplies,Paper,HP Paper Ream,317.65,13,0.1,50.47
US-2023-100150,2023-09-03,2023-09-05,Standard Class,CU-10089,Rita Lopez,Corporate,United States,San Francisco,California,83078,West,OFF-LA-1150,Office Supplies,Labels,Avery Labels,456.06,11,0.0,55.93
US-2023-100151,2025-12-09,2025-12-11,First Class,CU-10110,Brian Kim,Corporate,United States,Ann Arbor,Michigan,33813,Central,OFF-BI-1151,Office Supplies,Binders,Wilson Jones Binder,247.5,11,0.0,88.94
US-2023-100152,2023-01-06,2023-01-10,First Class,CU-10118,Maria Johnson,Consumer,United States,Springfield,Illinois,10387,Central,TEC-MA-1152,Technology,Machines,Cubify 3D Printer,4023.89,11,0.2,136.5
US-2023-100153,2024-09-18,2024-09-22,Second Class,CU-10043,Alice Hughes,Corporate,United States,Memphis,Tennessee,77236,South,FUR-BO-1153,Furniture,Bookcases,O'Sullivan Bookcase,3284.54,7,0.0,61.0
US-2023-100154,2023-06-21,2023-06-24,Standard Class,CU-10028,Jack Evans,Corporate,United States,Miami,Florida,98467,South,OFF-BI-1154,Office Supplies,Binders,GBC Binding System,309.52,7,0.1,85.77
US-2023-100155,2023-06-30,2023-07-03,Standard Class,CU-10078,Brian Moore,Home Office,United States,Philadelphia,Pennsylvania,28050,East,OFF-LA-1155,Office Supplies,Labels,Hon Label Maker Tape,445.7,10,0.0,93.81
US-2023-100156,2023-07-10,2023-07-12,Standard Class,CU-10048,Derek Ortiz,Corporate,United States,Atlanta,Georgia,32925,South,TEC-MA-1156,Technology,Machines,Zebra Label Printer,8950.2,12,0.0,467.56
US-2023-100157,2023-10-30,2023-10-31,Same Day,CU-10002,Henry Silva,Consumer,United States,Worcester,Massachusetts,67531,East,OFF-ST-1157,Office Supplies,Storage,SimpleHouseware Bin,353.64,12,0.0,41.94
US-2023-100158,2024-04-20,2024-04-26,First Class,CU-10019,Elena Nguyen,Corporate,United States,San Francisco,California,37521,West,TEC-CO-1158,Technology,Copiers,Canon Copier,4257.72,12,0.0,980.24
US-2023-100159,2023-04-19,2023-04-24,Standard Class,CU-10064,Karen Nguyen,Corporate,United States,Tucson,Arizona,57470,West,TEC-PH-1159,Technology,Phones,Apple iPhone,9038.77,13,0.0,2106.06
US-2023-100160,2025-12-15,2025-12-21,First Class,CU-10005,Jack Ward,Consumer,United States,Detroit,Michigan,62437,Central,OFF-AR-1160,Office Supplies,Art,Bic Pens,45.26,2,0.0,10.03
US-2023-100161,2025-07-29,2025-08-01,Second Class,CU-10099,Frank Ward,Home Office,United States,Worcester,Massachusetts,81570,East,OFF-LA-1161,Office Supplies,Labels,Hon Label Maker Tape,413.1,10,0.0,52.28
US-2023-100162,2024-05-12,2024-05-19,Standard Class,CU-10000,Alice Quintana,Consumer,United States,Raleigh,North Carolina,18442,South,TEC-CO-1162,Technology,Copiers,Canon Copier,3169.95,5,0.0,843.17
US-2023-100163,2024-10-16,2024-10-19,Standard Class,CU-10073,Aaron Foster,Consumer,United States,Boston,Massachusetts,79316,East,TEC-MA-1163,Technology,Machines,Cubify 3D Printer,3032.36,5,0.3,183.14
US-2023-100164,2023-08-16,2023-08-19,First Class,CU-10028,Jack Evans,Corporate,United States,Charlotte,North Carolina,54603,South,TEC-AC-1164,Technology,Accessories,SanDisk Flash Drive,297.25,1,0.15,41.33
US-2023-100165,2024-06-03,2024-06-04,First Class,CU-10054,Ivy Parker,Corporate,United States,Pittsburgh,Pennsylvania,33184,East,FUR-FU-1165,Furniture,Furnishings,Advantus Task Lamp,3160.14,6,0.0,394.74
US-2023-100166,2024-07-29,2024-08-05,Second Class,CU-10026,Grace Kim,Corporate,United States,Jersey City,New Jersey,12446,East,FUR-FU-1166,Furniture,Furnishings,Tenex Chairmat,3193.33,7,0.0,-98.28
US-2023-100167,2024-01-09,2024-01-16,Second Class,CU-10053,Olivia Ortiz,Consumer,United States,Newark,New Jersey,28137,East,TEC-AC-1167,Technology,Accessories,SanDisk Flash Drive,3666.39,7,0.0,594.44
US-2023-100168,2023-01-19,2023-01-26,Same Day,CU-10100,Grace Turner,Corporate,United States,Detroit,Michigan,39894,Central,OFF-PA-1168,Office Supplies,Paper,Xerox Paper Ream,75.35,2,0.3,26.11
US-2023-100169,2025-06-26,2025-06-28,First Class,CU-10034,Alice Kim,Corporate,United States,Houston,Texas,84452,Central,FUR-BO-1169,Furniture,Bookcases,Bush Cubix Bookcase,545.67,1,0.0,-32.87
US-2023-100170,2025-03-16,2025-03-21,First Class,CU-10010,Jack Irwin,Consumer,United States,Phoenix,Arizona,41145,West,TEC-AC-1170,Technology,Accessories,Logitech Mouse,4246.13,9,0.15,442.52
US-2023-100171,2023-07-03,2023-07-07,Same Day,CU-10008,Jack Diaz,Home Office,United States,New York City,New York,71743,East,OFF-AR-1171,Office Supplies,Art,Bic Pens,36.75,2,0.2,6.21
US-2023-100172,2024-12-08,2024-12-14,Same Day,CU-10105,Elena Parker,Consumer,United States,Tampa,Florida,61194,South,OFF-AR-1172,Office Supplies,Art,Sharpie Markers,87.74,3,0.3,13.91
US-2023-100173,2023-09-30,2023-10-03,First Class,CU-10040,Rita Johnson,Consumer,United States,Charlotte,North Carolina,71432,South,OFF-AR-1173,Office Supplies,Art,Newell Highlighters,147.74,9,0.1,40.25
US-2023-100174,2024-10-29,2024-10-30,Same Day,CU-10090,Rita Evans,Corporate,United States,Atlanta,Georgia,84676,South,FUR-CH-1174,Furniture,Chairs,Hbada Office Chair,796.65,3,0.15,-23.01
US-2023-100175,2024-05-23,2024-05-27,First Class,CU-10004,Derek Chavez,Corporate,United States,Worcester,Massachusetts,64179,East,OFF-ST-1175,Office Supplies,Storage,Fellowes Storage Box,467.46,9,0.0,106.86
US-2023-100176,2025-12-30,2026-01-05,First Class,CU-10014,Jack Johnson,Corporate,United States,Orlando,Florida,50551,South,OFF-ST-1176,Office Supplies,Storage,SimpleHouseware Bin,401.64,12,0.0,144.05
US-2023-100177,2024-10-07,2024-10-09,Standard Class,CU-10051,Paul Bennett,Consumer,United States,New York City,New York,61297,East,FUR-BO-1177,Furniture,Bookcases,Bush Cubix Bookcase,2304.84,6,0.15,-208.25
US-2023-100178,2025-12-05,2025-12-07,Standard Class,CU-10012,Olivia Nguyen,Consumer,United States,Tucson,Arizona,30760,West,OFF-BI-1178,Office Supplies,Binders,Avery Binder,198.85,5,0.0,59.24
US-2023-100179,2023-10-01,2023-10-08,First Class,CU-10113,Paul Moore,Corporate,United States,Portland,Oregon,33658,West,TEC-CO-1179,Technology,Copiers,Canon Copier,4579.64,13,0.0,206.68
US-2023-100180,2024-12-01,2024-12-06,Second Class,CU-10090,Rita Evans,Corporate,United States,Nashville,Tennessee,57568,South,OFF-LA-1180,Office Supplies,Labels,Avery Labels,309.02,9,0.3,40.53
US-2023-100181,2025-01-02,2025-01-08,Standard Class,CU-10026,Grace Kim,Corporate,United States,Pittsburgh,Pennsylvania,38876,East,TEC-MA-1181,Technology,Machines,Cubify 3D Printer,9018.46,13,0.15,457.59
US-2023-100182,2024-11-29,2024-12-03,First Class,CU-10009,Paul Kim,Consumer,United States,Charlotte,North Carolina,21450,South,OFF-ST-1182,Office Supplies,Storage,SimpleHouseware Bin,266.04,6,0.0,45.01
US-2023-100183,2024-04-16,2024-04-18,Standard Class,CU-10063,Alice Quintana,Home Office,United States,Ann Arbor,Michigan,25929,Central,OFF-ST-1183,Office Supplies,Storage,Fellowes Storage Box,360.4,10,0.0,59.43
US-2023-100184,2023-10-07,2023-10-12,First Class,CU-10107,Nathan Garcia,Home Office,United States,Springfield,Illinois,64590,Central,FUR-BO-1184,Furniture,Bookcases,O'Sullivan Bookcase,859.07,8,0.2,-45.86
US-2023-100185,2023-09-08,2023-09-12,Second Class,CU-10080,Sam Ortiz,Consumer,United States,Atlanta,Georgia,59453,South,TEC-PH-1185,Technology,Phones,Samsung Galaxy,2489.88,12,0.0,600.49
US-2023-100186,2025-01-17,2025-01-19,Same Day,CU-10107,Nathan Garcia,Home Office,United States,Austin,Texas,52950,Central,TEC-AC-1186,Technology,Accessories,Logitech Mouse,6785.12,8,0.0,407.66
US-2023-100187,2025-04-25,2025-04-28,Standard Class,CU-10088,Nathan Evans,Consumer,United States,Austin,Texas,64935,Central,OFF-BI-1187,Office Supplies,Binders,GBC Binding System,132.8,10,0.0,34.95
US-2023-100188,2024-11-23,2024-11-29,Same Day,CU-10062,Quinn Moore,Consumer,United States,Nashville,Tennessee,30122,South,FUR-TA-1188,Furniture,Tables,Bush Somerset Table,2670.15,7,0.0,-232.93
US-2023-100189,2024-09-22,2024-09-26,Second Class,CU-10019,Elena Nguyen,Corporate,United States,Seattle,Washington,93245,West,TEC-PH-1189,Technology,Phones,Samsung Galaxy,3065.97,13,0.3,-75.55
US-2023-100190,2024-07-22,2024-07-29,Standard Class,CU-10061,Maria Kim,Home Office,United States,Austin,Texas,86480,Central,TEC-CO-1190,Technology,Copiers,Canon Copier,9288.86,12,0.1,-60.87
US-2023-100191,2023-03-08,2023-03-13,Standard Class,CU-10112,Nathan Hughes,Consumer,United States,Portland,Oregon,86407,West,OFF-ST-1191,Office Supplies,Storage,SimpleHouseware Bin,87.88,2,0.0,25.39
US-2023-100192,2024-07-28,2024-08-01,First Class,CU-10086,Olivia Parker,Consumer,United States,Eugene,Oregon,51752,West,TEC-MA-1192,Technology,Machines,Zebra Label Printer,4509.1,10,0.0,161.76
US-2023-100193,2024-10-12,2024-10-19,Second Class,CU-10062,Quinn Moore,Consumer,United States,Charlotte,North Carolina,93399,South,TEC-PH-1193,Technology,Phones,Samsung Galaxy,3895.85,5,0.0,606.19
US-2023-100194,2023-05-17,2023-05-19,Second Class,CU-10011,Carla Turner,Corporate,United States,Cleveland,Ohio,52777,Central,FUR-FU-1194,Furniture,Furnishings,Tenex Chairmat,823.06,2,0.0,-64.71
US-2023-100195,2025-04-06,2025-04-12,Second Class,CU-10016,Alice Moore,Home Office,United States,Springfield,Illinois,68570,Central,TEC-MA-1195,Technology,Machines,Lexmark Printer,5411.42,7,0.0,1384.74
US-2023-100196,2023-07-27,2023-07-28,Second Class,CU-10042,Leo Parker,Home Office,United States,Tucson,Arizona,22580,West,FUR-CH-1196,Furniture,Chairs,Global Task Chair,834.4,2,0.0,-11.7
US-2023-100197,2023-08-19,2023-08-23,Same Day,CU-10082,Henry Reed,Corporate,United States,Pittsburgh,Pennsylvania,19779,East,OFF-ST-1197,Office Supplies,Storage,SimpleHouseware Bin,38.61,1,0.0,10.25
US-2023-100198,2024-03-28,2024-03-29,Standard Class,CU-10054,Ivy Parker,Corporate,United States,New York City,New York,11964,East,OFF-ST-1198,Office Supplies,Storage,Iris File Box,314.16,11,0.0,77.93
US-2023-100199,2024-11-24,2024-11-28,Standard Class,CU-10090,Rita Evans,Corporate,United States,Savannah,Georgia,78745,South,FUR-CH-1199,Furniture,Chairs,Global Task Chair,5780.72,11,0.0,464.84
US-2023-100200,2025-09-17,2025-09-19,First Class,CU-10092,Ivy Johnson,Consumer,United States,Tucson,Arizona,23206,West,TEC-AC-1200,Technology,Accessories,SanDisk Flash Drive,2974.4,13,0.0,398.86
US-2023-100201,2025-05-19,2025-05-22,Second Class,CU-10011,Carla Turner,Corporate,United States,Detroit,Michigan,52738,Central,OFF-BI-1201,Office Supplies,Binders,Avery Binder,288.97,11,0.0,105.02
US-2023-100202,2023-01-21,2023-01-22,First Class,CU-10024,Maria Quintana,Home Office,United States,Buffalo,New York,55216,East,OFF-LA-1202,Office Supplies,Labels,Hon Label Maker Tape,114.45,7,0.0,39.95
US-2023-100203,2025-12-17,2025-12-24,Second Class,CU-10116,Aaron Quintana,Consumer,United States,Savannah,Georgia,57764,South,TEC-AC-1203,Technology,Accessories,Logitech Mouse,1872.24,6,0.2,162.82
US-2023-100204,2025-09-26,2025-10-03,First Class,CU-10027,Ivy Bennett,Corporate,United States,Tampa,Florida,70732,South,FUR-CH-1204,Furniture,Chairs,HON Executive Chair,1134.43,6,0.1,-51.73
US-2023-100205,2024-02-13,2024-02-15,Second Class,CU-10060,Henry Ortiz,Corporate,United States,Atlanta,Georgia,29244,South,OFF-PA-1205,Office Supplies,Paper,HP Paper Ream,156.02,7,0.2,37.69
US-2023-100206,2023-02-15,2023-02-22,Second Class,CU-10051,Paul Bennett,Consumer,United States,Pittsburgh,Pennsylvania,82624,East,OFF-BI-1206,Office Supplies,Binders,GBC Binding System,38.47,2,0.15,4.2
US-2023-100207,2025-09-20,2025-09-27,Same Day,CU-10027,Ivy Bennett,Corporate,United States,Charlotte,North Carolina,57991,South,OFF-AR-1207,Office Supplies,Art,Sharpie Markers,351.26,13,0.0,79.3
US-2023-100208,2025-05-06,2025-05-08,Second Class,CU-10053,Olivia Ortiz,Consumer,United States,Newark,New Jersey,34651,East,TEC-PH-1208,Technology,Phones,Samsung Galaxy,907.6,4,0.0,38.19
US-2023-100209,2025-06-22,2025-06-23,First Class,CU-10042,Leo Parker,Home Office,United States,Seattle,Washington,12268,West,OFF-BI-1209,Office Supplies,Binders,GBC Binding System,161.46,6,0.0,15.65
US-2023-100210,2023-09-05,2023-09-07,Standard Class,CU-10034,Alice Kim,Corporate,United States,Ann Arbor,Michigan,78827,Central,TEC-CO-1210,Technology,Copiers,Canon Copier,3931.48,7,0.0,794.87
US-2023-100211,2025-03-14,2025-03-20,Same Day,CU-10057,Jack Moore,Corporate,United States,Boston,Massachusetts,99483,East,TEC-MA-1211,Technology,Machines,Lexmark Printer,3155.08,11,0.3,-5.36
US-2023-100212,2024-05-03,2024-05-09,Second Class,CU-10004,Derek Chavez,Corporate,United States,New York City,New York,18809,East,FUR-TA-1212,Furniture,Tables,Bush Somerset Table,4600.23,11,0.1,722.5
US-2023-100213,2025-04-04,2025-04-06,Standard Class,CU-10117,Ivy Parker,Home Office,United States,Pittsburgh,Pennsylvania,34330,East,OFF-BI-1213,Office Supplies,Binders,GBC Binding System,116.76,4,0.0,38.98
US-2023-100214,2025-08-01,2025-08-08,Same Day,CU-10110,Brian Kim,Corporate,United States,Springfield,Illinois,41673,Central,OFF-PA-1214,Office Supplies,Paper,Xerox Paper Ream,140.64,6,0.0,16.25
US-2023-100215,2024-10-28,2024-11-01,Standard Class,CU-10066,Alice Moore,Consumer,United States,Atlanta,Georgia,22789,South,OFF-LA-1215,Office Supplies,Labels,Hon Label Maker Tape,357.63,13,0.4,114.96
US-2023-100216,2025-10-12,2025-10-16,Second Class,CU-10067,Olivia Hughes,Corporate,United States,Miami,Florida,74892,South,OFF-LA-1216,Office Supplies,Labels,Avery Labels,208.04,4,0.0,49.75
US-2023-100217,2023-10-13,2023-10-14,Second Class,CU-10040,Rita Johnson,Consumer,United States,Charlotte,North Carolina,94333,South,FUR-FU-1217,Furniture,Furnishings,Tenex Chairmat,1479.81,7,0.1,-95.3
US-2023-100218,2023-10-14,2023-10-21,First Class,CU-10031,Grace Ward,Consumer,United States,New York City,New York,99977,East,OFF-PA-1218,Office Supplies,Paper,HP Paper Ream,313.1,10,0.0,31.7
US-2023-100219,2025-04-17,2025-04-21,Second Class,CU-10037,Maria Kim,Home Office,United States,Boston,Massachusetts,38324,East,TEC-MA-1219,Technology,Machines,Lexmark Printer,388.54,2,0.3,98.79
US-2023-100220,2023-12-24,2023-12-27,First Class,CU-10081,Henry Johnson,Consumer,United States,Spokane,Washington,13487,West,FUR-CH-1220,Furniture,Chairs,HON Executive Chair,2373.13,12,0.15,-189.5
US-2023-100221,2023-05-08,2023-05-13,Same Day,CU-10012,Olivia Nguyen,Consumer,United States,Spokane,Washington,38814,West,FUR-TA-1221,Furniture,Tables,Bush Somerset Table,4608.45,13,0.2,-272.17
US-2023-100222,2025-10-25,2025-10-28,First Class,CU-10104,Elena Quintana,Home Office,United States,Newark,New Jersey,33570,East,FUR-CH-1222,Furniture,Chairs,HON Executive Chair,1165.9,5,0.0,-47.7
US-2023-100223,2023-12-03,2023-12-08,Second Class,CU-10039,Karen Ortiz,Consumer,United States,Seattle,Washington,56977,West,OFF-PA-1223,Office Supplies,Paper,Boise Paper,283.14,11,0.1,101.89
US-2023-100224,2023-05-15,2023-05-22,Second Class,CU-10109,Henry Turner,Consumer,United States,Nashville,Tennessee,60580,South,OFF-BI-1224,Office Supplies,Binders,Wilson Jones Binder,544.4,10,0.0,53.26
US-2023-100225,2023-02-03,2023-02-04,First Class,CU-10084,Frank Bennett,Home Office,United States,Detroit,Michigan,85820,Central,TEC-AC-1225,Technology,Accessories,SanDisk Flash Drive,6778.94,12,0.1,1331.19
US-2023-100226,2024-07-29,2024-08-05,Same Day,CU-10005,Jack Ward,Consumer,United States,Houston,Texas,40511,Central,FUR-TA-1226,Furniture,Tables,Bretford Conference Table,4806.84,12,0.0,-209.43
US-2023-100227,2025-02-11,2025-02-16,Standard Class,CU-10037,Maria Kim,Home Office,United States,Buffalo,New York,73735,East,TEC-PH-1227,Technology,Phones,Cisco IP Phone,3358.6,10,0.0,878.68
US-2023-100228,2024-10-05,2024-10-10,Same Day,CU-10025,Olivia Evans,Corporate,United States,Pittsburgh,Pennsylvania,95397,East,FUR-CH-1228,Furniture,Chairs,Global Task Chair,1433.5,10,0.0,170.37
US-2023-100229,2023-12-10,2023-12-16,First Class,CU-10025,Olivia Evans,Corporate,United States,Philadelphia,Pennsylvania,90829,East,OFF-ST-1229,Office Supplies,Storage,Fellowes Storage Box,173.35,5,0.0,43.24
US-2023-100230,2024-11-08,2024-11-15,Same Day,CU-10099,Frank Ward,Home Office,United States,New York City,New York,54665,East,FUR-CH-1230,Furniture,Chairs,Hbada Office Chair,1235.9,5,0.0,159.71
US-2023-100231,2024-11-05,2024-11-12,Standard Class,CU-10101,Ivy Ortiz,Consumer,United States,Buffalo,New York,27830,East,OFF-BI-1231,Office Supplies,Binders,Wilson Jones Binder,23.67,2,0.5,3.14
US-2023-100232,2023-05-26,2023-05-31,Standard Class,CU-10050,Paul Evans,Home Office,United States,Pittsburgh,Pennsylvania,88140,East,OFF-ST-1232,Office Supplies,Storage,Fellowes Storage Box,202.29,11,0.0,56.02
US-2023-100233,2025-07-01,2025-07-04,Standard Class,CU-10066,Alice Moore,Consumer,United States,Raleigh,North Carolina,15975,South,FUR-BO-1233,Furniture,Bookcases,O'Sullivan Bookcase,434.35,1,0.0,50.87
US-2023-100234,2025-12-21,2025-12-28,Same Day,CU-10084,Frank Bennett,Home Office,United States,Detroit,Michigan,48361,Central,FUR-BO-1234,Furniture,Bookcases,O'Sullivan Bookcase,487.79,1,0.0,31.45
US-2023-100235,2023-11-09,2023-11-15,Standard Class,CU-10106,Olivia Johnson,Home Office,United States,Philadelphia,Pennsylvania,89769,East,TEC-AC-1235,Technology,Accessories,Kensington Keyboard,1529.76,2,0.0,173.31
US-2023-100236,2023-05-03,2023-05-08,First Class,CU-10110,Brian Kim,Corporate,United States,Cleveland,Ohio,37492,Central,OFF-PA-1236,Office Supplies,Paper,Xerox Paper Ream,173.3,5,0.0,29.13
US-2023-100237,2025-04-19,2025-04-21,Standard Class,CU-10103,Olivia Ward,Corporate,United States,Seattle,Washington,31377,West,TEC-PH-1237,Technology,Phones,Apple iPhone,2094.98,8,0.1,469.9
US-2023-100238,2024-04-23,2024-04-25,Same Day,CU-10068,Leo Bennett,Consumer,United States,New York City,New York,63291,East,TEC-PH-1238,Technology,Phones,Apple iPhone,2547.25,13,0.15,-21.5
US-2023-100239,2024-01-12,2024-01-18,Second Class,CU-10101,Ivy Ortiz,Consumer,United States,Pittsburgh,Pennsylvania,59972,East,OFF-BI-1239,Office Supplies,Binders,Avery Binder,304.85,13,0.0,32.67
US-2023-100240,2024-11-01,2024-11-06,Same Day,CU-10026,Grace Kim,Corporate,United States,Worcester,Massachusetts,39680,East,TEC-CO-1240,Technology,Copiers,Canon Copier,3644.59,11,0.1,215.85
US-2023-100241,2024-08-08,2024-08-15,Same Day,CU-10064,Karen Nguyen,Corporate,United States,Eugene,Oregon,57486,West,OFF-LA-1241,Office Supplies,Labels,Avery Labels,232.4,7,0.0,32.77
US-2023-100242,2023-05-31,2023-06-01,Standard Class,CU-10102,Ivy Garcia,Corporate,United States,Ann Arbor,Michigan,16175,Central,FUR-BO-1242,Furniture,Bookcases,O'Sullivan Bookcase,1163.4,10,0.3,136.94
US-2023-100243,2023-03-02,2023-03-07,Standard Class,CU-10101,Ivy Ortiz,Consumer,United States,Newark,New Jersey,96126,East,TEC-CO-1243,Technology,Copiers,Hewlett Packard Copier,5986.0,10,0.0,1072.58
US-2023-100244,2023-03-06,2023-03-11,Second Class,CU-10022,Alice Ward,Consumer,United States,Charlotte,North Carolina,53323,South,TEC-MA-1244,Technology,Machines,Cubify 3D Printer,4017.78,13,0.0,529.67
US-2023-100245,2025-07-07,2025-07-12,Second Class,CU-10006,Nathan Quintana,Home Office,United States,San Francisco,California,81121,West,OFF-ST-1245,Office Supplies,Storage,Iris File Box,274.99,8,0.15,72.18
US-2023-100246,2025-05-25,2025-05-30,Second Class,CU-10113,Paul Moore,Corporate,United States,Portland,Oregon,18136,West,FUR-TA-1246,Furniture,Tables,Bretford Conference Table,1117.25,4,0.2,115.88
US-2023-100247,2024-03-13,2024-03-18,Same Day,CU-10021,Nathan Irwin,Consumer,United States,Miami,Florida,87768,South,TEC-AC-1247,Technology,Accessories,Kensington Keyboard,4817.04,8,0.0,500.37
US-2023-100248,2023-02-09,2023-02-15,Second Class,CU-10044,Olivia Reed,Corporate,United States,Portland,Oregon,55463,West,FUR-CH-1248,Furniture,Chairs,Hbada Office Chair,414.08,2,0.0,75.88
US-2023-100249,2025-12-16,2025-12-18,Same Day,CU-10113,Paul Moore,Corporate,United States,Los Angeles,California,64778,West,TEC-MA-1249,Technology,Machines,Lexmark Printer,2901.2,5,0.2,9.42
US-2023-100250,2025-09-14,2025-09-21,First Class,CU-10022,Alice Ward,Consumer,United States,Atlanta,Georgia,83749,South,TEC-PH-1250,Technology,Phones,Cisco IP Phone,5994.65,12,0.1,200.95
US-2023-100251,2025-01-13,2025-01-17,First Class,CU-10023,Henry Silva,Home Office,United States,Buffalo,New York,94334,East,TEC-AC-1251,Technology,Accessories,Kensington Keyboard,4273.39,11,0.0,1077.34
US-2023-100252,2023-03-03,2023-03-07,Second Class,CU-10093,Carla Irwin,Home Office,United States,Jersey City,New Jersey,23124,East,OFF-ST-1252,Office Supplies,Storage,Iris File Box,33.22,2,0.0,10.66
US-2023-100253,2023-01-23,2023-01-25,Second Class,CU-10109,Henry Turner,Consumer,United States,Raleigh,North Carolina,23589,South,FUR-BO-1253,Furniture,Bookcases,Bush Cubix Bookcase,2026.37,8,0.1,351.9
US-2023-100254,2025-11-21,2025-11-28,Standard Class,CU-10005,Jack Ward,Consumer,United States,Ann Arbor,Michigan,96227,Central,OFF-LA-1254,Office Supplies,Labels,Hon Label Maker Tape,321.33,9,0.1,24.08
US-2023-100255,2025-09-23,2025-09-28,Same Day,CU-10020,Carla Quintana,Home Office,United States,Boston,Massachusetts,32484,East,FUR-CH-1255,Furniture,Chairs,Hbada Office Chair,2383.92,7,0.0,4.57
US-2023-100256,2023-06-01,2023-06-05,Standard Class,CU-10106,Olivia Johnson,Home Office,United States,Philadelphia,Pennsylvania,67935,East,FUR-FU-1256,Furniture,Furnishings,Tenex Chairmat,1249.65,5,0.0,62.21
US-2023-100257,2025-04-11,2025-04-18,First Class,CU-10039,Karen Ortiz,Consumer,United States,Spokane,Washington,71047,West,FUR-TA-1257,Furniture,Tables,Bretford Conference Table,1288.32,4,0.0,109.89
US-2023-100258,2023-05-07,2023-05-13,Second Class,CU-10029,Nathan Ortiz,Corporate,United States,Jersey City,New Jersey,11422,East,OFF-AR-1258,Office Supplies,Art,Bic Pens,15.08,1,0.1,5.56
US-2023-100259,2024-12-22,2024-12-26,Standard Class,CU-10076,Rita Garcia,Home Office,United States,Detroit,Michigan,93355,Central,OFF-LA-1259,Office Supplies,Labels,Avery Labels,303.19,9,0.2,32.35
US-2023-100260,2024-02-22,2024-02-23,Standard Class,CU-10034,Alice Kim,Corporate,United States,Detroit,Michigan,50597,Central,FUR-BO-1260,Furniture,Bookcases,Bush Cubix Bookcase,314.23,1,0.0,-15.78
US-2023-100261,2023-04-06,2023-04-09,Second Class,CU-10102,Ivy Garcia,Corporate,United States,Ann Arbor,Michigan,46616,Central,OFF-LA-1261,Office Supplies,Labels,Hon Label Maker Tape,35.07,2,0.3,3.39
US-2023-100262,2025-10-23,2025-10-30,Second Class,CU-10068,Leo Bennett,Consumer,United States,Boston,Massachusetts,65277,East,OFF-ST-1262,Office Supplies,Storage,SimpleHouseware Bin,267.12,6,0.0,30.25
US-2023-100263,2025-05-30,2025-06-01,Standard Class,CU-10094,Derek Hughes,Corporate,United States,Columbus,Ohio,54482,Central,TEC-MA-1263,Technology,Machines,Lexmark Printer,5003.47,11,0.15,256.88
US-2023-100264,2023-11-25,2023-11-27,Same Day,CU-10045,Henry Reed,Home Office,United States,Ann Arbor,Michigan,61408,Central,TEC-CO-1264,Technology,Copiers,Canon Copier,10230.36,12,0.0,2552.96
US-2023-100265,2023-06-13,2023-06-16,First Class,CU-10085,Brian Chavez,Consumer,United States,Columbus,Ohio,66713,Central,OFF-PA-1265,Office Supplies,Paper,Boise Paper,64.0,4,0.0,21.53
US-2023-100266,2025-02-05,2025-02-09,Same Day,CU-10022,Alice Ward,Consumer,United States,Atlanta,Georgia,61737,South,FUR-CH-1266,Furniture,Chairs,Global Task Chair,1957.05,11,0.15,250.49
US-2023-100267,2023-11-11,2023-11-18,Standard Class,CU-10031,Grace Ward,Consumer,United States,Pittsburgh,Pennsylvania,47814,East,TEC-CO-1267,Technology,Copiers,Hewlett Packard Copier,5736.81,11,0.2,1537.06
US-2023-100268,2023-09-14,2023-09-20,Second Class,CU-10047,Quinn Garcia,Corporate,United States,Newark,New Jersey,85661,East,TEC-MA-1268,Technology,Machines,Zebra Label Printer,3507.12,6,0.0,132.33
US-2023-100269,2025-01-25,2025-01-28,Second Class,CU-10109,Henry Turner,Consumer,United States,Savannah,Georgia,52054,South,OFF-PA-1269,Office Supplies,Paper,HP Paper Ream,555.94,11,0.0,134.79
US-2023-100270,2023-11-27,2023-12-02,First Class,CU-10068,Leo Bennett,Consumer,United States,Philadelphia,Pennsylvania,77107,East,OFF-PA-1270,Office Supplies,Paper,Xerox Paper Ream,270.32,8,0.0,85.25
US-2023-100271,2023-03-14,2023-03-17,First Class,CU-10078,Brian Moore,Home Office,United States,Worcester,Massachusetts,70425,East,FUR-FU-1271,Furniture,Furnishings,Eldon Desk Lamp,1674.57,8,0.15,-47.5
US-2023-100272,2023-07-07,2023-07-09,Same Day,CU-10058,Aaron Diaz,Consumer,United States,Portland,Oregon,83768,West,OFF-LA-1272,Office Supplies,Labels,Avery Labels,522.72,12,0.2,62.6
US-2023-100273,2024-08-18,2024-08-19,Standard Class,CU-10113,Paul Moore,Corporate,United States,Spokane,Washington,52156,West,OFF-LA-1273,Office Supplies,Labels,Hon Label Maker Tape,162.29,7,0.2,45.91
US-2023-100274,2024-07-10,2024-07-17,Standard Class,CU-10037,Maria Kim,Home Office,United States,New York City,New York,87449,East,OFF-BI-1274,Office Supplies,Binders,Wilson Jones Binder,299.13,13,0.0,33.46
US-2023-100275,2025-11-19,2025-11-21,First Class,CU-10039,Karen Ortiz,Consumer,United States,Eugene,Oregon,46930,West,FUR-FU-1275,Furniture,Furnishings,Tenex Chairmat,2193.41,8,0.2,14.44
US-2023-100276,2024-04-14,2024-04-16,Standard Class,CU-10030,Rita Parker,Consumer,United States,Cleveland,Ohio,59953,Central,FUR-FU-1276,Furniture,Furnishings,Eldon Desk Lamp,3026.88,6,0.0,-31.4
US-2023-100277,2023-02-07,2023-02-10,Second Class,CU-10066,Alice Moore,Consumer,United States,Savannah,Georgia,85995,South,FUR-CH-1277,Furniture,Chairs,Global Task Chair,2679.71,7,0.1,-193.12
US-2023-100278,2024-08-07,2024-08-09,Same Day,CU-10025,Olivia Evans,Corporate,United States,Worcester,Massachusetts,30276,East,TEC-MA-1278,Technology,Machines,Zebra Label Printer,980.79,3,0.0,-19.73
US-2023-100279,2023-02-08,2023-02-14,First Class,CU-10063,Alice Quintana,Home Office,United States,Detroit,Michigan,57257,Central,TEC-PH-1279,Technology,Phones,Samsung Galaxy,7834.76,11,0.1,1349.51
US-2023-100280,2024-04-23,2024-04-28,Standard Class,CU-10090,Rita Evans,Corporate,United States,Memphis,Tennessee,85699,South,OFF-BI-1280,Office Supplies,Binders,Avery Binder,52.65,1,0.0,14.35
US-2023-100281,2025-06-13,2025-06-20,First Class,CU-10034,Alice Kim,Corporate,United States,Houston,Texas,56263,Central,TEC-CO-1281,Technology,Copiers,Canon Copier,712.78,1,0.0,117.31
US-2023-100282,2023-04-22,2023-04-24,Standard Class,CU-10063,Alice Quintana,Home Office,United States,Dallas,Texas,71815,Central,FUR-BO-1282,Furniture,Bookcases,Sauder Bookcase,2469.15,9,0.0,265.6
US-2023-100283,2025-02-20,2025-02-24,Standard Class,CU-10069,Frank Johnson,Consumer,United States,Detroit,Michigan,62169,Central,TEC-MA-1283,Technology,Machines,Lexmark Printer,351.54,1,0.5,78.74
US-2023-100284,2024-08-01,2024-08-06,First Class,CU-10102,Ivy Garcia,Corporate,United States,Springfield,Illinois,20712,Central,TEC-AC-1284,Technology,Accessories,Kensington Keyboard,6953.31,13,0.0,1034.36
US-2023-100285,2023-11-01,2023-11-03,Second Class,CU-10076,Rita Garcia,Home Office,United States,Springfield,Illinois,13595,Central,FUR-TA-1285,Furniture,Tables,Bush Somerset Table,345.86,3,0.2,37.37
US-2023-100286,2024-05-01,2024-05-02,First Class,CU-10057,Jack Moore,Corporate,United States,Jersey City,New Jersey,14864,East,OFF-PA-1286,Office Supplies,Paper,Xerox Paper Ream,310.44,6,0.0,84.98
US-2023-100287,2025-08-20,2025-08-27,Same Day,CU-10116,Aaron Quintana,Consumer,United States,Memphis,Tennessee,50608,South,OFF-AR-1287,Office Supplies,Art,Newell Highlighters,119.93,3,0.15,16.38
US-2023-100288,2024-08-22,2024-08-26,Standard Class,CU-10024,Maria Quintana,Home Office,United States,Worcester,Massachusetts,80823,East,OFF-AR-1288,Office Supplies,Art,Sharpie Markers,215.91,9,0.0,18.07
US-2023-100289,2024-02-22,2024-02-26,First Class,CU-10065,Karen Moore,Consumer,United States,Pittsburgh,Pennsylvania,43881,East,FUR-BO-1289,Furniture,Bookcases,Bush Cubix Bookcase,1790.72,8,0.0,233.25
US-2023-100290,2024-11-13,2024-11-16,Standard Class,CU-10033,Rita Irwin,Home Office,United States,Chicago,Illinois,77300,Central,OFF-LA-1290,Office Supplies,Labels,Hon Label Maker Tape,471.87,10,0.1,94.14
US-2023-100291,2023-01-08,2023-01-12,First Class,CU-10117,Ivy Parker,Home Office,United States,Pittsburgh,Pennsylvania,60123,East,OFF-ST-1291,Office Supplies,Storage,SimpleHouseware Bin,60.26,2,0.0,11.64
US-2023-100292,2023-11-25,2023-12-02,Standard Class,CU-10026,Grace Kim,Corporate,United States,Buffalo,New York,34711,East,OFF-AR-1292,Office Supplies,Art,Newell Highlighters,23.11,1,0.0,3.12
US-2023-100293,2023-06-07,2023-06-10,Second Class,CU-10039,Karen Ortiz,Consumer,United States,Eugene,Oregon,29963,West,FUR-BO-1293,Furniture,Bookcases,Sauder Bookcase,717.22,2,0.0,46.27
US-2023-100294,2024-03-24,2024-03-25,First Class,CU-10059,Derek Diaz,Consumer,United States,Detroit,Michigan,98801,Central,FUR-BO-1294,Furniture,Bookcases,Sauder Bookcase,975.67,2,0.1,81.07
US-2023-100295,2025-03-14,2025-03-15,Second Class,CU-10047,Quinn Garcia,Corporate,United States,Boston,Massachusetts,99735,East,OFF-PA-1295,Office Supplies,Paper,HP Paper Ream,121.04,6,0.3,13.89
US-2023-100296,2024-06-12,2024-06-15,First Class,CU-10080,Sam Ortiz,Consumer,United States,Charlotte,North Carolina,58004,South,FUR-FU-1296,Furniture,Furnishings,Tenex Chairmat,3736.46,12,0.15,-206.42
US-2023-100297,2023-06-17,2023-06-22,First Class,CU-10014,Jack Johnson,Corporate,United States,Atlanta,Georgia,10673,South,OFF-BI-1297,Office Supplies,Binders,Avery Binder,142.49,12,0.15,52.7
US-2023-100298,2025-08-15,2025-08-17,First Class,CU-10014,Jack Johnson,Corporate,United States,Raleigh,North Carolina,63485,South,OFF-BI-1298,Office Supplies,Binders,Avery Binder,337.5,9,0.0,94.22
US-2023-100299,2024-09-24,2024-09-26,First Class,CU-10109,Henry Turner,Consumer,United States,Raleigh,North Carolina,11006,South,OFF-LA-1299,Office Supplies,Labels,Hon Label Maker Tape,183.19,7,0.0,26.27
US-2023-100300,2023-06-20,2023-06-27,Standard Class,CU-10100,Grace Turner,Corporate,United States,Houston,Texas,96191,Central,FUR-FU-1300,Furniture,Furnishings,Tenex Chairmat,1211.08,4,0.0,168.95
US-2023-100301,2024-12-12,2024-12-19,First Class,CU-10111,Nathan Foster,Consumer,United States,Miami,Florida,11062,South,FUR-FU-1301,Furniture,Furnishings,Tenex Chairmat,4141.2,12,0.0,-219.04
US-2023-100302,2023-12-23,2023-12-25,Second Class,CU-10081,Henry Johnson,Consumer,United States,Phoenix,Arizona,38840,West,TEC-CO-1302,Technology,Copiers,Hewlett Packard Copier,1205.36,2,0.0,160.17
US-2023-100303,2025-07-07,2025-07-09,Second Class,CU-10019,Elena Nguyen,Corporate,United States,Eugene,Oregon,83756,West,OFF-BI-1303,Office Supplies,Binders,Avery Binder,113.08,9,0.3,25.07
US-2023-100304,2023-08-01,2023-08-06,Standard Class,CU-10081,Henry Johnson,Consumer,United States,Portland,Oregon,15971,West,TEC-AC-1304,Technology,Accessories,Logitech Mouse,3113.52,8,0.0,472.87
US-2023-100305,2025-03-28,2025-03-30,Same Day,CU-10059,Derek Diaz,Consumer,United States,Austin,Texas,59405,Central,FUR-TA-1305,Furniture,Tables,Bretford Conference Table,2951.17,8,0.2,-21.06
US-2023-100306,2025-08-08,2025-08-12,Second Class,CU-10005,Jack Ward,Consumer,United States,Springfield,Illinois,32036,Central,FUR-TA-1306,Furniture,Tables,Bush Somerset Table,1733.47,13,0.2,135.61
US-2023-100307,2023-11-04,2023-11-10,Second Class,CU-10008,Jack Diaz,Home Office,United States,New York City,New York,90036,East,OFF-AR-1307,Office Supplies,Art,Bic Pens,27.0,2,0.15,4.26
US-2023-100308,2024-06-19,2024-06-25,Second Class,CU-10053,Olivia Ortiz,Consumer,United States,Jersey City,New Jersey,45392,East,OFF-PA-1308,Office Supplies,Paper,Boise Paper,213.07,13,0.0,29.92
US-2023-100309,2024-01-20,2024-01-26,First Class,CU-10071,Elena Johnson,Home Office,United States,Chicago,Illinois,44018,Central,OFF-ST-1309,Office Supplies,Storage,SimpleHouseware Bin,38.14,2,0.2,9.56
US-2023-100310,2024-05-29,2024-06-04,Second Class,CU-10045,Henry Reed,Home Office,United States,Dallas,Texas,26587,Central,OFF-PA-1310,Office Supplies,Paper,Xerox Paper Ream,497.37,13,0.1,35.56
US-2023-100311,2024-09-24,2024-09-29,Second Class,CU-10107,Nathan Garcia,Home Office,United States,Chicago,Illinois,67826,Central,TEC-CO-1311,Technology,Copiers,Canon Copier,2554.81,6,0.4,276.67
US-2023-100312,2025-01-16,2025-01-23,Second Class,CU-10094,Derek Hughes,Corporate,United States,Houston,Texas,65560,Central,FUR-FU-1312,Furniture,Furnishings,Advantus Task Lamp,3707.45,9,0.1,180.41
US-2023-100313,2023-08-05,2023-08-07,Standard Class,CU-10101,Ivy Ortiz,Consumer,United States,Buffalo,New York,50142,East,OFF-PA-1313,Office Supplies,Paper,Boise Paper,96.14,6,0.3,17.51
US-2023-100314,2025-09-28,2025-10-01,Standard Class,CU-10078,Brian Moore,Home Office,United States,New York City,New York,88217,East,OFF-AR-1314,Office Supplies,Art,Newell Highlighters,42.78,1,0.2,12.28
US-2023-100315,2023-01-13,2023-01-20,Second Class,CU-10078,Brian Moore,Home Office,United States,Philadelphia,Pennsylvania,80281,East,OFF-AR-1315,Office Supplies,Art,Sharpie Markers,87.72,4,0.0,23.49
US-2023-100316,2025-06-16,2025-06-22,Standard Class,CU-10064,Karen Nguyen,Corporate,United States,Spokane,Washington,86522,West,OFF-PA-1316,Office Supplies,Paper,Boise Paper,329.98,8,0.2,113.78
US-2023-100317,2024-03-03,2024-03-10,Standard Class,CU-10015,Ivy Foster,Consumer,United States,Pittsburgh,Pennsylvania,27587,East,FUR-BO-1317,Furniture,Bookcases,Sauder Bookcase,1407.12,6,0.0,261.67
US-2023-100318,2023-03-01,2023-03-08,Second Class,CU-10084,Frank Bennett,Home Office,United States,Detroit,Michigan,37161,Central,OFF-AR-1318,Office Supplies,Art,Bic Pens,199.85,5,0.0,70.21
US-2023-100319,2025-01-16,2025-01-18,Same Day,CU-10045,Henry Reed,Home Office,United States,Cleveland,Ohio,34554,Central,OFF-AR-1319,Office Supplies,Art,Bic Pens,156.17,9,0.1,23.61
US-2023-100320,2024-12-14,2024-12-16,First Class,CU-10110,Brian Kim,Corporate,United States,Springfield,Illinois,72000,Central,OFF-PA-1320,Office Supplies,Paper,Xerox Paper Ream,62.1,3,0.0,6.75
US-2023-100321,2025-03-14,2025-03-21,First Class,CU-10014,Jack Johnson,Corporate,United States,Atlanta,Georgia,15113,South,FUR-FU-1321,Furniture,Furnishings,Advantus Task Lamp,366.84,1,0.15,56.1
US-2023-100322,2023-03-20,2023-03-26,Standard Class,CU-10004,Derek Chavez,Corporate,United States,Philadelphia,Pennsylvania,76156,East,FUR-CH-1322,Furniture,Chairs,HON Executive Chair,1581.42,13,0.2,145.25
US-2023-100323,2023-03-15,2023-03-20,Second Class,CU-10017,Quinn Chavez,Consumer,United States,Detroit,Michigan,39857,Central,FUR-BO-1323,Furniture,Bookcases,Sauder Bookcase,2203.12,8,0.0,-97.29
US-2023-100324,2023-02-20,2023-02-21,Standard Class,CU-10102,Ivy Garcia,Corporate,United States,Austin,Texas,64071,Central,OFF-LA-1324,Office Supplies,Labels,Hon Label Maker Tape,695.37,13,0.0,197.82
US-2023-100325,2023-03-12,2023-03-17,First Class,CU-10027,Ivy Bennett,Corporate,United States,Miami,Florida,98611,South,FUR-BO-1325,Furniture,Bookcases,O'Sullivan Bookcase,3918.96,8,0.1,443.74
US-2023-100326,2024-06-07,2024-06-12,Same Day,CU-10040,Rita Johnson,Consumer,United States,Miami,Florida,54235,South,OFF-LA-1326,Office Supplies,Labels,Hon Label Maker Tape,23.84,1,0.3,3.51
US-2023-100327,2025-06-24,2025-06-26,First Class,CU-10003,Alice Ortiz,Corporate,United States,Tampa,Florida,12416,South,TEC-PH-1327,Technology,Phones,Apple iPhone,3569.28,12,0.0,101.76
US-2023-100328,2023-09-26,2023-09-30,First Class,CU-10058,Aaron Diaz,Consumer,United States,Portland,Oregon,78534,West,OFF-AR-1328,Office Supplies,Art,Newell Highlighters,132.0,8,0.0,46.14
US-2023-100329,2023-12-06,2023-12-13,Same Day,CU-10097,Sam Chavez,Consumer,United States,Ann Arbor,Michigan,18581,Central,TEC-AC-1329,Technology,Accessories,SanDisk Flash Drive,1214.76,6,0.0,3.46
US-2023-100330,2024-11-18,2024-11-21,Same Day,CU-10020,Carla Quintana,Home Office,United States,Jersey City,New Jersey,35252,East,OFF-AR-1330,Office Supplies,Art,Sharpie Markers,88.58,2,0.0,6.55
US-2023-100331,2023-03-24,2023-03-27,Second Class,CU-10100,Grace Turner,Corporate,United States,Springfield,Illinois,27535,Central,TEC-CO-1331,Technology,Copiers,Canon Copier,2356.16,10,0.2,407.98
US-2023-100332,2023-11-20,2023-11-25,Second Class,CU-10041,Carla Reed,Corporate,United States,Atlanta,Georgia,95868,South,FUR-CH-1332,Furniture,Chairs,Global Task Chair,1172.29,7,0.0,-70.61
US-2023-100333,2023-09-22,2023-09-24,Same Day,CU-10029,Nathan Ortiz,Corporate,United States,Pittsburgh,Pennsylvania,60059,East,TEC-MA-1333,Technology,Machines,Lexmark Printer,6600.24,8,0.0,29.37
US-2023-100334,2023-11-21,2023-11-24,First Class,CU-10033,Rita Irwin,Home Office,United States,Ann Arbor,Michigan,13357,Central,OFF-LA-1334,Office Supplies,Labels,Avery Labels,468.0,13,0.0,101.41
US-2023-100335,2023-10-30,2023-11-05,Standard Class,CU-10010,Jack Irwin,Consumer,United States,San Diego,California,52936,West,OFF-PA-1335,Office Supplies,Paper,Xerox Paper Ream,14.28,1,0.1,1.31
US-2023-100336,2025-07-09,2025-07-12,Standard Class,CU-10007,Nathan Quintana,Corporate,United States,San Francisco,California,67748,West,TEC-PH-1336,Technology,Phones,Samsung Galaxy,2303.5,13,0.4,341.91
US-2023-100337,2025-01-26,2025-01-31,Second Class,CU-10068,Leo Bennett,Consumer,United States,Jersey City,New Jersey,13024,East,OFF-LA-1337,Office Supplies,Labels,Avery Labels,183.82,7,0.0,49.52
US-2023-100338,2023-02-07,2023-02-09,Second Class,CU-10012,Olivia Nguyen,Consumer,United States,Los Angeles,California,41746,West,OFF-BI-1338,Office Supplies,Binders,Avery Binder,273.51,9,0.0,54.71
US-2023-100339,2024-11-10,2024-11-16,Standard Class,CU-10087,Maria Kim,Consumer,United States,Raleigh,North Carolina,12383,South,OFF-ST-1339,Office Supplies,Storage,Fellowes Storage Box,580.32,13,0.0,124.05
US-2023-100340,2023-05-29,2023-06-05,Second Class,CU-10057,Jack Moore,Corporate,United States,Philadelphia,Pennsylvania,63965,East,TEC-MA-1340,Technology,Machines,Zebra Label Printer,2322.1,10,0.0,-51.9
US-2023-100341,2023-12-18,2023-12-19,Same Day,CU-10013,Henry Reed,Consumer,United States,Tucson,Arizona,19160,West,OFF-LA-1341,Office Supplies,Labels,Hon Label Maker Tape,224.19,9,0.0,65.29
US-2023-100342,2023-04-17,2023-04-18,Same Day,CU-10094,Derek Hughes,Corporate,United States,Chicago,Illinois,46584,Central,OFF-BI-1342,Office Supplies,Binders,Wilson Jones Binder,419.04,10,0.1,135.8
US-2023-100343,2023-04-12,2023-04-18,Standard Class,CU-10106,Olivia Johnson,Home Office,United States,Jersey City,New Jersey,41621,East,TEC-PH-1343,Technology,Phones,Samsung Galaxy,871.28,4,0.0,69.71
US-2023-100344,2024-01-01,2024-01-05,First Class,CU-10067,Olivia Hughes,Corporate,United States,Memphis,Tennessee,55269,South,OFF-PA-1344,Office Supplies,Paper,Xerox Paper Ream,237.15,5,0.0,23.96
US-2023-100345,2024-05-09,2024-05-14,Standard Class,CU-10099,Frank Ward,Home Office,United States,Boston,Massachusetts,39604,East,TEC-AC-1345,Technology,Accessories,Logitech Mouse,1334.1,6,0.0,-24.53
US-2023-100346,2023-08-08,2023-08-12,Second Class,CU-10035,Olivia Evans,Corporate,United States,Savannah,Georgia,62662,South,OFF-ST-1346,Office Supplies,Storage,SimpleHouseware Bin,367.65,9,0.0,63.92
US-2023-100347,2025-08-04,2025-08-09,First Class,CU-10015,Ivy Foster,Consumer,United States,Pittsburgh,Pennsylvania,13267,East,OFF-PA-1347,Office Supplies,Paper,Xerox Paper Ream,164.16,9,0.0,55.46
US-2023-100348,2025-08-09,2025-08-15,Standard Class,CU-10001,Maria Johnson,Corporate,United States,Orlando,Florida,35806,South,OFF-ST-1348,Office Supplies,Storage,SimpleHouseware Bin,51.4,1,0.0,18.31
US-2023-100349,2023-06-02,2023-06-09,Standard Class,CU-10057,Jack Moore,Corporate,United States,Worcester,Massachusetts,34165,East,FUR-TA-1349,Furniture,Tables,Chromcraft Round Table,1934.93,9,0.4,61.5
US-2023-100350,2025-08-21,2025-08-22,Standard Class,CU-10047,Quinn Garcia,Corporate,United States,Newark,New Jersey,72275,East,FUR-FU-1350,Furniture,Furnishings,Eldon Desk Lamp,5189.5,10,0.0,-347.43
US-2023-100351,2024-06-08,2024-06-13,Second Class,CU-10102,Ivy Garcia,Corporate,United States,Dallas,Texas,32653,Central,OFF-LA-1351,Office Supplies,Labels,Avery Labels,478.18,12,0.2,107.48
US-2023-100352,2025-08-17,2025-08-21,Second Class,CU-10086,Olivia Parker,Consumer,United States,San Diego,California,65802,West,FUR-TA-1352,Furniture,Tables,Chromcraft Round Table,1036.77,7,0.0,-31.49
US-2023-100353,2023-03-12,2023-03-18,Second Class,CU-10085,Brian Chavez,Consumer,United States,Houston,Texas,57579,Central,TEC-CO-1353,Technology,Copiers,Canon Copier,3240.6,5,0.0,52.68
US-2023-100354,2025-01-12,2025-01-13,First Class,CU-10104,Elena Quintana,Home Office,United States,Worcester,Massachusetts,16835,East,TEC-CO-1354,Technology,Copiers,Hewlett Packard Copier,2316.68,8,0.5,102.79
US-2023-100355,2023-06-15,2023-06-19,Same Day,CU-10118,Maria Johnson,Consumer,United States,Chicago,Illinois,42792,Central,FUR-CH-1355,Furniture,Chairs,HON Executive Chair,1897.68,8,0.0,-166.75
US-2023-100356,2023-04-22,2023-04-29,First Class,CU-10017,Quinn Chavez,Consumer,United States,Chicago,Illinois,10089,Central,TEC-AC-1356,Technology,Accessories,Logitech Mouse,3414.24,5,0.1,470.39
US-2023-100357,2023-02-02,2023-02-03,Second Class,CU-10019,Elena Nguyen,Corporate,United States,Tucson,Arizona,81059,West,TEC-CO-1357,Technology,Copiers,Canon Copier,2181.78,12,0.15,229.84
US-2023-100358,2024-01-18,2024-01-19,Same Day,CU-10046,Paul Irwin,Consumer,United States,Spokane,Washington,49528,West,TEC-CO-1358,Technology,Copiers,Canon Copier,3643.65,9,0.0,947.46
US-2023-100359,2024-07-05,2024-07-09,Second Class,CU-10095,Maria Nguyen,Home Office,United States,Columbus,Ohio,60786,Central,OFF-ST-1359,Office Supplies,Storage,Iris File Box,200.09,6,0.3,69.96
US-2023-100360,2023-11-07,2023-11-11,Same Day,CU-10040,Rita Johnson,Consumer,United States,Charlotte,North Carolina,28777,South,OFF-LA-1360,Office Supplies,Labels,Hon Label Maker Tape,399.24,10,0.1,117.31
US-2023-100361,2024-11-07,2024-11-11,First Class,CU-10035,Olivia Evans,Corporate,United States,Raleigh,North Carolina,78246,South,TEC-PH-1361,Technology,Phones,Samsung Galaxy,1841.98,8,0.2,340.98
US-2023-100362,2024-01-08,2024-01-11,First Class,CU-10049,Leo Diaz,Corporate,United States,Worcester,Massachusetts,54689,East,OFF-ST-1362,Office Supplies,Storage,SimpleHouseware Bin,33.92,1,0.15,8.15
US-2023-100363,2024-04-15,2024-04-21,Same Day,CU-10073,Aaron Foster,Consumer,United States,Newark,New Jersey,77982,East,TEC-MA-1363,Technology,Machines,Cubify 3D Printer,5230.8,10,0.4,1285.07
US-2023-100364,2025-10-01,2025-10-06,Same Day,CU-10101,Ivy Ortiz,Consumer,United States,New York City,New York,55536,East,TEC-AC-1364,Technology,Accessories,Kensington Keyboard,5532.8,7,0.0,466.32
US-2023-100365,2025-12-22,2025-12-26,Standard Class,CU-10081,Henry Johnson,Consumer,United States,San Diego,California,24793,West,TEC-PH-1365,Technology,Phones,Cisco IP Phone,1631.91,7,0.0,182.84
US-2023-100366,2024-11-18,2024-11-23,First Class,CU-10035,Olivia Evans,Corporate,United States,Memphis,Tennessee,89729,South,OFF-PA-1366,Office Supplies,Paper,Boise Paper,53.34,3,0.3,12.44
US-2023-100367,2024-05-04,2024-05-06,First Class,CU-10016,Alice Moore,Home Office,United States,Springfield,Illinois,59787,Central,OFF-ST-1367,Office Supplies,Storage,Iris File Box,180.54,13,0.2,59.42
US-2023-100368,2023-11-05,2023-11-08,First Class,CU-10017,Quinn Chavez,Consumer,United States,Columbus,Ohio,73995,Central,TEC-MA-1368,Technology,Machines,Lexmark Printer,5226.29,7,0.1,649.61
US-2023-100369,2024-10-24,2024-10-28,Standard Class,CU-10009,Paul Kim,Consumer,United States,Memphis,Tennessee,37609,South,TEC-PH-1369,Technology,Phones,Apple iPhone,8638.3,11,0.0,1910.45
US-2023-100370,2023-07-17,2023-07-23,First Class,CU-10119,Frank Nguyen,Home Office,United States,New York City,New York,77074,East,OFF-PA-1370,Office Supplies,Paper,Xerox Paper Ream,115.8,5,0.2,17.02
US-2023-100371,2023-06-19,2023-06-20,Standard Class,CU-10005,Jack Ward,Consumer,United States,Ann Arbor,Michigan,53578,Central,OFF-AR-1371,Office Supplies,Art,Bic Pens,411.12,10,0.2,76.93
US-2023-100372,2025-03-28,2025-04-03,First Class,CU-10046,Paul Irwin,Consumer,United States,Seattle,Washington,88250,West,OFF-LA-1372,Office Supplies,Labels,Avery Labels,178.09,11,0.0,65.77
US-2023-100373,2025-03-24,2025-03-31,Same Day,CU-10037,Maria Kim,Home Office,United States,Boston,Massachusetts,10360,East,OFF-ST-1373,Office Supplies,Storage,Fellowes Storage Box,67.6,2,0.0,23.7
US-2023-100374,2024-07-02,2024-07-04,Same Day,CU-10029,Nathan Ortiz,Corporate,United States,Buffalo,New York,64229,East,OFF-BI-1374,Office Supplies,Binders,GBC Binding System,214.0,9,0.1,72.13
US-2023-100375,2024-09-21,2024-09-26,Standard Class,CU-10052,Olivia Quintana,Home Office,United States,Seattle,Washington,85195,West,OFF-BI-1375,Office Supplies,Binders,Avery Binder,506.09,13,0.0,103.89
US-2023-100376,2024-03-17,2024-03-22,First Class,CU-10040,Rita Johnson,Consumer,United States,Raleigh,North Carolina,63896,South,OFF-LA-1376,Office Supplies,Labels,Hon Label Maker Tape,185.13,9,0.0,66.56
US-2023-100377,2025-04-27,2025-04-30,First Class,CU-10056,Karen Kim,Home Office,United States,Charlotte,North Carolina,12718,South,TEC-PH-1377,Technology,Phones,Apple iPhone,2241.27,3,0.0,118.72
US-2023-100378,2023-05-05,2023-05-11,Same Day,CU-10078,Brian Moore,Home Office,United States,New York City,New York,36759,East,TEC-PH-1378,Technology,Phones,Apple iPhone,2323.75,5,0.0,529.24
US-2023-100379,2025-10-30,2025-11-01,First Class,CU-10109,Henry Turner,Consumer,United States,Savannah,Georgia,15156,South,OFF-PA-1379,Office Supplies,Paper,Boise Paper,38.48,2,0.0,12.85
US-2023-100380,2023-08-30,2023-09-01,Same Day,CU-10109,Henry Turner,Consumer,United States,Nashville,Tennessee,44199,South,OFF-LA-1380,Office Supplies,Labels,Avery Labels,121.36,4,0.0,13.18
US-2023-100381,2023-04-28,2023-05-03,Same Day,CU-10105,Elena Parker,Consumer,United States,Savannah,Georgia,61435,South,OFF-AR-1381,Office Supplies,Art,Newell Highlighters,184.4,5,0.2,30.72
US-2023-100382,2023-11-23,2023-11-25,First Class,CU-10105,Elena Parker,Consumer,United States,Miami,Florida,41320,South,FUR-TA-1382,Furniture,Tables,Bush Somerset Table,1991.94,6,0.0,-142.69
US-2023-100383,2024-02-10,2024-02-17,Same Day,CU-10072,Sam Silva,Consumer,United States,Charlotte,North Carolina,48122,South,FUR-CH-1383,Furniture,Chairs,Global Task Chair,1313.68,8,0.0,164.98
US-2023-100384,2023-11-07,2023-11-10,First Class,CU-10071,Elena Johnson,Home Office,United States,Dallas,Texas,15474,Central,OFF-BI-1384,Office Supplies,Binders,Wilson Jones Binder,247.0,12,0.1,68.0
US-2023-100385,2023-03-30,2023-04-01,First Class,CU-10079,Jack Quintana,Home Office,United States,Seattle,Washington,77891,West,OFF-AR-1385,Office Supplies,Art,Sharpie Markers,419.64,10,0.15,154.29
US-2023-100386,2025-08-31,2025-09-06,First Class,CU-10107,Nathan Garcia,Home Office,United States,Detroit,Michigan,86592,Central,TEC-AC-1386,Technology,Accessories,SanDisk Flash Drive,6120.74,13,0.1,761.92
US-2023-100387,2023-06-12,2023-06-16,Standard Class,CU-10086,Olivia Parker,Consumer,United States,Tucson,Arizona,91620,West,TEC-CO-1387,Technology,Copiers,Hewlett Packard Copier,2320.64,4,0.15,582.21
US-2023-100388,2024-05-06,2024-05-11,First Class,CU-10079,Jack Quintana,Home Office,United States,Eugene,Oregon,29007,West,TEC-PH-1388,Technology,Phones,Apple iPhone,2355.59,4,0.15,241.13
US-2023-100389,2024-05-22,2024-05-24,First Class,CU-10003,Alice Ortiz,Corporate,United States,Memphis,Tennessee,28024,South,FUR-TA-1389,Furniture,Tables,Bretford Conference Table,1850.56,10,0.2,-13.19
US-2023-100390,2025-07-29,2025-07-30,Standard Class,CU-10089,Rita Lopez,Corporate,United States,Eugene,Oregon,93505,West,TEC-MA-1390,Technology,Machines,Cubify 3D Printer,3036.53,7,0.0,162.28
US-2023-100391,2023-09-17,2023-09-19,Standard Class,CU-10018,Quinn Reed,Consumer,United States,Phoenix,Arizona,40328,West,FUR-CH-1391,Furniture,Chairs,Global Task Chair,509.42,4,0.15,27.39
US-2023-100392,2023-09-01,2023-09-06,Second Class,CU-10035,Olivia Evans,Corporate,United States,Raleigh,North Carolina,73400,South,TEC-CO-1392,Technology,Copiers,Canon Copier,5784.24,9,0.15,679.02
US-2023-100393,2024-11-08,2024-11-09,First Class,CU-10097,Sam Chavez,Consumer,United States,Detroit,Michigan,93506,Central,FUR-FU-1393,Furniture,Furnishings,Tenex Chairmat,5736.72,11,0.0,329.54
US-2023-100394,2023-08-02,2023-08-09,Standard Class,CU-10063,Alice Quintana,Home Office,United States,Austin,Texas,60609,Central,OFF-PA-1394,Office Supplies,Paper,Xerox Paper Ream,78.9,3,0.0,9.16
US-2023-100395,2023-05-11,2023-05-16,First Class,CU-10065,Karen Moore,Consumer,United States,Newark,New Jersey,26038,East,OFF-AR-1395,Office Supplies,Art,Newell Highlighters,52.64,4,0.0,8.62
US-2023-100396,2023-10-27,2023-10-28,Same Day,CU-10006,Nathan Quintana,Home Office,United States,San Francisco,California,60765,West,OFF-AR-1396,Office Supplies,Art,Bic Pens,543.11,13,0.1,60.43
US-2023-100397,2023-08-31,2023-09-01,Second Class,CU-10086,Olivia Parker,Consumer,United States,Seattle,Washington,66497,West,OFF-PA-1397,Office Supplies,Paper,Xerox Paper Ream,133.28,4,0.2,40.06
US-2023-100398,2023-04-28,2023-05-02,First Class,CU-10066,Alice Moore,Consumer,United States,Orlando,Florida,52831,South,OFF-AR-1398,Office Supplies,Art,Newell Highlighters,74.0,4,0.3,19.04
US-2023-100399,2024-04-08,2024-04-13,Second Class,CU-10094,Derek Hughes,Corporate,United States,Springfield,Illinois,35467,Central,OFF-ST-1399,Office Supplies,Storage,Fellowes Storage Box,249.84,6,0.0,77.08
US-2023-100400,2024-01-27,2024-02-01,First Class,CU-10103,Olivia Ward,Corporate,United States,Eugene,Oregon,31263,West,OFF-AR-1000,Office Supplies,Art,Newell Highlighters,376.8,13,0.15,106.12
US-2023-100401,2023-03-22,2023-03-24,Standard Class,CU-10063,Alice Quintana,Home Office,United States,Springfield,Illinois,49377,Central,OFF-PA-1001,Office Supplies,Paper,Boise Paper,228.96,6,0.0,71.27
US-2023-100402,2025-01-06,2025-01-11,Second Class,CU-10052,Olivia Quintana,Home Office,United States,Los Angeles,California,60741,West,FUR-CH-1002,Furniture,Chairs,Hbada Office Chair,1463.83,9,0.4,-4.04
US-2023-100403,2023-01-06,2023-01-08,First Class,CU-10019,Elena Nguyen,Corporate,United States,Eugene,Oregon,47107,West,OFF-ST-1003,Office Supplies,Storage,Iris File Box,51.72,3,0.0,19.12
US-2023-100404,2023-08-15,2023-08-16,Second Class,CU-10018,Quinn Reed,Consumer,United States,Phoenix,Arizona,97698,West,OFF-BI-1004,Office Supplies,Binders,GBC Binding System,436.64,10,0.15,91.3
US-2023-100405,2023-09-06,2023-09-07,First Class,CU-10069,Frank Johnson,Consumer,United States,Detroit,Michigan,57084,Central,TEC-CO-1005,Technology,Copiers,Canon Copier,1068.73,4,0.1,133.33
US-2023-100406,2025-07-09,2025-07-16,Same Day,CU-10113,Paul Moore,Corporate,United States,Eugene,Oregon,73437,West,OFF-PA-1006,Office Supplies,Paper,Boise Paper,41.34,2,0.0,12.94
US-2023-100407,2023-09-15,2023-09-19,Standard Class,CU-10012,Olivia Nguyen,Consumer,United States,Spokane,Washington,52707,West,TEC-AC-1007,Technology,Accessories,Kensington Keyboard,5490.91,12,0.2,677.53
US-2023-100408,2025-06-10,2025-06-17,Second Class,CU-10034,Alice Kim,Corporate,United States,Springfield,Illinois,29605,Central,OFF-PA-1008,Office Supplies,Paper,HP Paper Ream,224.66,7,0.1,44.74
US-2023-100409,2025-08-05,2025-08-12,Standard Class,CU-10020,Carla Quintana,Home Office,United States,Philadelphia,Pennsylvania,91893,East,FUR-FU-1009,Furniture,Furnishings,Eldon Desk Lamp,2259.58,8,0.2,-131.83
US-2023-100410,2024-12-15,2024-12-19,Second Class,CU-10094,Derek Hughes,Corporate,United States,Columbus,Ohio,54792,Central,FUR-TA-1010,Furniture,Tables,Chromcraft Round Table,1659.07,7,0.0,157.16
US-2023-100411,2025-05-24,2025-05-25,First Class,CU-10043,Alice Hughes,Corporate,United States,Tampa,Florida,18201,South,FUR-BO-1011,Furniture,Bookcases,Sauder Bookcase,1123.19,8,0.3,-41.64
US-2023-100412,2025-08-08,2025-08-15,Standard Class,CU-10102,Ivy Garcia,Corporate,United States,Chicago,Illinois,99016,Central,TEC-MA-1012,Technology,Machines,Cubify 3D Printer,8919.82,13,0.0,1320.15
US-2023-100413,2023-05-26,2023-06-02,Second Class,CU-10080,Sam Ortiz,Consumer,United States,Miami,Florida,18132,South,OFF-PA-1013,Office Supplies,Paper,HP Paper Ream,84.06,2,0.0,14.58
US-2023-100414,2024-04-08,2024-04-12,First Class,CU-10079,Jack Quintana,Home Office,United States,Los Angeles,California,16872,West,FUR-CH-1014,Furniture,Chairs,HON Executive Chair,2426.06,13,0.0,-99.24
US-2023-100415,2024-11-16,2024-11-18,Standard Class,CU-10109,Henry Turner,Consumer,United States,Orlando,Florida,31080,South,OFF-BI-1015,Office Supplies,Binders,Wilson Jones Binder,145.89,9,0.0,35.65
US-2023-100416,2023-01-10,2023-01-13,First Class,CU-10026,Grace Kim,Corporate,United States,New York City,New York,17261,East,OFF-PA-1016,Office Supplies,Paper,Xerox Paper Ream,427.75,13,0.4,84.24
US-2023-100417,2025-07-09,2025-07-12,Second Class,CU-10000,Alice Quintana,Consumer,United States,Miami,Florida,42140,South,FUR-BO-1017,Furniture,Bookcases,O'Sullivan Bookcase,1616.16,6,0.0,185.58
US-2023-100418,2025-11-01,2025-11-07,Second Class,CU-10049,Leo Diaz,Corporate,United States,New York City,New York,33740,East,FUR-TA-1018,Furniture,Tables,Bretford Conference Table,1328.6,7,0.0,111.16
US-2023-100419,2025-12-27,2025-12-29,Second Class,CU-10022,Alice Ward,Consumer,United States,Memphis,Tennessee,74913,South,OFF-BI-1019,Office Supplies,Binders,Avery Binder,185.2,8,0.0,17.84
US-2023-100420,2025-09-07,2025-09-09,First Class,CU-10117,Ivy Parker,Home Office,United States,New York City,New York,53202,East,TEC-MA-1020,Technology,Machines,Lexmark Printer,8354.51,11,0.1,1410.88
US-2023-100421,2024-12-10,2024-12-17,Same Day,CU-10046,Paul Irwin,Consumer,United States,Portland,Oregon,86214,West,OFF-PA-1021,Office Supplies,Paper,Xerox Paper Ream,142.16,8,0.0,23.31
US-2023-100422,2024-08-06,2024-08-09,First Class,CU-10005,Jack Ward,Consumer,United States,Ann Arbor,Michigan,31733,Central,TEC-MA-1022,Technology,Machines,Lexmark Printer,1657.52,2,0.0,79.46
US-2023-100423,2024-01-10,2024-01-12,Second Class,CU-10040,Rita Johnson,Consumer,United States,Atlanta,Georgia,86468,South,TEC-AC-1023,Technology,Accessories,Logitech Mouse,5148.63,9,0.0,1124.76
US-2023-100424,2023-07-22,2023-07-25,Standard Class,CU-10037,Maria Kim,Home Office,United States,Boston,Massachusetts,20689,East,TEC-MA-1024,Technology,Machines,Cubify 3D Printer,8820.37,13,0.0,1286.37
US-2023-100425,2023-05-29,2023-06-04,Same Day,CU-10078,Brian Moore,Home Office,United States,Pittsburgh,Pennsylvania,25733,East,TEC-AC-1025,Technology,Accessories,SanDisk Flash Drive,1261.28,3,0.1,120.95
US-2023-100426,2023-04-17,2023-04-18,Second Class,CU-10097,Sam Chavez,Consumer,United States,Chicago,Illinois,75633,Central,OFF-AR-1026,Office Supplies,Art,Newell Highlighters,94.95,3,0.0,14.46
US-2023-100427,2023-04-28,2023-05-01,First Class,CU-10056,Karen Kim,Home Office,United States,Raleigh,North Carolina,78832,South,OFF-LA-1027,Office Supplies,Labels,Avery Labels,140.49,9,0.0,14.09
US-2023-100428,2024-09-21,2024-09-27,Second Class,CU-10052,Olivia Quintana,Home Office,United States,Los Angeles,California,36553,West,OFF-PA-1028,Office Supplies,Paper,Xerox Paper Ream,280.3,8,0.1,95.74
US-2023-100429,2024-10-07,2024-10-12,Second Class,CU-10052,Olivia Quintana,Home Office,United States,Portland,Oregon,56671,West,TEC-MA-1029,Technology,Machines,Lexmark Printer,1163.07,2,0.15,284.48
US-2023-100430,2023-12-11,2023-12-14,Same Day,CU-10074,Paul Chavez,Consumer,United States,Tucson,Arizona,38618,West,OFF-AR-1030,Office Supplies,Art,Bic Pens,214.92,10,0.1,70.83
US-2023-100431,2024-07-25,2024-07-29,Same Day,CU-10084,Frank Bennett,Home Office,United States,Ann Arbor,Michigan,53134,Central,TEC-CO-1031,Technology,Copiers,Canon Copier,5265.72,6,0.0,661.54
US-2023-100432,2024-09-05,2024-09-11,Standard Class,CU-10061,Maria Kim,Home Office,United States,Ann Arbor,Michigan,55273,Central,OFF-AR-1032,Office Supplies,Art,Newell Highlighters,205.14,6,0.0,15.61
US-2023-100433,2023-03-28,2023-04-03,Second Class,CU-10091,Ivy Ortiz,Corporate,United States,Charlotte,North Carolina,32968,South,OFF-AR-1033,Office Supplies,Art,Newell Highlighters,97.44,7,0.0,20.69
US-2023-100434,2023-03-07,2023-03-08,First Class,CU-10011,Carla Turner,Corporate,United States,Cleveland,Ohio,62277,Central,OFF-ST-1034,Office Supplies,Storage,Iris File Box,141.44,4,0.0,30.01
US-2023-100435,2023-02-28,2023-03-01,Second Class,CU-10049,Leo Diaz,Corporate,United States,Boston,Massachusetts,45671,East,OFF-BI-1035,Office Supplies,Binders,Avery Binder,104.28,3,0.0,34.2
US-2023-100436,2023-06-29,2023-07-04,Second Class,CU-10003,Alice Ortiz,Corporate,United States,Tampa,Florida,99609,South,OFF-BI-1036,Office Supplies,Binders,GBC Binding System,134.53,7,0.4,37.94
US-2023-100437,2023-10-05,2023-10-08,Same Day,CU-10085,Brian Chavez,Consumer,United States,Detroit,Michigan,21464,Central,OFF-ST-1037,Office Supplies,Storage,SimpleHouseware Bin,366.64,13,0.3,105.49
US-2023-100438,2025-08-23,2025-08-28,Standard Class,CU-10041,Carla Reed,Corporate,United States,Atlanta,Georgia,17269,South,TEC-CO-1038,Technology,Copiers,Hewlett Packard Copier,582.12,2,0.0,68.67
US-2023-100439,2024-03-27,2024-04-02,Same Day,CU-10119,Frank Nguyen,Home Office,United States,Jersey City,New Jersey,19212,East,OFF-LA-1039,Office Supplies,Labels,Hon Label Maker Tape,85.7,7,0.3,10.5
US-2023-100440,2025-01-17,2025-01-19,First Class,CU-10008,Jack Diaz,Home Office,United States,Worcester,Massachusetts,50392,East,OFF-BI-1040,Office Supplies,Binders,Avery Binder,444.2,10,0.0,39.31
US-2023-100441,2025-03-27,2025-03-29,Second Class,CU-10091,Ivy Ortiz,Corporate,United States,Charlotte,North Carolina,16405,South,OFF-PA-1041,Office Supplies,Paper,Xerox Paper Ream,73.24,2,0.0,20.05
US-2023-100442,2023-07-29,2023-08-05,First Class,CU-10030,Rita Parker,Consumer,United States,Columbus,Ohio,64287,Central,FUR-BO-1042,Furniture,Bookcases,O'Sullivan Bookcase,949.75,5,0.0,153.69
US-2023-100443,2025-08-31,2025-09-02,First Class,CU-10115,Ivy Silva,Home Office,United States,Charlotte,North Carolina,25468,South,TEC-MA-1043,Technology,Machines,Lexmark Printer,593.28,1,0.15,-5.84
US-2023-100444,2024-06-17,2024-06-20,First Class,CU-10096,Leo Irwin,Home Office,United States,Boston,Massachusetts,74619,East,OFF-ST-1044,Office Supplies,Storage,SimpleHouseware Bin,524.7,11,0.0,116.82
US-2023-100445,2024-04-06,2024-04-08,Second Class,CU-10054,Ivy Parker,Corporate,United States,Boston,Massachusetts,57767,East,FUR-BO-1045,Furniture,Bookcases,Bush Cubix Bookcase,2965.71,11,0.0,-130.41
US-2023-100446,2023-01-18,2023-01-24,Second Class,CU-10081,Henry Johnson,Consumer,United States,San Diego,California,35481,West,OFF-BI-1046,Office Supplies,Binders,GBC Binding System,190.01,13,0.4,63.9
US-2023-100447,2024-07-13,2024-07-19,Second Class,CU-10111,Nathan Foster,Consumer,United States,Raleigh,North Carolina,53065,South,OFF-ST-1047,Office Supplies,Storage,SimpleHouseware Bin,432.06,11,0.15,159.64
US-2023-100448,2023-05-20,2023-05-26,Same Day,CU-10084,Frank Bennett,Home Office,United States,Detroit,Michigan,10661,Central,FUR-BO-1048,Furniture,Bookcases,Bush Cubix Bookcase,2934.66,6,0.0,322.82
US-2023-100449,2025-12-06,2025-12-09,Same Day,CU-10015,Ivy Foster,Consumer,United States,Jersey City,New Jersey,64426,East,TEC-PH-1049,Technology,Phones,Cisco IP Phone,2455.98,3,0.0,658.9
US-2023-100450,2023-08-05,2023-08-06,Same Day,CU-10031,Grace Ward,Consumer,United States,New York City,New York,57973,East,OFF-BI-1050,Office Supplies,Binders,GBC Binding System,325.93,11,0.0,80.44
US-2023-100451,2023-11-24,2023-11-29,Standard Class,CU-10098,Frank Diaz,Consumer,United States,Atlanta,Georgia,40982,South,TEC-AC-1051,Technology,Accessories,Logitech Mouse,1041.55,5,0.0,141.71
US-2023-100452,2025-04-26,2025-05-03,Second Class,CU-10001,Maria Johnson,Corporate,United States,Charlotte,North Carolina,94127,South,TEC-AC-1052,Technology,Accessories,Logitech Mouse,3029.68,4,0.0,472.34
US-2023-100453,2025-06-10,2025-06-16,Same Day,CU-10002,Henry Silva,Consumer,United States,Worcester,Massachusetts,59586,East,TEC-MA-1053,Technology,Machines,Lexmark Printer,4964.88,8,0.0,151.26
US-2023-100454,2023-12-20,2023-12-21,Standard Class,CU-10002,Henry Silva,Consumer,United States,Newark,New Jersey,85621,East,TEC-CO-1054,Technology,Copiers,Hewlett Packard Copier,1678.02,2,0.0,188.3
US-2023-100455,2025-01-14,2025-01-15,Standard Class,CU-10031,Grace Ward,Consumer,United States,Buffalo,New York,31086,East,OFF-BI-1055,Office Supplies,Binders,GBC Binding System,197.12,11,0.0,47.42
US-2023-100456,2024-08-11,2024-08-17,First Class,CU-10041,Carla Reed,Corporate,United States,Memphis,Tennessee,69035,South,TEC-CO-1056,Technology,Copiers,Hewlett Packard Copier,5361.86,7,0.0,-50.91
US-2023-100457,2024-10-04,2024-10-05,Same Day,CU-10059,Derek Diaz,Consumer,United States,Detroit,Michigan,58765,Central,TEC-AC-1057,Technology,Accessories,Kensington Keyboard,2255.01,5,0.15,96.59
US-2023-100458,2025-10-17,2025-10-22,Standard Class,CU-10107,Nathan Garcia,Home Office,United States,Ann Arbor,Michigan,35560,Central,FUR-TA-1058,Furniture,Tables,Chromcraft Round Table,2626.61,7,0.0,77.72
US-2023-100459,2025-08-21,2025-08-22,Standard Class,CU-10048,Derek Ortiz,Corporate,United States,Charlotte,North Carolina,12358,South,OFF-BI-1059,Office Supplies,Binders,Avery Binder,129.75,3,0.0,43.97
US-2023-100460,2025-11-16,2025-11-20,Same Day,CU-10093,Carla Irwin,Home Office,United States,Philadelphia,Pennsylvania,74811,East,OFF-PA-1060,Office Supplies,Paper,Xerox Paper Ream,565.4,11,0.0,65.74
US-2023-100461,2023-06-11,2023-06-16,Second Class,CU-10064,Karen Nguyen,Corporate,United States,Los Angeles,California,78085,West,OFF-AR-1061,Office Supplies,Art,Newell Highlighters,249.93,9,0.0,31.02
US-2023-100462,2024-01-01,2024-01-03,First Class,CU-10101,Ivy Ortiz,Consumer,United States,Worcester,Massachusetts,92729,East,TEC-CO-1062,Technology,Copiers,Hewlett Packard Copier,385.73,1,0.0,57.34
US-2023-100463,2024-06-04,2024-06-07,Same Day,CU-10044,Olivia Reed,Corporate,United States,Tucson,Arizona,79770,West,OFF-BI-1063,Office Supplies,Binders,GBC Binding System,44.06,1,0.0,6.48
US-2023-100464,2025-11-12,2025-11-16,Second Class,CU-10112,Nathan Hughes,Consumer,United States,Los Angeles,California,63298,West,OFF-BI-1064,Office Supplies,Binders,Avery Binder,72.58,4,0.1,10.05
US-2023-100465,2023-10-06,2023-10-09,Standard Class,CU-10065,Karen Moore,Consumer,United States,Buffalo,New York,43479,East,OFF-BI-1065,Office Supplies,Binders,Avery Binder,17.92,1,0.3,5.72
US-2023-100466,2025-03-28,2025-04-02,Standard Class,CU-10000,Alice Quintana,Consumer,United States,Raleigh,North Carolina,89011,South,OFF-LA-1066,Office Supplies,Labels,Avery Labels,101.32,4,0.0,16.66
US-2023-100467,2025-01-10,2025-01-17,First Class,CU-10067,Olivia Hughes,Corporate,United States,Tampa,Florida,97628,South,OFF-ST-1067,Office Supplies,Storage,SimpleHouseware Bin,252.56,7,0.0,81.49
US-2023-100468,2024-10-24,2024-10-29,First Class,CU-10107,Nathan Garcia,Home Office,United States,Columbus,Ohio,47881,Central,OFF-ST-1068,Office Supplies,Storage,Iris File Box,74.64,2,0.0,23.69
US-2023-100469,2024-12-17,2024-12-20,Same Day,CU-10042,Leo Parker,Home Office,United States,Seattle,Washington,31192,West,FUR-FU-1069,Furniture,Furnishings,Advantus Task Lamp,351.63,2,0.1,69.47
US-2023-100470,2023-04-13,2023-04-20,First Class,CU-10110,Brian Kim,Corporate,United States,Chicago,Illinois,84563,Central,FUR-TA-1070,Furniture,Tables,Bush Somerset Table,2822.33,7,0.0,-80.86
US-2023-100471,2024-04-09,2024-04-16,Standard Class,CU-10053,Olivia Ortiz,Consumer,United States,Pittsburgh,Pennsylvania,20088,East,TEC-AC-1071,Technology,Accessories,SanDisk Flash Drive,3151.32,4,0.0,638.93
US-2023-100472,2025-04-18,2025-04-21,Same Day,CU-10091,Ivy Ortiz,Corporate,United States,Raleigh,North Carolina,53102,South,TEC-AC-1072,Technology,Accessories,Logitech Mouse,3547.7,13,0.0,274.16
US-2023-100473,2023-01-27,2023-01-31,Second Class,CU-10026,Grace Kim,Corporate,United States,Boston,Massachusetts,45772,East,FUR-FU-1073,Furniture,Furnishings,Advantus Task Lamp,2326.08,6,0.0,-141.44
US-2023-100474,2025-05-20,2025-05-23,First Class,CU-10103,Olivia Ward,Corporate,United States,San Francisco,California,20283,West,OFF-AR-1074,Office Supplies,Art,Sharpie Markers,220.29,8,0.2,23.48
US-2023-100475,2023-09-08,2023-09-11,Same Day,CU-10077,Henry Ortiz,Home Office,United States,Savannah,Georgia,86549,South,TEC-MA-1075,Technology,Machines,Lexmark Printer,1030.6,4,0.0,208.2
US-2023-100476,2024-03-26,2024-04-01,First Class,CU-10003,Alice Ortiz,Corporate,United States,Charlotte,North Carolina,68856,South,OFF-AR-1076,Office Supplies,Art,Sharpie Markers,122.09,4,0.15,20.16
US-2023-100477,2025-07-28,2025-08-01,Standard Class,CU-10060,Henry Ortiz,Corporate,United States,Charlotte,North Carolina,12666,South,OFF-BI-1077,Office Supplies,Binders,GBC Binding System,222.12,12,0.0,18.79
US-2023-100478,2024-03-29,2024-04-05,Standard Class,CU-10082,Henry Reed,Corporate,United States,Philadelphia,Pennsylvania,16343,East,OFF-PA-1078,Office Supplies,Paper,Boise Paper,256.58,13,0.15,39.8
US-2023-100479,2024-06-05,2024-06-10,Second Class,CU-10028,Jack Evans,Corporate,United States,Orlando,Florida,73335,South,OFF-AR-1079,Office Supplies,Art,Newell Highlighters,384.28,10,0.15,29.72
US-2023-100480,2024-12-10,2024-12-17,First Class,CU-10119,Frank Nguyen,Home Office,United States,New York City,New York,59838,East,TEC-MA-1080,Technology,Machines,Zebra Label Printer,1655.46,3,0.15,-31.21
US-2023-100481,2025-10-07,2025-10-12,Same Day,CU-10060,Henry Ortiz,Corporate,United States,Atlanta,Georgia,17116,South,FUR-FU-1081,Furniture,Furnishings,Advantus Task Lamp,2428.4,5,0.0,355.55
US-2023-100482,2025-07-02,2025-07-06,Standard Class,CU-10070,Sam Foster,Corporate,United States,Buffalo,New York,55517,East,TEC-AC-1082,Technology,Accessories,SanDisk Flash Drive,9366.41,12,0.1,1880.01
US-2023-100483,2024-04-11,2024-04-18,Standard Class,CU-10008,Jack Diaz,Home Office,United States,Newark,New Jersey,98022,East,OFF-LA-1083,Office Supplies,Labels,Hon Label Maker Tape,304.64,7,0.0,40.64
US-2023-100484,2025-08-10,2025-08-14,Second Class,CU-10025,Olivia Evans,Corporate,United States,Buffalo,New York,72992,East,OFF-PA-1084,Office Supplies,Paper,HP Paper Ream,232.78,9,0.5,61.81
US-2023-100485,2025-03-28,2025-03-31,First Class,CU-10112,Nathan Hughes,Consumer,United States,Tucson,Arizona,52031,West,FUR-BO-1085,Furniture,Bookcases,Sauder Bookcase,6399.38,13,0.0,656.26
US-2023-100486,2025-06-06,2025-06-09,Same Day,CU-10066,Alice Moore,Consumer,United States,Savannah,Georgia,67472,South,OFF-BI-1086,Office Supplies,Binders,GBC Binding System,205.62,6,0.0,72.29
US-2023-100487,2025-10-06,2025-10-13,Standard Class,CU-10060,Henry Ortiz,Corporate,United States,Orlando,Florida,50247,South,TEC-AC-1087,Technology,Accessories,SanDisk Flash Drive,1663.5,5,0.0,86.3
US-2023-100488,2024-11-14,2024-11-17,First Class,CU-10064,Karen Nguyen,Corporate,United States,Spokane,Washington,28059,West,FUR-TA-1088,Furniture,Tables,Bush Somerset Table,2090.7,5,0.0,-70.5
US-2023-100489,2023-05-16,2023-05-17,Same Day,CU-10001,Maria Johnson,Corporate,United States,Atlanta,Georgia,51732,South,OFF-BI-1089,Office Supplies,Binders,GBC Binding System,669.89,13,0.0,109.19
US-2023-100490,2023-08-09,2023-08-15,Same Day,CU-10066,Alice Moore,Consumer,United States,Nashville,Tennessee,61686,South,FUR-BO-1090,Furniture,Bookcases,Bush Cubix Bookcase,2078.12,6,0.3,-140.88
US-2023-100491,2024-05-08,2024-05-10,Same Day,CU-10034,Alice Kim,Corporate,United States,Cleveland,Ohio,40630,Central,OFF-LA-1091,Office Supplies,Labels,Avery Labels,74.24,2,0.0,23.26
US-2023-100492,2024-03-05,2024-03-12,Standard Class,CU-10083,Frank Evans,Home Office,United States,Spokane,Washington,20022,West,OFF-BI-1092,Office Supplies,Binders,Wilson Jones Binder,22.0,1,0.1,2.48
US-2023-100493,2024-03-24,2024-03-25,Second Class,CU-10084,Frank Bennett,Home Office,United States,Austin,Texas,41308,Central,TEC-CO-1093,Technology,Copiers,Hewlett Packard Copier,609.32,1,0.15,163.95
US-2023-100494,2023-01-27,2023-01-29,Second Class,CU-10033,Rita Irwin,Home Office,United States,Chicago,Illinois,45995,Central,TEC-CO-1094,Technology,Copiers,Canon Copier,2179.48,7,0.15,493.34
US-2023-100495,2024-02-24,2024-02-29,Same Day,CU-10050,Paul Evans,Home Office,United States,Philadelphia,Pennsylvania,43622,East,OFF-ST-1095,Office Supplies,Storage,Iris File Box,594.44,11,0.0,102.66
US-2023-100496,2023-10-11,2023-10-12,Second Class,CU-10101,Ivy Ortiz,Consumer,United States,Pittsburgh,Pennsylvania,65069,East,OFF-BI-1096,Office Supplies,Binders,GBC Binding System,69.41,3,0.15,9.98
US-2023-100497,2024-04-22,2024-04-29,Standard Class,CU-10052,Olivia Quintana,Home Office,United States,Portland,Oregon,58875,West,OFF-BI-1097,Office Supplies,Binders,GBC Binding System,272.24,8,0.0,55.55
US-2023-100498,2025-03-28,2025-03-30,Standard Class,CU-10115,Ivy Silva,Home Office,United States,Raleigh,North Carolina,38481,South,OFF-BI-1098,Office Supplies,Binders,Wilson Jones Binder,232.85,11,0.1,44.94
US-2023-100499,2024-03-17,2024-03-24,Second Class,CU-10014,Jack Johnson,Corporate,United States,Savannah,Georgia,67449,South,TEC-PH-1099,Technology,Phones,Samsung Galaxy,6636.2,10,0.0,62.12
US-2023-100500,2024-10-07,2024-10-09,Second Class,CU-10002,Henry Silva,Consumer,United States,New York City,New York,88198,East,OFF-AR-1100,Office Supplies,Art,Bic Pens,14.05,1,0.0,3.58
US-2023-100501,2025-10-03,2025-10-04,First Class,CU-10110,Brian Kim,Corporate,United States,Houston,Texas,99048,Central,OFF-ST-1101,Office Supplies,Storage,Fellowes Storage Box,362.46,7,0.0,70.51
US-2023-100502,2024-03-20,2024-03-21,First Class,CU-10109,Henry Turner,Consumer,United States,Nashville,Tennessee,69292,South,OFF-ST-1102,Office Supplies,Storage,SimpleHouseware Bin,408.72,12,0.0,62.02
US-2023-100503,2023-04-04,2023-04-08,Same Day,CU-10088,Nathan Evans,Consumer,United States,Dallas,Texas,16749,Central,OFF-AR-1103,Office Supplies,Art,Newell Highlighters,76.14,6,0.0,5.47
US-2023-100504,2024-06-19,2024-06-23,Second Class,CU-10056,Karen Kim,Home Office,United States,Tampa,Florida,97024,South,OFF-PA-1104,Office Supplies,Paper,HP Paper Ream,192.15,5,0.3,47.19
US-2023-100505,2025-11-07,2025-11-14,Same Day,CU-10019,Elena Nguyen,Corporate,United States,Spokane,Washington,95983,West,FUR-TA-1105,Furniture,Tables,Bretford Conference Table,3003.39,9,0.0,-53.25
US-2023-100506,2024-07-04,2024-07-07,Second Class,CU-10027,Ivy Bennett,Corporate,United States,Tampa,Florida,14145,South,OFF-BI-1106,Office Supplies,Binders,Wilson Jones Binder,491.92,11,0.0,65.24
US-2023-100507,2023-12-13,2023-12-17,Standard Class,CU-10056,Karen Kim,Home Office,United States,Memphis,Tennessee,71286,South,OFF-AR-1107,Office Supplies,Art,Sharpie Markers,223.49,8,0.1,50.34
US-2023-100508,2025-08-05,2025-08-09,Second Class,CU-10046,Paul Irwin,Consumer,United States,Tucson,Arizona,74308,West,FUR-CH-1108,Furniture,Chairs,Global Task Chair,1351.04,4,0.0,88.78
US-2023-100509,2024-05-07,2024-05-09,Same Day,CU-10056,Karen Kim,Home Office,United States,Charlotte,North Carolina,91806,South,OFF-AR-1109,Office Supplies,Art,Newell Highlighters,120.6,6,0.0,36.91
US-2023-100510,2023-07-22,2023-07-27,Same Day,CU-10011,Carla Turner,Corporate,United States,Chicago,Illinois,21067,Central,TEC-AC-1110,Technology,Accessories,Logitech Mouse,3810.25,5,0.0,-102.02
US-2023-100511,2025-06-20,2025-06-22,Standard Class,CU-10001,Maria Johnson,Corporate,United States,Nashville,Tennessee,69031,South,OFF-ST-1111,Office Supplies,Storage,Iris File Box,175.68,6,0.0,19.57
US-2023-100512,2024-04-14,2024-04-15,First Class,CU-10089,Rita Lopez,Corporate,United States,Phoenix,Arizona,51673,West,TEC-PH-1112,Technology,Phones,Apple iPhone,3137.42,11,0.0,799.64
US-2023-100513,2025-01-23,2025-01-28,Same Day,CU-10073,Aaron Foster,Consumer,United States,Buffalo,New York,20374,East,OFF-PA-1113,Office Supplies,Paper,Xerox Paper Ream,245.21,12,0.15,65.88
US-2023-100514,2024-10-19,2024-10-22,First Class,CU-10047,Quinn Garcia,Corporate,United States,New York City,New York,56737,East,OFF-ST-1114,Office Supplies,Storage,SimpleHouseware Bin,123.61,6,0.1,30.33
US-2023-100515,2023-11-16,2023-11-20,Second Class,CU-10095,Maria Nguyen,Home Office,United States,Dallas,Texas,40626,Central,OFF-AR-1115,Office Supplies,Art,Sharpie Markers,84.87,5,0.1,21.29
US-2023-100516,2025-02-07,2025-02-14,Second Class,CU-10015,Ivy Foster,Consumer,United States,Worcester,Massachusetts,49789,East,OFF-BI-1116,Office Supplies,Binders,Wilson Jones Binder,329.94,6,0.0,50.86
US-2023-100517,2024-07-27,2024-07-29,First Class,CU-10081,Henry Johnson,Consumer,United States,Portland,Oregon,35964,West,OFF-ST-1117,Office Supplies,Storage,Iris File Box,299.11,7,0.15,65.7
US-2023-100518,2025-09-02,2025-09-04,Same Day,CU-10106,Olivia Johnson,Home Office,United States,Boston,Massachusetts,20851,East,OFF-AR-1118,Office Supplies,Art,Bic Pens,190.84,12,0.1,25.77
US-2023-100519,2023-08-29,2023-09-02,Standard Class,CU-10004,Derek Chavez,Corporate,United States,Pittsburgh,Pennsylvania,46712,East,OFF-LA-1119,Office Supplies,Labels,Avery Labels,438.87,11,0.1,151.9
US-2023-100520,2025-12-20,2025-12-23,Second Class,CU-10078,Brian Moore,Home Office,United States,Buffalo,New York,74499,East,TEC-MA-1120,Technology,Machines,Cubify 3D Printer,3024.84,7,0.0,349.33
US-2023-100521,2024-02-01,2024-02-04,Same Day,CU-10063,Alice Quintana,Home Office,United States,Ann Arbor,Michigan,75191,Central,TEC-AC-1121,Technology,Accessories,Logitech Mouse,2516.4,4,0.0,199.15
US-2023-100522,2025-12-13,2025-12-18,Standard Class,CU-10063,Alice Quintana,Home Office,United States,Dallas,Texas,63565,Central,FUR-FU-1122,Furniture,Furnishings,Eldon Desk Lamp,4344.96,8,0.0,609.17
US-2023-100523,2024-06-03,2024-06-09,Same Day,CU-10096,Leo Irwin,Home Office,United States,Jersey City,New Jersey,31301,East,OFF-AR-1123,Office Supplies,Art,Newell Highlighters,113.05,10,0.5,15.64
US-2023-100524,2024-04-18,2024-04-25,Standard Class,CU-10062,Quinn Moore,Consumer,United States,Miami,Florida,31208,South,OFF-PA-1124,Office Supplies,Paper,Xerox Paper Ream,57.78,3,0.0,8.27
US-2023-100525,2024-01-11,2024-01-12,First Class,CU-10001,Maria Johnson,Corporate,United States,Atlanta,Georgia,88551,South,FUR-CH-1125,Furniture,Chairs,HON Executive Chair,3521.97,9,0.0,-17.21
US-2023-100526,2025-10-03,2025-10-08,First Class,CU-10049,Leo Diaz,Corporate,United States,Philadelphia,Pennsylvania,37966,East,FUR-CH-1126,Furniture,Chairs,Hbada Office Chair,3953.56,11,0.3,-129.75
US-2023-100527,2025-05-26,2025-05-28,Second Class,CU-10029,Nathan Ortiz,Corporate,United States,Philadelphia,Pennsylvania,86944,East,OFF-PA-1127,Office Supplies,Paper,HP Paper Ream,154.71,3,0.0,11.15
US-2023-100528,2023-10-21,2023-10-26,Second Class,CU-10058,Aaron Diaz,Consumer,United States,Spokane,Washington,29633,West,OFF-ST-1128,Office Supplies,Storage,Iris File Box,97.56,3,0.0,24.84
US-2023-100529,2024-07-24,2024-07-29,Same Day,CU-10031,Grace Ward,Consumer,United States,Worcester,Massachusetts,46255,East,FUR-BO-1129,Furniture,Bookcases,Bush Cubix Bookcase,2451.38,6,0.1,271.04
US-2023-100530,2023-08-11,2023-08-13,Second Class,CU-10073,Aaron Foster,Consumer,United States,Newark,New Jersey,64075,East,TEC-PH-1130,Technology,Phones,Cisco IP Phone,1194.18,3,0.0,138.54
US-2023-100531,2025-11-16,2025-11-20,Second Class,CU-10071,Elena Johnson,Home Office,United States,Detroit,Michigan,38989,Central,TEC-CO-1131,Technology,Copiers,Canon Copier,5117.66,9,0.1,514.15
US-2023-100532,2025-03-11,2025-03-16,Second Class,CU-10061,Maria Kim,Home Office,United States,Houston,Texas,90614,Central,TEC-PH-1132,Technology,Phones,Apple iPhone,501.17,1,0.1,14.76
US-2023-100533,2025-04-20,2025-04-22,Standard Class,CU-10067,Olivia Hughes,Corporate,United States,Memphis,Tennessee,99899,South,OFF-AR-1133,Office Supplies,Art,Newell Highlighters,51.88,2,0.0,7.46
US-2023-100534,2024-10-18,2024-10-20,First Class,CU-10097,Sam Chavez,Consumer,United States,Ann Arbor,Michigan,83512,Central,TEC-PH-1134,Technology,Phones,Cisco IP Phone,1314.22,3,0.1,8.0
US-2023-100535,2024-08-24,2024-08-26,Second Class,CU-10006,Nathan Quintana,Home Office,United States,Eugene,Oregon,23042,West,OFF-ST-1135,Office Supplies,Storage,SimpleHouseware Bin,19.67,1,0.0,3.16
US-2023-100536,2023-08-19,2023-08-26,Standard Class,CU-10034,Alice Kim,Corporate,United States,Cleveland,Ohio,50747,Central,OFF-AR-1136,Office Supplies,Art,Bic Pens,135.56,4,0.0,23.46
US-2023-100537,2025-10-29,2025-11-02,Second Class,CU-10071,Elena Johnson,Home Office,United States,Ann Arbor,Michigan,62321,Central,OFF-PA-1137,Office Supplies,Paper,HP Paper Ream,46.53,2,0.15,5.69
US-2023-100538,2024-04-21,2024-04-24,Same Day,CU-10043,Alice Hughes,Corporate,United States,Tampa,Florida,47100,South,OFF-LA-1138,Office Supplies,Labels,Hon Label Maker Tape,232.46,11,0.3,36.53
US-2023-100539,2023-01-20,2023-01-26,Same Day,CU-10100,Grace Turner,Corporate,United States,Chicago,Illinois,87563,Central,TEC-MA-1139,Technology,Machines,Zebra Label Printer,4815.22,8,0.1,1051.53
US-2023-100540,2023-09-11,2023-09-15,First Class,CU-10098,Frank Diaz,Consumer,United States,Savannah,Georgia,55898,South,OFF-BI-1140,Office Supplies,Binders,Wilson Jones Binder,348.15,11,0.0,54.46
US-2023-100541,2025-01-22,2025-01-28,Same Day,CU-10041,Carla Reed,Corporate,United States,Orlando,Florida,79002,South,TEC-AC-1141,Technology,Accessories,Kensington Keyboard,2542.18,13,0.3,382.45
US-2023-100542,2025-11-05,2025-11-06,First Class,CU-10048,Derek Ortiz,Corporate,United States,Raleigh,North Carolina,49552,South,OFF-AR-1142,Office Supplies,Art,Newell Highlighters,194.72,6,0.1,16.08
US-2023-100543,2023-05-16,2023-05-18,Same Day,CU-10093,Carla Irwin,Home Office,United States,Worcester,Massachusetts,55002,East,OFF-LA-1143,Office Supplies,Labels,Hon Label Maker Tape,65.49,3,0.0,21.77
US-2023-100544,2024-07-29,2024-07-30,Second Class,CU-10028,Jack Evans,Corporate,United States,Tampa,Florida,39805,South,TEC-PH-1144,Technology,Phones,Cisco IP Phone,5245.29,9,0.0,1305.17
US-2023-100545,2023-12-20,2023-12-26,First Class,CU-10009,Paul Kim,Consumer,United States,Memphis,Tennessee,29559,South,TEC-MA-1145,Technology,Machines,Lexmark Printer,2590.92,4,0.0,290.65
US-2023-100546,2023-04-22,2023-04-23,First Class,CU-10042,Leo Parker,Home Office,United States,San Francisco,California,21308,West,OFF-PA-1146,Office Supplies,Paper,Xerox Paper Ream,75.99,6,0.5,26.74
US-2023-100547,2025-08-09,2025-08-12,Same Day,CU-10073,Aaron Foster,Consumer,United States,Newark,New Jersey,66310,East,OFF-AR-1147,Office Supplies,Art,Newell Highlighters,177.8,10,0.0,50.66
US-2023-100548,2025-02-14,2025-02-20,Second Class,CU-10113,Paul Moore,Corporate,United States,San Diego,California,69209,West,FUR-BO-1148,Furniture,Bookcases,Sauder Bookcase,380.46,3,0.0,22.25
US-2023-100549,2024-08-27,2024-08-30,Second Class,CU-10070,Sam Foster,Corporate,United States,New York City,New York,61523,East,FUR-TA-1149,Furniture,Tables,Bretford Conference Table,1615.56,12,0.0,272.18
US-2023-100550,2025-03-27,2025-04-01,First Class,CU-10024,Maria Quintana,Home Office,United States,Jersey City,New Jersey,77797,East,OFF-BI-1150,Office Supplies,Binders,Avery Binder,646.8,12,0.0,112.12
US-2023-100551,2023-08-17,2023-08-21,Second Class,CU-10119,Frank Nguyen,Home Office,United States,Pittsburgh,Pennsylvania,93688,East,FUR-BO-1151,Furniture,Bookcases,Sauder Bookcase,1183.8,6,0.0,-99.88
US-2023-100552,2023-06-19,2023-06-20,Standard Class,CU-10089,Rita Lopez,Corporate,United States,San Diego,California,43759,West,OFF-ST-1152,Office Supplies,Storage,Fellowes Storage Box,665.86,13,0.0,136.25
US-2023-100553,2024-10-29,2024-10-30,Same Day,CU-10040,Rita Johnson,Consumer,United States,Atlanta,Georgia,49804,South,FUR-BO-1153,Furniture,Bookcases,Bush Cubix Bookcase,1335.84,8,0.0,58.98
US-2023-100554,2025-10-22,2025-10-23,Same Day,CU-10006,Nathan Quintana,Home Office,United States,San Francisco,California,74122,West,OFF-BI-1154,Office Supplies,Binders,Wilson Jones Binder,565.51,11,0.0,108.3
US-2023-100555,2024-10-13,2024-10-18,Same Day,CU-10087,Maria Kim,Consumer,United States,Orlando,Florida,33516,South,OFF-BI-1155,Office Supplies,Binders,GBC Binding System,147.2,8,0.0,23.81
US-2023-100556,2025-12-17,2025-12-21,Second Class,CU-10103,Olivia Ward,Corporate,United States,Portland,Oregon,33230,West,FUR-TA-1156,Furniture,Tables,Chromcraft Round Table,948.58,2,0.0,-77.17
US-2023-100557,2023-02-13,2023-02-19,Second Class,CU-10053,Olivia Ortiz,Consumer,United States,Worcester,Massachusetts,62655,East,OFF-LA-1157,Office Supplies,Labels,Avery Labels,183.78,6,0.0,48.75
US-2023-100558,2024-03-15,2024-03-17,Second Class,CU-10104,Elena Quintana,Home Office,United States,Worcester,Massachusetts,96069,East,FUR-CH-1158,Furniture,Chairs,Hbada Office Chair,1731.41,5,0.3,81.58
US-2023-100559,2024-12-21,2024-12-28,First Class,CU-10071,Elena Johnson,Home Office,United States,Ann Arbor,Michigan,75824,Central,OFF-LA-1159,Office Supplies,Labels,Hon Label Maker Tape,314.84,10,0.15,38.83
US-2023-100560,2025-04-14,2025-04-21,Same Day,CU-10039,Karen Ortiz,Consumer,United States,Spokane,Washington,37641,West,OFF-LA-1160,Office Supplies,Labels,Hon Label Maker Tape,44.04,3,0.15,10.41
US-2023-100561,2024-07-05,2024-07-10,First Class,CU-10088,Nathan Evans,Consumer,United States,Springfield,Illinois,31726,Central,TEC-MA-1161,Technology,Machines,Cubify 3D Printer,5819.28,9,0.1,1556.19
US-2023-100562,2023-12-14,2023-12-16,Standard Class,CU-10100,Grace Turner,Corporate,United States,Austin,Texas,99881,Central,OFF-ST-1162,Office Supplies,Storage,Iris File Box,267.6,10,0.0,69.49
US-2023-100563,2024-10-04,2024-10-07,Standard Class,CU-10115,Ivy Silva,Home Office,United States,Tampa,Florida,45644,South,OFF-PA-1163,Office Supplies,Paper,Boise Paper,98.1,4,0.1,17.02
US-2023-100564,2024-08-15,2024-08-16,Second Class,CU-10009,Paul Kim,Consumer,United States,Nashville,Tennessee,23074,South,OFF-ST-1164,Office Supplies,Storage,SimpleHouseware Bin,63.12,2,0.2,5.2
US-2023-100565,2024-08-07,2024-08-09,Second Class,CU-10110,Brian Kim,Corporate,United States,Columbus,Ohio,24474,Central,OFF-LA-1165,Office Supplies,Labels,Avery Labels,191.46,5,0.15,27.58
US-2023-100566,2024-03-19,2024-03-22,First Class,CU-10033,Rita Irwin,Home Office,United States,Detroit,Michigan,88186,Central,OFF-AR-1166,Office Supplies,Art,Newell Highlighters,267.08,11,0.0,22.09
US-2023-100567,2025-02-15,2025-02-20,Second Class,CU-10101,Ivy Ortiz,Consumer,United States,Philadelphia,Pennsylvania,77783,East,TEC-PH-1167,Technology,Phones,Cisco IP Phone,6530.0,10,0.0,1593.09
US-2023-100568,2024-08-04,2024-08-09,Second Class,CU-10075,Quinn Garcia,Corporate,United States,Jersey City,New Jersey,68013,East,TEC-CO-1168,Technology,Copiers,Hewlett Packard Copier,3866.72,8,0.0,834.14
US-2023-100569,2023-02-04,2023-02-05,Standard Class,CU-10101,Ivy Ortiz,Consumer,United States,Buffalo,New York,38412,East,TEC-CO-1169,Technology,Copiers,Canon Copier,5424.89,13,0.15,1185.16
US-2023-100570,2024-10-15,2024-10-17,Standard Class,CU-10058,Aaron Diaz,Consumer,United States,Tucson,Arizona,29475,West,OFF-BI-1170,Office Supplies,Binders,Avery Binder,373.32,9,0.0,106.95
US-2023-100571,2024-10-04,2024-10-10,Standard Class,CU-10024,Maria Quintana,Home Office,United States,Buffalo,New York,27168,East,TEC-AC-1171,Technology,Accessories,SanDisk Flash Drive,922.67,3,0.15,-3.88
US-2023-100572,2024-03-17,2024-03-21,Second Class,CU-10034,Alice Kim,Corporate,United States,Detroit,Michigan,38095,Central,OFF-ST-1172,Office Supplies,Storage,Iris File Box,418.73,13,0.0,81.02
US-2023-100573,2023-11-25,2023-11-28,Second Class,CU-10044,Olivia Reed,Corporate,United States,Portland,Oregon,75640,West,OFF-BI-1173,Office Supplies,Binders,Avery Binder,86.49,3,0.0,20.4
US-2023-100574,2024-07-08,2024-07-11,First Class,CU-10019,Elena Nguyen,Corporate,United States,San Diego,California,75457,West,TEC-PH-1174,Technology,Phones,Cisco IP Phone,2907.2,4,0.0,77.39
US-2023-100575,2023-11-25,2023-11-29,Standard Class,CU-10040,Rita Johnson,Consumer,United States,Miami,Florida,10548,South,FUR-FU-1175,Furniture,Furnishings,Eldon Desk Lamp,1442.7,5,0.0,195.68
US-2023-100576,2025-10-08,2025-10-15,Same Day,CU-10015,Ivy Foster,Consumer,United States,Jersey City,New Jersey,69222,East,TEC-CO-1176,Technology,Copiers,Hewlett Packard Copier,7912.84,13,0.0,814.03
US-2023-100577,2023-12-14,2023-12-17,Second Class,CU-10044,Olivia Reed,Corporate,United States,Portland,Oregon,83068,West,TEC-PH-1177,Technology,Phones,Samsung Galaxy,2525.64,3,0.0,22.1
US-2023-100578,2023-06-25,2023-07-01,Standard Class,CU-10000,Alice Quintana,Consumer,United States,Charlotte,North Carolina,10526,South,OFF-LA-1178,Office Supplies,Labels,Avery Labels,302.06,11,0.0,61.52
US-2023-100579,2023-02-12,2023-02-17,Standard Class,CU-10061,Maria Kim,Home Office,United States,Cleveland,Ohio,15717,Central,TEC-PH-1179,Technology,Phones,Samsung Galaxy,2023.62,7,0.1,55.8
US-2023-100580,2024-12-03,2024-12-08,Same Day,CU-10075,Quinn Garcia,Corporate,United States,New York City,New York,56653,East,TEC-PH-1180,Technology,Phones,Apple iPhone,638.04,1,0.15,7.92
US-2023-100581,2025-01-06,2025-01-07,Standard Class,CU-10044,Olivia Reed,Corporate,United States,Eugene,Oregon,50585,West,TEC-PH-1181,Technology,Phones,Cisco IP Phone,1993.11,3,0.0,65.53
US-2023-100582,2024-07-30,2024-08-04,Same Day,CU-10079,Jack Quintana,Home Office,United States,Tucson,Arizona,89246,West,FUR-BO-1182,Furniture,Bookcases,Bush Cubix Bookcase,982.17,5,0.3,170.68
US-2023-100583,2025-06-17,2025-06-19,Second Class,CU-10075,Quinn Garcia,Corporate,United States,Pittsburgh,Pennsylvania,32545,East,OFF-AR-1183,Office Supplies,Art,Sharpie Markers,203.22,9,0.0,66.68
US-2023-100584,2025-09-30,2025-10-07,Second Class,CU-10037,Maria Kim,Home Office,United States,Philadelphia,Pennsylvania,88740,East,OFF-BI-1184,Office Supplies,Binders,Wilson Jones Binder,102.12,3,0.0,26.33
US-2023-100585,2024-08-03,2024-08-06,First Class,CU-10003,Alice Ortiz,Corporate,United States,Orlando,Florida,39439,South,TEC-MA-1185,Technology,Machines,Zebra Label Printer,2150.24,8,0.0,237.44
US-2023-100586,2024-01-27,2024-01-28,Standard Class,CU-10024,Maria Quintana,Home Office,United States,Worcester,Massachusetts,48647,East,FUR-BO-1186,Furniture,Bookcases,Bush Cubix Bookcase,734.66,2,0.0,-18.46
US-2023-100587,2024-05-09,2024-05-14,Second Class,CU-10006,Nathan Quintana,Home Office,United States,Spokane,Washington,85728,West,OFF-LA-1187,Office Supplies,Labels,Avery Labels,127.37,3,0.2,22.03
US-2023-100588,2025-06-11,2025-06-15,Standard Class,CU-10100,Grace Turner,Corporate,United States,Chicago,Illinois,96562,Central,TEC-CO-1188,Technology,Copiers,Canon Copier,2450.16,4,0.0,-72.73
US-2023-100589,2024-12-28,2025-01-01,Standard Class,CU-10001,Maria Johnson,Corporate,United States,Charlotte,North Carolina,50930,South,OFF-ST-1189,Office Supplies,Storage,SimpleHouseware Bin,193.64,4,0.1,52.53
US-2023-100590,2025-08-31,2025-09-03,Second Class,CU-10116,Aaron Quintana,Consumer,United States,Miami,Florida,70332,South,FUR-CH-1190,Furniture,Chairs,Global Task Chair,4487.22,9,0.0,-0.61
US-2023-100591,2023-11-18,2023-11-20,Same Day,CU-10031,Grace Ward,Consumer,United States,Boston,Massachusetts,24054,East,FUR-CH-1191,Furniture,Chairs,Global Task Chair,1564.26,3,0.0,154.36
US-2023-100592,2025-03-17,2025-03-19,Standard Class,CU-10068,Leo Bennett,Consumer,United States,Boston,Massachusetts,98399,East,FUR-BO-1192,Furniture,Bookcases,O'Sullivan Bookcase,3441.62,7,0.0,-211.84
US-2023-100593,2024-10-16,2024-10-21,Second Class,CU-10027,Ivy Bennett,Corporate,United States,Memphis,Tennessee,95552,South,OFF-AR-1193,Office Supplies,Art,Bic Pens,111.69,5,0.15,31.83
US-2023-100594,2023-08-16,2023-08-20,Same Day,CU-10008,Jack Diaz,Home Office,United States,Pittsburgh,Pennsylvania,61285,East,OFF-ST-1194,Office Supplies,Storage,SimpleHouseware Bin,249.05,6,0.1,18.14
US-2023-100595,2023-09-23,2023-09-28,Second Class,CU-10081,Henry Johnson,Consumer,United States,Phoenix,Arizona,91936,West,OFF-ST-1195,Office Supplies,Storage,SimpleHouseware Bin,245.7,7,0.0,83.34
US-2023-100596,2024-08-06,2024-08-10,Same Day,CU-10051,Paul Bennett,Consumer,United States,Newark,New Jersey,35820,East,OFF-BI-1196,Office Supplies,Binders,GBC Binding System,255.78,6,0.0,72.45
US-2023-100597,2025-10-10,2025-10-15,Second Class,CU-10052,Olivia Quintana,Home Office,United States,Eugene,Oregon,38059,West,OFF-PA-1197,Office Supplies,Paper,Xerox Paper Ream,420.64,11,0.0,85.34
US-2023-100598,2024-08-20,2024-08-25,Standard Class,CU-10019,Elena Nguyen,Corporate,United States,Eugene,Oregon,47914,West,OFF-BI-1198,Office Supplies,Binders,GBC Binding System,451.7,10,0.0,72.77
US-2023-100599,2025-03-05,2025-03-07,Standard Class,CU-10116,Aaron Quintana,Consumer,United States,Atlanta,Georgia,60642,South,FUR-BO-1199,Furniture,Bookcases,Bush Cubix Bookcase,1809.91,9,0.15,-154.87
US-2023-100600,2023-07-04,2023-07-07,Same Day,CU-10014,Jack Johnson,Corporate,United States,Memphis,Tennessee,49113,South,OFF-AR-1200,Office Supplies,Art,Newell Highlighters,179.58,9,0.1,16.95
US-2023-100601,2023-11-03,2023-11-05,Same Day,CU-10118,Maria Johnson,Consumer,United States,Detroit,Michigan,81951,Central,OFF-ST-1201,Office Supplies,Storage,Fellowes Storage Box,123.85,5,0.0,42.55
US-2023-100602,2023-06-24,2023-06-25,Same Day,CU-10093,Carla Irwin,Home Office,United States,Jersey City,New Jersey,33142,East,FUR-CH-1202,Furniture,Chairs,Global Task Chair,1261.89,7,0.0,137.31
US-2023-100603,2024-10-18,2024-10-25,First Class,CU-10042,Leo Parker,Home Office,United States,Eugene,Oregon,91340,West,OFF-LA-1203,Office Supplies,Labels,Hon Label Maker Tape,334.44,12,0.0,75.17
US-2023-100604,2024-09-28,2024-09-30,Same Day,CU-10118,Maria Johnson,Consumer,United States,Columbus,Ohio,47850,Central,OFF-AR-1204,Office Supplies,Art,Sharpie Markers,340.2,12,0.0,83.42
US-2023-100605,2025-06-30,2025-07-01,First Class,CU-10090,Rita Evans,Corporate,United States,Orlando,Florida,87003,South,TEC-PH-1205,Technology,Phones,Apple iPhone,6852.48,12,0.0,893.05
US-2023-100606,2023-06-30,2023-07-06,Same Day,CU-10000,Alice Quintana,Consumer,United States,Atlanta,Georgia,15695,South,TEC-PH-1206,Technology,Phones,Cisco IP Phone,2270.69,12,0.2,-1.9
US-2023-100607,2025-11-17,2025-11-23,Same Day,CU-10079,Jack Quintana,Home Office,United States,Portland,Oregon,59543,West,TEC-MA-1207,Technology,Machines,Cubify 3D Printer,2367.88,11,0.1,477.55
US-2023-100608,2023-12-18,2023-12-25,First Class,CU-10115,Ivy Silva,Home Office,United States,Raleigh,North Carolina,78704,South,FUR-BO-1208,Furniture,Bookcases,Bush Cubix Bookcase,6034.82,11,0.0,-421.84
US-2023-100609,2023-12-28,2023-12-29,Second Class,CU-10037,Maria Kim,Home Office,United States,Buffalo,New York,36884,East,TEC-CO-1209,Technology,Copiers,Hewlett Packard Copier,7708.2,12,0.0,1864.57
US-2023-100610,2023-06-16,2023-06-18,Standard Class,CU-10071,Elena Johnson,Home Office,United States,Detroit,Michigan,92264,Central,TEC-AC-1210,Technology,Accessories,SanDisk Flash Drive,2288.41,3,0.1,389.97
US-2023-100611,2023-07-04,2023-07-07,Same Day,CU-10028,Jack Evans,Corporate,United States,Charlotte,North Carolina,95857,South,TEC-AC-1211,Technology,Accessories,Logitech Mouse,7949.28,12,0.0,198.27
US-2023-100612,2024-03-25,2024-04-01,Standard Class,CU-10005,Jack Ward,Consumer,United States,Detroit,Michigan,22858,Central,OFF-BI-1212,Office Supplies,Binders,Avery Binder,445.0,10,0.0,112.52
US-2023-100613,2025-04-01,2025-04-05,First Class,CU-10051,Paul Bennett,Consumer,United States,New York City,New York,47195,East,FUR-BO-1213,Furniture,Bookcases,Sauder Bookcase,3708.35,12,0.3,152.03
US-2023-100614,2025-11-01,2025-11-04,Second Class,CU-10100,Grace Turner,Corporate,United States,Cleveland,Ohio,30109,Central,TEC-MA-1214,Technology,Machines,Lexmark Printer,8751.27,11,0.0,1121.1
US-2023-100615,2024-02-04,2024-02-05,Standard Class,CU-10082,Henry Reed,Corporate,United States,Jersey City,New Jersey,87944,East,TEC-AC-1215,Technology,Accessories,SanDisk Flash Drive,876.96,2,0.5,96.03
US-2023-100616,2024-07-22,2024-07-24,Second Class,CU-10010,Jack Irwin,Consumer,United States,Eugene,Oregon,21920,West,TEC-CO-1216,Technology,Copiers,Hewlett Packard Copier,4530.77,11,0.2,802.9
US-2023-100617,2023-07-06,2023-07-07,Same Day,CU-10107,Nathan Garcia,Home Office,United States,Detroit,Michigan,64471,Central,OFF-AR-1217,Office Supplies,Art,Bic Pens,486.36,12,0.0,94.44
US-2023-100618,2025-01-20,2025-01-26,Same Day,CU-10088,Nathan Evans,Consumer,United States,Cleveland,Ohio,56237,Central,TEC-AC-1218,Technology,Accessories,SanDisk Flash Drive,7646.4,10,0.0,1502.41
US-2023-100619,2025-05-03,2025-05-04,Second Class,CU-10077,Henry Ortiz,Home Office,United States,Raleigh,North Carolina,46904,South,OFF-AR-1219,Office Supplies,Art,Bic Pens,277.86,11,0.0,48.69
US-2023-100620,2024-07-07,2024-07-12,Second Class,CU-10036,Ivy Diaz,Corporate,United States,Boston,Massachusetts,57284,East,FUR-TA-1220,Furniture,Tables,Chromcraft Round Table,865.49,5,0.1,-22.11
US-2023-100621,2024-07-21,2024-07-27,Same Day,CU-10046,Paul Irwin,Consumer,United States,Eugene,Oregon,56134,West,OFF-PA-1221,Office Supplies,Paper,HP Paper Ream,322.65,9,0.0,107.18
US-2023-100622,2025-08-27,2025-08-31,First Class,CU-10009,Paul Kim,Consumer,United States,Miami,Florida,94720,South,OFF-PA-1222,Office Supplies,Paper,HP Paper Ream,146.44,4,0.0,49.32
US-2023-100623,2025-08-17,2025-08-19,First Class,CU-10084,Frank Bennett,Home Office,United States,Austin,Texas,83869,Central,TEC-CO-1223,Technology,Copiers,Hewlett Packard Copier,2593.32,12,0.0,-44.08
US-2023-100624,2025-07-11,2025-07-16,Same Day,CU-10079,Jack Quintana,Home Office,United States,Portland,Oregon,70571,West,OFF-ST-1224,Office Supplies,Storage,SimpleHouseware Bin,99.36,8,0.1,28.85
US-2023-100625,2024-09-27,2024-09-30,Second Class,CU-10044,Olivia Reed,Corporate,United States,Phoenix,Arizona,23947,West,FUR-TA-1225,Furniture,Tables,Bretford Conference Table,1187.31,3,0.0,-76.19
US-2023-100626,2023-03-26,2023-03-28,Second Class,CU-10013,Henry Reed,Consumer,United States,Spokane,Washington,80667,West,FUR-TA-1226,Furniture,Tables,Bretford Conference Table,2444.3,10,0.0,-80.54
US-2023-100627,2025-02-19,2025-02-26,Same Day,CU-10042,Leo Parker,Home Office,United States,Seattle,Washington,62965,West,OFF-BI-1227,Office Supplies,Binders,GBC Binding System,144.96,3,0.0,52.18
US-2023-100628,2023-12-19,2023-12-23,Standard Class,CU-10064,Karen Nguyen,Corporate,United States,Tucson,Arizona,84991,West,TEC-PH-1228,Technology,Phones,Apple iPhone,1543.46,2,0.0,-18.0
US-2023-100629,2024-08-14,2024-08-15,Same Day,CU-10084,Frank Bennett,Home Office,United States,Austin,Texas,22031,Central,OFF-AR-1229,Office Supplies,Art,Newell Highlighters,426.71,12,0.1,67.28
US-2023-100630,2025-02-27,2025-03-06,Same Day,CU-10068,Leo Bennett,Consumer,United States,Buffalo,New York,88191,East,OFF-ST-1230,Office Supplies,Storage,SimpleHouseware Bin,128.42,4,0.15,38.93
US-2023-100631,2023-09-23,2023-09-26,First Class,CU-10063,Alice Quintana,Home Office,United States,Springfield,Illinois,83553,Central,TEC-PH-1231,Technology,Phones,Cisco IP Phone,2327.28,4,0.0,502.27
US-2023-100632,2024-12-06,2024-12-13,Standard Class,CU-10029,Nathan Ortiz,Corporate,United States,New York City,New York,31582,East,OFF-LA-1232,Office Supplies,Labels,Hon Label Maker Tape,115.5,5,0.0,27.23
US-2023-100633,2024-09-14,2024-09-17,Second Class,CU-10076,Rita Garcia,Home Office,United States,Cleveland,Ohio,33776,Central,OFF-LA-1233,Office Supplies,Labels,Hon Label Maker Tape,120.19,8,0.2,9.76
US-2023-100634,2023-07-04,2023-07-05,First Class,CU-10064,Karen Nguyen,Corporate,United States,Eugene,Oregon,48719,West,OFF-PA-1234,Office Supplies,Paper,Boise Paper,159.35,5,0.0,13.33
US-2023-100635,2023-08-20,2023-08-25,Standard Class,CU-10096,Leo Irwin,Home Office,United States,Newark,New Jersey,37935,East,OFF-BI-1235,Office Supplies,Binders,Avery Binder,65.55,5,0.0,14.37
US-2023-100636,2025-11-28,2025-12-03,First Class,CU-10026,Grace Kim,Corporate,United States,New York City,New York,58189,East,OFF-AR-1236,Office Supplies,Art,Bic Pens,418.23,9,0.0,35.15
US-2023-100637,2024-06-05,2024-06-12,Standard Class,CU-10021,Nathan Irwin,Consumer,United States,Memphis,Tennessee,58530,South,TEC-PH-1237,Technology,Phones,Samsung Galaxy,1390.46,5,0.1,167.22
US-2023-100638,2023-10-04,2023-10-10,First Class,CU-10073,Aaron Foster,Consumer,United States,Pittsburgh,Pennsylvania,19740,East,OFF-AR-1238,Office Supplies,Art,Bic Pens,17.14,1,0.4,3.68
US-2023-100639,2024-06-12,2024-06-17,Second Class,CU-10081,Henry Johnson,Consumer,United States,Phoenix,Arizona,83695,West,OFF-LA-1239,Office Supplies,Labels,Avery Labels,148.72,5,0.2,48.84
US-2023-100640,2024-07-10,2024-07-14,Second Class,CU-10008,Jack Diaz,Home Office,United States,Buffalo,New York,80454,East,FUR-TA-1240,Furniture,Tables,Chromcraft Round Table,303.24,1,0.1,47.38
US-2023-100641,2023-04-15,2023-04-22,Second Class,CU-10046,Paul Irwin,Consumer,United States,Tucson,Arizona,84095,West,FUR-TA-1241,Furniture,Tables,Bretford Conference Table,1585.8,9,0.0,-84.17
US-2023-100642,2024-07-17,2024-07-23,Same Day,CU-10084,Frank Bennett,Home Office,United States,Detroit,Michigan,23651,Central,TEC-CO-1242,Technology,Copiers,Hewlett Packard Copier,1275.68,2,0.2,295.1
US-2023-100643,2025-03-07,2025-03-08,Second Class,CU-10068,Leo Bennett,Consumer,United States,Boston,Massachusetts,88898,East,OFF-BI-1243,Office Supplies,Binders,Avery Binder,106.74,6,0.0,39.3
US-2023-100644,2024-05-20,2024-05-27,Same Day,CU-10020,Carla Quintana,Home Office,United States,Pittsburgh,Pennsylvania,57581,East,OFF-PA-1244,Office Supplies,Paper,HP Paper Ream,64.97,6,0.15,23.97
US-2023-100645,2024-05-25,2024-05-28,Same Day,CU-10099,Frank Ward,Home Office,United States,Pittsburgh,Pennsylvania,30271,East,OFF-BI-1245,Office Supplies,Binders,GBC Binding System,215.95,7,0.0,70.12
US-2023-100646,2023-10-16,2023-10-17,Second Class,CU-10043,Alice Hughes,Corporate,United States,Tampa,Florida,23906,South,OFF-BI-1246,Office Supplies,Binders,Avery Binder,496.88,11,0.1,94.88
US-2023-100647,2025-10-10,2025-10-13,Standard Class,CU-10099,Frank Ward,Home Office,United States,Pittsburgh,Pennsylvania,14531,East,OFF-LA-1247,Office Supplies,Labels,Hon Label Maker Tape,74.31,3,0.0,25.68
US-2023-100648,2024-04-09,2024-04-10,Standard Class,CU-10003,Alice Ortiz,Corporate,United States,Miami,Florida,27270,South,OFF-LA-1248,Office Supplies,Labels,Hon Label Maker Tape,249.3,9,0.0,81.48
US-2023-100649,2023-07-09,2023-07-10,Standard Class,CU-10014,Jack Johnson,Corporate,United States,Raleigh,North Carolina,75630,South,FUR-BO-1249,Furniture,Bookcases,O'Sullivan Bookcase,3673.23,11,0.0,16.85
US-2023-100650,2025-01-19,2025-01-20,Standard Class,CU-10006,Nathan Quintana,Home Office,United States,Los Angeles,California,67450,West,OFF-AR-1250,Office Supplies,Art,Newell Highlighters,369.46,13,0.0,85.44
US-2023-100651,2024-02-24,2024-02-25,Standard Class,CU-10064,Karen Nguyen,Corporate,United States,Eugene,Oregon,21632,West,TEC-PH-1251,Technology,Phones,Apple iPhone,3248.19,11,0.4,857.3
US-2023-100652,2023-02-17,2023-02-20,Second Class,CU-10112,Nathan Hughes,Consumer,United States,Eugene,Oregon,44803,West,OFF-BI-1252,Office Supplies,Binders,GBC Binding System,211.84,4,0.0,63.3
US-2023-100653,2024-12-31,2025-01-01,Standard Class,CU-10063,Alice Quintana,Home Office,United States,Detroit,Michigan,38605,Central,FUR-BO-1253,Furniture,Bookcases,Bush Cubix Bookcase,2084.65,5,0.0,-166.99
US-2023-100654,2024-07-11,2024-07-13,Second Class,CU-10116,Aaron Quintana,Consumer,United States,Tampa,Florida,39627,South,FUR-TA-1254,Furniture,Tables,Bretford Conference Table,1351.53,4,0.15,-28.33
US-2023-100655,2025-07-07,2025-07-09,Second Class,CU-10032,Henry Hughes,Consumer,United States,Tucson,Arizona,67614,West,FUR-BO-1255,Furniture,Bookcases,Sauder Bookcase,1232.76,6,0.0,-87.82
US-2023-100656,2023-10-19,2023-10-24,Standard Class,CU-10082,Henry Reed,Corporate,United States,Newark,New Jersey,42260,East,OFF-AR-1256,Office Supplies,Art,Sharpie Markers,419.14,12,0.2,120.0
US-2023-100657,2025-10-21,2025-10-23,Standard Class,CU-10101,Ivy Ortiz,Consumer,United States,Philadelphia,Pennsylvania,60565,East,OFF-BI-1257,Office Supplies,Binders,GBC Binding System,8.87,1,0.3,2.46
US-2023-100658,2025-10-06,2025-10-09,First Class,CU-10023,Henry Silva,Home Office,United States,Newark,New Jersey,98287,East,OFF-LA-1258,Office Supplies,Labels,Hon Label Maker Tape,256.48,8,0.0,71.7
US-2023-100659,2024-03-09,2024-03-12,Same Day,CU-10067,Olivia Hughes,Corporate,United States,Savannah,Georgia,48771,South,OFF-ST-1259,Office Supplies,Storage,Fellowes Storage Box,553.02,13,0.0,100.35
US-2023-100660,2023-01-25,2023-01-26,First Class,CU-10116,Aaron Quintana,Consumer,United States,Charlotte,North Carolina,66058,South,OFF-LA-1260,Office Supplies,Labels,Hon Label Maker Tape,110.77,3,0.15,16.48
US-2023-100661,2025-05-06,2025-05-11,First Class,CU-10005,Jack Ward,Consumer,United States,Detroit,Michigan,23384,Central,FUR-BO-1261,Furniture,Bookcases,Bush Cubix Bookcase,1006.32,7,0.0,137.33
US-2023-100662,2025-12-08,2025-12-12,Second Class,CU-10115,Ivy Silva,Home Office,United States,Nashville,Tennessee,45618,South,OFF-ST-1262,Office Supplies,Storage,Fellowes Storage Box,163.28,8,0.0,44.61
US-2023-100663,2023-03-28,2023-03-31,Second Class,CU-10110,Brian Kim,Corporate,United States,Houston,Texas,23985,Central,FUR-FU-1263,Furniture,Furnishings,Tenex Chairmat,2586.15,10,0.1,-66.46
US-2023-100664,2024-12-29,2025-01-02,First Class,CU-10041,Carla Reed,Corporate,United States,Charlotte,North Carolina,55876,South,OFF-BI-1264,Office Supplies,Binders,GBC Binding System,117.07,6,0.1,13.32
US-2023-100665,2024-12-16,2024-12-17,Same Day,CU-10102,Ivy Garcia,Corporate,United States,Chicago,Illinois,30308,Central,OFF-PA-1265,Office Supplies,Paper,HP Paper Ream,306.54,6,0.0,96.73
US-2023-100666,2024-04-25,2024-04-28,Second Class,CU-10011,Carla Turner,Corporate,United States,Dallas,Texas,13348,Central,OFF-ST-1266,Office Supplies,Storage,Fellowes Storage Box,361.84,11,0.1,44.57
US-2023-100667,2023-07-03,2023-07-09,Standard Class,CU-10017,Quinn Chavez,Consumer,United States,Dallas,Texas,28424,Central,TEC-PH-1267,Technology,Phones,Samsung Galaxy,8047.65,13,0.0,1770.26
US-2023-100668,2024-05-23,2024-05-27,Standard Class,CU-10037,Maria Kim,Home Office,United States,Philadelphia,Pennsylvania,89641,East,TEC-CO-1268,Technology,Copiers,Hewlett Packard Copier,2477.7,9,0.0,108.02
US-2023-100669,2024-05-07,2024-05-08,Standard Class,CU-10079,Jack Quintana,Home Office,United States,San Francisco,California,12526,West,OFF-AR-1269,Office Supplies,Art,Bic Pens,137.9,11,0.2,11.2
US-2023-100670,2025-06-11,2025-06-15,Standard Class,CU-10008,Jack Diaz,Home Office,United States,Buffalo,New York,77492,East,FUR-TA-1270,Furniture,Tables,Bretford Conference Table,434.04,1,0.0,42.07
US-2023-100671,2024-04-07,2024-04-08,Standard Class,CU-10046,Paul Irwin,Consumer,United States,Tucson,Arizona,97168,West,OFF-PA-1271,Office Supplies,Paper,HP Paper Ream,86.65,2,0.1,19.18
US-2023-100672,2023-10-22,2023-10-25,Second Class,CU-10044,Olivia Reed,Corporate,United States,Tucson,Arizona,82403,West,TEC-AC-1272,Technology,Accessories,SanDisk Flash Drive,10486.8,12,0.0,2189.7
US-2023-100673,2025-10-21,2025-10-26,Same Day,CU-10091,Ivy Ortiz,Corporate,United States,Atlanta,Georgia,17997,South,FUR-FU-1273,Furniture,Furnishings,Advantus Task Lamp,2426.41,7,0.0,283.3
US-2023-100674,2023-03-26,2023-03-31,Standard Class,CU-10053,Olivia Ortiz,Consumer,United States,Boston,Massachusetts,72266,East,OFF-PA-1274,Office Supplies,Paper,Boise Paper,87.21,3,0.4,10.1
US-2023-100675,2023-01-12,2023-01-16,Second Class,CU-10007,Nathan Quintana,Corporate,United States,Portland,Oregon,19891,West,OFF-AR-1275,Office Supplies,Art,Bic Pens,178.48,8,0.0,58.82
US-2023-100676,2024-10-29,2024-11-03,Second Class,CU-10044,Olivia Reed,Corporate,United States,San Diego,California,55828,West,OFF-LA-1276,Office Supplies,Labels,Avery Labels,138.72,6,0.0,49.56
US-2023-100677,2024-05-24,2024-05-28,Same Day,CU-10101,Ivy Ortiz,Consumer,United States,Jersey City,New Jersey,91502,East,OFF-PA-1277,Office Supplies,Paper,HP Paper Ream,80.37,5,0.15,26.68
US-2023-100678,2023-04-12,2023-04-19,Same Day,CU-10040,Rita Johnson,Consumer,United States,Atlanta,Georgia,79527,South,OFF-PA-1278,Office Supplies,Paper,Boise Paper,564.2,13,0.0,156.08
US-2023-100679,2024-11-12,2024-11-19,Same Day,CU-10012,Olivia Nguyen,Consumer,United States,Phoenix,Arizona,52484,West,OFF-ST-1279,Office Supplies,Storage,Iris File Box,111.09,7,0.4,24.71
US-2023-100680,2024-09-12,2024-09-15,Second Class,CU-10016,Alice Moore,Home Office,United States,Cleveland,Ohio,59805,Central,FUR-TA-1280,Furniture,Tables,Bush Somerset Table,3330.96,12,0.0,-127.58
US-2023-100681,2023-05-14,2023-05-19,First Class,CU-10054,Ivy Parker,Corporate,United States,Boston,Massachusetts,88814,East,TEC-PH-1281,Technology,Phones,Apple iPhone,3933.2,10,0.0,231.38
US-2023-100682,2023-10-04,2023-10-07,First Class,CU-10098,Frank Diaz,Consumer,United States,Savannah,Georgia,34814,South,TEC-AC-1282,Technology,Accessories,Kensington Keyboard,6408.99,9,0.0,1494.72
US-2023-100683,2023-06-07,2023-06-08,Standard Class,CU-10110,Brian Kim,Corporate,United States,Detroit,Michigan,78307,Central,FUR-BO-1283,Furniture,Bookcases,Bush Cubix Bookcase,2344.68,9,0.0,188.36
US-2023-100684,2024-05-19,2024-05-25,Standard Class,CU-10055,Elena Quintana,Corporate,United States,Houston,Texas,27521,Central,TEC-AC-1284,Technology,Accessories,SanDisk Flash Drive,1023.66,3,0.0,130.4
US-2023-100685,2023-05-10,2023-05-16,Second Class,CU-10076,Rita Garcia,Home Office,United States,Detroit,Michigan,95209,Central,OFF-PA-1285,Office Supplies,Paper,Xerox Paper Ream,33.84,3,0.15,6.77
US-2023-100686,2024-07-24,2024-07-28,First Class,CU-10111,Nathan Foster,Consumer,United States,Miami,Florida,70252,South,FUR-CH-1286,Furniture,Chairs,Global Task Chair,5023.56,12,0.0,293.11
US-2023-100687,2024-03-29,2024-04-04,First Class,CU-10031,Grace Ward,Consumer,United States,Buffalo,New York,49745,East,FUR-BO-1287,Furniture,Bookcases,Sauder Bookcase,1940.1,6,0.0,45.29
US-2023-100688,2023-12-14,2023-12-15,First Class,CU-10071,Elena Johnson,Home Office,United States,Ann Arbor,Michigan,54540,Central,OFF-ST-1288,Office Supplies,Storage,Fellowes Storage Box,144.76,7,0.2,35.1
US-2023-100689,2025-02-05,2025-02-12,Second Class,CU-10075,Quinn Garcia,Corporate,United States,Worcester,Massachusetts,78455,East,OFF-LA-1289,Office Supplies,Labels,Avery Labels,83.66,2,0.0,23.02
US-2023-100690,2023-05-04,2023-05-07,Same Day,CU-10006,Nathan Quintana,Home Office,United States,Spokane,Washington,55938,West,OFF-ST-1290,Office Supplies,Storage,Fellowes Storage Box,398.16,9,0.0,114.33
US-2023-100691,2023-04-11,2023-04-16,Same Day,CU-10110,Brian Kim,Corporate,United States,Houston,Texas,76237,Central,OFF-AR-1291,Office Supplies,Art,Sharpie Markers,115.62,4,0.2,16.75
US-2023-100692,2024-11-08,2024-11-15,Same Day,CU-10093,Carla Irwin,Home Office,United States,Worcester,Massachusetts,81127,East,OFF-ST-1292,Office Supplies,Storage,Iris File Box,476.58,13,0.0,39.86
US-2023-100693,2023-10-13,2023-10-16,First Class,CU-10058,Aaron Diaz,Consumer,United States,San Francisco,California,89964,West,TEC-MA-1293,Technology,Machines,Zebra Label Printer,4703.95,7,0.15,1233.4
US-2023-100694,2025-09-23,2025-09-25,Second Class,CU-10001,Maria Johnson,Corporate,United States,Charlotte,North Carolina,86308,South,TEC-PH-1294,Technology,Phones,Samsung Galaxy,2086.59,4,0.2,37.85
US-2023-100695,2023-04-08,2023-04-09,First Class,CU-10078,Brian Moore,Home Office,United States,Philadelphia,Pennsylvania,88970,East,OFF-ST-1295,Office Supplies,Storage,Fellowes Storage Box,411.04,8,0.0,100.2
US-2023-100696,2025-10-04,2025-10-10,Same Day,CU-10023,Henry Silva,Home Office,United States,Buffalo,New York,26143,East,FUR-FU-1296,Furniture,Furnishings,Advantus Task Lamp,2512.8,8,0.15,-139.38
US-2023-100697,2023-08-14,2023-08-20,Standard Class,CU-10024,Maria Quintana,Home Office,United States,New York City,New York,50379,East,TEC-MA-1297,Technology,Machines,Lexmark Printer,3088.89,9,0.0,805.25
US-2023-100698,2024-01-27,2024-01-28,Second Class,CU-10108,Alice Chavez,Consumer,United States,New York City,New York,34665,East,TEC-MA-1298,Technology,Machines,Zebra Label Printer,871.8,4,0.0,-4.29
US-2023-100699,2024-04-09,2024-04-16,Same Day,CU-10036,Ivy Diaz,Corporate,United States,Jersey City,New Jersey,76857,East,OFF-BI-1299,Office Supplies,Binders,GBC Binding System,47.87,3,0.1,10.61
US-2024-100700,2023-10-27,2023-11-03,Standard Class,CU-10022,Alice Ward,Consumer,United States,Miami,Florida,74945,South,OFF-LA-1300,Office Supplies,Labels,Hon Label Maker Tape,193.8,4,0.0,46.1
US-2024-100701,2025-11-02,2025-11-04,First Class,CU-10035,Olivia Evans,Corporate,United States,Nashville,Tennessee,23012,South,TEC-PH-1301,Technology,Phones,Cisco IP Phone,617.5,2,0.0,139.69
US-2024-100702,2024-10-02,2024-10-09,First Class,CU-10079,Jack Quintana,Home Office,United States,Los Angeles,California,61773,West,OFF-ST-1302,Office Supplies,Storage,Fellowes Storage Box,105.26,2,0.0,29.17
US-2024-100703,2025-04-16,2025-04-20,Standard Class,CU-10074,Paul Chavez,Consumer,United States,Eugene,Oregon,66228,West,OFF-LA-1303,Office Supplies,Labels,Avery Labels,251.5,7,0.1,50.28
US-2024-100704,2023-08-06,2023-08-10,Second Class,CU-10112,Nathan Hughes,Consumer,United States,Phoenix,Arizona,53111,West,TEC-CO-1304,Technology,Copiers,Canon Copier,5696.02,11,0.15,133.37
US-2024-100705,2025-03-25,2025-03-27,Second Class,CU-10067,Olivia Hughes,Corporate,United States,Miami,Florida,82300,South,TEC-CO-1305,Technology,Copiers,Canon Copier,2348.77,7,0.1,235.91
US-2024-100706,2025-12-17,2025-12-24,Same Day,CU-10092,Ivy Johnson,Consumer,United States,Spokane,Washington,34452,West,OFF-PA-1306,Office Supplies,Paper,HP Paper Ream,58.5,2,0.0,6.1
US-2024-100707,2024-02-20,2024-02-22,Second Class,CU-10098,Frank Diaz,Consumer,United States,Charlotte,North Carolina,33095,South,TEC-PH-1307,Technology,Phones,Apple iPhone,821.52,3,0.0,151.62
US-2024-100708,2024-04-10,2024-04-14,First Class,CU-10019,Elena Nguyen,Corporate,United States,Los Angeles,California,82764,West,FUR-FU-1308,Furniture,Furnishings,Eldon Desk Lamp,2921.7,6,0.0,-58.17
US-2024-100709,2024-01-08,2024-01-10,Second Class,CU-10029,Nathan Ortiz,Corporate,United States,New York City,New York,72994,East,FUR-CH-1309,Furniture,Chairs,Global Task Chair,4295.92,12,0.1,-169.79
US-2024-100710,2024-12-27,2025-01-01,Second Class,CU-10073,Aaron Foster,Consumer,United States,Buffalo,New York,81448,East,OFF-LA-1310,Office Supplies,Labels,Avery Labels,260.37,11,0.0,73.09
US-2024-100711,2023-03-01,2023-03-04,Second Class,CU-10078,Brian Moore,Home Office,United States,Buffalo,New York,12313,East,FUR-FU-1311,Furniture,Furnishings,Advantus Task Lamp,1960.0,5,0.0,-153.67
US-2024-100712,2025-10-25,2025-11-01,Standard Class,CU-10020,Carla Quintana,Home Office,United States,Pittsburgh,Pennsylvania,63979,East,TEC-AC-1312,Technology,Accessories,Kensington Keyboard,5013.54,9,0.0,416.5
US-2024-100713,2025-05-10,2025-05-17,First Class,CU-10065,Karen Moore,Consumer,United States,Boston,Massachusetts,74405,East,OFF-ST-1313,Office Supplies,Storage,Iris File Box,175.39,12,0.2,25.7
US-2024-100714,2025-05-15,2025-05-21,First Class,CU-10114,Jack Evans,Home Office,United States,Chicago,Illinois,71474,Central,TEC-PH-1314,Technology,Phones,Apple iPhone,2090.3,5,0.0,210.13
US-2024-100715,2023-02-17,2023-02-18,Standard Class,CU-10040,Rita Johnson,Consumer,United States,Savannah,Georgia,84202,South,FUR-FU-1315,Furniture,Furnishings,Eldon Desk Lamp,1704.07,6,0.3,133.15
US-2024-100716,2024-08-18,2024-08-20,Standard Class,CU-10038,Frank Foster,Consumer,United States,Seattle,Washington,90313,West,TEC-CO-1316,Technology,Copiers,Canon Copier,4186.64,8,0.0,-51.76
US-2024-100717,2025-08-25,2025-08-31,Second Class,CU-10044,Olivia Reed,Corporate,United States,Seattle,Washington,66069,West,OFF-PA-1317,Office Supplies,Paper,HP Paper Ream,77.72,2,0.1,10.9
US-2024-100718,2024-06-10,2024-06-17,Standard Class,CU-10007,Nathan Quintana,Corporate,United States,San Francisco,California,23924,West,OFF-ST-1318,Office Supplies,Storage,SimpleHouseware Bin,94.74,3,0.1,11.1
US-2024-100719,2024-11-08,2024-11-14,Second Class,CU-10105,Elena Parker,Consumer,United States,Atlanta,Georgia,50450,South,OFF-AR-1319,Office Supplies,Art,Bic Pens,386.76,11,0.2,99.62
US-2024-100720,2025-07-09,2025-07-12,Standard Class,CU-10002,Henry Silva,Consumer,United States,Philadelphia,Pennsylvania,77670,East,FUR-CH-1320,Furniture,Chairs,Global Task Chair,1743.06,6,0.0,-30.44
US-2024-100721,2023-03-21,2023-03-26,Same Day,CU-10079,Jack Quintana,Home Office,United States,Tucson,Arizona,63714,West,TEC-AC-1321,Technology,Accessories,Logitech Mouse,1761.08,11,0.4,-45.04
US-2024-100722,2023-08-29,2023-09-04,Second Class,CU-10047,Quinn Garcia,Corporate,United States,Philadelphia,Pennsylvania,64979,East,OFF-ST-1322,Office Supplies,Storage,Fellowes Storage Box,12.86,1,0.0,1.28
US-2024-100723,2023-04-06,2023-04-10,Same Day,CU-10092,Ivy Johnson,Consumer,United States,Seattle,Washington,17333,West,FUR-TA-1323,Furniture,Tables,Chromcraft Round Table,1275.09,4,0.3,40.17
US-2024-100724,2024-02-01,2024-02-07,First Class,CU-10035,Olivia Evans,Corporate,United States,Nashville,Tennessee,38552,South,OFF-ST-1324,Office Supplies,Storage,Iris File Box,26.33,1,0.3,7.2
US-2024-100725,2025-06-01,2025-06-06,Same Day,CU-10002,Henry Silva,Consumer,United States,Boston,Massachusetts,97939,East,TEC-MA-1325,Technology,Machines,Zebra Label Printer,2359.69,6,0.1,258.16
US-2024-100726,2023-02-28,2023-03-04,First Class,CU-10063,Alice Quintana,Home Office,United States,Springfield,Illinois,65526,Central,OFF-PA-1326,Office Supplies,Paper,Xerox Paper Ream,216.1,5,0.0,40.03
US-2024-100727,2023-11-18,2023-11-19,Same Day,CU-10069,Frank Johnson,Consumer,United States,Columbus,Ohio,39433,Central,OFF-ST-1327,Office Supplies,Storage,SimpleHouseware Bin,357.84,10,0.2,65.28
US-2024-100728,2023-03-24,2023-03-30,Second Class,CU-10079,Jack Quintana,Home Office,United States,Portland,Oregon,46652,West,OFF-AR-1328,Office Supplies,Art,Bic Pens,203.74,11,0.1,23.93
US-2024-100729,2023-12-15,2023-12-20,Same Day,CU-10035,Olivia Evans,Corporate,United States,Savannah,Georgia,80925,South,TEC-MA-1329,Technology,Machines,Zebra Label Printer,3682.01,11,0.4,358.29
US-2024-100730,2025-04-13,2025-04-15,Standard Class,CU-10075,Quinn Garcia,Corporate,United States,Philadelphia,Pennsylvania,21115,East,FUR-CH-1330,Furniture,Chairs,Hbada Office Chair,1302.27,7,0.1,-55.96
US-2024-100731,2023-01-28,2023-02-04,First Class,CU-10044,Olivia Reed,Corporate,United States,Eugene,Oregon,87510,West,OFF-LA-1331,Office Supplies,Labels,Avery Labels,33.22,1,0.1,2.47
US-2024-100732,2025-03-07,2025-03-12,Second Class,CU-10010,Jack Irwin,Consumer,United States,Eugene,Oregon,15032,West,OFF-ST-1332,Office Supplies,Storage,Fellowes Storage Box,215.52,4,0.0,25.58
US-2024-100733,2023-09-15,2023-09-20,Same Day,CU-10041,Carla Reed,Corporate,United States,Memphis,Tennessee,17178,South,OFF-LA-1333,Office Supplies,Labels,Hon Label Maker Tape,561.86,13,0.0,140.67
US-2024-100734,2024-10-21,2024-10-23,Second Class,CU-10009,Paul Kim,Consumer,United States,Savannah,Georgia,22555,South,TEC-PH-1334,Technology,Phones,Samsung Galaxy,4997.25,13,0.15,461.4
US-2024-100735,2023-01-28,2023-01-31,Standard Class,CU-10095,Maria Nguyen,Home Office,United States,Houston,Texas,39227,Central,FUR-CH-1335,Furniture,Chairs,Global Task Chair,304.37,2,0.3,-22.66
US-2024-100736,2024-05-22,2024-05-26,Second Class,CU-10036,Ivy Diaz,Corporate,United States,Philadelphia,Pennsylvania,49410,East,FUR-TA-1336,Furniture,Tables,Chromcraft Round Table,2952.29,9,0.1,207.18
US-2024-100737,2023-05-16,2023-05-19,Same Day,CU-10017,Quinn Chavez,Consumer,United States,Dallas,Texas,68695,Central,FUR-TA-1337,Furniture,Tables,Bush Somerset Table,2065.5,5,0.0,-167.58
US-2024-100738,2024-06-12,2024-06-15,Second Class,CU-10011,Carla Turner,Corporate,United States,Ann Arbor,Michigan,66010,Central,TEC-CO-1338,Technology,Copiers,Hewlett Packard Copier,2050.6,6,0.1,324.93
US-2024-100739,2024-06-04,2024-06-07,First Class,CU-10117,Ivy Parker,Home Office,United States,Buffalo,New York,95271,East,FUR-BO-1339,Furniture,Bookcases,Sauder Bookcase,1037.34,2,0.0,83.57
US-2024-100740,2024-03-25,2024-03-28,Same Day,CU-10093,Carla Irwin,Home Office,United States,Jersey City,New Jersey,98859,East,OFF-AR-1340,Office Supplies,Art,Newell Highlighters,281.02,7,0.15,87.83
US-2024-100741,2024-12-25,2024-12-28,Standard Class,CU-10052,Olivia Quintana,Home Office,United States,Portland,Oregon,68812,West,OFF-AR-1341,Office Supplies,Art,Bic Pens,310.52,10,0.3,54.28
US-2024-100742,2023-04-09,2023-04-11,Second Class,CU-10084,Frank Bennett,Home Office,United States,Cleveland,Ohio,33446,Central,TEC-CO-1342,Technology,Copiers,Hewlett Packard Copier,3275.58,6,0.0,67.84
US-2024-100743,2024-07-19,2024-07-26,Standard Class,CU-10012,Olivia Nguyen,Consumer,United States,Seattle,Washington,73606,West,OFF-LA-1343,Office Supplies,Labels,Avery Labels,332.01,10,0.1,87.38
US-2024-100744,2023-01-22,2023-01-29,Same Day,CU-10105,Elena Parker,Consumer,United States,Raleigh,North Carolina,44436,South,OFF-BI-1344,Office Supplies,Binders,Avery Binder,335.0,10,0.0,83.41
US-2024-100745,2025-04-27,2025-05-03,Same Day,CU-10102,Ivy Garcia,Corporate,United States,Cleveland,Ohio,66875,Central,OFF-AR-1345,Office Supplies,Art,Sharpie Markers,272.16,12,0.4,28.78
US-2024-100746,2024-04-14,2024-04-20,Same Day,CU-10003,Alice Ortiz,Corporate,United States,Atlanta,Georgia,61874,South,OFF-PA-1346,Office Supplies,Paper,Xerox Paper Ream,255.7,5,0.0,31.38
US-2024-100747,2024-04-23,2024-04-26,Same Day,CU-10080,Sam Ortiz,Consumer,United States,Tampa,Florida,42540,South,OFF-ST-1347,Office Supplies,Storage,Iris File Box,102.33,3,0.1,30.91
US-2024-100748,2025-02-10,2025-02-12,First Class,CU-10101,Ivy Ortiz,Consumer,United States,Boston,Massachusetts,97192,East,FUR-TA-1348,Furniture,Tables,Bush Somerset Table,1950.6,11,0.15,217.59
US-2024-100749,2023-02-17,2023-02-24,First Class,CU-10068,Leo Bennett,Consumer,United States,Philadelphia,Pennsylvania,15198,East,OFF-AR-1349,Office Supplies,Art,Sharpie Markers,341.1,9,0.0,24.41
US-2024-100750,2025-10-18,2025-10-19,Same Day,CU-10008,Jack Diaz,Home Office,United States,Pittsburgh,Pennsylvania,87746,East,OFF-LA-1350,Office Supplies,Labels,Hon Label Maker Tape,450.02,11,0.15,84.34
US-2024-100751,2024-07-21,2024-07-27,Standard Class,CU-10047,Quinn Garcia,Corporate,United States,Newark,New Jersey,14846,East,OFF-LA-1351,Office Supplies,Labels,Avery Labels,352.31,7,0.0,110.44
US-2024-100752,2023-10-05,2023-10-06,First Class,CU-10068,Leo Bennett,Consumer,United States,Jersey City,New Jersey,44338,East,TEC-PH-1352,Technology,Phones,Samsung Galaxy,688.34,1,0.0,179.15
US-2024-100753,2024-07-30,2024-07-31,Standard Class,CU-10062,Quinn Moore,Consumer,United States,Miami,Florida,56995,South,TEC-AC-1353,Technology,Accessories,Kensington Keyboard,5581.55,13,0.0,0.76
US-2024-100754,2023-10-25,2023-10-30,First Class,CU-10009,Paul Kim,Consumer,United States,Savannah,Georgia,24948,South,TEC-AC-1354,Technology,Accessories,SanDisk Flash Drive,355.67,1,0.0,2.55
US-2024-100755,2024-07-02,2024-07-07,Second Class,CU-10021,Nathan Irwin,Consumer,United States,Tampa,Florida,30882,South,TEC-AC-1355,Technology,Accessories,Logitech Mouse,8435.96,13,0.0,-37.21
US-2024-100756,2023-04-19,2023-04-26,First Class,CU-10117,Ivy Parker,Home Office,United States,Boston,Massachusetts,43222,East,OFF-PA-1356,Office Supplies,Paper,HP Paper Ream,104.58,7,0.4,14.26
US-2024-100757,2025-12-17,2025-12-21,Same Day,CU-10004,Derek Chavez,Corporate,United States,New York City,New York,11110,East,TEC-MA-1357,Technology,Machines,Lexmark Printer,1194.26,2,0.0,25.27
US-2024-100758,2023-03-18,2023-03-20,Standard Class,CU-10017,Quinn Chavez,Consumer,United States,Dallas,Texas,69880,Central,TEC-MA-1358,Technology,Machines,Lexmark Printer,8442.2,10,0.0,1539.35
US-2024-100759,2025-05-07,2025-05-09,Second Class,CU-10073,Aaron Foster,Consumer,United States,Philadelphia,Pennsylvania,96029,East,TEC-AC-1359,Technology,Accessories,Kensington Keyboard,1242.01,7,0.5,5.8
US-2024-100760,2025-04-12,2025-04-18,Standard Class,CU-10030,Rita Parker,Consumer,United States,Detroit,Michigan,26300,Central,FUR-FU-1360,Furniture,Furnishings,Advantus Task Lamp,3416.64,9,0.15,-63.31
US-2024-100761,2025-12-08,2025-12-11,Second Class,CU-10046,Paul Irwin,Consumer,United States,Spokane,Washington,40188,West,TEC-AC-1361,Technology,Accessories,Kensington Keyboard,6597.8,10,0.0,749.93
US-2024-100762,2023-03-27,2023-03-29,Same Day,CU-10093,Carla Irwin,Home Office,United States,Buffalo,New York,67726,East,OFF-PA-1362,Office Supplies,Paper,Boise Paper,121.2,8,0.0,10.11
US-2024-100763,2025-12-11,2025-12-15,First Class,CU-10018,Quinn Reed,Consumer,United States,Seattle,Washington,90673,West,TEC-PH-1363,Technology,Phones,Samsung Galaxy,5294.4,8,0.0,1122.2
US-2024-100764,2024-10-04,2024-10-07,Standard Class,CU-10053,Olivia Ortiz,Consumer,United States,Jersey City,New Jersey,36174,East,OFF-PA-1364,Office Supplies,Paper,Boise Paper,46.04,6,0.4,15.22
US-2024-100765,2025-12-04,2025-12-11,Same Day,CU-10105,Elena Parker,Consumer,United States,Savannah,Georgia,48011,South,TEC-MA-1365,Technology,Machines,Cubify 3D Printer,1822.93,4,0.1,16.66
US-2024-100766,2023-01-29,2023-02-01,Standard Class,CU-10055,Elena Quintana,Corporate,United States,Cleveland,Ohio,78891,Central,OFF-BI-1366,Office Supplies,Binders,Avery Binder,191.4,10,0.0,54.33
US-2024-100767,2024-03-15,2024-03-16,Standard Class,CU-10095,Maria Nguyen,Home Office,United States,Ann Arbor,Michigan,76122,Central,OFF-AR-1367,Office Supplies,Art,Bic Pens,391.05,10,0.1,92.89
US-2024-100768,2023-02-01,2023-02-08,Same Day,CU-10100,Grace Turner,Corporate,United States,Cleveland,Ohio,62771,Central,TEC-CO-1368,Technology,Copiers,Canon Copier,10188.96,12,0.0,200.09
US-2024-100769,2024-01-21,2024-01-25,Second Class,CU-10020,Carla Quintana,Home Office,United States,Newark,New Jersey,11962,East,TEC-CO-1369,Technology,Copiers,Canon Copier,4129.14,6,0.0,538.3
US-2024-100770,2023-07-15,2023-07-19,Same Day,CU-10031,Grace Ward,Consumer,United States,Newark,New Jersey,93009,East,OFF-AR-1370,Office Supplies,Art,Sharpie Markers,63.7,5,0.0,23.05
US-2024-100771,2024-10-05,2024-10-08,First Class,CU-10053,Olivia Ortiz,Consumer,United States,Pittsburgh,Pennsylvania,39243,East,OFF-ST-1371,Office Supplies,Storage,SimpleHouseware Bin,76.8,5,0.0,11.38
US-2024-100772,2023-11-28,2023-11-30,First Class,CU-10067,Olivia Hughes,Corporate,United States,Charlotte,North Carolina,21760,South,OFF-ST-1372,Office Supplies,Storage,Iris File Box,227.39,8,0.15,81.13
US-2024-100773,2024-03-18,2024-03-25,Same Day,CU-10030,Rita Parker,Consumer,United States,Cleveland,Ohio,46209,Central,OFF-AR-1373,Office Supplies,Art,Bic Pens,31.85,5,0.5,8.02
US-2024-100774,2024-11-01,2024-11-05,First Class,CU-10005,Jack Ward,Consumer,United States,Austin,Texas,83373,Central,OFF-BI-1374,Office Supplies,Binders,GBC Binding System,289.48,7,0.1,72.49
US-2024-100775,2025-08-10,2025-08-11,Same Day,CU-10109,Henry Turner,Consumer,United States,Raleigh,North Carolina,22206,South,OFF-AR-1375,Office Supplies,Art,Newell Highlighters,64.77,3,0.0,14.71
US-2024-100776,2024-07-14,2024-07-19,Same Day,CU-10084,Frank Bennett,Home Office,United States,Austin,Texas,27709,Central,OFF-BI-1376,Office Supplies,Binders,Wilson Jones Binder,163.56,3,0.0,22.35
US-2024-100777,2024-12-08,2024-12-11,Standard Class,CU-10092,Ivy Johnson,Consumer,United States,Eugene,Oregon,36089,West,OFF-AR-1377,Office Supplies,Art,Bic Pens,237.53,9,0.2,57.18
US-2024-100778,2024-05-22,2024-05-27,First Class,CU-10080,Sam Ortiz,Consumer,United States,Nashville,Tennessee,58132,South,TEC-MA-1378,Technology,Machines,Zebra Label Printer,3406.09,12,0.15,511.89
US-2024-100779,2024-07-14,2024-07-18,Second Class,CU-10035,Olivia Evans,Corporate,United States,Nashville,Tennessee,14585,South,OFF-AR-1379,Office Supplies,Art,Bic Pens,22.08,1,0.3,6.26
US-2024-100780,2025-04-07,2025-04-14,Second Class,CU-10058,Aaron Diaz,Consumer,United States,Tucson,Arizona,92161,West,FUR-TA-1380,Furniture,Tables,Bush Somerset Table,1185.6,8,0.0,105.13
US-2024-100781,2025-01-16,2025-01-19,Second Class,CU-10031,Grace Ward,Consumer,United States,Worcester,Massachusetts,69107,East,FUR-FU-1381,Furniture,Furnishings,Advantus Task Lamp,1450.75,4,0.15,25.71
US-2024-100782,2024-08-08,2024-08-13,Second Class,CU-10057,Jack Moore,Corporate,United States,Newark,New Jersey,81766,East,FUR-TA-1382,Furniture,Tables,Bush Somerset Table,380.96,3,0.3,66.31
US-2024-100783,2025-10-26,2025-10-27,First Class,CU-10039,Karen Ortiz,Consumer,United States,Eugene,Oregon,98549,West,OFF-BI-1383,Office Supplies,Binders,Avery Binder,190.92,4,0.0,50.37
US-2024-100784,2024-12-03,2024-12-08,Second Class,CU-10003,Alice Ortiz,Corporate,United States,Orlando,Florida,57818,South,OFF-LA-1384,Office Supplies,Labels,Avery Labels,194.59,6,0.2,41.47
US-2024-100785,2025-05-28,2025-06-01,First Class,CU-10003,Alice Ortiz,Corporate,United States,Tampa,Florida,65620,South,FUR-FU-1385,Furniture,Furnishings,Eldon Desk Lamp,1736.4,6,0.0,36.03
US-2024-100786,2023-12-19,2023-12-22,Second Class,CU-10070,Sam Foster,Corporate,United States,Buffalo,New York,45358,East,TEC-CO-1386,Technology,Copiers,Canon Copier,2534.22,6,0.0,-48.01
US-2024-100787,2025-11-26,2025-12-03,Standard Class,CU-10098,Frank Diaz,Consumer,United States,Raleigh,North Carolina,89706,South,TEC-MA-1387,Technology,Machines,Cubify 3D Printer,2329.32,6,0.0,77.95
US-2024-100788,2024-04-18,2024-04-21,Standard Class,CU-10034,Alice Kim,Corporate,United States,Cleveland,Ohio,59212,Central,TEC-MA-1388,Technology,Machines,Zebra Label Printer,4788.09,9,0.0,1151.89
US-2024-100789,2024-06-28,2024-06-30,Second Class,CU-10075,Quinn Garcia,Corporate,United States,Boston,Massachusetts,21707,East,OFF-BI-1389,Office Supplies,Binders,Wilson Jones Binder,188.58,7,0.0,28.15
US-2024-100790,2023-03-31,2023-04-01,Standard Class,CU-10074,Paul Chavez,Consumer,United States,San Francisco,California,34851,West,OFF-LA-1390,Office Supplies,Labels,Avery Labels,171.54,7,0.15,19.28
US-2024-100791,2023-12-31,2024-01-05,Same Day,CU-10068,Leo Bennett,Consumer,United States,Pittsburgh,Pennsylvania,80516,East,TEC-CO-1391,Technology,Copiers,Canon Copier,3577.86,11,0.0,74.53
US-2024-100792,2024-04-26,2024-05-03,Standard Class,CU-10108,Alice Chavez,Consumer,United States,Boston,Massachusetts,17129,East,TEC-MA-1392,Technology,Machines,Lexmark Printer,5316.5,7,0.0,73.2
US-2024-100793,2025-11-17,2025-11-24,Standard Class,CU-10051,Paul Bennett,Consumer,United States,Philadelphia,Pennsylvania,81067,East,OFF-PA-1393,Office Supplies,Paper,HP Paper Ream,263.3,5,0.0,27.84
US-2024-100794,2024-04-03,2024-04-07,Same Day,CU-10093,Carla Irwin,Home Office,United States,New York City,New York,86988,East,OFF-BI-1394,Office Supplies,Binders,Wilson Jones Binder,52.4,4,0.0,15.27
US-2024-100795,2025-11-14,2025-11-21,First Class,CU-10054,Ivy Parker,Corporate,United States,Pittsburgh,Pennsylvania,56382,East,TEC-MA-1395,Technology,Machines,Zebra Label Printer,6219.4,11,0.0,412.92
US-2024-100796,2023-08-31,2023-09-04,First Class,CU-10097,Sam Chavez,Consumer,United States,Houston,Texas,18564,Central,OFF-LA-1396,Office Supplies,Labels,Hon Label Maker Tape,146.13,8,0.15,42.55
US-2024-100797,2023-06-25,2023-06-30,First Class,CU-10074,Paul Chavez,Consumer,United States,Portland,Oregon,27802,West,FUR-FU-1397,Furniture,Furnishings,Eldon Desk Lamp,3853.56,12,0.0,-263.25
US-2024-100798,2023-05-21,2023-05-23,Same Day,CU-10083,Frank Evans,Home Office,United States,Seattle,Washington,84924,West,FUR-TA-1398,Furniture,Tables,Bush Somerset Table,2265.71,13,0.1,404.84
US-2024-100799,2024-09-22,2024-09-27,Second Class,CU-10088,Nathan Evans,Consumer,United States,Cleveland,Ohio,92470,Central,FUR-BO-1399,Furniture,Bookcases,Bush Cubix Bookcase,978.3,6,0.0,-32.16
US-2024-100800,2024-03-01,2024-03-08,First Class,CU-10088,Nathan Evans,Consumer,United States,Ann Arbor,Michigan,52541,Central,FUR-TA-1000,Furniture,Tables,Bush Somerset Table,362.61,1,0.1,3.93
US-2024-100801,2024-01-09,2024-01-13,First Class,CU-10064,Karen Nguyen,Corporate,United States,San Francisco,California,82629,West,OFF-PA-1001,Office Supplies,Paper,Xerox Paper Ream,424.96,8,0.0,122.96
US-2024-100802,2025-07-21,2025-07-22,First Class,CU-10042,Leo Parker,Home Office,United States,Eugene,Oregon,29151,West,OFF-ST-1002,Office Supplies,Storage,Iris File Box,30.61,1,0.4,2.17
US-2024-100803,2023-01-11,2023-01-13,Second Class,CU-10112,Nathan Hughes,Consumer,United States,Phoenix,Arizona,56923,West,FUR-TA-1003,Furniture,Tables,Bush Somerset Table,3027.53,11,0.0,49.02
US-2024-100804,2023-02-13,2023-02-17,Second Class,CU-10052,Olivia Quintana,Home Office,United States,Seattle,Washington,36422,West,TEC-MA-1004,Technology,Machines,Cubify 3D Printer,5185.78,7,0.1,1040.5
US-2024-100805,2023-03-05,2023-03-11,Standard Class,CU-10047,Quinn Garcia,Corporate,United States,Pittsburgh,Pennsylvania,19731,East,FUR-BO-1005,Furniture,Bookcases,Sauder Bookcase,263.75,1,0.5,33.94
US-2024-100806,2023-01-18,2023-01-25,First Class,CU-10080,Sam Ortiz,Consumer,United States,Raleigh,North Carolina,26940,South,OFF-PA-1006,Office Supplies,Paper,HP Paper Ream,121.68,9,0.0,35.25
US-2024-100807,2024-02-07,2024-02-11,First Class,CU-10118,Maria Johnson,Consumer,United States,Cleveland,Ohio,59065,Central,TEC-AC-1007,Technology,Accessories,SanDisk Flash Drive,6724.4,12,0.1,1015.09
US-2024-100808,2023-12-05,2023-12-06,Same Day,CU-10080,Sam Ortiz,Consumer,United States,Charlotte,North Carolina,15324,South,OFF-AR-1008,Office Supplies,Art,Newell Highlighters,492.96,12,0.0,37.42
US-2024-100809,2024-08-16,2024-08-19,Same Day,CU-10004,Derek Chavez,Corporate,United States,Pittsburgh,Pennsylvania,25512,East,FUR-BO-1009,Furniture,Bookcases,Sauder Bookcase,1164.64,3,0.15,17.33
US-2024-100810,2025-02-05,2025-02-06,Standard Class,CU-10091,Ivy Ortiz,Corporate,United States,Miami,Florida,21633,South,FUR-CH-1010,Furniture,Chairs,Global Task Chair,2668.25,5,0.0,391.68
US-2024-100811,2023-08-09,2023-08-11,Second Class,CU-10055,Elena Quintana,Corporate,United States,Ann Arbor,Michigan,14917,Central,OFF-PA-1011,Office Supplies,Paper,Xerox Paper Ream,466.83,13,0.0,107.18
US-2024-100812,2023-11-07,2023-11-08,Standard Class,CU-10081,Henry Johnson,Consumer,United States,Los Angeles,California,36922,West,OFF-LA-1012,Office Supplies,Labels,Hon Label Maker Tape,78.84,4,0.1,27.27
US-2024-100813,2024-08-22,2024-08-25,Same Day,CU-10074,Paul Chavez,Consumer,United States,Phoenix,Arizona,89547,West,TEC-CO-1013,Technology,Copiers,Canon Copier,1127.24,4,0.0,66.2
US-2024-100814,2025-10-24,2025-10-25,Standard Class,CU-10079,Jack Quintana,Home Office,United States,Portland,Oregon,10784,West,TEC-CO-1014,Technology,Copiers,Canon Copier,7613.55,9,0.0,592.21
US-2024-100815,2025-10-11,2025-10-18,Same Day,CU-10064,Karen Nguyen,Corporate,United States,Tucson,Arizona,81157,West,FUR-BO-1015,Furniture,Bookcases,O'Sullivan Bookcase,939.52,5,0.2,-48.72
US-2024-100816,2024-03-25,2024-03-29,Same Day,CU-10115,Ivy Silva,Home Office,United States,Atlanta,Georgia,83906,South,TEC-PH-1016,Technology,Phones,Cisco IP Phone,4489.02,9,0.0,1085.08
US-2024-100817,2023-01-24,2023-01-30,Standard Class,CU-10026,Grace Kim,Corporate,United States,Jersey City,New Jersey,98606,East,OFF-LA-1017,Office Supplies,Labels,Hon Label Maker Tape,267.21,10,0.1,98.72
US-2024-100818,2023-02-08,2023-02-12,Second Class,CU-10050,Paul Evans,Home Office,United States,Newark,New Jersey,79150,East,TEC-CO-1018,Technology,Copiers,Hewlett Packard Copier,2687.63,11,0.0,642.26
US-2024-100819,2023-03-07,2023-03-13,Same Day,CU-10011,Carla Turner,Corporate,United States,Columbus,Ohio,86009,Central,OFF-ST-1019,Office Supplies,Storage,Iris File Box,247.4,11,0.1,71.22
US-2024-100820,2024-08-23,2024-08-26,Same Day,CU-10038,Frank Foster,Consumer,United States,Portland,Oregon,14403,West,FUR-BO-1020,Furniture,Bookcases,O'Sullivan Bookcase,534.49,6,0.4,91.17
US-2024-100821,2024-02-22,2024-02-28,Same Day,CU-10059,Derek Diaz,Consumer,United States,Cleveland,Ohio,95429,Central,TEC-AC-1021,Technology,Accessories,Kensington Keyboard,2232.8,8,0.0,265.87
US-2024-100822,2024-08-29,2024-09-03,Second Class,CU-10058,Aaron Diaz,Consumer,United States,Seattle,Washington,15739,West,TEC-PH-1022,Technology,Phones,Apple iPhone,3056.62,5,0.1,141.11
US-2024-100823,2024-01-12,2024-01-15,Standard Class,CU-10117,Ivy Parker,Home Office,United States,Pittsburgh,Pennsylvania,78557,East,TEC-AC-1023,Technology,Accessories,SanDisk Flash Drive,1677.6,3,0.0,57.5
US-2024-100824,2023-08-10,2023-08-16,Second Class,CU-10119,Frank Nguyen,Home Office,United States,Boston,Massachusetts,23081,East,OFF-BI-1024,Office Supplies,Binders,Wilson Jones Binder,295.06,6,0.1,103.44
US-2024-100825,2024-10-26,2024-10-30,First Class,CU-10095,Maria Nguyen,Home Office,United States,Detroit,Michigan,46140,Central,OFF-PA-1025,Office Supplies,Paper,HP Paper Ream,382.62,7,0.0,134.15
US-2024-100826,2024-01-17,2024-01-21,First Class,CU-10006,Nathan Quintana,Home Office,United States,Portland,Oregon,50651,West,TEC-MA-1026,Technology,Machines,Zebra Label Printer,5169.48,12,0.5,883.67
US-2024-100827,2024-07-29,2024-08-04,Standard Class,CU-10095,Maria Nguyen,Home Office,United States,Austin,Texas,48140,Central,OFF-LA-1027,Office Supplies,Labels,Avery Labels,255.6,9,0.0,20.32
US-2024-100828,2024-07-13,2024-07-16,Same Day,CU-10114,Jack Evans,Home Office,United States,Dallas,Texas,24403,Central,OFF-PA-1028,Office Supplies,Paper,Xerox Paper Ream,238.95,5,0.0,58.13
US-2024-100829,2023-02-16,2023-02-20,Second Class,CU-10118,Maria Johnson,Consumer,United States,Cleveland,Ohio,69951,Central,OFF-AR-1029,Office Supplies,Art,Sharpie Markers,141.33,7,0.0,25.71
US-2024-100830,2023-01-09,2023-01-13,Same Day,CU-10044,Olivia Reed,Corporate,United States,Tucson,Arizona,79219,West,OFF-ST-1030,Office Supplies,Storage,Fellowes Storage Box,57.68,4,0.0,18.42
US-2024-100831,2024-05-15,2024-05-19,Second Class,CU-10051,Paul Bennett,Consumer,United States,Buffalo,New York,33935,East,FUR-FU-1031,Furniture,Furnishings,Tenex Chairmat,2934.36,6,0.0,-189.67
US-2024-100832,2025-10-08,2025-10-13,First Class,CU-10043,Alice Hughes,Corporate,United States,Tampa,Florida,76462,South,OFF-AR-1032,Office Supplies,Art,Newell Highlighters,90.96,5,0.2,17.19
US-2024-100833,2023-01-02,2023-01-06,First Class,CU-10030,Rita Parker,Consumer,United States,Houston,Texas,62449,Central,OFF-ST-1033,Office Supplies,Storage,Iris File Box,198.2,6,0.3,60.66
US-2024-100834,2023-01-05,2023-01-09,Same Day,CU-10103,Olivia Ward,Corporate,United States,Portland,Oregon,48203,West,TEC-MA-1034,Technology,Machines,Cubify 3D Printer,3206.36,12,0.3,720.21
US-2024-100835,2023-02-20,2023-02-27,First Class,CU-10070,Sam Foster,Corporate,United States,Buffalo,New York,35308,East,OFF-BI-1035,Office Supplies,Binders,GBC Binding System,131.71,8,0.4,19.28
US-2024-100836,2024-06-07,2024-06-12,Same Day,CU-10035,Olivia Evans,Corporate,United States,Tampa,Florida,17935,South,OFF-AR-1036,Office Supplies,Art,Newell Highlighters,544.57,13,0.0,53.25
US-2024-100837,2025-01-12,2025-01-19,Standard Class,CU-10036,Ivy Diaz,Corporate,United States,Jersey City,New Jersey,36518,East,FUR-CH-1037,Furniture,Chairs,HON Executive Chair,2148.73,12,0.15,277.18
US-2024-100838,2024-04-01,2024-04-05,Second Class,CU-10109,Henry Turner,Consumer,United States,Miami,Florida,74158,South,TEC-MA-1038,Technology,Machines,Cubify 3D Printer,7757.0,10,0.0,323.56
US-2024-100839,2023-01-23,2023-01-27,Standard Class,CU-10102,Ivy Garcia,Corporate,United States,Austin,Texas,34402,Central,OFF-ST-1039,Office Supplies,Storage,Fellowes Storage Box,182.72,10,0.2,33.6
US-2024-100840,2025-11-26,2025-11-28,Second Class,CU-10076,Rita Garcia,Home Office,United States,Ann Arbor,Michigan,95056,Central,OFF-PA-1040,Office Supplies,Paper,Xerox Paper Ream,106.23,3,0.15,18.25
US-2024-100841,2025-12-01,2025-12-02,Second Class,CU-10094,Derek Hughes,Corporate,United States,Austin,Texas,69338,Central,OFF-ST-1041,Office Supplies,Storage,SimpleHouseware Bin,144.2,4,0.0,34.06
US-2024-100842,2024-02-04,2024-02-11,Same Day,CU-10081,Henry Johnson,Consumer,United States,Spokane,Washington,81123,West,OFF-AR-1042,Office Supplies,Art,Sharpie Markers,58.15,5,0.5,7.68
US-2024-100843,2024-04-27,2024-04-29,Second Class,CU-10048,Derek Ortiz,Corporate,United States,Memphis,Tennessee,40378,South,TEC-PH-1043,Technology,Phones,Samsung Galaxy,2116.37,9,0.1,319.75
US-2024-100844,2023-10-07,2023-10-09,First Class,CU-10030,Rita Parker,Consumer,United States,Columbus,Ohio,19636,Central,OFF-AR-1044,Office Supplies,Art,Sharpie Markers,287.16,12,0.0,71.78
US-2024-100845,2023-01-04,2023-01-06,Same Day,CU-10014,Jack Johnson,Corporate,United States,Raleigh,North Carolina,53509,South,FUR-CH-1045,Furniture,Chairs,Global Task Chair,2859.76,10,0.2,212.69
US-2024-100846,2023-02-14,2023-02-16,First Class,CU-10095,Maria Nguyen,Home Office,United States,Detroit,Michigan,21453,Central,OFF-BI-1046,Office Supplies,Binders,Wilson Jones Binder,435.6,11,0.1,35.58
US-2024-100847,2025-09-10,2025-09-14,Same Day,CU-10010,Jack Irwin,Consumer,United States,Eugene,Oregon,13899,West,FUR-CH-1047,Furniture,Chairs,Hbada Office Chair,1013.12,3,0.1,-91.15
US-2024-100848,2025-12-30,2026-01-01,Standard Class,CU-10101,Ivy Ortiz,Consumer,United States,New York City,New York,34602,East,FUR-TA-1048,Furniture,Tables,Bretford Conference Table,2458.73,9,0.4,453.69
US-2024-100849,2024-05-13,2024-05-14,Second Class,CU-10012,Olivia Nguyen,Consumer,United States,Spokane,Washington,69318,West,FUR-TA-1049,Furniture,Tables,Chromcraft Round Table,1258.3,5,0.0,140.73
US-2024-100850,2023-03-28,2023-04-01,Same Day,CU-10055,Elena Quintana,Corporate,United States,Detroit,Michigan,96257,Central,FUR-BO-1050,Furniture,Bookcases,O'Sullivan Bookcase,1816.88,5,0.1,-141.33
US-2024-100851,2025-08-02,2025-08-05,Same Day,CU-10042,Leo Parker,Home Office,United States,Spokane,Washington,84598,West,TEC-AC-1051,Technology,Accessories,Kensington Keyboard,7643.25,9,0.0,1189.62
US-2024-100852,2023-01-21,2023-01-25,First Class,CU-10019,Elena Nguyen,Corporate,United States,Spokane,Washington,89635,West,FUR-FU-1052,Furniture,Furnishings,Advantus Task Lamp,2083.96,6,0.3,404.53
US-2024-100853,2024-08-15,2024-08-16,Standard Class,CU-10097,Sam Chavez,Consumer,United States,Detroit,Michigan,27439,Central,OFF-ST-1053,Office Supplies,Storage,Iris File Box,254.23,6,0.1,82.28
US-2024-100854,2023-11-09,2023-11-11,Second Class,CU-10086,Olivia Parker,Consumer,United States,Seattle,Washington,66056,West,OFF-BI-1054,Office Supplies,Binders,Wilson Jones Binder,144.76,4,0.0,17.54
US-2024-100855,2023-02-26,2023-03-01,Standard Class,CU-10016,Alice Moore,Home Office,United States,Austin,Texas,56229,Central,FUR-BO-1055,Furniture,Bookcases,Sauder Bookcase,1766.43,9,0.0,187.89
US-2024-100856,2024-07-09,2024-07-14,Second Class,CU-10016,Alice Moore,Home Office,United States,Springfield,Illinois,89805,Central,OFF-LA-1056,Office Supplies,Labels,Hon Label Maker Tape,183.35,4,0.1,46.6
US-2024-100857,2023-02-07,2023-02-08,Second Class,CU-10072,Sam Silva,Consumer,United States,Memphis,Tennessee,33349,South,OFF-AR-1057,Office Supplies,Art,Bic Pens,40.68,4,0.4,4.58
US-2024-100858,2023-11-05,2023-11-10,Second Class,CU-10107,Nathan Garcia,Home Office,United States,Columbus,Ohio,67328,Central,TEC-PH-1058,Technology,Phones,Cisco IP Phone,5438.65,7,0.0,-93.28
US-2024-100859,2023-08-17,2023-08-19,Second Class,CU-10058,Aaron Diaz,Consumer,United States,Eugene,Oregon,49961,West,TEC-PH-1059,Technology,Phones,Cisco IP Phone,5547.17,12,0.4,1336.47
US-2024-100860,2025-01-21,2025-01-24,Same Day,CU-10017,Quinn Chavez,Consumer,United States,Detroit,Michigan,69951,Central,TEC-CO-1060,Technology,Copiers,Hewlett Packard Copier,2024.1,10,0.4,514.41
US-2024-100861,2024-06-07,2024-06-14,Second Class,CU-10022,Alice Ward,Consumer,United States,Raleigh,North Carolina,53121,South,FUR-FU-1061,Furniture,Furnishings,Tenex Chairmat,1783.08,12,0.0,-105.92
US-2024-100862,2023-08-07,2023-08-09,Second Class,CU-10079,Jack Quintana,Home Office,United States,Tucson,Arizona,59093,West,TEC-AC-1062,Technology,Accessories,SanDisk Flash Drive,740.04,4,0.15,133.74
US-2024-100863,2023-08-28,2023-09-03,First Class,CU-10048,Derek Ortiz,Corporate,United States,Nashville,Tennessee,31684,South,TEC-AC-1063,Technology,Accessories,Kensington Keyboard,6602.8,10,0.0,-193.61
US-2024-100864,2024-07-15,2024-07-21,Second Class,CU-10021,Nathan Irwin,Consumer,United States,Charlotte,North Carolina,32048,South,OFF-PA-1064,Office Supplies,Paper,HP Paper Ream,42.66,3,0.4,8.27
US-2024-100865,2025-05-10,2025-05-14,Same Day,CU-10086,Olivia Parker,Consumer,United States,Spokane,Washington,38739,West,TEC-AC-1065,Technology,Accessories,SanDisk Flash Drive,4815.84,8,0.0,671.28
US-2024-100866,2024-05-15,2024-05-16,First Class,CU-10084,Frank Bennett,Home Office,United States,Ann Arbor,Michigan,85623,Central,OFF-ST-1066,Office Supplies,Storage,Iris File Box,96.16,2,0.0,18.58
US-2024-100867,2025-08-26,2025-08-30,Second Class,CU-10050,Paul Evans,Home Office,United States,Worcester,Massachusetts,77619,East,OFF-PA-1067,Office Supplies,Paper,Xerox Paper Ream,419.56,13,0.1,78.86
US-2024-100868,2025-11-09,2025-11-16,Standard Class,CU-10090,Rita Evans,Corporate,United States,Raleigh,North Carolina,68167,South,OFF-LA-1068,Office Supplies,Labels,Avery Labels,173.06,8,0.15,57.9
US-2024-100869,2023-06-21,2023-06-23,Second Class,CU-10022,Alice Ward,Consumer,United States,Raleigh,North Carolina,98237,South,TEC-CO-1069,Technology,Copiers,Canon Copier,860.1,3,0.0,6.61
US-2024-100870,2023-02-01,2023-02-04,First Class,CU-10023,Henry Silva,Home Office,United States,Jersey City,New Jersey,98059,East,OFF-PA-1070,Office Supplies,Paper,Boise Paper,432.51,13,0.0,61.74
US-2024-100871,2024-11-27,2024-12-04,Standard Class,CU-10072,Sam Silva,Consumer,United States,Tampa,Florida,25568,South,FUR-TA-1071,Furniture,Tables,Chromcraft Round Table,1142.53,8,0.2,207.79
US-2024-100872,2024-09-23,2024-09-27,Second Class,CU-10028,Jack Evans,Corporate,United States,Miami,Florida,16970,South,FUR-CH-1072,Furniture,Chairs,Global Task Chair,2183.4,4,0.0,344.3
US-2024-100873,2025-07-02,2025-07-06,Second Class,CU-10041,Carla Reed,Corporate,United States,Atlanta,Georgia,12351,South,FUR-FU-1073,Furniture,Furnishings,Advantus Task Lamp,1130.16,3,0.15,124.04
US-2024-100874,2025-04-15,2025-04-17,Same Day,CU-10114,Jack Evans,Home Office,United States,Detroit,Michigan,21417,Central,OFF-AR-1074,Office Supplies,Art,Bic Pens,56.54,4,0.4,16.3
US-2024-100875,2025-03-21,2025-03-28,Same Day,CU-10027,Ivy Bennett,Corporate,United States,Raleigh,North Carolina,27583,South,OFF-PA-1075,Office Supplies,Paper,HP Paper Ream,256.41,10,0.1,72.6
US-2024-100876,2025-10-25,2025-11-01,Standard Class,CU-10004,Derek Chavez,Corporate,United States,Philadelphia,Pennsylvania,82024,East,OFF-ST-1076,Office Supplies,Storage,Fellowes Storage Box,224.71,8,0.1,76.59
US-2024-100877,2023-07-27,2023-08-02,Second Class,CU-10096,Leo Irwin,Home Office,United States,Philadelphia,Pennsylvania,33336,East,OFF-ST-1077,Office Supplies,Storage,Fellowes Storage Box,45.22,1,0.0,7.0
US-2024-100878,2024-01-12,2024-01-14,First Class,CU-10081,Henry Johnson,Consumer,United States,Spokane,Washington,56153,West,OFF-AR-1078,Office Supplies,Art,Sharpie Markers,68.06,4,0.2,6.66
US-2024-100879,2023-08-30,2023-09-03,Second Class,CU-10082,Henry Reed,Corporate,United States,Jersey City,New Jersey,41029,East,OFF-LA-1079,Office Supplies,Labels,Avery Labels,643.89,13,0.0,91.66
US-2024-100880,2025-01-17,2025-01-20,Same Day,CU-10068,Leo Bennett,Consumer,United States,Newark,New Jersey,28217,East,OFF-PA-1080,Office Supplies,Paper,Boise Paper,184.77,5,0.1,67.04
US-2024-100881,2023-06-25,2023-06-28,Standard Class,CU-10100,Grace Turner,Corporate,United States,Ann Arbor,Michigan,61449,Central,OFF-AR-1081,Office Supplies,Art,Newell Highlighters,87.98,8,0.3,22.67
US-2024-100882,2025-03-30,2025-04-03,Same Day,CU-10033,Rita Irwin,Home Office,United States,Springfield,Illinois,43650,Central,TEC-MA-1082,Technology,Machines,Lexmark Printer,1561.56,7,0.0,388.17
US-2024-100883,2025-01-02,2025-01-05,Standard Class,CU-10059,Derek Diaz,Consumer,United States,Columbus,Ohio,56722,Central,OFF-LA-1083,Office Supplies,Labels,Hon Label Maker Tape,145.66,12,0.3,49.7
US-2024-100884,2025-03-06,2025-03-11,Same Day,CU-10093,Carla Irwin,Home Office,United States,New York City,New York,37022,East,FUR-CH-1084,Furniture,Chairs,Global Task Chair,541.88,1,0.0,42.23
US-2024-100885,2025-12-25,2025-12-28,Same Day,CU-10086,Olivia Parker,Consumer,United States,Spokane,Washington,64641,West,OFF-PA-1085,Office Supplies,Paper,Xerox Paper Ream,239.62,13,0.4,64.78
US-2024-100886,2023-09-12,2023-09-14,Second Class,CU-10009,Paul Kim,Consumer,United States,Tampa,Florida,39516,South,OFF-LA-1086,Office Supplies,Labels,Avery Labels,282.06,6,0.0,86.05
US-2024-100887,2023-04-28,2023-05-05,First Class,CU-10024,Maria Quintana,Home Office,United States,Philadelphia,Pennsylvania,28793,East,OFF-BI-1087,Office Supplies,Binders,Avery Binder,142.7,3,0.1,19.87
US-2024-100888,2024-11-02,2024-11-09,Same Day,CU-10036,Ivy Diaz,Corporate,United States,Jersey City,New Jersey,15322,East,FUR-FU-1088,Furniture,Furnishings,Advantus Task Lamp,4048.43,13,0.1,48.03
US-2024-100889,2023-02-05,2023-02-12,Standard Class,CU-10021,Nathan Irwin,Consumer,United States,Nashville,Tennessee,14707,South,TEC-MA-1089,Technology,Machines,Cubify 3D Printer,915.57,3,0.0,80.0
US-2024-100890,2024-07-22,2024-07-25,First Class,CU-10015,Ivy Foster,Consumer,United States,Buffalo,New York,78353,East,TEC-AC-1090,Technology,Accessories,Logitech Mouse,2573.0,9,0.15,115.4
US-2024-100891,2023-01-11,2023-01-15,Same Day,CU-10060,Henry Ortiz,Corporate,United States,Atlanta,Georgia,27514,South,TEC-PH-1091,Technology,Phones,Samsung Galaxy,5092.0,13,0.4,1274.19
US-2024-100892,2024-12-25,2024-12-31,Same Day,CU-10098,Frank Diaz,Consumer,United States,Savannah,Georgia,48023,South,FUR-CH-1092,Furniture,Chairs,Global Task Chair,5636.93,13,0.0,64.49
US-2024-100893,2025-07-25,2025-07-31,First Class,CU-10092,Ivy Johnson,Consumer,United States,Tucson,Arizona,25090,West,OFF-PA-1093,Office Supplies,Paper,Xerox Paper Ream,233.76,8,0.0,23.78
US-2024-100894,2023-06-08,2023-06-11,Second Class,CU-10046,Paul Irwin,Consumer,United States,Phoenix,Arizona,71932,West,OFF-PA-1094,Office Supplies,Paper,Boise Paper,528.4,10,0.0,38.35
US-2024-100895,2025-05-19,2025-05-22,First Class,CU-10103,Olivia Ward,Corporate,United States,Portland,Oregon,51760,West,FUR-CH-1095,Furniture,Chairs,Global Task Chair,2122.7,5,0.0,-72.7
US-2024-100896,2025-04-13,2025-04-19,Second Class,CU-10099,Frank Ward,Home Office,United States,New York City,New York,12798,East,OFF-AR-1096,Office Supplies,Art,Bic Pens,188.09,5,0.3,31.01
US-2024-100897,2023-07-05,2023-07-08,Standard Class,CU-10118,Maria Johnson,Consumer,United States,Dallas,Texas,58974,Central,TEC-AC-1097,Technology,Accessories,Logitech Mouse,4895.52,12,0.0,-93.2
US-2024-100898,2025-10-17,2025-10-18,Second Class,CU-10093,Carla Irwin,Home Office,United States,Boston,Massachusetts,27259,East,FUR-FU-1098,Furniture,Furnishings,Advantus Task Lamp,2931.28,10,0.2,125.15
US-2024-100899,2023-04-08,2023-04-13,Second Class,CU-10115,Ivy Silva,Home Office,United States,Tampa,Florida,76016,South,FUR-TA-1099,Furniture,Tables,Bretford Conference Table,4292.28,9,0.0,86.19
US-2024-100900,2024-06-08,2024-06-10,Standard Class,CU-10025,Olivia Evans,Corporate,United States,Newark,New Jersey,12084,East,OFF-AR-1100,Office Supplies,Art,Bic Pens,338.58,11,0.1,38.01
US-2024-100901,2023-01-14,2023-01-15,Same Day,CU-10084,Frank Bennett,Home Office,United States,Detroit,Michigan,20396,Central,TEC-CO-1101,Technology,Copiers,Hewlett Packard Copier,1421.14,3,0.15,245.01
US-2024-100902,2024-03-30,2024-04-06,Same Day,CU-10002,Henry Silva,Consumer,United States,Buffalo,New York,20766,East,TEC-PH-1102,Technology,Phones,Samsung Galaxy,2857.49,7,0.1,755.58
US-2024-100903,2023-12-03,2023-12-09,First Class,CU-10065,Karen Moore,Consumer,United States,Philadelphia,Pennsylvania,61879,East,OFF-BI-1103,Office Supplies,Binders,GBC Binding System,170.0,8,0.0,44.32
US-2024-100904,2023-08-31,2023-09-06,First Class,CU-10023,Henry Silva,Home Office,United States,Boston,Massachusetts,25470,East,OFF-ST-1104,Office Supplies,Storage,SimpleHouseware Bin,255.99,7,0.0,41.93
US-2024-100905,2024-01-07,2024-01-10,Standard Class,CU-10016,Alice Moore,Home Office,United States,Detroit,Michigan,73125,Central,OFF-ST-1105,Office Supplies,Storage,SimpleHouseware Bin,327.52,8,0.0,66.92
US-2024-100906,2024-04-03,2024-04-04,First Class,CU-10000,Alice Quintana,Consumer,United States,Raleigh,North Carolina,62942,South,TEC-AC-1106,Technology,Accessories,SanDisk Flash Drive,9634.43,13,0.0,200.74
US-2024-100907,2024-07-24,2024-07-30,Standard Class,CU-10082,Henry Reed,Corporate,United States,Worcester,Massachusetts,55014,East,FUR-FU-1107,Furniture,Furnishings,Eldon Desk Lamp,4491.63,10,0.1,474.88
US-2024-100908,2024-01-29,2024-02-03,Standard Class,CU-10076,Rita Garcia,Home Office,United States,Chicago,Illinois,35212,Central,TEC-PH-1108,Technology,Phones,Samsung Galaxy,10174.32,13,0.0,-19.75
US-2024-100909,2023-01-17,2023-01-23,First Class,CU-10063,Alice Quintana,Home Office,United States,Cleveland,Ohio,63315,Central,OFF-LA-1109,Office Supplies,Labels,Avery Labels,368.64,8,0.0,132.43
US-2024-100910,2023-07-12,2023-07-13,Second Class,CU-10025,Olivia Evans,Corporate,United States,New York City,New York,94376,East,OFF-LA-1110,Office Supplies,Labels,Hon Label Maker Tape,458.2,10,0.0,141.85
US-2024-100911,2023-07-24,2023-07-26,First Class,CU-10085,Brian Chavez,Consumer,United States,Ann Arbor,Michigan,71203,Central,OFF-PA-1111,Office Supplies,Paper,HP Paper Ream,295.26,6,0.0,59.1
US-2024-100912,2023-11-21,2023-11-22,Second Class,CU-10039,Karen Ortiz,Consumer,United States,Tucson,Arizona,95696,West,FUR-FU-1112,Furniture,Furnishings,Advantus Task Lamp,1077.98,2,0.0,-82.27
US-2024-100913,2023-11-24,2023-12-01,First Class,CU-10065,Karen Moore,Consumer,United States,Jersey City,New Jersey,55330,East,TEC-AC-1113,Technology,Accessories,Kensington Keyboard,4663.51,9,0.2,774.02
US-2024-100914,2023-01-25,2023-01-28,Standard Class,CU-10005,Jack Ward,Consumer,United States,Cleveland,Ohio,35471,Central,OFF-ST-1114,Office Supplies,Storage,Fellowes Storage Box,279.48,6,0.0,21.71
US-2024-100915,2024-03-01,2024-03-03,Same Day,CU-10061,Maria Kim,Home Office,United States,Detroit,Michigan,59558,Central,OFF-ST-1115,Office Supplies,Storage,Iris File Box,146.52,11,0.0,46.61
US-2024-100916,2024-02-17,2024-02-23,Same Day,CU-10083,Frank Evans,Home Office,United States,Tucson,Arizona,46377,West,FUR-FU-1116,Furniture,Furnishings,Eldon Desk Lamp,4688.53,11,0.0,841.64
US-2024-100917,2023-01-05,2023-01-12,Same Day,CU-10107,Nathan Garcia,Home Office,United States,Cleveland,Ohio,79986,Central,FUR-TA-1117,Furniture,Tables,Bretford Conference Table,4338.96,12,0.0,-410.1
US-2024-100918,2025-05-19,2025-05-21,Second Class,CU-10105,Elena Parker,Consumer,United States,Charlotte,North Carolina,35923,South,OFF-AR-1118,Office Supplies,Art,Newell Highlighters,109.01,8,0.4,35.76
US-2024-100919,2023-11-06,2023-11-10,Standard Class,CU-10093,Carla Irwin,Home Office,United States,Newark,New Jersey,19510,East,OFF-LA-1119,Office Supplies,Labels,Avery Labels,415.76,8,0.0,97.76
US-2024-100920,2024-06-05,2024-06-10,Same Day,CU-10029,Nathan Ortiz,Corporate,United States,Pittsburgh,Pennsylvania,77392,East,OFF-LA-1120,Office Supplies,Labels,Avery Labels,76.7,2,0.2,21.36
US-2024-100921,2025-03-10,2025-03-12,Standard Class,CU-10071,Elena Johnson,Home Office,United States,Columbus,Ohio,95401,Central,FUR-BO-1121,Furniture,Bookcases,O'Sullivan Bookcase,5709.34,13,0.0,-380.16
US-2024-100922,2025-03-25,2025-03-26,Same Day,CU-10017,Quinn Chavez,Consumer,United States,Chicago,Illinois,77133,Central,FUR-BO-1122,Furniture,Bookcases,Sauder Bookcase,2695.15,5,0.0,138.24
US-2024-100923,2025-09-20,2025-09-24,Same Day,CU-10110,Brian Kim,Corporate,United States,Cleveland,Ohio,23103,Central,OFF-AR-1123,Office Supplies,Art,Bic Pens,355.42,9,0.15,109.3
US-2024-100924,2024-01-19,2024-01-24,First Class,CU-10104,Elena Quintana,Home Office,United States,Newark,New Jersey,47394,East,TEC-MA-1124,Technology,Machines,Lexmark Printer,1170.59,4,0.2,51.63
US-2024-100925,2024-05-19,2024-05-22,First Class,CU-10080,Sam Ortiz,Consumer,United States,Memphis,Tennessee,46018,South,OFF-ST-1125,Office Supplies,Storage,Fellowes Storage Box,258.65,11,0.4,80.38
US-2024-100926,2024-04-28,2024-05-05,Second Class,CU-10024,Maria Quintana,Home Office,United States,Jersey City,New Jersey,58094,East,OFF-BI-1126,Office Supplies,Binders,Avery Binder,155.2,9,0.1,27.7
US-2024-100927,2023-11-26,2023-11-27,First Class,CU-10063,Alice Quintana,Home Office,United States,Ann Arbor,Michigan,13917,Central,FUR-CH-1127,Furniture,Chairs,Global Task Chair,1790.8,6,0.1,102.74
US-2024-100928,2024-02-26,2024-03-04,Same Day,CU-10042,Leo Parker,Home Office,United States,Seattle,Washington,58269,West,TEC-PH-1128,Technology,Phones,Cisco IP Phone,5774.58,9,0.0,537.9
US-2024-100929,2025-04-15,2025-04-16,Same Day,CU-10024,Maria Quintana,Home Office,United States,Philadelphia,Pennsylvania,24613,East,OFF-LA-1129,Office Supplies,Labels,Hon Label Maker Tape,111.94,6,0.15,16.58
US-2024-100930,2023-10-03,2023-10-05,Same Day,CU-10022,Alice Ward,Consumer,United States,Raleigh,North Carolina,26023,South,FUR-TA-1130,Furniture,Tables,Chromcraft Round Table,709.88,2,0.1,75.11
US-2024-100931,2025-08-13,2025-08-19,First Class,CU-10010,Jack Irwin,Consumer,United States,Phoenix,Arizona,91501,West,FUR-TA-1131,Furniture,Tables,Chromcraft Round Table,2437.29,9,0.0,-22.66
US-2024-100932,2023-10-08,2023-10-11,First Class,CU-10099,Frank Ward,Home Office,United States,Boston,Massachusetts,33428,East,OFF-ST-1132,Office Supplies,Storage,SimpleHouseware Bin,39.58,1,0.0,8.46
US-2024-100933,2025-03-26,2025-03-29,Same Day,CU-10001,Maria Johnson,Corporate,United States,Charlotte,North Carolina,44144,South,OFF-BI-1133,Office Supplies,Binders,GBC Binding System,194.22,13,0.0,32.32
US-2024-100934,2024-11-26,2024-12-01,Standard Class,CU-10015,Ivy Foster,Consumer,United States,New York City,New York,40943,East,OFF-ST-1134,Office Supplies,Storage,Fellowes Storage Box,158.46,5,0.4,16.78
US-2024-100935,2023-11-26,2023-11-28,Second Class,CU-10018,Quinn Reed,Consumer,United States,San Francisco,California,93130,West,OFF-ST-1135,Office Supplies,Storage,Iris File Box,144.48,6,0.0,53.12
US-2024-100936,2025-07-24,2025-07-25,First Class,CU-10058,Aaron Diaz,Consumer,United States,Portland,Oregon,98693,West,OFF-ST-1136,Office Supplies,Storage,Fellowes Storage Box,402.32,8,0.0,70.36
US-2024-100937,2024-05-13,2024-05-15,Second Class,CU-10044,Olivia Reed,Corporate,United States,San Francisco,California,64739,West,TEC-AC-1137,Technology,Accessories,Logitech Mouse,5895.26,9,0.1,63.26
US-2024-100938,2024-11-08,2024-11-14,Same Day,CU-10037,Maria Kim,Home Office,United States,Boston,Massachusetts,55538,East,FUR-BO-1138,Furniture,Bookcases,Bush Cubix Bookcase,2574.33,11,0.0,379.88
US-2024-100939,2024-09-16,2024-09-19,Standard Class,CU-10023,Henry Silva,Home Office,United States,Buffalo,New York,20159,East,TEC-PH-1139,Technology,Phones,Samsung Galaxy,2112.67,7,0.0,41.39
US-2024-100940,2024-04-10,2024-04-12,First Class,CU-10026,Grace Kim,Corporate,United States,Newark,New Jersey,13191,East,OFF-PA-1140,Office Supplies,Paper,HP Paper Ream,212.45,7,0.0,17.35
US-2024-100941,2023-07-11,2023-07-14,First Class,CU-10073,Aaron Foster,Consumer,United States,Newark,New Jersey,15050,East,TEC-PH-1141,Technology,Phones,Apple iPhone,2026.8,10,0.0,57.78
US-2024-100942,2023-04-10,2023-04-14,Same Day,CU-10119,Frank Nguyen,Home Office,United States,New York City,New York,99120,East,OFF-LA-1142,Office Supplies,Labels,Hon Label Maker Tape,444.0,10,0.0,154.34
US-2024-100943,2025-01-10,2025-01-13,Standard Class,CU-10013,Henry Reed,Consumer,United States,San Diego,California,34661,West,OFF-PA-1143,Office Supplies,Paper,Xerox Paper Ream,200.06,7,0.0,59.81
US-2024-100944,2025-04-06,2025-04-10,Same Day,CU-10090,Rita Evans,Corporate,United States,Atlanta,Georgia,61059,South,OFF-AR-1144,Office Supplies,Art,Bic Pens,40.55,1,0.0,11.65
US-2024-100945,2025-03-12,2025-03-15,Standard Class,CU-10083,Frank Evans,Home Office,United States,Eugene,Oregon,84613,West,TEC-CO-1145,Technology,Copiers,Hewlett Packard Copier,5531.44,8,0.0,1143.39
US-2024-100946,2023-12-24,2023-12-25,Same Day,CU-10105,Elena Parker,Consumer,United States,Miami,Florida,34292,South,FUR-CH-1146,Furniture,Chairs,Global Task Chair,1118.02,6,0.1,-77.72
US-2024-100947,2023-06-17,2023-06-22,Second Class,CU-10100,Grace Turner,Corporate,United States,Springfield,Illinois,97164,Central,TEC-MA-1147,Technology,Machines,Lexmark Printer,7595.25,13,0.0,6.61
US-2024-100948,2024-09-01,2024-09-06,Second Class,CU-10059,Derek Diaz,Consumer,United States,Detroit,Michigan,63635,Central,FUR-TA-1148,Furniture,Tables,Chromcraft Round Table,2228.06,6,0.2,-64.17
US-2024-100949,2024-03-15,2024-03-17,Same Day,CU-10068,Leo Bennett,Consumer,United States,Boston,Massachusetts,83694,East,TEC-MA-1149,Technology,Machines,Zebra Label Printer,2228.11,4,0.1,152.69
US-2024-100950,2025-05-30,2025-06-06,Second Class,CU-10028,Jack Evans,Corporate,United States,Nashville,Tennessee,22208,South,TEC-MA-1150,Technology,Machines,Cubify 3D Printer,4823.92,8,0.0,723.97
US-2024-100951,2023-11-25,2023-11-28,Standard Class,CU-10019,Elena Nguyen,Corporate,United States,San Diego,California,80966,West,FUR-CH-1151,Furniture,Chairs,Hbada Office Chair,1371.96,3,0.0,-127.46
US-2024-100952,2023-10-15,2023-10-22,First Class,CU-10111,Nathan Foster,Consumer,United States,Memphis,Tennessee,87708,South,TEC-CO-1152,Technology,Copiers,Canon Copier,4101.89,8,0.4,262.4
US-2024-100953,2024-08-24,2024-08-30,First Class,CU-10025,Olivia Evans,Corporate,United States,Worcester,Massachusetts,88825,East,OFF-LA-1153,Office Supplies,Labels,Avery Labels,202.47,6,0.15,67.61
US-2024-100954,2023-02-22,2023-02-28,Same Day,CU-10062,Quinn Moore,Consumer,United States,Memphis,Tennessee,45109,South,TEC-PH-1154,Technology,Phones,Apple iPhone,577.82,1,0.0,81.13
US-2024-100955,2024-01-17,2024-01-18,Same Day,CU-10068,Leo Bennett,Consumer,United States,Newark,New Jersey,63916,East,FUR-TA-1155,Furniture,Tables,Chromcraft Round Table,2011.0,10,0.0,-112.2
US-2024-100956,2023-12-27,2024-01-02,Second Class,CU-10002,Henry Silva,Consumer,United States,Jersey City,New Jersey,22185,East,OFF-LA-1156,Office Supplies,Labels,Hon Label Maker Tape,594.0,11,0.0,68.3
US-2024-100957,2025-03-14,2025-03-19,Same Day,CU-10046,Paul Irwin,Consumer,United States,Eugene,Oregon,44867,West,TEC-PH-1157,Technology,Phones,Apple iPhone,4838.47,13,0.0,165.36
US-2024-100958,2025-11-26,2025-12-02,Same Day,CU-10048,Derek Ortiz,Corporate,United States,Charlotte,North Carolina,59450,South,OFF-BI-1158,Office Supplies,Binders,GBC Binding System,59.52,2,0.0,15.74
US-2024-100959,2023-07-01,2023-07-08,Second Class,CU-10034,Alice Kim,Corporate,United States,Houston,Texas,54170,Central,FUR-FU-1159,Furniture,Furnishings,Advantus Task Lamp,1795.9,4,0.1,-86.92
US-2024-100960,2023-06-10,2023-06-16,Same Day,CU-10033,Rita Irwin,Home Office,United States,Ann Arbor,Michigan,79922,Central,FUR-TA-1160,Furniture,Tables,Bretford Conference Table,1330.07,7,0.0,105.81
US-2024-100961,2024-08-06,2024-08-07,First Class,CU-10035,Olivia Evans,Corporate,United States,Nashville,Tennessee,37250,South,TEC-AC-1161,Technology,Accessories,Logitech Mouse,1870.56,4,0.0,77.94
US-2024-100962,2025-11-12,2025-11-15,Same Day,CU-10104,Elena Quintana,Home Office,United States,New York City,New York,46613,East,TEC-PH-1162,Technology,Phones,Apple iPhone,2865.98,11,0.4,119.44
US-2024-100963,2023-03-29,2023-04-04,Same Day,CU-10104,Elena Quintana,Home Office,United States,Pittsburgh,Pennsylvania,33754,East,OFF-PA-1163,Office Supplies,Paper,Xerox Paper Ream,272.16,7,0.0,54.27
US-2024-100964,2025-02-11,2025-02-15,First Class,CU-10113,Paul Moore,Corporate,United States,Los Angeles,California,49626,West,TEC-CO-1164,Technology,Copiers,Canon Copier,4248.66,6,0.0,311.63
US-2024-100965,2024-11-08,2024-11-12,First Class,CU-10030,Rita Parker,Consumer,United States,Cleveland,Ohio,96537,Central,OFF-LA-1165,Office Supplies,Labels,Hon Label Maker Tape,192.25,5,0.0,21.61
US-2024-100966,2024-11-18,2024-11-24,Second Class,CU-10056,Karen Kim,Home Office,United States,Memphis,Tennessee,16205,South,FUR-BO-1166,Furniture,Bookcases,Bush Cubix Bookcase,3130.68,6,0.0,-203.01
US-2024-100967,2023-10-17,2023-10-23,Standard Class,CU-10104,Elena Quintana,Home Office,United States,Boston,Massachusetts,55102,East,FUR-TA-1167,Furniture,Tables,Bush Somerset Table,3156.7,10,0.0,-36.18
US-2024-100968,2024-06-06,2024-06-09,Second Class,CU-10021,Nathan Irwin,Consumer,United States,Memphis,Tennessee,31938,South,OFF-ST-1168,Office Supplies,Storage,Fellowes Storage Box,361.35,9,0.0,92.34
US-2024-100969,2025-12-09,2025-12-12,Same Day,CU-10032,Henry Hughes,Consumer,United States,Portland,Oregon,58090,West,OFF-ST-1169,Office Supplies,Storage,Fellowes Storage Box,101.94,3,0.0,35.05
US-2024-100970,2024-06-05,2024-06-12,First Class,CU-10102,Ivy Garcia,Corporate,United States,Springfield,Illinois,74517,Central,FUR-FU-1170,Furniture,Furnishings,Eldon Desk Lamp,632.88,4,0.0,111.17
US-2024-100971,2023-11-17,2023-11-22,Same Day,CU-10093,Carla Irwin,Home Office,United States,Jersey City,New Jersey,97907,East,OFF-ST-1171,Office Supplies,Storage,Iris File Box,354.08,11,0.15,54.63
US-2024-100972,2023-03-19,2023-03-20,Standard Class,CU-10013,Henry Reed,Consumer,United States,Seattle,Washington,85249,West,FUR-FU-1172,Furniture,Furnishings,Advantus Task Lamp,560.62,2,0.0,100.92
US-2024-100973,2023-11-18,2023-11-22,Same Day,CU-10013,Henry Reed,Consumer,United States,Tucson,Arizona,73490,West,TEC-AC-1173,Technology,Accessories,Logitech Mouse,2130.0,4,0.0,-58.23
US-2024-100974,2025-06-12,2025-06-13,Standard Class,CU-10104,Elena Quintana,Home Office,United States,Jersey City,New Jersey,97678,East,FUR-TA-1174,Furniture,Tables,Bush Somerset Table,1746.19,6,0.3,-17.87
US-2024-100975,2023-06-17,2023-06-23,Second Class,CU-10026,Grace Kim,Corporate,United States,Newark,New Jersey,53694,East,OFF-PA-1175,Office Supplies,Paper,Boise Paper,139.65,11,0.5,47.84
US-2024-100976,2025-06-24,2025-06-30,Second Class,CU-10024,Maria Quintana,Home Office,United States,Newark,New Jersey,45844,East,TEC-CO-1176,Technology,Copiers,Hewlett Packard Copier,253.81,1,0.0,62.26
US-2024-100977,2023-04-12,2023-04-19,Standard Class,CU-10037,Maria Kim,Home Office,United States,Philadelphia,Pennsylvania,22537,East,TEC-MA-1177,Technology,Machines,Zebra Label Printer,3561.04,8,0.0,11.68
US-2024-100978,2025-02-14,2025-02-17,Second Class,CU-10084,Frank Bennett,Home Office,United States,Columbus,Ohio,18027,Central,FUR-CH-1178,Furniture,Chairs,HON Executive Chair,597.38,4,0.5,10.69
US-2024-100979,2024-02-28,2024-03-04,Second Class,CU-10002,Henry Silva,Consumer,United States,Worcester,Massachusetts,85134,East,TEC-CO-1179,Technology,Copiers,Canon Copier,4113.53,13,0.5,-82.33
US-2024-100980,2025-10-06,2025-10-12,First Class,CU-10066,Alice Moore,Consumer,United States,Nashville,Tennessee,70799,South,TEC-MA-1180,Technology,Machines,Zebra Label Printer,1830.39,3,0.0,272.46
US-2024-100981,2023-06-04,2023-06-07,Second Class,CU-10077,Henry Ortiz,Home Office,United States,Miami,Florida,71932,South,OFF-PA-1181,Office Supplies,Paper,Xerox Paper Ream,396.09,9,0.0,124.99
US-2024-100982,2025-03-31,2025-04-01,First Class,CU-10111,Nathan Foster,Consumer,United States,Savannah,Georgia,33966,South,OFF-ST-1182,Office Supplies,Storage,Iris File Box,42.62,2,0.0,4.17
US-2024-100983,2024-10-17,2024-10-23,Same Day,CU-10003,Alice Ortiz,Corporate,United States,Raleigh,North Carolina,63995,South,OFF-ST-1183,Office Supplies,Storage,Fellowes Storage Box,144.72,8,0.0,19.79
US-2024-100984,2025-06-17,2025-06-21,First Class,CU-10014,Jack Johnson,Corporate,United States,Atlanta,Georgia,75725,South,TEC-AC-1184,Technology,Accessories,Kensington Keyboard,2768.65,5,0.0,512.18
US-2024-100985,2025-10-27,2025-11-02,Same Day,CU-10040,Rita Johnson,Consumer,United States,Orlando,Florida,52706,South,TEC-MA-1185,Technology,Machines,Lexmark Printer,4346.45,5,0.0,518.53
US-2024-100986,2023-03-12,2023-03-16,Same Day,CU-10048,Derek Ortiz,Corporate,United States,Nashville,Tennessee,88494,South,OFF-BI-1186,Office Supplies,Binders,Wilson Jones Binder,394.31,9,0.1,141.17
US-2024-100987,2025-12-14,2025-12-17,Standard Class,CU-10017,Quinn Chavez,Consumer,United States,Detroit,Michigan,76076,Central,OFF-LA-1187,Office Supplies,Labels,Avery Labels,176.26,8,0.1,17.29
US-2024-100988,2023-02-02,2023-02-05,First Class,CU-10014,Jack Johnson,Corporate,United States,Charlotte,North Carolina,49188,South,OFF-BI-1188,Office Supplies,Binders,Avery Binder,273.49,7,0.0,31.11
US-2024-100989,2023-02-04,2023-02-11,Standard Class,CU-10084,Frank Bennett,Home Office,United States,Houston,Texas,20155,Central,FUR-TA-1189,Furniture,Tables,Bush Somerset Table,2263.4,10,0.0,23.37
US-2024-100990,2023-05-18,2023-05-21,Second Class,CU-10045,Henry Reed,Home Office,United States,Springfield,Illinois,30713,Central,TEC-AC-1190,Technology,Accessories,SanDisk Flash Drive,5752.67,7,0.0,13.02
US-2024-100991,2023-08-18,2023-08-21,Second Class,CU-10005,Jack Ward,Consumer,United States,Springfield,Illinois,21214,Central,OFF-LA-1191,Office Supplies,Labels,Hon Label Maker Tape,267.04,8,0.0,67.74
US-2024-100992,2025-09-20,2025-09-22,Standard Class,CU-10086,Olivia Parker,Consumer,United States,Seattle,Washington,53882,West,OFF-BI-1192,Office Supplies,Binders,GBC Binding System,13.52,1,0.3,4.99
US-2024-100993,2023-02-19,2023-02-23,Standard Class,CU-10069,Frank Johnson,Consumer,United States,Detroit,Michigan,98653,Central,OFF-BI-1193,Office Supplies,Binders,GBC Binding System,29.54,2,0.5,8.75
US-2024-100994,2024-06-11,2024-06-17,First Class,CU-10093,Carla Irwin,Home Office,United States,Newark,New Jersey,53800,East,OFF-AR-1194,Office Supplies,Art,Bic Pens,174.51,7,0.0,25.75
US-2024-100995,2023-08-28,2023-08-30,Second Class,CU-10047,Quinn Garcia,Corporate,United States,Newark,New Jersey,41704,East,OFF-PA-1195,Office Supplies,Paper,Boise Paper,81.52,7,0.4,16.64
US-2024-100996,2023-01-30,2023-01-31,First Class,CU-10093,Carla Irwin,Home Office,United States,Worcester,Massachusetts,22138,East,OFF-AR-1196,Office Supplies,Art,Newell Highlighters,106.01,4,0.4,19.53
US-2024-100997,2024-04-17,2024-04-18,Same Day,CU-10013,Henry Reed,Consumer,United States,San Diego,California,39502,West,TEC-AC-1197,Technology,Accessories,SanDisk Flash Drive,9532.25,13,0.0,2509.96
US-2024-100998,2023-03-23,2023-03-26,Same Day,CU-10000,Alice Quintana,Consumer,United States,Charlotte,North Carolina,15932,South,TEC-PH-1198,Technology,Phones,Cisco IP Phone,8033.9,13,0.15,699.71
US-2024-100999,2024-12-03,2024-12-09,First Class,CU-10095,Maria Nguyen,Home Office,United States,Cleveland,Ohio,96490,Central,FUR-FU-1199,Furniture,Furnishings,Eldon Desk Lamp,1001.81,4,0.1,136.57
US-2024-101000,2023-01-08,2023-01-11,Second Class,CU-10107,Nathan Garcia,Home Office,United States,Springfield,Illinois,66166,Central,OFF-BI-1200,Office Supplies,Binders,Wilson Jones Binder,188.7,5,0.0,33.84
US-2024-101001,2023-07-06,2023-07-12,Standard Class,CU-10027,Ivy Bennett,Corporate,United States,Miami,Florida,91000,South,OFF-PA-1201,Office Supplies,Paper,Boise Paper,523.38,11,0.0,121.31
US-2024-101002,2023-10-24,2023-10-27,Standard Class,CU-10072,Sam Silva,Consumer,United States,Atlanta,Georgia,52275,South,FUR-FU-1202,Furniture,Furnishings,Advantus Task Lamp,4863.3,10,0.0,556.05
US-2024-101003,2025-03-15,2025-03-21,Standard Class,CU-10058,Aaron Diaz,Consumer,United States,Phoenix,Arizona,14050,West,FUR-FU-1203,Furniture,Furnishings,Advantus Task Lamp,4649.85,10,0.1,373.21
US-2024-101004,2025-01-04,2025-01-10,Standard Class,CU-10021,Nathan Irwin,Consumer,United States,Orlando,Florida,53914,South,TEC-MA-1204,Technology,Machines,Cubify 3D Printer,11368.37,13,0.0,264.07
US-2024-101005,2023-07-28,2023-07-29,Standard Class,CU-10072,Sam Silva,Consumer,United States,Nashville,Tennessee,17420,South,OFF-ST-1205,Office Supplies,Storage,Fellowes Storage Box,47.55,2,0.2,13.36
US-2024-101006,2023-08-28,2023-08-30,Standard Class,CU-10063,Alice Quintana,Home Office,United States,Springfield,Illinois,32038,Central,TEC-PH-1206,Technology,Phones,Apple iPhone,2023.27,9,0.15,162.92
US-2024-101007,2025-07-13,2025-07-17,First Class,CU-10051,Paul Bennett,Consumer,United States,Buffalo,New York,60418,East,TEC-MA-1207,Technology,Machines,Cubify 3D Printer,5065.4,13,0.1,192.72
US-2024-101008,2023-04-26,2023-04-28,Standard Class,CU-10109,Henry Turner,Consumer,United States,Raleigh,North Carolina,76631,South,TEC-PH-1208,Technology,Phones,Samsung Galaxy,4376.82,12,0.15,-5.9
US-2024-101009,2023-06-06,2023-06-08,Same Day,CU-10052,Olivia Quintana,Home Office,United States,Los Angeles,California,64104,West,OFF-AR-1209,Office Supplies,Art,Sharpie Markers,242.34,7,0.0,20.7
US-2024-101010,2023-02-21,2023-02-26,Standard Class,CU-10052,Olivia Quintana,Home Office,United States,San Diego,California,62069,West,OFF-PA-1210,Office Supplies,Paper,HP Paper Ream,429.3,9,0.0,100.66
US-2024-101011,2024-12-08,2024-12-11,Second Class,CU-10021,Nathan Irwin,Consumer,United States,Tampa,Florida,85013,South,TEC-PH-1211,Technology,Phones,Samsung Galaxy,1697.14,3,0.1,152.56
US-2024-101012,2025-12-07,2025-12-12,Same Day,CU-10088,Nathan Evans,Consumer,United States,Houston,Texas,98472,Central,OFF-AR-1212,Office Supplies,Art,Sharpie Markers,195.26,5,0.1,31.86
US-2024-101013,2023-03-12,2023-03-17,Standard Class,CU-10068,Leo Bennett,Consumer,United States,Jersey City,New Jersey,33630,East,OFF-BI-1213,Office Supplies,Binders,Avery Binder,235.8,6,0.0,70.48
US-2024-101014,2024-03-09,2024-03-14,First Class,CU-10048,Derek Ortiz,Corporate,United States,Memphis,Tennessee,61627,South,TEC-CO-1214,Technology,Copiers,Canon Copier,2778.19,12,0.1,724.01
US-2024-101015,2025-07-31,2025-08-02,Second Class,CU-10066,Alice Moore,Consumer,United States,Nashville,Tennessee,93517,South,OFF-BI-1215,Office Supplies,Binders,Avery Binder,96.72,3,0.0,21.02
US-2024-101016,2023-02-10,2023-02-14,Second Class,CU-10089,Rita Lopez,Corporate,United States,Eugene,Oregon,59755,West,TEC-CO-1216,Technology,Copiers,Canon Copier,751.64,4,0.1,167.96
US-2024-101017,2023-05-18,2023-05-20,First Class,CU-10020,Carla Quintana,Home Office,United States,Newark,New Jersey,69597,East,OFF-AR-1217,Office Supplies,Art,Sharpie Markers,494.96,12,0.1,133.36
US-2024-101018,2024-04-14,2024-04-18,First Class,CU-10078,Brian Moore,Home Office,United States,Pittsburgh,Pennsylvania,40802,East,OFF-AR-1218,Office Supplies,Art,Sharpie Markers,106.39,7,0.15,28.07
US-2024-101019,2025-02-07,2025-02-10,Second Class,CU-10006,Nathan Quintana,Home Office,United States,San Francisco,California,97825,West,TEC-CO-1219,Technology,Copiers,Hewlett Packard Copier,3217.22,8,0.15,412.83
US-2024-101020,2023-03-13,2023-03-14,Standard Class,CU-10057,Jack Moore,Corporate,United States,New York City,New York,71979,East,FUR-TA-1220,Furniture,Tables,Bretford Conference Table,3656.8,8,0.0,117.68
US-2024-101021,2024-02-06,2024-02-12,First Class,CU-10032,Henry Hughes,Consumer,United States,Spokane,Washington,77894,West,OFF-PA-1221,Office Supplies,Paper,HP Paper Ream,244.67,6,0.1,37.64
US-2024-101022,2023-10-27,2023-10-31,Standard Class,CU-10066,Alice Moore,Consumer,United States,Miami,Florida,58841,South,TEC-AC-1222,Technology,Accessories,Kensington Keyboard,3427.12,10,0.15,187.74
US-2024-101023,2025-01-14,2025-01-18,Standard Class,CU-10030,Rita Parker,Consumer,United States,Dallas,Texas,22376,Central,TEC-MA-1223,Technology,Machines,Zebra Label Printer,2680.92,4,0.1,347.95
US-2024-101024,2024-10-10,2024-10-12,Second Class,CU-10004,Derek Chavez,Corporate,United States,Buffalo,New York,97810,East,TEC-AC-1224,Technology,Accessories,Kensington Keyboard,2606.04,12,0.0,44.76
US-2024-101025,2023-08-08,2023-08-10,Same Day,CU-10119,Frank Nguyen,Home Office,United States,Buffalo,New York,17417,East,OFF-AR-1225,Office Supplies,Art,Bic Pens,122.97,3,0.0,9.32
US-2024-101026,2025-09-30,2025-10-03,Same Day,CU-10034,Alice Kim,Corporate,United States,Ann Arbor,Michigan,99914,Central,TEC-AC-1226,Technology,Accessories,Kensington Keyboard,2067.45,5,0.4,159.87
US-2024-101027,2023-05-14,2023-05-19,Second Class,CU-10072,Sam Silva,Consumer,United States,Raleigh,North Carolina,95217,South,OFF-PA-1227,Office Supplies,Paper,Xerox Paper Ream,260.44,7,0.3,49.22
US-2024-101028,2023-06-16,2023-06-23,Second Class,CU-10050,Paul Evans,Home Office,United States,Jersey City,New Jersey,72176,East,FUR-BO-1228,Furniture,Bookcases,O'Sullivan Bookcase,102.54,1,0.4,-3.73
US-2024-101029,2025-03-08,2025-03-13,Standard Class,CU-10069,Frank Johnson,Consumer,United States,Columbus,Ohio,16591,Central,OFF-PA-1229,Office Supplies,Paper,Boise Paper,330.66,9,0.0,94.87
US-2024-101030,2023-06-25,2023-06-30,Second Class,CU-10028,Jack Evans,Corporate,United States,Atlanta,Georgia,37463,South,TEC-MA-1230,Technology,Machines,Cubify 3D Printer,1752.3,3,0.3,136.99
US-2024-101031,2025-10-04,2025-10-05,Standard Class,CU-10102,Ivy Garcia,Corporate,United States,Ann Arbor,Michigan,17456,Central,FUR-TA-1231,Furniture,Tables,Bush Somerset Table,1017.2,7,0.1,53.59
US-2024-101032,2024-08-05,2024-08-11,Second Class,CU-10012,Olivia Nguyen,Consumer,United States,Seattle,Washington,87168,West,OFF-ST-1232,Office Supplies,Storage,SimpleHouseware Bin,304.76,13,0.3,53.78
US-2024-101033,2023-11-20,2023-11-22,Standard Class,CU-10029,Nathan Ortiz,Corporate,United States,Newark,New Jersey,34753,East,TEC-PH-1233,Technology,Phones,Cisco IP Phone,6509.23,13,0.0,972.04
US-2024-101034,2023-11-17,2023-11-22,First Class,CU-10107,Nathan Garcia,Home Office,United States,Columbus,Ohio,23148,Central,FUR-TA-1234,Furniture,Tables,Bush Somerset Table,1878.01,12,0.1,-129.72
US-2024-101035,2023-03-17,2023-03-18,Second Class,CU-10084,Frank Bennett,Home Office,United States,Chicago,Illinois,66281,Central,OFF-AR-1235,Office Supplies,Art,Bic Pens,370.71,9,0.0,32.33
US-2024-101036,2025-06-18,2025-06-23,Second Class,CU-10119,Frank Nguyen,Home Office,United States,Newark,New Jersey,47594,East,TEC-PH-1236,Technology,Phones,Apple iPhone,629.97,1,0.0,104.79
US-2024-101037,2023-10-15,2023-10-21,Standard Class,CU-10089,Rita Lopez,Corporate,United States,Los Angeles,California,15717,West,FUR-TA-1237,Furniture,Tables,Bretford Conference Table,1583.82,9,0.0,180.46
US-2024-101038,2025-11-18,2025-11-20,Same Day,CU-10061,Maria Kim,Home Office,United States,Ann Arbor,Michigan,75194,Central,TEC-CO-1238,Technology,Copiers,Canon Copier,2376.05,5,0.15,26.36
US-2024-101039,2024-05-15,2024-05-16,First Class,CU-10012,Olivia Nguyen,Consumer,United States,Phoenix,Arizona,58684,West,OFF-AR-1239,Office Supplies,Art,Newell Highlighters,141.47,7,0.0,40.76
US-2024-101040,2023-07-17,2023-07-21,First Class,CU-10090,Rita Evans,Corporate,United States,Miami,Florida,98322,South,OFF-AR-1240,Office Supplies,Art,Sharpie Markers,157.83,3,0.0,36.05
US-2024-101041,2023-08-09,2023-08-12,First Class,CU-10077,Henry Ortiz,Home Office,United States,Nashville,Tennessee,16390,South,OFF-AR-1241,Office Supplies,Art,Bic Pens,58.8,4,0.0,4.3
US-2024-101042,2023-06-04,2023-06-09,Same Day,CU-10110,Brian Kim,Corporate,United States,Columbus,Ohio,30226,Central,TEC-PH-1242,Technology,Phones,Samsung Galaxy,7794.23,13,0.15,1404.63
US-2024-101043,2023-01-17,2023-01-20,Second Class,CU-10032,Henry Hughes,Consumer,United States,Phoenix,Arizona,12192,West,TEC-AC-1243,Technology,Accessories,SanDisk Flash Drive,4645.94,13,0.0,759.33
US-2024-101044,2025-12-31,2026-01-04,Same Day,CU-10080,Sam Ortiz,Consumer,United States,Memphis,Tennessee,87713,South,OFF-AR-1244,Office Supplies,Art,Sharpie Markers,130.97,10,0.3,13.13
US-2024-101045,2025-04-21,2025-04-25,First Class,CU-10061,Maria Kim,Home Office,United States,Chicago,Illinois,70607,Central,FUR-TA-1245,Furniture,Tables,Bretford Conference Table,2333.42,6,0.2,-119.2
US-2024-101046,2023-01-23,2023-01-29,First Class,CU-10052,Olivia Quintana,Home Office,United States,Phoenix,Arizona,33757,West,FUR-CH-1246,Furniture,Chairs,Hbada Office Chair,3812.25,13,0.0,487.41
US-2024-101047,2024-03-22,2024-03-28,Standard Class,CU-10063,Alice Quintana,Home Office,United States,Austin,Texas,96997,Central,TEC-AC-1247,Technology,Accessories,SanDisk Flash Drive,8613.18,13,0.2,462.22
US-2024-101048,2024-07-04,2024-07-11,First Class,CU-10066,Alice Moore,Consumer,United States,Charlotte,North Carolina,61597,South,FUR-CH-1248,Furniture,Chairs,Global Task Chair,3381.84,8,0.0,73.75
US-2024-101049,2023-10-24,2023-10-25,Standard Class,CU-10112,Nathan Hughes,Consumer,United States,Tucson,Arizona,23701,West,FUR-CH-1249,Furniture,Chairs,Hbada Office Chair,391.34,1,0.2,-27.94
US-2024-101050,2023-03-05,2023-03-09,Standard Class,CU-10006,Nathan Quintana,Home Office,United States,San Francisco,California,23784,West,FUR-TA-1250,Furniture,Tables,Bush Somerset Table,2301.52,8,0.0,63.12
US-2024-101051,2023-12-11,2023-12-13,First Class,CU-10041,Carla Reed,Corporate,United States,Orlando,Florida,93171,South,TEC-PH-1251,Technology,Phones,Apple iPhone,1635.12,4,0.0,321.38
US-2024-101052,2025-02-05,2025-02-11,Standard Class,CU-10051,Paul Bennett,Consumer,United States,Jersey City,New Jersey,33815,East,OFF-LA-1252,Office Supplies,Labels,Avery Labels,557.28,12,0.0,120.56
US-2024-101053,2024-11-30,2024-12-01,Same Day,CU-10072,Sam Silva,Consumer,United States,Nashville,Tennessee,82421,South,TEC-PH-1253,Technology,Phones,Cisco IP Phone,6861.01,13,0.0,1041.16
US-2024-101054,2023-03-11,2023-03-13,Standard Class,CU-10032,Henry Hughes,Consumer,United States,Seattle,Washington,16927,West,TEC-AC-1254,Technology,Accessories,SanDisk Flash Drive,912.38,4,0.5,20.86
US-2024-101055,2024-11-29,2024-12-04,Same Day,CU-10077,Henry Ortiz,Home Office,United States,Orlando,Florida,67904,South,OFF-BI-1255,Office Supplies,Binders,Avery Binder,307.71,9,0.0,74.73
US-2024-101056,2025-03-28,2025-04-03,Second Class,CU-10004,Derek Chavez,Corporate,United States,Boston,Massachusetts,38883,East,TEC-AC-1256,Technology,Accessories,Kensington Keyboard,1918.03,11,0.4,455.58
US-2024-101057,2025-06-02,2025-06-03,Second Class,CU-10107,Nathan Garcia,Home Office,United States,Cleveland,Ohio,13392,Central,TEC-MA-1257,Technology,Machines,Zebra Label Printer,1764.07,7,0.0,414.13
US-2024-101058,2023-01-23,2023-01-29,Same Day,CU-10111,Nathan Foster,Consumer,United States,Savannah,Georgia,43653,South,OFF-ST-1258,Office Supplies,Storage,Iris File Box,144.76,4,0.1,13.83
US-2024-101059,2024-09-12,2024-09-18,Second Class,CU-10009,Paul Kim,Consumer,United States,Charlotte,North Carolina,83306,South,TEC-AC-1259,Technology,Accessories,Logitech Mouse,504.68,2,0.1,89.83
US-2024-101060,2024-03-21,2024-03-23,Second Class,CU-10090,Rita Evans,Corporate,United States,Charlotte,North Carolina,29470,South,OFF-AR-1260,Office Supplies,Art,Newell Highlighters,277.41,7,0.0,50.67
US-2024-101061,2025-01-10,2025-01-17,Standard Class,CU-10074,Paul Chavez,Consumer,United States,San Diego,California,35806,West,FUR-BO-1261,Furniture,Bookcases,O'Sullivan Bookcase,185.78,1,0.1,-17.59
US-2024-101062,2025-10-31,2025-11-01,First Class,CU-10021,Nathan Irwin,Consumer,United States,Atlanta,Georgia,72125,South,OFF-BI-1262,Office Supplies,Binders,Avery Binder,392.22,9,0.0,129.65
US-2024-101063,2023-08-12,2023-08-13,Second Class,CU-10004,Derek Chavez,Corporate,United States,Philadelphia,Pennsylvania,25703,East,OFF-AR-1263,Office Supplies,Art,Bic Pens,196.3,5,0.0,70.68
US-2024-101064,2023-08-07,2023-08-08,Standard Class,CU-10093,Carla Irwin,Home Office,United States,Buffalo,New York,44727,East,TEC-MA-1264,Technology,Machines,Lexmark Printer,9022.09,11,0.0,943.93
US-2024-101065,2024-05-26,2024-05-27,Same Day,CU-10101,Ivy Ortiz,Consumer,United States,Boston,Massachusetts,73968,East,OFF-ST-1265,Office Supplies,Storage,Iris File Box,323.75,7,0.0,91.61
US-2024-101066,2023-01-28,2023-02-03,Same Day,CU-10049,Leo Diaz,Corporate,United States,Buffalo,New York,26612,East,OFF-BI-1266,Office Supplies,Binders,Avery Binder,578.02,12,0.1,77.25
US-2024-101067,2025-12-27,2026-01-01,Second Class,CU-10062,Quinn Moore,Consumer,United States,Orlando,Florida,72836,South,TEC-AC-1267,Technology,Accessories,Kensington Keyboard,2744.16,6,0.0,126.85
US-2024-101068,2024-10-27,2024-10-30,Standard Class,CU-10090,Rita Evans,Corporate,United States,Orlando,Florida,23782,South,FUR-BO-1268,Furniture,Bookcases,O'Sullivan Bookcase,3468.24,9,0.0,173.75
US-2024-101069,2024-10-02,2024-10-06,Standard Class,CU-10035,Olivia Evans,Corporate,United States,Orlando,Florida,93241,South,FUR-FU-1269,Furniture,Furnishings,Advantus Task Lamp,638.72,6,0.15,-32.03
US-2024-101070,2025-06-09,2025-06-10,First Class,CU-10111,Nathan Foster,Consumer,United States,Nashville,Tennessee,25775,South,OFF-AR-1270,Office Supplies,Art,Sharpie Markers,66.48,3,0.2,21.84
US-2024-101071,2023-11-03,2023-11-06,First Class,CU-10113,Paul Moore,Corporate,United States,San Diego,California,79637,West,OFF-BI-1271,Office Supplies,Binders,GBC Binding System,88.32,5,0.2,26.01
US-2024-101072,2025-04-23,2025-04-24,First Class,CU-10002,Henry Silva,Consumer,United States,Boston,Massachusetts,68995,East,OFF-ST-1272,Office Supplies,Storage,Fellowes Storage Box,50.65,1,0.0,16.08
US-2024-101073,2025-11-19,2025-11-25,Standard Class,CU-10049,Leo Diaz,Corporate,United States,Newark,New Jersey,73768,East,OFF-LA-1273,Office Supplies,Labels,Avery Labels,128.34,3,0.0,32.05
US-2024-101074,2023-01-26,2023-01-30,Same Day,CU-10119,Frank Nguyen,Home Office,United States,Worcester,Massachusetts,39414,East,TEC-MA-1274,Technology,Machines,Cubify 3D Printer,883.57,2,0.3,40.47
US-2024-101075,2024-05-17,2024-05-20,First Class,CU-10047,Quinn Garcia,Corporate,United States,Newark,New Jersey,13667,East,FUR-CH-1275,Furniture,Chairs,Hbada Office Chair,2543.88,12,0.0,199.55
US-2024-101076,2023-04-19,2023-04-20,Second Class,CU-10018,Quinn Reed,Consumer,United States,Tucson,Arizona,54941,West,FUR-TA-1276,Furniture,Tables,Bretford Conference Table,3752.43,11,0.0,391.1
US-2024-101077,2023-03-23,2023-03-25,Same Day,CU-10029,Nathan Ortiz,Corporate,United States,Boston,Massachusetts,30640,East,OFF-PA-1277,Office Supplies,Paper,Xerox Paper Ream,153.41,4,0.15,52.3
US-2024-101078,2024-10-07,2024-10-13,Same Day,CU-10036,Ivy Diaz,Corporate,United States,Newark,New Jersey,10400,East,FUR-CH-1278,Furniture,Chairs,Hbada Office Chair,2251.85,11,0.1,145.61
US-2024-101079,2024-09-24,2024-10-01,Standard Class,CU-10040,Rita Johnson,Consumer,United States,Memphis,Tennessee,40198,South,OFF-ST-1279,Office Supplies,Storage,SimpleHouseware Bin,308.98,7,0.0,63.0
US-2024-101080,2023-09-23,2023-09-27,Same Day,CU-10093,Carla Irwin,Home Office,United States,Pittsburgh,Pennsylvania,26168,East,TEC-PH-1280,Technology,Phones,Samsung Galaxy,206.85,1,0.0,32.29
US-2024-101081,2023-07-30,2023-08-03,Second Class,CU-10104,Elena Quintana,Home Office,United States,Jersey City,New Jersey,85640,East,TEC-PH-1281,Technology,Phones,Samsung Galaxy,3184.2,5,0.0,582.22
US-2024-101082,2023-03-12,2023-03-13,First Class,CU-10094,Derek Hughes,Corporate,United States,Dallas,Texas,84881,Central,FUR-CH-1282,Furniture,Chairs,HON Executive Chair,4437.93,13,0.1,832.95
US-2024-101083,2024-07-11,2024-07-17,Same Day,CU-10077,Henry Ortiz,Home Office,United States,Savannah,Georgia,50206,South,OFF-PA-1283,Office Supplies,Paper,HP Paper Ream,141.0,5,0.0,24.93
US-2024-101084,2023-01-24,2023-01-27,First Class,CU-10087,Maria Kim,Consumer,United States,Miami,Florida,37341,South,OFF-PA-1284,Office Supplies,Paper,Xerox Paper Ream,427.3,10,0.0,34.61
US-2024-101085,2024-02-25,2024-02-27,Standard Class,CU-10043,Alice Hughes,Corporate,United States,Atlanta,Georgia,24551,South,FUR-FU-1285,Furniture,Furnishings,Tenex Chairmat,2165.85,5,0.0,-188.04
US-2024-101086,2024-01-18,2024-01-25,Same Day,CU-10108,Alice Chavez,Consumer,United States,Buffalo,New York,38063,East,TEC-AC-1286,Technology,Accessories,Kensington Keyboard,2772.2,4,0.0,153.65
US-2024-101087,2023-03-11,2023-03-18,Second Class,CU-10070,Sam Foster,Corporate,United States,New York City,New York,77619,East,TEC-PH-1287,Technology,Phones,Apple iPhone,2154.36,3,0.1,308.2
US-2024-101088,2025-08-23,2025-08-29,Same Day,CU-10108,Alice Chavez,Consumer,United States,Buffalo,New York,11344,East,TEC-CO-1288,Technology,Copiers,Canon Copier,7477.92,12,0.0,978.74
US-2024-101089,2023-08-13,2023-08-17,Standard Class,CU-10040,Rita Johnson,Consumer,United States,Charlotte,North Carolina,73489,South,OFF-AR-1289,Office Supplies,Art,Sharpie Markers,276.78,7,0.0,99.26
US-2024-101090,2024-06-22,2024-06-23,Same Day,CU-10076,Rita Garcia,Home Office,United States,Houston,Texas,76245,Central,OFF-AR-1290,Office Supplies,Art,Sharpie Markers,218.35,11,0.0,40.71
US-2024-101091,2024-06-02,2024-06-09,Second Class,CU-10095,Maria Nguyen,Home Office,United States,Detroit,Michigan,96408,Central,TEC-MA-1291,Technology,Machines,Cubify 3D Printer,412.4,1,0.3,36.67
US-2024-101092,2023-07-02,2023-07-04,Standard Class,CU-10035,Olivia Evans,Corporate,United States,Orlando,Florida,60131,South,TEC-AC-1292,Technology,Accessories,Kensington Keyboard,3720.55,5,0.0,720.56
US-2024-101093,2024-09-09,2024-09-11,First Class,CU-10001,Maria Johnson,Corporate,United States,Raleigh,North Carolina,82830,South,OFF-AR-1293,Office Supplies,Art,Sharpie Markers,32.62,3,0.4,8.7
US-2024-101094,2024-08-22,2024-08-27,Standard Class,CU-10107,Nathan Garcia,Home Office,United States,Ann Arbor,Michigan,88182,Central,OFF-BI-1294,Office Supplies,Binders,GBC Binding System,152.01,9,0.0,39.55
US-2024-101095,2023-11-29,2023-12-04,Same Day,CU-10090,Rita Evans,Corporate,United States,Tampa,Florida,82594,South,FUR-FU-1295,Furniture,Furnishings,Tenex Chairmat,1833.82,4,0.15,331.87
US-2024-101096,2025-06-11,2025-06-16,Same Day,CU-10011,Carla Turner,Corporate,United States,Springfield,Illinois,39351,Central,TEC-MA-1296,Technology,Machines,Cubify 3D Printer,5333.4,12,0.0,316.31
US-2024-101097,2024-04-28,2024-05-05,First Class,CU-10052,Olivia Quintana,Home Office,United States,Los Angeles,California,30203,West,TEC-MA-1297,Technology,Machines,Zebra Label Printer,4050.4,8,0.0,-31.7
US-2024-101098,2023-12-25,2023-12-26,Same Day,CU-10005,Jack Ward,Consumer,United States,Dallas,Texas,89156,Central,OFF-BI-1298,Office Supplies,Binders,Avery Binder,52.88,1,0.0,9.78
US-2024-101099,2025-04-24,2025-04-25,Same Day,CU-10058,Aaron Diaz,Consumer,United States,Spokane,Washington,14166,West,OFF-LA-1299,Office Supplies,Labels,Avery Labels,118.15,3,0.1,21.11
US-2024-101100,2025-09-10,2025-09-11,Second Class,CU-10045,Henry Reed,Home Office,United States,Ann Arbor,Michigan,47533,Central,FUR-CH-1300,Furniture,Chairs,Hbada Office Chair,3614.45,7,0.0,-300.57
US-2024-101101,2025-03-04,2025-03-09,Standard Class,CU-10001,Maria Johnson,Corporate,United States,Savannah,Georgia,81151,South,FUR-FU-1301,Furniture,Furnishings,Eldon Desk Lamp,1371.6,5,0.0,63.51
US-2024-101102,2024-04-02,2024-04-05,Same Day,CU-10108,Alice Chavez,Consumer,United States,Newark,New Jersey,91558,East,OFF-BI-1302,Office Supplies,Binders,GBC Binding System,177.1,5,0.0,63.05
US-2024-101103,2024-05-23,2024-05-29,First Class,CU-10105,Elena Parker,Consumer,United States,Nashville,Tennessee,71803,South,OFF-BI-1303,Office Supplies,Binders,Wilson Jones Binder,251.05,5,0.0,34.14
US-2024-101104,2024-03-22,2024-03-23,Second Class,CU-10062,Quinn Moore,Consumer,United States,Charlotte,North Carolina,14015,South,OFF-PA-1304,Office Supplies,Paper,HP Paper Ream,460.92,12,0.0,39.06
US-2024-101105,2025-03-29,2025-03-30,Standard Class,CU-10083,Frank Evans,Home Office,United States,Eugene,Oregon,52432,West,OFF-PA-1305,Office Supplies,Paper,HP Paper Ream,158.43,3,0.0,25.58
US-2024-101106,2025-05-13,2025-05-14,Standard Class,CU-10042,Leo Parker,Home Office,United States,Phoenix,Arizona,47911,West,OFF-BI-1306,Office Supplies,Binders,Wilson Jones Binder,379.81,9,0.1,114.25
US-2024-101107,2024-07-10,2024-07-14,Second Class,CU-10076,Rita Garcia,Home Office,United States,Columbus,Ohio,47562,Central,OFF-ST-1307,Office Supplies,Storage,SimpleHouseware Bin,70.41,3,0.0,5.12
US-2024-101108,2025-08-06,2025-08-07,Second Class,CU-10002,Henry Silva,Consumer,United States,Newark,New Jersey,82260,East,OFF-AR-1308,Office Supplies,Art,Newell Highlighters,125.0,10,0.0,34.94
US-2024-101109,2023-10-10,2023-10-16,Standard Class,CU-10073,Aaron Foster,Consumer,United States,Jersey City,New Jersey,42500,East,TEC-AC-1309,Technology,Accessories,Kensington Keyboard,7018.5,10,0.0,-77.33
US-2024-101110,2024-05-23,2024-05-27,First Class,CU-10108,Alice Chavez,Consumer,United States,Boston,Massachusetts,42352,East,OFF-PA-1310,Office Supplies,Paper,Boise Paper,203.28,11,0.2,25.03
US-2024-101111,2025-02-16,2025-02-19,Same Day,CU-10119,Frank Nguyen,Home Office,United States,Philadelphia,Pennsylvania,45004,East,OFF-BI-1311,Office Supplies,Binders,Wilson Jones Binder,109.78,5,0.15,9.24
US-2024-101112,2025-06-04,2025-06-05,Standard Class,CU-10075,Quinn Garcia,Corporate,United States,Boston,Massachusetts,89938,East,TEC-CO-1312,Technology,Copiers,Hewlett Packard Copier,4479.3,12,0.1,277.57
US-2024-101113,2023-09-29,2023-10-02,Same Day,CU-10054,Ivy Parker,Corporate,United States,Pittsburgh,Pennsylvania,48191,East,TEC-CO-1313,Technology,Copiers,Canon Copier,3187.73,13,0.0,192.08
US-2024-101114,2023-04-24,2023-04-28,Second Class,CU-10027,Ivy Bennett,Corporate,United States,Savannah,Georgia,26910,South,OFF-AR-1314,Office Supplies,Art,Sharpie Markers,438.3,10,0.1,77.25
US-2024-101115,2023-12-02,2023-12-03,First Class,CU-10018,Quinn Reed,Consumer,United States,Portland,Oregon,95988,West,FUR-CH-1315,Furniture,Chairs,Hbada Office Chair,4267.12,13,0.2,134.23
US-2024-101116,2024-10-22,2024-10-24,First Class,CU-10039,Karen Ortiz,Consumer,United States,Los Angeles,California,86138,West,TEC-CO-1316,Technology,Copiers,Canon Copier,1998.71,7,0.0,392.24
US-2024-101117,2025-08-03,2025-08-06,Standard Class,CU-10098,Frank Diaz,Consumer,United States,Orlando,Florida,61567,South,TEC-AC-1317,Technology,Accessories,SanDisk Flash Drive,1789.53,6,0.5,77.84
US-2024-101118,2024-03-16,2024-03-21,Standard Class,CU-10110,Brian Kim,Corporate,United States,Columbus,Ohio,12391,Central,OFF-LA-1318,Office Supplies,Labels,Avery Labels,105.49,7,0.15,11.57
US-2024-101119,2024-04-21,2024-04-25,Standard Class,CU-10074,Paul Chavez,Consumer,United States,Eugene,Oregon,47564,West,OFF-LA-1319,Office Supplies,Labels,Avery Labels,326.64,12,0.0,118.34
US-2024-101120,2025-09-13,2025-09-19,Second Class,CU-10091,Ivy Ortiz,Corporate,United States,Raleigh,North Carolina,43382,South,OFF-PA-1320,Office Supplies,Paper,HP Paper Ream,37.89,3,0.0,4.85
US-2024-101121,2023-07-25,2023-08-01,First Class,CU-10091,Ivy Ortiz,Corporate,United States,Atlanta,Georgia,93658,South,OFF-LA-1321,Office Supplies,Labels,Hon Label Maker Tape,14.36,1,0.3,3.61
US-2024-101122,2023-02-11,2023-02-14,Second Class,CU-10032,Henry Hughes,Consumer,United States,Portland,Oregon,59023,West,TEC-CO-1322,Technology,Copiers,Hewlett Packard Copier,847.52,1,0.0,187.64
US-2024-101123,2023-02-02,2023-02-06,First Class,CU-10079,Jack Quintana,Home Office,United States,Seattle,Washington,71224,West,OFF-LA-1323,Office Supplies,Labels,Avery Labels,216.04,7,0.15,45.69
US-2024-101124,2025-04-09,2025-04-13,First Class,CU-10037,Maria Kim,Home Office,United States,Newark,New Jersey,16940,East,OFF-AR-1324,Office Supplies,Art,Bic Pens,390.28,11,0.0,106.89
US-2024-101125,2025-04-19,2025-04-21,Standard Class,CU-10107,Nathan Garcia,Home Office,United States,Detroit,Michigan,32004,Central,OFF-ST-1325,Office Supplies,Storage,Fellowes Storage Box,292.37,13,0.0,30.23
US-2024-101126,2023-11-19,2023-11-25,Same Day,CU-10106,Olivia Johnson,Home Office,United States,Worcester,Massachusetts,11961,East,OFF-ST-1326,Office Supplies,Storage,Iris File Box,82.78,7,0.1,21.05
US-2024-101127,2025-09-18,2025-09-24,Same Day,CU-10050,Paul Evans,Home Office,United States,Boston,Massachusetts,94018,East,OFF-PA-1327,Office Supplies,Paper,Boise Paper,148.72,8,0.0,40.89
US-2024-101128,2024-10-18,2024-10-23,First Class,CU-10050,Paul Evans,Home Office,United States,Jersey City,New Jersey,93467,East,OFF-AR-1328,Office Supplies,Art,Newell Highlighters,20.54,1,0.3,6.4
US-2024-101129,2025-10-26,2025-10-28,Second Class,CU-10076,Rita Garcia,Home Office,United States,Cleveland,Ohio,34028,Central,FUR-TA-1329,Furniture,Tables,Bretford Conference Table,1234.87,3,0.1,116.27
US-2024-101130,2025-04-06,2025-04-10,Same Day,CU-10090,Rita Evans,Corporate,United States,Miami,Florida,11605,South,OFF-BI-1330,Office Supplies,Binders,Avery Binder,267.7,5,0.0,25.45
US-2024-101131,2024-01-11,2024-01-17,First Class,CU-10116,Aaron Quintana,Consumer,United States,Orlando,Florida,80625,South,OFF-BI-1331,Office Supplies,Binders,GBC Binding System,154.8,4,0.0,16.01
US-2024-101132,2024-04-06,2024-04-09,Standard Class,CU-10109,Henry Turner,Consumer,United States,Charlotte,North Carolina,30775,South,OFF-BI-1332,Office Supplies,Binders,GBC Binding System,134.04,4,0.0,49.44
US-2024-101133,2023-09-16,2023-09-23,First Class,CU-10063,Alice Quintana,Home Office,United States,Ann Arbor,Michigan,13232,Central,OFF-ST-1333,Office Supplies,Storage,SimpleHouseware Bin,245.48,5,0.1,57.3
US-2024-101134,2025-02-02,2025-02-08,Standard Class,CU-10110,Brian Kim,Corporate,United States,Houston,Texas,43486,Central,OFF-BI-1334,Office Supplies,Binders,GBC Binding System,300.77,7,0.15,38.89
US-2024-101135,2024-09-06,2024-09-12,First Class,CU-10101,Ivy Ortiz,Consumer,United States,Newark,New Jersey,73450,East,OFF-BI-1335,Office Supplies,Binders,Wilson Jones Binder,436.27,9,0.1,32.66
US-2024-101136,2025-03-28,2025-03-30,Standard Class,CU-10060,Henry Ortiz,Corporate,United States,Nashville,Tennessee,79060,South,FUR-CH-1336,Furniture,Chairs,Global Task Chair,1634.22,7,0.0,117.63
US-2024-101137,2025-01-03,2025-01-09,Second Class,CU-10032,Henry Hughes,Consumer,United States,Spokane,Washington,14657,West,OFF-BI-1337,Office Supplies,Binders,GBC Binding System,87.65,6,0.3,31.75
US-2024-101138,2024-03-12,2024-03-18,Same Day,CU-10101,Ivy Ortiz,Consumer,United States,Jersey City,New Jersey,32789,East,OFF-PA-1338,Office Supplies,Paper,Xerox Paper Ream,15.45,2,0.5,4.03
US-2024-101139,2025-02-02,2025-02-06,First Class,CU-10034,Alice Kim,Corporate,United States,Ann Arbor,Michigan,79408,Central,TEC-MA-1339,Technology,Machines,Lexmark Printer,4687.52,12,0.1,788.2
US-2024-101140,2023-07-18,2023-07-21,Second Class,CU-10084,Frank Bennett,Home Office,United States,Austin,Texas,11555,Central,OFF-BI-1340,Office Supplies,Binders,Wilson Jones Binder,441.84,11,0.1,42.16
US-2024-101141,2024-08-08,2024-08-14,Second Class,CU-10004,Derek Chavez,Corporate,United States,Newark,New Jersey,68811,East,FUR-FU-1341,Furniture,Furnishings,Eldon Desk Lamp,3093.9,6,0.0,-252.28
US-2024-101142,2023-10-06,2023-10-11,First Class,CU-10054,Ivy Parker,Corporate,United States,Boston,Massachusetts,96592,East,TEC-CO-1342,Technology,Copiers,Canon Copier,368.66,1,0.3,36.9
US-2024-101143,2025-09-12,2025-09-17,Same Day,CU-10013,Henry Reed,Consumer,United States,San Diego,California,41350,West,OFF-ST-1343,Office Supplies,Storage,Iris File Box,23.08,1,0.15,2.7
US-2024-101144,2023-07-05,2023-07-10,First Class,CU-10026,Grace Kim,Corporate,United States,Boston,Massachusetts,31882,East,TEC-AC-1344,Technology,Accessories,Kensington Keyboard,6785.22,13,0.0,1369.8
US-2024-101145,2025-06-15,2025-06-21,Standard Class,CU-10035,Olivia Evans,Corporate,United States,Charlotte,North Carolina,12820,South,OFF-PA-1345,Office Supplies,Paper,HP Paper Ream,362.6,7,0.0,126.35
US-2024-101146,2023-06-25,2023-07-01,Standard Class,CU-10069,Frank Johnson,Consumer,United States,Detroit,Michigan,82851,Central,FUR-CH-1346,Furniture,Chairs,Hbada Office Chair,5315.42,11,0.0,295.42
US-2024-101147,2025-02-23,2025-02-25,First Class,CU-10081,Henry Johnson,Consumer,United States,Portland,Oregon,56305,West,FUR-CH-1347,Furniture,Chairs,Hbada Office Chair,2025.02,11,0.3,143.13
US-2024-101148,2024-11-15,2024-11-18,Standard Class,CU-10047,Quinn Garcia,Corporate,United States,Pittsburgh,Pennsylvania,79898,East,OFF-LA-1348,Office Supplies,Labels,Avery Labels,334.4,11,0.0,32.12
US-2024-101149,2025-08-14,2025-08-17,Same Day,CU-10048,Derek Ortiz,Corporate,United States,Raleigh,North Carolina,61616,South,OFF-ST-1349,Office Supplies,Storage,Fellowes Storage Box,207.2,9,0.4,23.14
US-2024-101150,2024-10-26,2024-10-27,Standard Class,CU-10022,Alice Ward,Consumer,United States,Nashville,Tennessee,16374,South,OFF-AR-1350,Office Supplies,Art,Bic Pens,350.24,11,0.0,74.16
US-2024-101151,2023-10-03,2023-10-10,Same Day,CU-10026,Grace Kim,Corporate,United States,Newark,New Jersey,94066,East,TEC-CO-1351,Technology,Copiers,Canon Copier,5430.26,11,0.0,445.33
US-2024-101152,2025-05-08,2025-05-15,Standard Class,CU-10117,Ivy Parker,Home Office,United States,Worcester,Massachusetts,37180,East,FUR-BO-1352,Furniture,Bookcases,Sauder Bookcase,2001.35,12,0.1,26.97
US-2024-101153,2023-07-18,2023-07-23,Standard Class,CU-10056,Karen Kim,Home Office,United States,Nashville,Tennessee,71454,South,OFF-AR-1353,Office Supplies,Art,Sharpie Markers,275.83,6,0.1,60.4
US-2024-101154,2025-01-29,2025-01-31,Standard Class,CU-10087,Maria Kim,Consumer,United States,Miami,Florida,67249,South,OFF-LA-1354,Office Supplies,Labels,Hon Label Maker Tape,37.76,3,0.5,9.83
US-2024-101155,2024-04-28,2024-04-29,First Class,CU-10080,Sam Ortiz,Consumer,United States,Nashville,Tennessee,97933,South,OFF-LA-1355,Office Supplies,Labels,Hon Label Maker Tape,168.68,5,0.2,51.59
US-2024-101156,2024-08-31,2024-09-05,Standard Class,CU-10022,Alice Ward,Consumer,United States,Savannah,Georgia,83490,South,TEC-MA-1356,Technology,Machines,Zebra Label Printer,1215.02,4,0.15,125.55
US-2024-101157,2024-07-29,2024-07-31,Second Class,CU-10073,Aaron Foster,Consumer,United States,Pittsburgh,Pennsylvania,73163,East,OFF-PA-1357,Office Supplies,Paper,Xerox Paper Ream,318.8,10,0.0,34.94
US-2024-101158,2024-08-28,2024-09-04,Same Day,CU-10026,Grace Kim,Corporate,United States,Boston,Massachusetts,27633,East,OFF-PA-1358,Office Supplies,Paper,HP Paper Ream,55.12,4,0.0,5.55
US-2024-101159,2025-01-11,2025-01-17,Second Class,CU-10105,Elena Parker,Consumer,United States,Atlanta,Georgia,48538,South,TEC-CO-1359,Technology,Copiers,Canon Copier,3604.54,8,0.15,-3.15
US-2024-101160,2025-01-08,2025-01-12,First Class,CU-10055,Elena Quintana,Corporate,United States,Ann Arbor,Michigan,53243,Central,TEC-CO-1360,Technology,Copiers,Hewlett Packard Copier,4486.24,10,0.2,1040.74
US-2024-101161,2023-11-20,2023-11-27,Standard Class,CU-10088,Nathan Evans,Consumer,United States,Ann Arbor,Michigan,64436,Central,FUR-TA-1361,Furniture,Tables,Bush Somerset Table,1364.91,3,0.0,55.88
US-2024-101162,2024-03-10,2024-03-17,First Class,CU-10013,Henry Reed,Consumer,United States,Phoenix,Arizona,98260,West,OFF-AR-1362,Office Supplies,Art,Newell Highlighters,81.92,2,0.0,19.53
US-2024-101163,2025-04-14,2025-04-18,First Class,CU-10071,Elena Johnson,Home Office,United States,Columbus,Ohio,36617,Central,TEC-AC-1363,Technology,Accessories,SanDisk Flash Drive,3229.86,6,0.0,498.7
US-2024-101164,2023-05-09,2023-05-13,Second Class,CU-10076,Rita Garcia,Home Office,United States,Detroit,Michigan,98795,Central,OFF-BI-1364,Office Supplies,Binders,Avery Binder,73.11,3,0.0,8.83
US-2024-101165,2024-12-27,2025-01-03,Same Day,CU-10002,Henry Silva,Consumer,United States,Newark,New Jersey,98613,East,TEC-AC-1365,Technology,Accessories,Logitech Mouse,6637.56,12,0.0,1213.47
US-2024-101166,2024-08-10,2024-08-12,First Class,CU-10057,Jack Moore,Corporate,United States,Philadelphia,Pennsylvania,12488,East,OFF-PA-1366,Office Supplies,Paper,Xerox Paper Ream,171.48,10,0.4,52.63
US-2024-101167,2024-07-15,2024-07-21,Standard Class,CU-10101,Ivy Ortiz,Consumer,United States,Worcester,Massachusetts,33867,East,OFF-ST-1367,Office Supplies,Storage,Fellowes Storage Box,336.05,11,0.0,55.07
US-2024-101168,2025-12-30,2026-01-04,First Class,CU-10066,Alice Moore,Consumer,United States,Tampa,Florida,26675,South,OFF-AR-1368,Office Supplies,Art,Bic Pens,254.95,11,0.3,86.72
US-2024-101169,2025-11-25,2025-11-30,Standard Class,CU-10046,Paul Irwin,Consumer,United States,San Diego,California,81653,West,OFF-LA-1369,Office Supplies,Labels,Avery Labels,92.36,4,0.0,28.65
US-2024-101170,2023-09-01,2023-09-02,Second Class,CU-10053,Olivia Ortiz,Consumer,United States,Philadelphia,Pennsylvania,76972,East,OFF-ST-1370,Office Supplies,Storage,Iris File Box,37.45,2,0.3,7.98
US-2024-101171,2023-08-14,2023-08-18,Standard Class,CU-10101,Ivy Ortiz,Consumer,United States,Pittsburgh,Pennsylvania,22342,East,OFF-AR-1371,Office Supplies,Art,Sharpie Markers,174.56,4,0.2,50.85
US-2024-101172,2023-03-18,2023-03-19,Same Day,CU-10100,Grace Turner,Corporate,United States,Houston,Texas,26489,Central,TEC-CO-1372,Technology,Copiers,Hewlett Packard Copier,6011.39,7,0.0,828.04
US-2024-101173,2023-07-31,2023-08-03,First Class,CU-10032,Henry Hughes,Consumer,United States,Phoenix,Arizona,62603,West,FUR-FU-1373,Furniture,Furnishings,Advantus Task Lamp,1510.68,4,0.0,98.23
US-2024-101174,2023-01-26,2023-01-29,First Class,CU-10041,Carla Reed,Corporate,United States,Savannah,Georgia,19129,South,TEC-PH-1374,Technology,Phones,Samsung Galaxy,3587.88,6,0.0,648.69
US-2024-101175,2024-11-17,2024-11-18,First Class,CU-10077,Henry Ortiz,Home Office,United States,Charlotte,North Carolina,48703,South,OFF-AR-1375,Office Supplies,Art,Sharpie Markers,265.9,5,0.0,33.22
US-2024-101176,2025-03-28,2025-03-30,Standard Class,CU-10023,Henry Silva,Home Office,United States,Jersey City,New Jersey,38159,East,OFF-AR-1376,Office Supplies,Art,Sharpie Markers,210.26,8,0.15,17.37
US-2024-101177,2023-07-29,2023-08-03,Second Class,CU-10073,Aaron Foster,Consumer,United States,Philadelphia,Pennsylvania,67176,East,OFF-BI-1377,Office Supplies,Binders,Avery Binder,150.28,10,0.15,45.48
US-2024-101178,2023-05-20,2023-05-22,Standard Class,CU-10092,Ivy Johnson,Consumer,United States,Phoenix,Arizona,50737,West,TEC-PH-1378,Technology,Phones,Cisco IP Phone,2016.28,10,0.15,245.85
US-2024-101179,2023-09-23,2023-09-26,Standard Class,CU-10016,Alice Moore,Home Office,United States,Columbus,Ohio,54369,Central,TEC-AC-1379,Technology,Accessories,Logitech Mouse,2264.15,4,0.1,390.43
US-2024-101180,2024-08-07,2024-08-10,Standard Class,CU-10055,Elena Quintana,Corporate,United States,Ann Arbor,Michigan,72550,Central,FUR-CH-1380,Furniture,Chairs,HON Executive Chair,1909.84,8,0.0,-161.43
US-2024-101181,2025-04-28,2025-05-05,Same Day,CU-10065,Karen Moore,Consumer,United States,Pittsburgh,Pennsylvania,54639,East,TEC-PH-1381,Technology,Phones,Samsung Galaxy,3157.31,4,0.1,125.63
US-2024-101182,2023-08-07,2023-08-10,Standard Class,CU-10014,Jack Johnson,Corporate,United States,Memphis,Tennessee,56890,South,TEC-PH-1382,Technology,Phones,Cisco IP Phone,5500.11,10,0.3,214.14
US-2024-101183,2025-04-11,2025-04-17,Same Day,CU-10017,Quinn Chavez,Consumer,United States,Springfield,Illinois,96589,Central,OFF-BI-1383,Office Supplies,Binders,Avery Binder,197.92,4,0.0,54.44
US-2024-101184,2024-01-24,2024-01-27,Same Day,CU-10037,Maria Kim,Home Office,United States,Boston,Massachusetts,32079,East,FUR-BO-1384,Furniture,Bookcases,O'Sullivan Bookcase,773.34,3,0.0,33.33
US-2024-101185,2023-08-29,2023-08-30,Same Day,CU-10088,Nathan Evans,Consumer,United States,Cleveland,Ohio,68699,Central,TEC-PH-1385,Technology,Phones,Cisco IP Phone,7991.68,13,0.1,1335.45
US-2024-101186,2025-10-06,2025-10-13,Standard Class,CU-10014,Jack Johnson,Corporate,United States,Memphis,Tennessee,74547,South,OFF-ST-1386,Office Supplies,Storage,Iris File Box,137.94,11,0.0,36.67
US-2024-101187,2024-05-28,2024-05-31,First Class,CU-10092,Ivy Johnson,Consumer,United States,Spokane,Washington,80990,West,OFF-BI-1387,Office Supplies,Binders,GBC Binding System,606.96,12,0.0,89.44
US-2024-101188,2024-11-02,2024-11-08,Standard Class,CU-10012,Olivia Nguyen,Consumer,United States,Eugene,Oregon,69369,West,FUR-CH-1388,Furniture,Chairs,Hbada Office Chair,4261.62,11,0.0,748.5
US-2024-101189,2023-10-19,2023-10-26,Second Class,CU-10116,Aaron Quintana,Consumer,United States,Savannah,Georgia,28926,South,TEC-MA-1389,Technology,Machines,Zebra Label Printer,8874.53,13,0.2,964.86
US-2024-101190,2023-02-11,2023-02-14,Standard Class,CU-10118,Maria Johnson,Consumer,United States,Ann Arbor,Michigan,54268,Central,TEC-MA-1390,Technology,Machines,Zebra Label Printer,6191.06,12,0.4,845.19
US-2024-101191,2024-02-03,2024-02-10,First Class,CU-10040,Rita Johnson,Consumer,United States,Tampa,Florida,94978,South,TEC-PH-1391,Technology,Phones,Apple iPhone,5082.21,9,0.0,630.05
US-2024-101192,2025-06-22,2025-06-27,First Class,CU-10048,Derek Ortiz,Corporate,United States,Atlanta,Georgia,50597,South,TEC-AC-1392,Technology,Accessories,SanDisk Flash Drive,5098.25,12,0.1,274.09
US-2024-101193,2025-10-29,2025-10-31,Same Day,CU-10053,Olivia Ortiz,Consumer,United States,Jersey City,New Jersey,29947,East,OFF-ST-1393,Office Supplies,Storage,Iris File Box,75.68,4,0.0,21.45
US-2024-101194,2023-12-31,2024-01-01,Second Class,CU-10052,Olivia Quintana,Home Office,United States,Phoenix,Arizona,86233,West,TEC-MA-1394,Technology,Machines,Cubify 3D Printer,4941.0,8,0.1,119.79
US-2024-101195,2023-02-13,2023-02-19,Standard Class,CU-10067,Olivia Hughes,Corporate,United States,Atlanta,Georgia,97170,South,OFF-AR-1395,Office Supplies,Art,Newell Highlighters,559.44,12,0.0,186.73
US-2024-101196,2025-05-25,2025-05-31,Same Day,CU-10040,Rita Johnson,Consumer,United States,Orlando,Florida,70309,South,OFF-LA-1396,Office Supplies,Labels,Hon Label Maker Tape,225.32,5,0.1,73.43
US-2024-101197,2025-05-07,2025-05-10,Second Class,CU-10085,Brian Chavez,Consumer,United States,Detroit,Michigan,94114,Central,OFF-ST-1397,Office Supplies,Storage,Iris File Box,98.77,6,0.1,19.68
US-2024-101198,2025-01-15,2025-01-22,Standard Class,CU-10096,Leo Irwin,Home Office,United States,Worcester,Massachusetts,43998,East,OFF-PA-1398,Office Supplies,Paper,HP Paper Ream,47.62,1,0.0,16.72
US-2024-101199,2024-04-14,2024-04-16,Second Class,CU-10076,Rita Garcia,Home Office,United States,Ann Arbor,Michigan,86295,Central,TEC-AC-1399,Technology,Accessories,Logitech Mouse,6630.72,12,0.0,900.89
US-2024-101200,2024-06-07,2024-06-14,Standard Class,CU-10035,Olivia Evans,Corporate,United States,Atlanta,Georgia,43277,South,OFF-AR-1000,Office Supplies,Art,Sharpie Markers,261.52,8,0.3,53.51
US-2024-101201,2025-02-11,2025-02-13,Standard Class,CU-10080,Sam Ortiz,Consumer,United States,Miami,Florida,33065,South,TEC-MA-1001,Technology,Machines,Cubify 3D Printer,2120.38,6,0.15,73.52
US-2024-101202,2024-12-20,2024-12-27,Second Class,CU-10057,Jack Moore,Corporate,United States,New York City,New York,90864,East,OFF-ST-1002,Office Supplies,Storage,Fellowes Storage Box,73.32,3,0.0,12.73
US-2024-101203,2025-09-05,2025-09-09,Second Class,CU-10034,Alice Kim,Corporate,United States,Springfield,Illinois,38370,Central,TEC-MA-1003,Technology,Machines,Cubify 3D Printer,1585.76,2,0.0,407.47
US-2024-101204,2025-08-03,2025-08-04,Standard Class,CU-10101,Ivy Ortiz,Consumer,United States,Newark,New Jersey,38019,East,TEC-PH-1004,Technology,Phones,Apple iPhone,6001.2,9,0.0,1095.75
US-2024-101205,2025-08-25,2025-09-01,Same Day,CU-10020,Carla Quintana,Home Office,United States,Jersey City,New Jersey,43717,East,TEC-AC-1005,Technology,Accessories,Kensington Keyboard,4606.96,8,0.0,799.0
US-2024-101206,2024-06-08,2024-06-09,Same Day,CU-10110,Brian Kim,Corporate,United States,Detroit,Michigan,70042,Central,OFF-BI-1006,Office Supplies,Binders,GBC Binding System,74.11,3,0.2,7.29
US-2024-101207,2025-09-07,2025-09-12,First Class,CU-10108,Alice Chavez,Consumer,United States,Boston,Massachusetts,56795,East,TEC-PH-1007,Technology,Phones,Apple iPhone,2948.88,6,0.0,252.64
US-2024-101208,2025-01-09,2025-01-10,First Class,CU-10090,Rita Evans,Corporate,United States,Atlanta,Georgia,91068,South,OFF-AR-1008,Office Supplies,Art,Bic Pens,83.79,3,0.0,22.68
US-2024-101209,2023-04-02,2023-04-06,Same Day,CU-10038,Frank Foster,Consumer,United States,Eugene,Oregon,81103,West,TEC-PH-1009,Technology,Phones,Samsung Galaxy,2204.6,5,0.0,-10.14
US-2024-101210,2025-10-27,2025-10-29,Second Class,CU-10034,Alice Kim,Corporate,United States,Springfield,Illinois,53112,Central,TEC-PH-1010,Technology,Phones,Samsung Galaxy,7324.5,11,0.2,1771.72
US-2024-101211,2023-03-09,2023-03-11,First Class,CU-10092,Ivy Johnson,Consumer,United States,Seattle,Washington,14346,West,OFF-PA-1011,Office Supplies,Paper,Xerox Paper Ream,16.69,1,0.1,1.79
US-2024-101212,2023-09-12,2023-09-13,Same Day,CU-10061,Maria Kim,Home Office,United States,Cleveland,Ohio,91526,Central,FUR-BO-1012,Furniture,Bookcases,Bush Cubix Bookcase,1332.42,3,0.0,-119.1
US-2024-101213,2023-08-21,2023-08-28,Same Day,CU-10063,Alice Quintana,Home Office,United States,Houston,Texas,62955,Central,FUR-CH-1013,Furniture,Chairs,Global Task Chair,1618.75,10,0.3,240.05
US-2024-101214,2025-06-28,2025-06-29,Same Day,CU-10004,Derek Chavez,Corporate,United States,Boston,Massachusetts,62241,East,TEC-AC-1014,Technology,Accessories,Kensington Keyboard,545.46,1,0.2,140.18
US-2024-101215,2024-01-04,2024-01-08,Standard Class,CU-10095,Maria Nguyen,Home Office,United States,Springfield,Illinois,87812,Central,TEC-AC-1015,Technology,Accessories,SanDisk Flash Drive,2836.4,8,0.0,441.72
US-2024-101216,2024-07-26,2024-07-27,Same Day,CU-10038,Frank Foster,Consumer,United States,Seattle,Washington,69470,West,OFF-LA-1016,Office Supplies,Labels,Hon Label Maker Tape,82.59,3,0.0,8.69
US-2024-101217,2023-12-06,2023-12-11,Standard Class,CU-10036,Ivy Diaz,Corporate,United States,Newark,New Jersey,20812,East,FUR-TA-1017,Furniture,Tables,Bretford Conference Table,586.11,3,0.0,70.71
US-2024-101218,2025-07-20,2025-07-25,Second Class,CU-10106,Olivia Johnson,Home Office,United States,New York City,New York,65456,East,FUR-BO-1018,Furniture,Bookcases,Sauder Bookcase,2236.25,7,0.2,-137.38
US-2024-101219,2025-06-18,2025-06-24,Same Day,CU-10087,Maria Kim,Consumer,United States,Atlanta,Georgia,79181,South,FUR-BO-1019,Furniture,Bookcases,O'Sullivan Bookcase,1004.14,2,0.0,57.24
US-2024-101220,2024-07-28,2024-07-31,Standard Class,CU-10044,Olivia Reed,Corporate,United States,Eugene,Oregon,70668,West,OFF-BI-1020,Office Supplies,Binders,Avery Binder,46.1,2,0.0,13.15
US-2024-101221,2024-05-10,2024-05-16,Standard Class,CU-10029,Nathan Ortiz,Corporate,United States,New York City,New York,78141,East,FUR-FU-1021,Furniture,Furnishings,Advantus Task Lamp,4352.14,11,0.1,137.78
US-2024-101222,2025-03-11,2025-03-17,Same Day,CU-10077,Henry Ortiz,Home Office,United States,Miami,Florida,31316,South,FUR-FU-1022,Furniture,Furnishings,Tenex Chairmat,2235.3,7,0.2,87.03
US-2024-101223,2025-07-25,2025-07-29,Same Day,CU-10062,Quinn Moore,Consumer,United States,Savannah,Georgia,14545,South,OFF-ST-1023,Office Supplies,Storage,Fellowes Storage Box,249.7,11,0.0,53.0
US-2024-101224,2025-04-28,2025-04-30,First Class,CU-10104,Elena Quintana,Home Office,United States,Philadelphia,Pennsylvania,15578,East,OFF-ST-1024,Office Supplies,Storage,Iris File Box,398.64,8,0.0,62.21
US-2024-101225,2024-01-29,2024-01-30,Standard Class,CU-10102,Ivy Garcia,Corporate,United States,Cleveland,Ohio,28339,Central,FUR-TA-1025,Furniture,Tables,Chromcraft Round Table,781.83,3,0.0,146.61
US-2024-101226,2024-01-16,2024-01-17,Second Class,CU-10107,Nathan Garcia,Home Office,United States,Springfield,Illinois,55152,Central,FUR-BO-1026,Furniture,Bookcases,Sauder Bookcase,1531.32,6,0.0,124.48
US-2024-101227,2025-01-13,2025-01-14,Second Class,CU-10083,Frank Evans,Home Office,United States,Tucson,Arizona,42515,West,TEC-MA-1027,Technology,Machines,Lexmark Printer,6437.47,13,0.0,1419.18
US-2024-101228,2025-07-22,2025-07-24,Standard Class,CU-10079,Jack Quintana,Home Office,United States,Eugene,Oregon,55015,West,TEC-MA-1028,Technology,Machines,Lexmark Printer,6764.04,10,0.15,1100.19
US-2024-101229,2024-05-02,2024-05-09,Standard Class,CU-10066,Alice Moore,Consumer,United States,Memphis,Tennessee,30469,South,TEC-CO-1029,Technology,Copiers,Canon Copier,2410.43,8,0.2,-64.49
US-2024-101230,2025-12-01,2025-12-04,Standard Class,CU-10005,Jack Ward,Consumer,United States,Cleveland,Ohio,72320,Central,FUR-TA-1030,Furniture,Tables,Bush Somerset Table,438.98,2,0.0,-42.05
US-2024-101231,2025-06-11,2025-06-13,Second Class,CU-10077,Henry Ortiz,Home Office,United States,Atlanta,Georgia,13980,South,OFF-PA-1031,Office Supplies,Paper,HP Paper Ream,226.2,12,0.0,62.8
US-2024-101232,2024-03-14,2024-03-20,Standard Class,CU-10108,Alice Chavez,Consumer,United States,Worcester,Massachusetts,32005,East,TEC-AC-1032,Technology,Accessories,Kensington Keyboard,2893.32,6,0.0,-56.03
US-2024-101233,2024-08-03,2024-08-07,Same Day,CU-10061,Maria Kim,Home Office,United States,Cleveland,Ohio,56491,Central,OFF-PA-1033,Office Supplies,Paper,Xerox Paper Ream,79.08,3,0.0,22.06
US-2024-101234,2023-03-14,2023-03-20,Standard Class,CU-10018,Quinn Reed,Consumer,United States,San Francisco,California,51626,West,TEC-MA-1034,Technology,Machines,Zebra Label Printer,484.5,1,0.0,6.78
US-2024-101235,2025-03-16,2025-03-18,Standard Class,CU-10101,Ivy Ortiz,Consumer,United States,Newark,New Jersey,37550,East,FUR-FU-1035,Furniture,Furnishings,Advantus Task Lamp,951.48,2,0.0,156.79
US-2024-101236,2024-06-01,2024-06-06,Same Day,CU-10081,Henry Johnson,Consumer,United States,Phoenix,Arizona,21595,West,TEC-PH-1036,Technology,Phones,Samsung Galaxy,6775.2,9,0.0,679.05
US-2024-101237,2023-10-25,2023-11-01,Second Class,CU-10101,Ivy Ortiz,Consumer,United States,Buffalo,New York,27322,East,TEC-PH-1037,Technology,Phones,Apple iPhone,2423.88,4,0.0,399.04
US-2024-101238,2024-05-23,2024-05-27,Same Day,CU-10042,Leo Parker,Home Office,United States,Portland,Oregon,40321,West,OFF-PA-1038,Office Supplies,Paper,Xerox Paper Ream,85.02,2,0.0,13.4
US-2024-101239,2024-03-31,2024-04-04,Second Class,CU-10091,Ivy Ortiz,Corporate,United States,Raleigh,North Carolina,98012,South,TEC-MA-1039,Technology,Machines,Cubify 3D Printer,5891.8,9,0.15,85.96
US-2024-101240,2025-11-15,2025-11-21,Second Class,CU-10118,Maria Johnson,Consumer,United States,Cleveland,Ohio,56155,Central,FUR-BO-1040,Furniture,Bookcases,O'Sullivan Bookcase,2173.54,8,0.1,25.49
US-2024-101241,2023-03-24,2023-03-26,First Class,CU-10005,Jack Ward,Consumer,United States,Houston,Texas,55814,Central,TEC-PH-1041,Technology,Phones,Apple iPhone,5739.61,8,0.15,1151.53
US-2024-101242,2025-04-26,2025-05-02,Second Class,CU-10045,Henry Reed,Home Office,United States,Ann Arbor,Michigan,85129,Central,FUR-TA-1042,Furniture,Tables,Chromcraft Round Table,1585.62,9,0.0,171.04
US-2024-101243,2025-10-16,2025-10-18,First Class,CU-10030,Rita Parker,Consumer,United States,Austin,Texas,58592,Central,FUR-FU-1043,Furniture,Furnishings,Eldon Desk Lamp,345.16,1,0.2,18.76
US-2024-101244,2024-06-07,2024-06-10,Second Class,CU-10051,Paul Bennett,Consumer,United States,New York City,New York,35296,East,TEC-CO-1044,Technology,Copiers,Canon Copier,1931.0,5,0.0,-28.62
US-2024-101245,2024-06-25,2024-06-26,Second Class,CU-10050,Paul Evans,Home Office,United States,Worcester,Massachusetts,17950,East,OFF-PA-1045,Office Supplies,Paper,HP Paper Ream,230.83,8,0.4,41.59
US-2024-101246,2024-11-13,2024-11-19,Same Day,CU-10042,Leo Parker,Home Office,United States,San Diego,California,68746,West,FUR-BO-1046,Furniture,Bookcases,Sauder Bookcase,1527.0,12,0.0,41.53
US-2024-101247,2024-11-04,2024-11-07,First Class,CU-10081,Henry Johnson,Consumer,United States,Phoenix,Arizona,40723,West,OFF-AR-1047,Office Supplies,Art,Sharpie Markers,200.52,5,0.15,38.04
US-2024-101248,2025-06-04,2025-06-05,First Class,CU-10001,Maria Johnson,Corporate,United States,Miami,Florida,66141,South,FUR-BO-1048,Furniture,Bookcases,O'Sullivan Bookcase,831.79,2,0.15,127.82
US-2024-101249,2024-05-29,2024-06-03,Standard Class,CU-10045,Henry Reed,Home Office,United States,Austin,Texas,76297,Central,OFF-AR-1049,Office Supplies,Art,Sharpie Markers,297.25,7,0.2,41.6
US-2024-101250,2025-09-03,2025-09-04,Second Class,CU-10082,Henry Reed,Corporate,United States,Buffalo,New York,58003,East,FUR-BO-1050,Furniture,Bookcases,Bush Cubix Bookcase,2794.1,10,0.0,548.78
US-2024-101251,2024-05-02,2024-05-05,Second Class,CU-10092,Ivy Johnson,Consumer,United States,Eugene,Oregon,10327,West,OFF-ST-1051,Office Supplies,Storage,Iris File Box,401.12,8,0.0,86.68
US-2024-101252,2025-09-08,2025-09-15,Second Class,CU-10072,Sam Silva,Consumer,United States,Savannah,Georgia,98744,South,TEC-MA-1052,Technology,Machines,Lexmark Printer,2269.36,8,0.0,172.4
US-2024-101253,2024-10-11,2024-10-15,Standard Class,CU-10049,Leo Diaz,Corporate,United States,Buffalo,New York,81266,East,OFF-ST-1053,Office Supplies,Storage,SimpleHouseware Bin,49.09,1,0.0,16.67
US-2024-101254,2025-07-08,2025-07-09,Standard Class,CU-10027,Ivy Bennett,Corporate,United States,Raleigh,North Carolina,19500,South,OFF-AR-1054,Office Supplies,Art,Bic Pens,116.88,8,0.0,33.68
US-2024-101255,2023-10-18,2023-10-20,First Class,CU-10062,Quinn Moore,Consumer,United States,Atlanta,Georgia,86221,South,TEC-PH-1055,Technology,Phones,Samsung Galaxy,8499.26,11,0.0,836.0
US-2024-101256,2024-12-02,2024-12-05,Second Class,CU-10094,Derek Hughes,Corporate,United States,Cleveland,Ohio,61879,Central,OFF-ST-1056,Office Supplies,Storage,SimpleHouseware Bin,160.96,4,0.0,52.8
US-2024-101257,2025-09-18,2025-09-19,Same Day,CU-10112,Nathan Hughes,Consumer,United States,Eugene,Oregon,58947,West,FUR-CH-1057,Furniture,Chairs,Global Task Chair,5040.95,13,0.1,779.63
US-2024-101258,2023-05-06,2023-05-10,Standard Class,CU-10051,Paul Bennett,Consumer,United States,New York City,New York,84925,East,OFF-BI-1058,Office Supplies,Binders,Wilson Jones Binder,262.02,6,0.0,64.97
US-2024-101259,2023-08-08,2023-08-15,First Class,CU-10084,Frank Bennett,Home Office,United States,Chicago,Illinois,59976,Central,TEC-CO-1059,Technology,Copiers,Hewlett Packard Copier,427.23,1,0.0,72.34
US-2024-101260,2023-10-16,2023-10-20,Same Day,CU-10115,Ivy Silva,Home Office,United States,Memphis,Tennessee,20138,South,OFF-PA-1060,Office Supplies,Paper,Boise Paper,548.96,12,0.15,74.18
US-2024-101261,2025-06-05,2025-06-07,Second Class,CU-10094,Derek Hughes,Corporate,United States,Chicago,Illinois,52844,Central,TEC-PH-1061,Technology,Phones,Cisco IP Phone,4350.42,9,0.0,366.3
US-2024-101262,2025-03-31,2025-04-05,Second Class,CU-10092,Ivy Johnson,Consumer,United States,Los Angeles,California,67455,West,FUR-FU-1062,Furniture,Furnishings,Advantus Task Lamp,2189.12,4,0.0,-152.49
US-2024-101263,2023-03-16,2023-03-19,Second Class,CU-10095,Maria Nguyen,Home Office,United States,Dallas,Texas,23034,Central,FUR-BO-1063,Furniture,Bookcases,Sauder Bookcase,1327.62,7,0.15,208.77
US-2024-101264,2025-09-20,2025-09-23,Standard Class,CU-10039,Karen Ortiz,Consumer,United States,San Diego,California,84002,West,OFF-PA-1064,Office Supplies,Paper,Boise Paper,298.98,11,0.0,81.37
US-2024-101265,2023-07-31,2023-08-03,Same Day,CU-10052,Olivia Quintana,Home Office,United States,San Diego,California,22731,West,OFF-LA-1065,Office Supplies,Labels,Avery Labels,371.79,9,0.0,51.51
US-2024-101266,2023-02-04,2023-02-08,Standard Class,CU-10088,Nathan Evans,Consumer,United States,Columbus,Ohio,46460,Central,OFF-AR-1066,Office Supplies,Art,Newell Highlighters,548.35,12,0.15,50.97
US-2024-101267,2023-07-31,2023-08-05,First Class,CU-10016,Alice Moore,Home Office,United States,Columbus,Ohio,57465,Central,OFF-BI-1067,Office Supplies,Binders,GBC Binding System,107.6,5,0.2,21.15
US-2024-101268,2025-11-06,2025-11-10,Same Day,CU-10025,Olivia Evans,Corporate,United States,Jersey City,New Jersey,79483,East,OFF-PA-1068,Office Supplies,Paper,Boise Paper,201.7,5,0.0,74.27
US-2024-101269,2023-01-27,2023-01-30,First Class,CU-10006,Nathan Quintana,Home Office,United States,Spokane,Washington,70256,West,TEC-MA-1069,Technology,Machines,Lexmark Printer,4267.75,9,0.3,456.17
US-2024-101270,2024-06-06,2024-06-10,Second Class,CU-10019,Elena Nguyen,Corporate,United States,Portland,Oregon,55633,West,TEC-MA-1070,Technology,Machines,Cubify 3D Printer,346.68,1,0.0,87.92
US-2024-101271,2025-06-26,2025-06-29,Second Class,CU-10112,Nathan Hughes,Consumer,United States,Spokane,Washington,34180,West,TEC-MA-1071,Technology,Machines,Lexmark Printer,8049.91,13,0.2,239.12
US-2024-101272,2023-11-30,2023-12-05,Same Day,CU-10049,Leo Diaz,Corporate,United States,Jersey City,New Jersey,75886,East,TEC-PH-1072,Technology,Phones,Apple iPhone,1136.55,3,0.0,254.36
US-2024-101273,2025-09-12,2025-09-16,First Class,CU-10048,Derek Ortiz,Corporate,United States,Nashville,Tennessee,48411,South,OFF-LA-1073,Office Supplies,Labels,Hon Label Maker Tape,233.97,11,0.0,24.68
US-2024-101274,2023-04-29,2023-05-03,First Class,CU-10071,Elena Johnson,Home Office,United States,Dallas,Texas,85840,Central,OFF-ST-1074,Office Supplies,Storage,Fellowes Storage Box,118.48,8,0.0,20.78
US-2024-101275,2025-07-22,2025-07-29,Standard Class,CU-10097,Sam Chavez,Consumer,United States,Chicago,Illinois,37689,Central,OFF-AR-1075,Office Supplies,Art,Bic Pens,214.76,13,0.0,53.21
US-2024-101276,2024-04-01,2024-04-02,Second Class,CU-10090,Rita Evans,Corporate,United States,Tampa,Florida,96792,South,OFF-ST-1076,Office Supplies,Storage,SimpleHouseware Bin,161.52,10,0.2,29.58
US-2024-101277,2024-09-11,2024-09-12,Second Class,CU-10026,Grace Kim,Corporate,United States,Worcester,Massachusetts,48202,East,TEC-CO-1077,Technology,Copiers,Canon Copier,4167.2,11,0.15,599.26
US-2024-101278,2025-06-23,2025-06-30,Standard Class,CU-10048,Derek Ortiz,Corporate,United States,Savannah,Georgia,87386,South,TEC-MA-1078,Technology,Machines,Lexmark Printer,1215.28,4,0.0,240.37
US-2024-101279,2023-02-01,2023-02-02,Standard Class,CU-10086,Olivia Parker,Consumer,United States,Eugene,Oregon,62309,West,OFF-ST-1079,Office Supplies,Storage,Iris File Box,479.52,9,0.0,76.69
US-2024-101280,2025-03-09,2025-03-13,First Class,CU-10110,Brian Kim,Corporate,United States,Chicago,Illinois,11067,Central,FUR-BO-1080,Furniture,Bookcases,Sauder Bookcase,1802.03,13,0.1,227.73
US-2024-101281,2024-11-08,2024-11-10,First Class,CU-10088,Nathan Evans,Consumer,United States,Chicago,Illinois,41095,Central,OFF-ST-1081,Office Supplies,Storage,Iris File Box,199.08,9,0.0,14.03
US-2024-101282,2025-02-27,2025-03-02,Standard Class,CU-10003,Alice Ortiz,Corporate,United States,Memphis,Tennessee,66866,South,OFF-BI-1082,Office Supplies,Binders,Wilson Jones Binder,303.98,8,0.1,22.02
US-2024-101283,2024-11-27,2024-11-30,Same Day,CU-10009,Paul Kim,Consumer,United States,Nashville,Tennessee,76327,South,OFF-BI-1083,Office Supplies,Binders,Wilson Jones Binder,361.98,9,0.0,98.01
US-2024-101284,2024-01-12,2024-01-16,First Class,CU-10013,Henry Reed,Consumer,United States,Spokane,Washington,70674,West,OFF-BI-1084,Office Supplies,Binders,GBC Binding System,254.15,10,0.15,74.22
US-2024-101285,2023-12-15,2023-12-20,Standard Class,CU-10085,Brian Chavez,Consumer,United States,Columbus,Ohio,99818,Central,FUR-TA-1085,Furniture,Tables,Bush Somerset Table,5882.91,11,0.0,1058.76
US-2024-101286,2023-01-06,2023-01-10,Standard Class,CU-10112,Nathan Hughes,Consumer,United States,Portland,Oregon,80598,West,OFF-AR-1086,Office Supplies,Art,Sharpie Markers,27.0,1,0.15,4.52
US-2024-101287,2024-03-10,2024-03-15,Same Day,CU-10008,Jack Diaz,Home Office,United States,Jersey City,New Jersey,28946,East,OFF-PA-1087,Office Supplies,Paper,Boise Paper,68.94,3,0.0,7.45
US-2024-101288,2025-08-22,2025-08-27,First Class,CU-10010,Jack Irwin,Consumer,United States,Seattle,Washington,92211,West,TEC-MA-1088,Technology,Machines,Lexmark Printer,5214.57,7,0.1,-131.74
US-2024-101289,2023-10-21,2023-10-28,Second Class,CU-10112,Nathan Hughes,Consumer,United States,Eugene,Oregon,15235,West,OFF-ST-1089,Office Supplies,Storage,SimpleHouseware Bin,316.33,7,0.0,38.85
US-2024-101290,2025-07-25,2025-07-26,Second Class,CU-10039,Karen Ortiz,Consumer,United States,Seattle,Washington,65537,West,TEC-MA-1090,Technology,Machines,Zebra Label Printer,1669.32,4,0.0,223.23
US-2024-101291,2025-05-26,2025-05-30,First Class,CU-10054,Ivy Parker,Corporate,United States,Worcester,Massachusetts,80591,East,TEC-CO-1091,Technology,Copiers,Hewlett Packard Copier,4444.31,11,0.1,335.29
US-2024-101292,2025-07-02,2025-07-04,Same Day,CU-10103,Olivia Ward,Corporate,United States,San Diego,California,81313,West,OFF-BI-1092,Office Supplies,Binders,GBC Binding System,113.76,9,0.0,20.83
US-2024-101293,2023-07-18,2023-07-19,Same Day,CU-10021,Nathan Irwin,Consumer,United States,Tampa,Florida,45812,South,OFF-AR-1093,Office Supplies,Art,Sharpie Markers,248.62,11,0.4,40.85
US-2024-101294,2025-04-10,2025-04-17,Same Day,CU-10097,Sam Chavez,Consumer,United States,Houston,Texas,12973,Central,FUR-FU-1094,Furniture,Furnishings,Eldon Desk Lamp,1198.26,7,0.1,167.1
US-2024-101295,2025-01-24,2025-01-26,Second Class,CU-10043,Alice Hughes,Corporate,United States,Savannah,Georgia,35230,South,OFF-PA-1095,Office Supplies,Paper,Boise Paper,218.4,13,0.0,45.24
US-2024-101296,2025-12-20,2025-12-22,Second Class,CU-10055,Elena Quintana,Corporate,United States,Columbus,Ohio,92801,Central,TEC-AC-1096,Technology,Accessories,Logitech Mouse,2572.75,6,0.3,579.89
US-2024-101297,2023-08-07,2023-08-09,Same Day,CU-10042,Leo Parker,Home Office,United States,Tucson,Arizona,72892,West,TEC-CO-1097,Technology,Copiers,Hewlett Packard Copier,7817.58,9,0.0,1504.59
US-2024-101298,2025-11-12,2025-11-18,Second Class,CU-10114,Jack Evans,Home Office,United States,Ann Arbor,Michigan,80965,Central,OFF-BI-1098,Office Supplies,Binders,Wilson Jones Binder,225.88,6,0.15,72.28
US-2024-101299,2023-11-09,2023-11-14,Same Day,CU-10070,Sam Foster,Corporate,United States,New York City,New York,75095,East,TEC-AC-1099,Technology,Accessories,Kensington Keyboard,3640.64,9,0.5,283.1
US-2024-101300,2023-08-21,2023-08-25,First Class,CU-10077,Henry Ortiz,Home Office,United States,Atlanta,Georgia,57099,South,OFF-PA-1100,Office Supplies,Paper,Xerox Paper Ream,118.02,3,0.0,23.54
US-2024-101301,2024-07-08,2024-07-12,Standard Class,CU-10090,Rita Evans,Corporate,United States,Memphis,Tennessee,21537,South,FUR-CH-1101,Furniture,Chairs,HON Executive Chair,5664.2,13,0.1,718.77
US-2024-101302,2023-08-03,2023-08-09,Same Day,CU-10051,Paul Bennett,Consumer,United States,New York City,New York,74853,East,FUR-CH-1102,Furniture,Chairs,Global Task Chair,2295.2,10,0.0,-154.31
US-2024-101303,2025-09-14,2025-09-17,Same Day,CU-10104,Elena Quintana,Home Office,United States,Newark,New Jersey,31627,East,TEC-MA-1103,Technology,Machines,Lexmark Printer,2519.31,3,0.0,2.91
US-2024-101304,2023-07-16,2023-07-17,Second Class,CU-10117,Ivy Parker,Home Office,United States,Pittsburgh,Pennsylvania,26085,East,TEC-MA-1104,Technology,Machines,Lexmark Printer,2510.83,7,0.0,72.31
US-2024-101305,2024-08-30,2024-09-02,First Class,CU-10034,Alice Kim,Corporate,United States,Dallas,Texas,42604,Central,TEC-PH-1105,Technology,Phones,Cisco IP Phone,7437.15,9,0.0,1689.01
US-2024-101306,2023-07-04,2023-07-06,Same Day,CU-10045,Henry Reed,Home Office,United States,Ann Arbor,Michigan,16754,Central,OFF-BI-1106,Office Supplies,Binders,GBC Binding System,426.03,11,0.0,75.02
US-2024-101307,2023-10-30,2023-11-06,Second Class,CU-10058,Aaron Diaz,Consumer,United States,San Francisco,California,14750,West,OFF-PA-1107,Office Supplies,Paper,HP Paper Ream,539.52,12,0.0,192.41
US-2024-101308,2025-04-02,2025-04-09,Same Day,CU-10067,Olivia Hughes,Corporate,United States,Orlando,Florida,34909,South,FUR-CH-1108,Furniture,Chairs,Global Task Chair,6009.35,13,0.1,-208.2
US-2024-101309,2024-01-18,2024-01-22,Same Day,CU-10072,Sam Silva,Consumer,United States,Savannah,Georgia,56036,South,OFF-BI-1109,Office Supplies,Binders,GBC Binding System,407.44,8,0.0,70.66
US-2024-101310,2024-10-11,2024-10-13,First Class,CU-10049,Leo Diaz,Corporate,United States,Newark,New Jersey,75016,East,FUR-FU-1110,Furniture,Furnishings,Tenex Chairmat,2469.1,5,0.0,147.04
US-2024-101311,2025-11-27,2025-12-02,First Class,CU-10040,Rita Johnson,Consumer,United States,Tampa,Florida,44426,South,TEC-CO-1111,Technology,Copiers,Canon Copier,240.08,1,0.15,36.33
US-2024-101312,2024-10-31,2024-11-04,Standard Class,CU-10069,Frank Johnson,Consumer,United States,Columbus,Ohio,42239,Central,FUR-TA-1112,Furniture,Tables,Bretford Conference Table,436.11,2,0.3,29.36
US-2024-101313,2025-04-19,2025-04-26,Standard Class,CU-10115,Ivy Silva,Home Office,United States,Atlanta,Georgia,49244,South,FUR-TA-1113,Furniture,Tables,Bretford Conference Table,3592.36,10,0.15,-8.77
US-2024-101314,2024-09-07,2024-09-09,Standard Class,CU-10080,Sam Ortiz,Consumer,United States,Nashville,Tennessee,60094,South,OFF-BI-1114,Office Supplies,Binders,Wilson Jones Binder,192.0,10,0.0,15.92
US-2024-101315,2025-11-29,2025-12-06,Standard Class,CU-10071,Elena Johnson,Home Office,United States,Chicago,Illinois,71074,Central,FUR-FU-1115,Furniture,Furnishings,Tenex Chairmat,2440.03,6,0.2,-7.13
US-2024-101316,2025-07-29,2025-08-05,First Class,CU-10020,Carla Quintana,Home Office,United States,Boston,Massachusetts,36348,East,FUR-TA-1116,Furniture,Tables,Bretford Conference Table,386.21,1,0.0,-11.04
US-2024-101317,2023-10-14,2023-10-17,Same Day,CU-10042,Leo Parker,Home Office,United States,Seattle,Washington,48148,West,OFF-PA-1117,Office Supplies,Paper,HP Paper Ream,88.72,2,0.1,10.1
US-2024-101318,2025-09-02,2025-09-05,Same Day,CU-10048,Derek Ortiz,Corporate,United States,Charlotte,North Carolina,50917,South,OFF-AR-1118,Office Supplies,Art,Newell Highlighters,168.9,10,0.0,12.7
US-2024-101319,2023-08-08,2023-08-12,First Class,CU-10083,Frank Evans,Home Office,United States,Portland,Oregon,40850,West,OFF-BI-1119,Office Supplies,Binders,Wilson Jones Binder,97.68,4,0.15,8.93
US-2024-101320,2024-11-04,2024-11-07,Same Day,CU-10064,Karen Nguyen,Corporate,United States,Portland,Oregon,17483,West,TEC-PH-1120,Technology,Phones,Samsung Galaxy,9839.18,13,0.0,1664.4
US-2024-101321,2024-12-03,2024-12-10,Second Class,CU-10003,Alice Ortiz,Corporate,United States,Charlotte,North Carolina,77565,South,OFF-BI-1121,Office Supplies,Binders,Avery Binder,544.28,11,0.0,116.53
US-2024-101322,2023-01-13,2023-01-19,Standard Class,CU-10082,Henry Reed,Corporate,United States,Boston,Massachusetts,46798,East,OFF-PA-1122,Office Supplies,Paper,Boise Paper,227.4,12,0.0,19.78
US-2024-101323,2025-02-25,2025-03-03,First Class,CU-10107,Nathan Garcia,Home Office,United States,Houston,Texas,19352,Central,FUR-TA-1123,Furniture,Tables,Chromcraft Round Table,5682.0,12,0.0,634.88
US-2024-101324,2023-11-20,2023-11-26,Standard Class,CU-10004,Derek Chavez,Corporate,United States,Jersey City,New Jersey,16336,East,TEC-PH-1124,Technology,Phones,Apple iPhone,627.39,1,0.0,116.55
US-2024-101325,2024-06-18,2024-06-19,Second Class,CU-10013,Henry Reed,Consumer,United States,Spokane,Washington,59944,West,OFF-LA-1125,Office Supplies,Labels,Avery Labels,221.06,8,0.2,34.61
US-2024-101326,2023-07-23,2023-07-30,First Class,CU-10110,Brian Kim,Corporate,United States,Chicago,Illinois,93733,Central,TEC-MA-1126,Technology,Machines,Lexmark Printer,2294.3,5,0.0,488.36
US-2024-101327,2023-01-08,2023-01-13,Second Class,CU-10067,Olivia Hughes,Corporate,United States,Raleigh,North Carolina,22271,South,FUR-CH-1127,Furniture,Chairs,HON Executive Chair,562.98,3,0.0,54.17
US-2024-101328,2024-09-19,2024-09-20,First Class,CU-10088,Nathan Evans,Consumer,United States,Chicago,Illinois,86749,Central,FUR-BO-1128,Furniture,Bookcases,Bush Cubix Bookcase,467.78,2,0.0,59.61
US-2024-101329,2023-10-11,2023-10-17,Second Class,CU-10041,Carla Reed,Corporate,United States,Charlotte,North Carolina,23348,South,OFF-LA-1129,Office Supplies,Labels,Avery Labels,269.91,9,0.0,45.75
US-2024-101330,2025-02-22,2025-02-28,Second Class,CU-10054,Ivy Parker,Corporate,United States,New York City,New York,98697,East,TEC-AC-1130,Technology,Accessories,Kensington Keyboard,1734.18,7,0.0,126.54
US-2024-101331,2025-06-13,2025-06-18,First Class,CU-10046,Paul Irwin,Consumer,United States,Portland,Oregon,55882,West,OFF-ST-1131,Office Supplies,Storage,Fellowes Storage Box,153.2,10,0.0,11.32
US-2024-101332,2024-02-02,2024-02-09,Second Class,CU-10077,Henry Ortiz,Home Office,United States,Charlotte,North Carolina,71466,South,TEC-AC-1132,Technology,Accessories,Kensington Keyboard,526.53,3,0.3,126.81
US-2024-101333,2025-02-06,2025-02-08,Second Class,CU-10113,Paul Moore,Corporate,United States,Phoenix,Arizona,60528,West,OFF-AR-1133,Office Supplies,Art,Bic Pens,82.34,3,0.2,27.01
US-2024-101334,2023-12-22,2023-12-26,Standard Class,CU-10063,Alice Quintana,Home Office,United States,Columbus,Ohio,14707,Central,OFF-ST-1134,Office Supplies,Storage,SimpleHouseware Bin,30.36,2,0.15,2.35
US-2024-101335,2024-04-02,2024-04-09,Second Class,CU-10091,Ivy Ortiz,Corporate,United States,Raleigh,North Carolina,28191,South,OFF-BI-1135,Office Supplies,Binders,Wilson Jones Binder,302.5,10,0.0,62.81
US-2024-101336,2024-02-29,2024-03-06,Same Day,CU-10104,Elena Quintana,Home Office,United States,New York City,New York,35052,East,FUR-TA-1136,Furniture,Tables,Bretford Conference Table,148.7,1,0.2,-7.01
US-2024-101337,2023-06-19,2023-06-20,Same Day,CU-10042,Leo Parker,Home Office,United States,Portland,Oregon,95558,West,TEC-MA-1137,Technology,Machines,Lexmark Printer,4546.85,9,0.1,-81.26
US-2024-101338,2025-01-02,2025-01-09,Second Class,CU-10068,Leo Bennett,Consumer,United States,Pittsburgh,Pennsylvania,72414,East,FUR-TA-1138,Furniture,Tables,Bretford Conference Table,2534.5,8,0.3,4.47
US-2024-101339,2023-04-08,2023-04-14,Second Class,CU-10066,Alice Moore,Consumer,United States,Tampa,Florida,23056,South,OFF-AR-1139,Office Supplies,Art,Bic Pens,550.0,10,0.0,71.88
US-2024-101340,2024-08-10,2024-08-12,Same Day,CU-10074,Paul Chavez,Consumer,United States,Spokane,Washington,68998,West,OFF-LA-1140,Office Supplies,Labels,Hon Label Maker Tape,256.5,9,0.0,82.15
US-2024-101341,2024-11-26,2024-11-29,Same Day,CU-10043,Alice Hughes,Corporate,United States,Memphis,Tennessee,57982,South,FUR-CH-1141,Furniture,Chairs,Global Task Chair,2882.25,7,0.0,441.37
US-2024-101342,2023-02-12,2023-02-16,Standard Class,CU-10074,Paul Chavez,Consumer,United States,Tucson,Arizona,62903,West,OFF-ST-1142,Office Supplies,Storage,Fellowes Storage Box,55.82,2,0.0,6.93
US-2024-101343,2025-05-29,2025-05-31,Second Class,CU-10060,Henry Ortiz,Corporate,United States,Tampa,Florida,54050,South,OFF-ST-1143,Office Supplies,Storage,Fellowes Storage Box,376.65,9,0.0,36.24
US-2024-101344,2023-06-08,2023-06-09,First Class,CU-10105,Elena Parker,Consumer,United States,Raleigh,North Carolina,82010,South,OFF-AR-1144,Office Supplies,Art,Sharpie Markers,316.2,6,0.0,105.61
US-2024-101345,2024-08-09,2024-08-12,Same Day,CU-10113,Paul Moore,Corporate,United States,San Francisco,California,65755,West,TEC-PH-1145,Technology,Phones,Cisco IP Phone,3177.6,4,0.0,344.83
US-2024-101346,2024-03-01,2024-03-03,Standard Class,CU-10078,Brian Moore,Home Office,United States,Philadelphia,Pennsylvania,25463,East,OFF-LA-1146,Office Supplies,Labels,Hon Label Maker Tape,657.0,12,0.0,150.72
US-2024-101347,2025-05-16,2025-05-21,Same Day,CU-10072,Sam Silva,Consumer,United States,Nashville,Tennessee,27203,South,TEC-CO-1147,Technology,Copiers,Hewlett Packard Copier,1706.34,3,0.0,409.23
US-2024-101348,2025-03-05,2025-03-07,Standard Class,CU-10053,Olivia Ortiz,Consumer,United States,Buffalo,New York,80492,East,FUR-BO-1148,Furniture,Bookcases,Sauder Bookcase,839.44,2,0.15,-19.86
US-2024-101349,2023-01-26,2023-01-29,First Class,CU-10004,Derek Chavez,Corporate,United States,Worcester,Massachusetts,77778,East,OFF-PA-1149,Office Supplies,Paper,HP Paper Ream,92.16,5,0.1,27.21
US-2024-101350,2024-10-10,2024-10-13,Same Day,CU-10042,Leo Parker,Home Office,United States,Portland,Oregon,18437,West,FUR-FU-1150,Furniture,Furnishings,Tenex Chairmat,284.89,1,0.0,3.53
US-2024-101351,2025-02-27,2025-03-04,Same Day,CU-10077,Henry Ortiz,Home Office,United States,Charlotte,North Carolina,28616,South,OFF-AR-1151,Office Supplies,Art,Newell Highlighters,266.37,6,0.15,60.81
US-2024-101352,2025-11-11,2025-11-16,First Class,CU-10073,Aaron Foster,Consumer,United States,Jersey City,New Jersey,92027,East,TEC-AC-1152,Technology,Accessories,SanDisk Flash Drive,9129.89,12,0.1,2371.83
US-2024-101353,2025-08-22,2025-08-23,Same Day,CU-10106,Olivia Johnson,Home Office,United States,Jersey City,New Jersey,12620,East,OFF-BI-1153,Office Supplies,Binders,GBC Binding System,132.12,4,0.0,18.59
US-2024-101354,2025-09-09,2025-09-14,Same Day,CU-10026,Grace Kim,Corporate,United States,Boston,Massachusetts,74334,East,OFF-LA-1154,Office Supplies,Labels,Avery Labels,195.04,4,0.0,70.66
US-2024-101355,2023-03-22,2023-03-26,Same Day,CU-10113,Paul Moore,Corporate,United States,San Diego,California,30340,West,OFF-BI-1155,Office Supplies,Binders,Wilson Jones Binder,260.87,6,0.1,52.06
US-2024-101356,2023-05-12,2023-05-16,First Class,CU-10098,Frank Diaz,Consumer,United States,Orlando,Florida,72189,South,OFF-AR-1156,Office Supplies,Art,Bic Pens,347.6,11,0.0,111.55
US-2024-101357,2024-04-03,2024-04-08,Same Day,CU-10085,Brian Chavez,Consumer,United States,Cleveland,Ohio,41733,Central,OFF-LA-1157,Office Supplies,Labels,Hon Label Maker Tape,278.04,6,0.0,86.87
US-2024-101358,2025-08-03,2025-08-04,Standard Class,CU-10104,Elena Quintana,Home Office,United States,Buffalo,New York,75974,East,TEC-CO-1158,Technology,Copiers,Canon Copier,1116.52,4,0.0,37.85
US-2024-101359,2024-08-12,2024-08-14,Second Class,CU-10084,Frank Bennett,Home Office,United States,Austin,Texas,52545,Central,OFF-BI-1159,Office Supplies,Binders,GBC Binding System,326.19,9,0.1,117.37
US-2024-101360,2024-06-06,2024-06-13,Same Day,CU-10115,Ivy Silva,Home Office,United States,Raleigh,North Carolina,89251,South,TEC-PH-1160,Technology,Phones,Cisco IP Phone,5155.2,8,0.0,521.95
US-2024-101361,2025-07-14,2025-07-16,Second Class,CU-10059,Derek Diaz,Consumer,United States,Austin,Texas,45172,Central,OFF-PA-1161,Office Supplies,Paper,Boise Paper,306.77,11,0.3,63.4
US-2024-101362,2025-12-07,2025-12-09,First Class,CU-10069,Frank Johnson,Consumer,United States,Austin,Texas,73382,Central,FUR-TA-1162,Furniture,Tables,Bretford Conference Table,1805.44,4,0.1,-155.31
US-2024-101363,2025-11-17,2025-11-21,Second Class,CU-10039,Karen Ortiz,Consumer,United States,Phoenix,Arizona,77269,West,FUR-TA-1163,Furniture,Tables,Bush Somerset Table,598.31,3,0.15,31.59
US-2024-101364,2025-11-24,2025-11-28,Second Class,CU-10018,Quinn Reed,Consumer,United States,Seattle,Washington,69946,West,FUR-BO-1164,Furniture,Bookcases,O'Sullivan Bookcase,1509.35,6,0.3,-42.39
US-2024-101365,2023-01-03,2023-01-05,Standard Class,CU-10008,Jack Diaz,Home Office,United States,Newark,New Jersey,52416,East,OFF-BI-1165,Office Supplies,Binders,Wilson Jones Binder,54.43,3,0.1,9.94
US-2024-101366,2025-01-12,2025-01-15,Standard Class,CU-10064,Karen Nguyen,Corporate,United States,Phoenix,Arizona,17469,West,OFF-PA-1166,Office Supplies,Paper,Xerox Paper Ream,488.76,12,0.0,115.22
US-2024-101367,2024-07-03,2024-07-07,Standard Class,CU-10039,Karen Ortiz,Consumer,United States,Seattle,Washington,43911,West,TEC-CO-1167,Technology,Copiers,Canon Copier,766.32,3,0.0,99.81
US-2024-101368,2025-12-01,2025-12-06,First Class,CU-10068,Leo Bennett,Consumer,United States,Newark,New Jersey,34208,East,OFF-LA-1168,Office Supplies,Labels,Hon Label Maker Tape,45.59,2,0.1,6.69
US-2024-101369,2024-06-29,2024-07-02,Same Day,CU-10106,Olivia Johnson,Home Office,United States,Newark,New Jersey,51747,East,OFF-LA-1169,Office Supplies,Labels,Hon Label Maker Tape,91.14,3,0.0,33.45
US-2024-101370,2023-02-18,2023-02-23,Second Class,CU-10085,Brian Chavez,Consumer,United States,Ann Arbor,Michigan,35072,Central,OFF-AR-1170,Office Supplies,Art,Sharpie Markers,236.64,8,0.0,86.09
US-2024-101371,2023-03-17,2023-03-21,Second Class,CU-10118,Maria Johnson,Consumer,United States,Houston,Texas,52323,Central,OFF-BI-1171,Office Supplies,Binders,Avery Binder,395.5,10,0.0,34.76
US-2024-101372,2024-03-18,2024-03-22,Same Day,CU-10095,Maria Nguyen,Home Office,United States,Detroit,Michigan,96118,Central,TEC-AC-1172,Technology,Accessories,Logitech Mouse,4443.12,11,0.1,862.79
US-2024-101373,2025-07-28,2025-07-31,Same Day,CU-10067,Olivia Hughes,Corporate,United States,Raleigh,North Carolina,77942,South,TEC-MA-1173,Technology,Machines,Lexmark Printer,9900.84,12,0.0,309.19
US-2024-101374,2024-09-22,2024-09-27,Same Day,CU-10049,Leo Diaz,Corporate,United States,Boston,Massachusetts,24261,East,TEC-MA-1174,Technology,Machines,Cubify 3D Printer,2996.19,9,0.0,541.76
US-2024-101375,2025-11-18,2025-11-24,Second Class,CU-10013,Henry Reed,Consumer,United States,Eugene,Oregon,62560,West,OFF-ST-1175,Office Supplies,Storage,SimpleHouseware Bin,477.25,13,0.15,143.47
US-2024-101376,2023-11-28,2023-12-05,Same Day,CU-10087,Maria Kim,Consumer,United States,Charlotte,North Carolina,95742,South,OFF-ST-1176,Office Supplies,Storage,Iris File Box,175.28,4,0.0,50.59
US-2024-101377,2025-07-25,2025-07-29,First Class,CU-10027,Ivy Bennett,Corporate,United States,Orlando,Florida,56476,South,FUR-TA-1177,Furniture,Tables,Bush Somerset Table,3832.4,11,0.0,271.46
US-2024-101378,2024-08-28,2024-08-31,Standard Class,CU-10072,Sam Silva,Consumer,United States,Atlanta,Georgia,22014,South,TEC-MA-1178,Technology,Machines,Cubify 3D Printer,841.68,2,0.0,82.6
US-2024-101379,2024-12-13,2024-12-19,Second Class,CU-10042,Leo Parker,Home Office,United States,San Francisco,California,29956,West,OFF-AR-1179,Office Supplies,Art,Newell Highlighters,124.95,7,0.15,44.29
US-2024-101380,2023-08-12,2023-08-19,Standard Class,CU-10070,Sam Foster,Corporate,United States,Pittsburgh,Pennsylvania,47495,East,OFF-ST-1180,Office Supplies,Storage,Fellowes Storage Box,94.2,3,0.0,26.29
US-2024-101381,2024-01-13,2024-01-20,Standard Class,CU-10094,Derek Hughes,Corporate,United States,Springfield,Illinois,69007,Central,FUR-FU-1181,Furniture,Furnishings,Eldon Desk Lamp,2046.56,8,0.0,-146.98
US-2024-101382,2025-06-22,2025-06-24,First Class,CU-10062,Quinn Moore,Consumer,United States,Raleigh,North Carolina,77017,South,OFF-LA-1182,Office Supplies,Labels,Hon Label Maker Tape,18.57,1,0.0,3.88
US-2024-101383,2023-01-18,2023-01-21,Standard Class,CU-10015,Ivy Foster,Consumer,United States,Buffalo,New York,82612,East,OFF-AR-1183,Office Supplies,Art,Sharpie Markers,417.52,8,0.0,93.42
US-2024-101384,2023-09-08,2023-09-13,Second Class,CU-10040,Rita Johnson,Consumer,United States,Memphis,Tennessee,44391,South,OFF-AR-1184,Office Supplies,Art,Newell Highlighters,271.21,7,0.1,73.5
US-2024-101385,2023-08-23,2023-08-29,Second Class,CU-10008,Jack Diaz,Home Office,United States,New York City,New York,56189,East,OFF-BI-1185,Office Supplies,Binders,Avery Binder,162.76,4,0.0,43.45
US-2024-101386,2024-12-20,2024-12-22,First Class,CU-10097,Sam Chavez,Consumer,United States,Chicago,Illinois,12263,Central,TEC-AC-1186,Technology,Accessories,Logitech Mouse,2149.98,6,0.0,-3.15
US-2024-101387,2025-06-01,2025-06-08,First Class,CU-10013,Henry Reed,Consumer,United States,San Diego,California,18943,West,TEC-PH-1187,Technology,Phones,Apple iPhone,4021.89,9,0.1,1007.47
US-2024-101388,2024-03-06,2024-03-08,Same Day,CU-10077,Henry Ortiz,Home Office,United States,Nashville,Tennessee,89445,South,TEC-CO-1188,Technology,Copiers,Hewlett Packard Copier,4212.6,5,0.0,777.34
US-2024-101389,2025-08-19,2025-08-21,Standard Class,CU-10020,Carla Quintana,Home Office,United States,Buffalo,New York,40587,East,TEC-AC-1189,Technology,Accessories,SanDisk Flash Drive,1557.2,2,0.0,143.06
US-2024-101390,2023-10-03,2023-10-10,First Class,CU-10021,Nathan Irwin,Consumer,United States,Orlando,Florida,44335,South,FUR-TA-1190,Furniture,Tables,Chromcraft Round Table,6033.56,13,0.0,-64.36
US-2024-101391,2024-11-04,2024-11-07,First Class,CU-10053,Olivia Ortiz,Consumer,United States,Worcester,Massachusetts,39335,East,OFF-ST-1191,Office Supplies,Storage,Iris File Box,319.6,10,0.0,32.68
US-2024-101392,2023-11-13,2023-11-18,Same Day,CU-10047,Quinn Garcia,Corporate,United States,Buffalo,New York,39745,East,OFF-ST-1192,Office Supplies,Storage,Fellowes Storage Box,137.0,10,0.0,11.74
US-2024-101393,2024-01-11,2024-01-12,First Class,CU-10033,Rita Irwin,Home Office,United States,Springfield,Illinois,40230,Central,FUR-FU-1193,Furniture,Furnishings,Tenex Chairmat,3732.8,10,0.0,298.05
US-2024-101394,2024-06-21,2024-06-26,Same Day,CU-10102,Ivy Garcia,Corporate,United States,Ann Arbor,Michigan,27422,Central,OFF-AR-1194,Office Supplies,Art,Newell Highlighters,169.11,9,0.0,11.97
US-2024-101395,2023-10-22,2023-10-27,First Class,CU-10087,Maria Kim,Consumer,United States,Nashville,Tennessee,23206,South,OFF-BI-1195,Office Supplies,Binders,Avery Binder,422.25,9,0.1,42.61
US-2024-101396,2024-08-14,2024-08-19,Second Class,CU-10008,Jack Diaz,Home Office,United States,New York City,New York,13204,East,TEC-CO-1196,Technology,Copiers,Hewlett Packard Copier,4411.27,13,0.15,745.08
US-2024-101397,2025-08-08,2025-08-10,First Class,CU-10104,Elena Quintana,Home Office,United States,Buffalo,New York,34968,East,TEC-MA-1197,Technology,Machines,Lexmark Printer,4394.83,11,0.0,121.65
US-2024-101398,2024-12-16,2024-12-17,Second Class,CU-10076,Rita Garcia,Home Office,United States,Cleveland,Ohio,43633,Central,TEC-AC-1198,Technology,Accessories,Kensington Keyboard,3150.17,12,0.15,32.8
US-2024-101399,2025-03-20,2025-03-24,Standard Class,CU-10016,Alice Moore,Home Office,United States,Houston,Texas,99687,Central,OFF-BI-1199,Office Supplies,Binders,GBC Binding System,104.4,2,0.0,23.0
US-2025-101400,2025-10-24,2025-10-28,First Class,CU-10003,Alice Ortiz,Corporate,United States,Savannah,Georgia,13780,South,OFF-LA-1200,Office Supplies,Labels,Hon Label Maker Tape,105.75,3,0.0,32.69
US-2025-101401,2025-03-22,2025-03-27,Standard Class,CU-10083,Frank Evans,Home Office,United States,Portland,Oregon,16960,West,FUR-FU-1201,Furniture,Furnishings,Eldon Desk Lamp,1876.64,4,0.1,-166.24
US-2025-101402,2025-07-18,2025-07-24,Standard Class,CU-10022,Alice Ward,Consumer,United States,Charlotte,North Carolina,33872,South,TEC-AC-1202,Technology,Accessories,SanDisk Flash Drive,1112.72,4,0.1,261.19
US-2025-101403,2025-03-08,2025-03-13,Second Class,CU-10051,Paul Bennett,Consumer,United States,New York City,New York,45698,East,TEC-PH-1203,Technology,Phones,Apple iPhone,368.14,2,0.15,28.99
US-2025-101404,2025-07-09,2025-07-15,First Class,CU-10024,Maria Quintana,Home Office,United States,Buffalo,New York,92712,East,OFF-AR-1204,Office Supplies,Art,Bic Pens,83.44,2,0.0,27.53
US-2025-101405,2023-03-09,2023-03-15,Standard Class,CU-10005,Jack Ward,Consumer,United States,Chicago,Illinois,20718,Central,TEC-PH-1205,Technology,Phones,Samsung Galaxy,3270.05,6,0.2,174.31
US-2025-101406,2023-08-06,2023-08-11,Second Class,CU-10102,Ivy Garcia,Corporate,United States,Columbus,Ohio,80727,Central,OFF-PA-1206,Office Supplies,Paper,Xerox Paper Ream,301.18,11,0.0,86.59
US-2025-101407,2024-09-11,2024-09-18,Standard Class,CU-10094,Derek Hughes,Corporate,United States,Houston,Texas,35718,Central,TEC-CO-1207,Technology,Copiers,Hewlett Packard Copier,4128.8,10,0.0,504.81
US-2025-101408,2025-12-13,2025-12-16,Same Day,CU-10108,Alice Chavez,Consumer,United States,Worcester,Massachusetts,60092,East,TEC-PH-1208,Technology,Phones,Apple iPhone,5390.21,7,0.0,863.38
US-2025-101409,2023-05-14,2023-05-21,First Class,CU-10061,Maria Kim,Home Office,United States,Houston,Texas,63742,Central,TEC-PH-1209,Technology,Phones,Samsung Galaxy,1263.16,2,0.0,-8.72
US-2025-101410,2024-07-17,2024-07-21,Second Class,CU-10047,Quinn Garcia,Corporate,United States,Newark,New Jersey,78693,East,TEC-MA-1210,Technology,Machines,Zebra Label Printer,5037.89,13,0.0,337.11
US-2025-101411,2025-06-25,2025-06-28,Same Day,CU-10031,Grace Ward,Consumer,United States,Newark,New Jersey,56430,East,OFF-ST-1211,Office Supplies,Storage,Fellowes Storage Box,377.85,11,0.0,56.71
US-2025-101412,2023-08-25,2023-08-27,Standard Class,CU-10052,Olivia Quintana,Home Office,United States,Tucson,Arizona,33794,West,FUR-CH-1212,Furniture,Chairs,HON Executive Chair,986.16,4,0.3,-9.7
US-2025-101413,2024-02-17,2024-02-20,First Class,CU-10098,Frank Diaz,Consumer,United States,Memphis,Tennessee,75864,South,FUR-FU-1213,Furniture,Furnishings,Advantus Task Lamp,3138.47,8,0.15,146.42
US-2025-101414,2025-08-22,2025-08-27,Same Day,CU-10035,Olivia Evans,Corporate,United States,Orlando,Florida,13066,South,OFF-BI-1214,Office Supplies,Binders,Wilson Jones Binder,23.43,1,0.2,7.57
US-2025-101415,2025-08-06,2025-08-07,Same Day,CU-10104,Elena Quintana,Home Office,United States,Jersey City,New Jersey,64730,East,FUR-CH-1215,Furniture,Chairs,Global Task Chair,2387.11,11,0.0,298.04
US-2025-101416,2025-12-27,2025-12-30,Second Class,CU-10039,Karen Ortiz,Consumer,United States,Portland,Oregon,45097,West,FUR-FU-1216,Furniture,Furnishings,Eldon Desk Lamp,1959.48,9,0.0,53.29
US-2025-101417,2023-06-22,2023-06-24,Standard Class,CU-10020,Carla Quintana,Home Office,United States,Boston,Massachusetts,73362,East,TEC-MA-1217,Technology,Machines,Zebra Label Printer,3855.05,5,0.0,330.33
US-2025-101418,2025-10-04,2025-10-10,Same Day,CU-10037,Maria Kim,Home Office,United States,Pittsburgh,Pennsylvania,50769,East,OFF-ST-1218,Office Supplies,Storage,SimpleHouseware Bin,207.94,8,0.15,39.49
US-2025-101419,2025-11-10,2025-11-15,Second Class,CU-10106,Olivia Johnson,Home Office,United States,Boston,Massachusetts,28367,East,OFF-PA-1219,Office Supplies,Paper,Boise Paper,125.4,3,0.0,23.4
US-2025-101420,2023-06-22,2023-06-29,Standard Class,CU-10089,Rita Lopez,Corporate,United States,Spokane,Washington,32011,West,FUR-TA-1220,Furniture,Tables,Chromcraft Round Table,307.26,2,0.0,12.86
US-2025-101421,2025-09-02,2025-09-05,Same Day,CU-10048,Derek Ortiz,Corporate,United States,Miami,Florida,65938,South,FUR-CH-1221,Furniture,Chairs,Hbada Office Chair,228.46,2,0.1,40.98
US-2025-101422,2025-07-07,2025-07-08,Second Class,CU-10077,Henry Ortiz,Home Office,United States,Nashville,Tennessee,66177,South,OFF-LA-1222,Office Supplies,Labels,Avery Labels,51.76,2,0.4,15.71
US-2025-101423,2023-02-10,2023-02-15,Second Class,CU-10081,Henry Johnson,Consumer,United States,Phoenix,Arizona,31909,West,FUR-BO-1223,Furniture,Bookcases,Sauder Bookcase,2053.37,11,0.0,-31.93
US-2025-101424,2025-05-26,2025-05-27,Same Day,CU-10024,Maria Quintana,Home Office,United States,Jersey City,New Jersey,41500,East,OFF-ST-1224,Office Supplies,Storage,Fellowes Storage Box,189.04,4,0.1,67.74
US-2025-101425,2023-01-28,2023-01-29,Same Day,CU-10000,Alice Quintana,Consumer,United States,Memphis,Tennessee,31887,South,FUR-FU-1225,Furniture,Furnishings,Eldon Desk Lamp,3653.37,9,0.0,240.24
US-2025-101426,2023-09-06,2023-09-07,Same Day,CU-10084,Frank Bennett,Home Office,United States,Detroit,Michigan,35357,Central,TEC-MA-1226,Technology,Machines,Lexmark Printer,8757.2,10,0.0,860.53
US-2025-101427,2025-04-04,2025-04-09,Second Class,CU-10007,Nathan Quintana,Corporate,United States,Seattle,Washington,72130,West,OFF-AR-1227,Office Supplies,Art,Newell Highlighters,78.64,2,0.2,13.79
US-2025-101428,2025-09-23,2025-09-27,Same Day,CU-10041,Carla Reed,Corporate,United States,Memphis,Tennessee,13159,South,OFF-PA-1228,Office Supplies,Paper,Xerox Paper Ream,16.94,1,0.15,3.12
US-2025-101429,2025-04-08,2025-04-10,First Class,CU-10108,Alice Chavez,Consumer,United States,Philadelphia,Pennsylvania,21419,East,OFF-AR-1229,Office Supplies,Art,Bic Pens,489.7,10,0.0,151.86
US-2025-101430,2025-04-02,2025-04-05,Second Class,CU-10041,Carla Reed,Corporate,United States,Tampa,Florida,58419,South,FUR-BO-1230,Furniture,Bookcases,Bush Cubix Bookcase,960.36,2,0.0,176.91
US-2025-101431,2025-09-10,2025-09-15,Same Day,CU-10088,Nathan Evans,Consumer,United States,Dallas,Texas,67435,Central,OFF-ST-1231,Office Supplies,Storage,Iris File Box,678.47,13,0.0,173.71
US-2025-101432,2023-05-17,2023-05-21,Standard Class,CU-10091,Ivy Ortiz,Corporate,United States,Orlando,Florida,19858,South,TEC-AC-1232,Technology,Accessories,Logitech Mouse,2749.5,5,0.0,685.19
US-2025-101433,2024-02-16,2024-02-18,First Class,CU-10014,Jack Johnson,Corporate,United States,Savannah,Georgia,12359,South,OFF-LA-1233,Office Supplies,Labels,Hon Label Maker Tape,17.26,1,0.15,3.3
US-2025-101434,2024-05-04,2024-05-11,Second Class,CU-10019,Elena Nguyen,Corporate,United States,San Diego,California,91815,West,OFF-ST-1234,Office Supplies,Storage,Fellowes Storage Box,455.1,10,0.0,121.76
US-2025-101435,2024-03-23,2024-03-29,Standard Class,CU-10056,Karen Kim,Home Office,United States,Atlanta,Georgia,23789,South,TEC-MA-1235,Technology,Machines,Lexmark Printer,215.51,1,0.0,47.04
US-2025-101436,2023-03-29,2023-03-31,Second Class,CU-10010,Jack Irwin,Consumer,United States,Eugene,Oregon,86493,West,OFF-BI-1236,Office Supplies,Binders,Avery Binder,77.67,7,0.5,9.25
US-2025-101437,2023-06-05,2023-06-09,Standard Class,CU-10064,Karen Nguyen,Corporate,United States,Los Angeles,California,93592,West,OFF-BI-1237,Office Supplies,Binders,Wilson Jones Binder,67.41,5,0.4,14.09
US-2025-101438,2023-01-02,2023-01-04,Same Day,CU-10081,Henry Johnson,Consumer,United States,Los Angeles,California,35394,West,OFF-ST-1238,Office Supplies,Storage,SimpleHouseware Bin,49.56,3,0.0,14.67
US-2025-101439,2023-09-16,2023-09-23,Second Class,CU-10087,Maria Kim,Consumer,United States,Miami,Florida,46832,South,OFF-PA-1239,Office Supplies,Paper,Boise Paper,277.2,7,0.2,20.23
US-2025-101440,2025-12-06,2025-12-12,Standard Class,CU-10017,Quinn Chavez,Consumer,United States,Dallas,Texas,58281,Central,OFF-ST-1240,Office Supplies,Storage,Iris File Box,182.16,6,0.0,61.49
US-2025-101441,2025-02-15,2025-02-22,First Class,CU-10007,Nathan Quintana,Corporate,United States,Eugene,Oregon,62237,West,OFF-PA-1241,Office Supplies,Paper,HP Paper Ream,286.26,6,0.0,100.46
US-2025-101442,2024-01-31,2024-02-05,Same Day,CU-10073,Aaron Foster,Consumer,United States,Jersey City,New Jersey,67332,East,OFF-ST-1242,Office Supplies,Storage,SimpleHouseware Bin,174.96,9,0.1,30.86
US-2025-101443,2025-08-09,2025-08-13,Same Day,CU-10005,Jack Ward,Consumer,United States,Houston,Texas,28607,Central,OFF-AR-1243,Office Supplies,Art,Sharpie Markers,295.85,8,0.1,87.18
US-2025-101444,2025-01-01,2025-01-02,First Class,CU-10045,Henry Reed,Home Office,United States,Columbus,Ohio,36867,Central,FUR-BO-1244,Furniture,Bookcases,Bush Cubix Bookcase,257.94,2,0.5,-13.62
US-2025-101445,2024-12-06,2024-12-13,Standard Class,CU-10019,Elena Nguyen,Corporate,United States,Phoenix,Arizona,32259,West,TEC-PH-1245,Technology,Phones,Samsung Galaxy,1435.68,2,0.0,132.06
US-2025-101446,2025-10-22,2025-10-27,Same Day,CU-10008,Jack Diaz,Home Office,United States,New York City,New York,30291,East,OFF-ST-1246,Office Supplies,Storage,Fellowes Storage Box,50.64,1,0.0,6.06
US-2025-101447,2024-08-06,2024-08-09,First Class,CU-10080,Sam Ortiz,Consumer,United States,Miami,Florida,66048,South,OFF-ST-1247,Office Supplies,Storage,Iris File Box,156.31,6,0.15,25.06
US-2025-101448,2024-12-18,2024-12-25,Second Class,CU-10081,Henry Johnson,Consumer,United States,Los Angeles,California,37992,West,TEC-AC-1248,Technology,Accessories,Kensington Keyboard,6050.03,7,0.0,842.7
US-2025-101449,2023-01-27,2023-01-28,Same Day,CU-10053,Olivia Ortiz,Consumer,United States,Boston,Massachusetts,99971,East,TEC-PH-1249,Technology,Phones,Samsung Galaxy,4399.22,9,0.4,617.43
US-2025-101450,2024-09-28,2024-10-04,Same Day,CU-10070,Sam Foster,Corporate,United States,Newark,New Jersey,56262,East,FUR-TA-1250,Furniture,Tables,Bretford Conference Table,234.14,1,0.0,-7.4
US-2025-101451,2024-05-07,2024-05-12,Same Day,CU-10096,Leo Irwin,Home Office,United States,Newark,New Jersey,25737,East,TEC-CO-1251,Technology,Copiers,Canon Copier,7460.64,12,0.0,1887.81
US-2025-101452,2024-10-21,2024-10-23,Same Day,CU-10067,Olivia Hughes,Corporate,United States,Savannah,Georgia,38987,South,OFF-ST-1252,Office Supplies,Storage,SimpleHouseware Bin,45.57,1,0.0,7.24
US-2025-101453,2025-11-13,2025-11-16,Standard Class,CU-10051,Paul Bennett,Consumer,United States,Worcester,Massachusetts,63111,East,FUR-BO-1253,Furniture,Bookcases,O'Sullivan Bookcase,227.89,1,0.5,22.3
US-2025-101454,2023-04-27,2023-05-04,Standard Class,CU-10049,Leo Diaz,Corporate,United States,Pittsburgh,Pennsylvania,53768,East,OFF-BI-1254,Office Supplies,Binders,Wilson Jones Binder,126.68,4,0.0,20.98
US-2025-101455,2024-06-04,2024-06-07,Same Day,CU-10118,Maria Johnson,Consumer,United States,Austin,Texas,15315,Central,OFF-LA-1255,Office Supplies,Labels,Avery Labels,17.42,1,0.0,1.54
US-2025-101456,2025-04-12,2025-04-14,First Class,CU-10109,Henry Turner,Consumer,United States,Memphis,Tennessee,75910,South,TEC-CO-1256,Technology,Copiers,Canon Copier,4705.46,8,0.15,1114.22
US-2025-101457,2025-05-10,2025-05-16,Same Day,CU-10016,Alice Moore,Home Office,United States,Detroit,Michigan,12145,Central,FUR-TA-1257,Furniture,Tables,Bretford Conference Table,606.18,2,0.0,-29.83
US-2025-101458,2023-03-02,2023-03-05,First Class,CU-10048,Derek Ortiz,Corporate,United States,Memphis,Tennessee,12460,South,OFF-PA-1258,Office Supplies,Paper,Boise Paper,136.67,6,0.1,35.58
US-2025-101459,2025-08-19,2025-08-23,Second Class,CU-10082,Henry Reed,Corporate,United States,Buffalo,New York,87792,East,TEC-AC-1259,Technology,Accessories,Kensington Keyboard,3466.78,12,0.15,720.81
US-2025-101460,2023-07-09,2023-07-11,Same Day,CU-10041,Carla Reed,Corporate,United States,Savannah,Georgia,54610,South,FUR-BO-1260,Furniture,Bookcases,Sauder Bookcase,2775.33,9,0.0,427.76
US-2025-101461,2024-01-12,2024-01-19,Second Class,CU-10087,Maria Kim,Consumer,United States,Nashville,Tennessee,45209,South,TEC-CO-1261,Technology,Copiers,Hewlett Packard Copier,341.91,2,0.3,3.92
US-2025-101462,2023-04-23,2023-04-28,First Class,CU-10108,Alice Chavez,Consumer,United States,New York City,New York,25683,East,OFF-PA-1262,Office Supplies,Paper,Xerox Paper Ream,206.25,5,0.0,44.68
US-2025-101463,2023-12-21,2023-12-26,Same Day,CU-10056,Karen Kim,Home Office,United States,Orlando,Florida,36923,South,TEC-PH-1263,Technology,Phones,Apple iPhone,2804.8,4,0.0,113.62
US-2025-101464,2023-04-16,2023-04-23,Second Class,CU-10113,Paul Moore,Corporate,United States,Spokane,Washington,50656,West,OFF-PA-1264,Office Supplies,Paper,HP Paper Ream,138.24,6,0.5,31.51
US-2025-101465,2023-05-21,2023-05-24,First Class,CU-10003,Alice Ortiz,Corporate,United States,Nashville,Tennessee,71238,South,FUR-CH-1265,Furniture,Chairs,HON Executive Chair,6933.81,13,0.0,30.9
US-2025-101466,2024-10-08,2024-10-14,Second Class,CU-10019,Elena Nguyen,Corporate,United States,Spokane,Washington,45847,West,OFF-PA-1266,Office Supplies,Paper,Xerox Paper Ream,74.46,5,0.15,7.56
US-2025-101467,2023-02-06,2023-02-12,First Class,CU-10014,Jack Johnson,Corporate,United States,Atlanta,Georgia,66854,South,TEC-MA-1267,Technology,Machines,Lexmark Printer,1603.4,2,0.0,150.81
US-2025-101468,2023-06-17,2023-06-20,Second Class,CU-10031,Grace Ward,Consumer,United States,Newark,New Jersey,14919,East,OFF-PA-1268,Office Supplies,Paper,HP Paper Ream,83.39,2,0.1,17.89
US-2025-101469,2023-06-06,2023-06-10,Same Day,CU-10051,Paul Bennett,Consumer,United States,Jersey City,New Jersey,32099,East,OFF-PA-1269,Office Supplies,Paper,Xerox Paper Ream,18.16,1,0.15,2.07
US-2025-101470,2025-01-10,2025-01-15,First Class,CU-10099,Frank Ward,Home Office,United States,Jersey City,New Jersey,78038,East,FUR-BO-1270,Furniture,Bookcases,Sauder Bookcase,2261.64,6,0.0,212.87
US-2025-101471,2023-06-30,2023-07-07,Same Day,CU-10047,Quinn Garcia,Corporate,United States,Pittsburgh,Pennsylvania,23393,East,OFF-BI-1271,Office Supplies,Binders,Wilson Jones Binder,46.82,2,0.2,8.15
US-2025-101472,2023-04-23,2023-04-27,Second Class,CU-10002,Henry Silva,Consumer,United States,Worcester,Massachusetts,33609,East,TEC-PH-1272,Technology,Phones,Samsung Galaxy,4681.81,11,0.1,466.83
US-2025-101473,2024-07-25,2024-07-28,Standard Class,CU-10054,Ivy Parker,Corporate,United States,Buffalo,New York,69725,East,TEC-AC-1273,Technology,Accessories,Kensington Keyboard,2340.8,4,0.0,19.28
US-2025-101474,2023-06-10,2023-06-11,First Class,CU-10047,Quinn Garcia,Corporate,United States,Boston,Massachusetts,28087,East,TEC-MA-1274,Technology,Machines,Cubify 3D Printer,1915.94,5,0.15,235.81
US-2025-101475,2023-05-21,2023-05-27,First Class,CU-10035,Olivia Evans,Corporate,United States,Savannah,Georgia,30133,South,OFF-BI-1275,Office Supplies,Binders,Wilson Jones Binder,245.89,8,0.2,57.15
US-2025-101476,2025-12-04,2025-12-06,Second Class,CU-10100,Grace Turner,Corporate,United States,Dallas,Texas,28261,Central,FUR-TA-1276,Furniture,Tables,Bretford Conference Table,2575.16,8,0.15,-199.86
US-2025-101477,2025-12-17,2025-12-24,Same Day,CU-10012,Olivia Nguyen,Consumer,United States,Portland,Oregon,97990,West,TEC-MA-1277,Technology,Machines,Zebra Label Printer,3182.34,12,0.3,8.3
US-2025-101478,2024-06-19,2024-06-21,Same Day,CU-10018,Quinn Reed,Consumer,United States,Spokane,Washington,23934,West,TEC-PH-1278,Technology,Phones,Apple iPhone,5225.22,13,0.0,280.56
US-2025-101479,2023-12-14,2023-12-20,Second Class,CU-10006,Nathan Quintana,Home Office,United States,Los Angeles,California,74361,West,TEC-CO-1279,Technology,Copiers,Hewlett Packard Copier,560.08,2,0.5,126.46
US-2025-101480,2023-04-27,2023-04-28,Second Class,CU-10076,Rita Garcia,Home Office,United States,Houston,Texas,44802,Central,OFF-AR-1280,Office Supplies,Art,Newell Highlighters,395.28,9,0.0,44.67
US-2025-101481,2025-12-21,2025-12-28,Standard Class,CU-10013,Henry Reed,Consumer,United States,Seattle,Washington,98659,West,TEC-PH-1281,Technology,Phones,Apple iPhone,4088.02,9,0.2,381.61
US-2025-101482,2025-12-25,2026-01-01,Second Class,CU-10057,Jack Moore,Corporate,United States,Philadelphia,Pennsylvania,52504,East,OFF-PA-1282,Office Supplies,Paper,Boise Paper,357.03,9,0.0,128.44
US-2025-101483,2023-08-26,2023-09-01,Same Day,CU-10111,Nathan Foster,Consumer,United States,Charlotte,North Carolina,52029,South,FUR-TA-1283,Furniture,Tables,Chromcraft Round Table,3582.9,9,0.0,497.22
US-2025-101484,2025-12-29,2026-01-01,Standard Class,CU-10052,Olivia Quintana,Home Office,United States,Phoenix,Arizona,27961,West,OFF-PA-1284,Office Supplies,Paper,Boise Paper,132.66,9,0.0,18.15
US-2025-101485,2025-05-05,2025-05-10,Second Class,CU-10071,Elena Johnson,Home Office,United States,Austin,Texas,72625,Central,OFF-LA-1285,Office Supplies,Labels,Hon Label Maker Tape,206.4,4,0.0,52.49
US-2025-101486,2025-12-11,2025-12-18,Same Day,CU-10021,Nathan Irwin,Consumer,United States,Tampa,Florida,80723,South,TEC-PH-1286,Technology,Phones,Samsung Galaxy,613.41,1,0.1,83.28
US-2025-101487,2023-10-11,2023-10-18,Second Class,CU-10115,Ivy Silva,Home Office,United States,Miami,Florida,86895,South,OFF-AR-1287,Office Supplies,Art,Bic Pens,201.8,4,0.0,24.08
US-2025-101488,2023-11-08,2023-11-15,Standard Class,CU-10102,Ivy Garcia,Corporate,United States,Dallas,Texas,21760,Central,FUR-FU-1288,Furniture,Furnishings,Eldon Desk Lamp,188.61,1,0.2,-10.87
US-2025-101489,2023-12-10,2023-12-16,Same Day,CU-10005,Jack Ward,Consumer,United States,Chicago,Illinois,51228,Central,OFF-BI-1289,Office Supplies,Binders,Avery Binder,364.56,11,0.15,36.21
US-2025-101490,2024-08-18,2024-08-24,Same Day,CU-10059,Derek Diaz,Consumer,United States,Chicago,Illinois,64726,Central,OFF-BI-1290,Office Supplies,Binders,Wilson Jones Binder,61.14,5,0.4,13.14
US-2025-101491,2024-03-13,2024-03-14,First Class,CU-10112,Nathan Hughes,Consumer,United States,Portland,Oregon,93426,West,TEC-AC-1291,Technology,Accessories,Logitech Mouse,4390.8,6,0.0,630.88
US-2025-101492,2024-02-18,2024-02-23,First Class,CU-10005,Jack Ward,Consumer,United States,Cleveland,Ohio,54113,Central,TEC-CO-1292,Technology,Copiers,Hewlett Packard Copier,899.56,3,0.1,241.67
US-2025-101493,2024-11-03,2024-11-06,Same Day,CU-10029,Nathan Ortiz,Corporate,United States,Jersey City,New Jersey,25168,East,FUR-BO-1293,Furniture,Bookcases,Sauder Bookcase,232.66,2,0.15,-0.55
US-2025-101494,2025-12-18,2025-12-22,Same Day,CU-10086,Olivia Parker,Consumer,United States,Seattle,Washington,27128,West,OFF-PA-1294,Office Supplies,Paper,Boise Paper,41.75,1,0.0,5.67
US-2025-101495,2023-05-24,2023-05-27,First Class,CU-10039,Karen Ortiz,Consumer,United States,San Francisco,California,56936,West,OFF-PA-1295,Office Supplies,Paper,Xerox Paper Ream,49.5,1,0.0,4.88
US-2025-101496,2025-05-17,2025-05-18,Second Class,CU-10002,Henry Silva,Consumer,United States,Boston,Massachusetts,98185,East,OFF-BI-1296,Office Supplies,Binders,Wilson Jones Binder,250.38,13,0.0,62.63
US-2025-101497,2024-07-17,2024-07-20,Standard Class,CU-10022,Alice Ward,Consumer,United States,Charlotte,North Carolina,31366,South,OFF-BI-1297,Office Supplies,Binders,Wilson Jones Binder,154.24,4,0.0,35.09
US-2025-101498,2023-08-06,2023-08-11,Same Day,CU-10079,Jack Quintana,Home Office,United States,Portland,Oregon,65416,West,TEC-CO-1298,Technology,Copiers,Hewlett Packard Copier,3936.0,6,0.0,950.65
US-2025-101499,2023-12-09,2023-12-12,Standard Class,CU-10047,Quinn Garcia,Corporate,United States,Pittsburgh,Pennsylvania,67077,East,TEC-CO-1299,Technology,Copiers,Canon Copier,6019.2,11,0.0,1526.84
US-2025-101500,2025-12-20,2025-12-24,Same Day,CU-10076,Rita Garcia,Home Office,United States,Cleveland,Ohio,25168,Central,OFF-AR-1300,Office Supplies,Art,Sharpie Markers,318.08,8,0.2,64.47
US-2025-101501,2025-02-04,2025-02-09,Second Class,CU-10106,Olivia Johnson,Home Office,United States,Jersey City,New Jersey,48332,East,TEC-AC-1301,Technology,Accessories,SanDisk Flash Drive,632.7,2,0.2,159.33
US-2025-101502,2025-05-02,2025-05-04,Standard Class,CU-10006,Nathan Quintana,Home Office,United States,Spokane,Washington,69588,West,OFF-ST-1302,Office Supplies,Storage,Iris File Box,92.84,4,0.1,23.82
US-2025-101503,2023-04-26,2023-04-29,Same Day,CU-10104,Elena Quintana,Home Office,United States,Pittsburgh,Pennsylvania,43220,East,TEC-MA-1303,Technology,Machines,Lexmark Printer,3673.02,6,0.0,855.32
US-2025-101504,2023-10-01,2023-10-05,Second Class,CU-10069,Frank Johnson,Consumer,United States,Detroit,Michigan,85551,Central,OFF-BI-1304,Office Supplies,Binders,Avery Binder,277.44,6,0.15,20.3
US-2025-101505,2024-07-14,2024-07-19,Second Class,CU-10091,Ivy Ortiz,Corporate,United States,Raleigh,North Carolina,67376,South,FUR-BO-1305,Furniture,Bookcases,Sauder Bookcase,2246.18,9,0.2,-47.82
US-2025-101506,2023-11-12,2023-11-14,Second Class,CU-10071,Elena Johnson,Home Office,United States,Columbus,Ohio,20313,Central,OFF-BI-1306,Office Supplies,Binders,GBC Binding System,114.75,3,0.0,34.59
US-2025-101507,2023-01-29,2023-02-02,First Class,CU-10083,Frank Evans,Home Office,United States,Portland,Oregon,73283,West,FUR-BO-1307,Furniture,Bookcases,Bush Cubix Bookcase,1151.58,5,0.4,-83.79
US-2025-101508,2025-10-15,2025-10-20,Standard Class,CU-10043,Alice Hughes,Corporate,United States,Raleigh,North Carolina,99688,South,TEC-AC-1308,Technology,Accessories,SanDisk Flash Drive,5390.28,7,0.0,1142.16
US-2025-101509,2023-02-09,2023-02-16,Standard Class,CU-10081,Henry Johnson,Consumer,United States,Seattle,Washington,10812,West,FUR-FU-1309,Furniture,Furnishings,Advantus Task Lamp,2190.32,9,0.1,51.86
US-2025-101510,2025-11-26,2025-11-28,Standard Class,CU-10111,Nathan Foster,Consumer,United States,Tampa,Florida,55541,South,TEC-MA-1310,Technology,Machines,Cubify 3D Printer,5891.68,10,0.2,480.65
US-2025-101511,2023-05-23,2023-05-27,Same Day,CU-10104,Elena Quintana,Home Office,United States,Buffalo,New York,28732,East,TEC-AC-1311,Technology,Accessories,Logitech Mouse,5658.08,8,0.0,1122.69
US-2025-101512,2024-01-21,2024-01-28,Standard Class,CU-10037,Maria Kim,Home Office,United States,Buffalo,New York,92171,East,OFF-ST-1312,Office Supplies,Storage,SimpleHouseware Bin,111.48,4,0.0,26.87
US-2025-101513,2025-11-17,2025-11-20,First Class,CU-10034,Alice Kim,Corporate,United States,Columbus,Ohio,21247,Central,OFF-LA-1313,Office Supplies,Labels,Avery Labels,346.17,11,0.0,40.56
US-2025-101514,2024-01-25,2024-01-30,Second Class,CU-10045,Henry Reed,Home Office,United States,Ann Arbor,Michigan,57236,Central,TEC-PH-1314,Technology,Phones,Apple iPhone,1712.09,5,0.3,409.0
US-2025-101515,2023-04-27,2023-04-29,First Class,CU-10070,Sam Foster,Corporate,United States,Buffalo,New York,41689,East,TEC-MA-1315,Technology,Machines,Zebra Label Printer,3361.5,5,0.0,381.7
US-2025-101516,2024-07-27,2024-07-31,Second Class,CU-10001,Maria Johnson,Corporate,United States,Raleigh,North Carolina,89802,South,TEC-CO-1316,Technology,Copiers,Canon Copier,2131.85,10,0.3,506.9
US-2025-101517,2024-11-20,2024-11-24,Standard Class,CU-10025,Olivia Evans,Corporate,United States,New York City,New York,72092,East,OFF-AR-1317,Office Supplies,Art,Bic Pens,131.0,5,0.1,22.28
US-2025-101518,2024-09-05,2024-09-10,Second Class,CU-10065,Karen Moore,Consumer,United States,Jersey City,New Jersey,70712,East,TEC-PH-1318,Technology,Phones,Cisco IP Phone,3033.78,6,0.0,241.21
US-2025-101519,2024-03-13,2024-03-14,Standard Class,CU-10020,Carla Quintana,Home Office,United States,Boston,Massachusetts,95772,East,TEC-PH-1319,Technology,Phones,Samsung Galaxy,1984.91,9,0.1,137.74
US-2025-101520,2024-11-04,2024-11-10,Standard Class,CU-10052,Olivia Quintana,Home Office,United States,Portland,Oregon,73487,West,TEC-MA-1320,Technology,Machines,Lexmark Printer,4945.23,9,0.0,333.18
US-2025-101521,2023-12-10,2023-12-15,Second Class,CU-10071,Elena Johnson,Home Office,United States,Ann Arbor,Michigan,39433,Central,OFF-ST-1321,Office Supplies,Storage,Iris File Box,314.37,7,0.0,102.35
US-2025-101522,2024-10-16,2024-10-21,Same Day,CU-10109,Henry Turner,Consumer,United States,Memphis,Tennessee,82720,South,OFF-AR-1322,Office Supplies,Art,Bic Pens,213.0,10,0.0,65.48
US-2025-101523,2025-02-16,2025-02-17,Second Class,CU-10106,Olivia Johnson,Home Office,United States,Worcester,Massachusetts,66618,East,TEC-MA-1323,Technology,Machines,Zebra Label Printer,7149.47,11,0.2,1874.58
US-2025-101524,2025-06-14,2025-06-16,First Class,CU-10027,Ivy Bennett,Corporate,United States,Atlanta,Georgia,85654,South,FUR-FU-1324,Furniture,Furnishings,Eldon Desk Lamp,2207.3,13,0.2,99.59
US-2025-101525,2024-09-10,2024-09-17,Second Class,CU-10090,Rita Evans,Corporate,United States,Atlanta,Georgia,48808,South,OFF-AR-1325,Office Supplies,Art,Newell Highlighters,520.85,11,0.0,40.23
US-2025-101526,2025-08-28,2025-08-30,Standard Class,CU-10103,Olivia Ward,Corporate,United States,Phoenix,Arizona,82652,West,TEC-MA-1326,Technology,Machines,Lexmark Printer,9570.72,13,0.1,480.72
US-2025-101527,2023-12-10,2023-12-15,Second Class,CU-10032,Henry Hughes,Consumer,United States,Tucson,Arizona,10062,West,FUR-CH-1327,Furniture,Chairs,Global Task Chair,6256.38,13,0.0,736.3
US-2025-101528,2023-01-25,2023-01-29,Second Class,CU-10100,Grace Turner,Corporate,United States,Springfield,Illinois,61960,Central,OFF-PA-1328,Office Supplies,Paper,HP Paper Ream,127.28,4,0.0,26.72
US-2025-101529,2025-11-22,2025-11-27,Second Class,CU-10037,Maria Kim,Home Office,United States,Jersey City,New Jersey,67042,East,FUR-BO-1329,Furniture,Bookcases,O'Sullivan Bookcase,3271.82,11,0.4,614.82
US-2025-101530,2023-07-03,2023-07-10,Second Class,CU-10038,Frank Foster,Consumer,United States,Spokane,Washington,43035,West,TEC-CO-1330,Technology,Copiers,Hewlett Packard Copier,5309.92,11,0.0,305.12
US-2025-101531,2023-10-11,2023-10-17,Same Day,CU-10092,Ivy Johnson,Consumer,United States,Portland,Oregon,75681,West,OFF-PA-1331,Office Supplies,Paper,Boise Paper,181.05,5,0.0,41.01
US-2025-101532,2024-07-21,2024-07-27,First Class,CU-10001,Maria Johnson,Corporate,United States,Nashville,Tennessee,92078,South,OFF-PA-1332,Office Supplies,Paper,Xerox Paper Ream,118.04,4,0.1,32.57
US-2025-101533,2025-05-10,2025-05-13,Second Class,CU-10020,Carla Quintana,Home Office,United States,Boston,Massachusetts,34870,East,OFF-PA-1333,Office Supplies,Paper,HP Paper Ream,380.42,11,0.2,119.63
US-2025-101534,2023-01-02,2023-01-09,Standard Class,CU-10087,Maria Kim,Consumer,United States,Memphis,Tennessee,45706,South,FUR-CH-1334,Furniture,Chairs,Hbada Office Chair,1152.86,4,0.4,172.35
US-2025-101535,2023-07-20,2023-07-21,First Class,CU-10118,Maria Johnson,Consumer,United States,Columbus,Ohio,44352,Central,FUR-CH-1335,Furniture,Chairs,Hbada Office Chair,380.08,2,0.0,47.94
US-2025-101536,2024-09-09,2024-09-13,Same Day,CU-10034,Alice Kim,Corporate,United States,Columbus,Ohio,54676,Central,TEC-CO-1336,Technology,Copiers,Canon Copier,5399.45,9,0.15,956.11
US-2025-101537,2023-02-07,2023-02-11,Second Class,CU-10093,Carla Irwin,Home Office,United States,Philadelphia,Pennsylvania,19715,East,OFF-PA-1337,Office Supplies,Paper,HP Paper Ream,138.2,5,0.1,30.4
US-2025-101538,2025-01-26,2025-01-29,Second Class,CU-10073,Aaron Foster,Consumer,United States,Pittsburgh,Pennsylvania,54515,East,OFF-AR-1338,Office Supplies,Art,Sharpie Markers,16.08,1,0.0,2.03
US-2025-101539,2023-11-22,2023-11-27,First Class,CU-10045,Henry Reed,Home Office,United States,Ann Arbor,Michigan,57610,Central,FUR-TA-1339,Furniture,Tables,Chromcraft Round Table,2311.1,5,0.0,410.2
US-2025-101540,2025-11-25,2025-11-26,Standard Class,CU-10057,Jack Moore,Corporate,United States,New York City,New York,44606,East,TEC-CO-1340,Technology,Copiers,Hewlett Packard Copier,4264.21,12,0.15,156.36
US-2025-101541,2023-06-18,2023-06-23,First Class,CU-10101,Ivy Ortiz,Consumer,United States,Boston,Massachusetts,12100,East,OFF-ST-1341,Office Supplies,Storage,SimpleHouseware Bin,88.92,3,0.0,29.13
US-2025-101542,2025-07-10,2025-07-15,Same Day,CU-10036,Ivy Diaz,Corporate,United States,Pittsburgh,Pennsylvania,39897,East,OFF-ST-1342,Office Supplies,Storage,Fellowes Storage Box,193.0,6,0.1,67.95
US-2025-101543,2023-02-16,2023-02-21,First Class,CU-10040,Rita Johnson,Consumer,United States,Nashville,Tennessee,53295,South,TEC-MA-1343,Technology,Machines,Zebra Label Printer,9082.71,13,0.1,1695.15
US-2025-101544,2024-05-16,2024-05-21,Second Class,CU-10056,Karen Kim,Home Office,United States,Nashville,Tennessee,61187,South,TEC-MA-1344,Technology,Machines,Cubify 3D Printer,2017.7,7,0.1,419.13
US-2025-101545,2025-07-28,2025-08-03,Same Day,CU-10016,Alice Moore,Home Office,United States,Chicago,Illinois,14580,Central,OFF-LA-1345,Office Supplies,Labels,Avery Labels,265.1,11,0.0,90.9
US-2025-101546,2025-10-22,2025-10-25,First Class,CU-10095,Maria Nguyen,Home Office,United States,Ann Arbor,Michigan,86292,Central,TEC-AC-1346,Technology,Accessories,Kensington Keyboard,8440.2,10,0.0,1327.53
US-2025-101547,2024-08-06,2024-08-11,Standard Class,CU-10107,Nathan Garcia,Home Office,United States,Dallas,Texas,33861,Central,OFF-PA-1347,Office Supplies,Paper,HP Paper Ream,302.6,10,0.15,97.22
US-2025-101548,2025-07-27,2025-08-01,Standard Class,CU-10065,Karen Moore,Consumer,United States,Jersey City,New Jersey,53856,East,OFF-PA-1348,Office Supplies,Paper,Boise Paper,377.92,8,0.0,35.63
US-2025-101549,2025-04-01,2025-04-07,Same Day,CU-10049,Leo Diaz,Corporate,United States,Jersey City,New Jersey,85216,East,TEC-MA-1349,Technology,Machines,Cubify 3D Printer,1266.84,3,0.0,242.46
US-2025-101550,2023-12-08,2023-12-09,Standard Class,CU-10018,Quinn Reed,Consumer,United States,Phoenix,Arizona,94267,West,TEC-AC-1350,Technology,Accessories,Kensington Keyboard,8744.64,12,0.0,561.07
US-2025-101551,2023-08-22,2023-08-27,Standard Class,CU-10068,Leo Bennett,Consumer,United States,Jersey City,New Jersey,96906,East,TEC-CO-1351,Technology,Copiers,Canon Copier,7999.3,10,0.0,1577.97
US-2025-101552,2023-05-03,2023-05-04,First Class,CU-10114,Jack Evans,Home Office,United States,Houston,Texas,88989,Central,OFF-AR-1352,Office Supplies,Art,Sharpie Markers,47.78,2,0.0,7.95
US-2025-101553,2023-05-04,2023-05-09,First Class,CU-10103,Olivia Ward,Corporate,United States,Eugene,Oregon,97574,West,OFF-BI-1353,Office Supplies,Binders,GBC Binding System,146.13,5,0.4,28.79
US-2025-101554,2025-04-17,2025-04-18,Second Class,CU-10089,Rita Lopez,Corporate,United States,Spokane,Washington,27739,West,OFF-AR-1354,Office Supplies,Art,Sharpie Markers,222.16,12,0.15,28.99
US-2025-101555,2024-05-29,2024-06-02,Same Day,CU-10065,Karen Moore,Consumer,United States,Worcester,Massachusetts,31316,East,OFF-ST-1355,Office Supplies,Storage,Iris File Box,14.91,1,0.0,4.71
US-2025-101556,2025-02-05,2025-02-08,Same Day,CU-10037,Maria Kim,Home Office,United States,Jersey City,New Jersey,73751,East,OFF-ST-1356,Office Supplies,Storage,Fellowes Storage Box,26.87,1,0.15,3.78
US-2025-101557,2024-09-02,2024-09-03,Second Class,CU-10005,Jack Ward,Consumer,United States,Ann Arbor,Michigan,65022,Central,FUR-FU-1357,Furniture,Furnishings,Advantus Task Lamp,1444.18,6,0.2,89.85
US-2025-101558,2024-07-01,2024-07-03,First Class,CU-10086,Olivia Parker,Consumer,United States,San Francisco,California,92259,West,OFF-AR-1358,Office Supplies,Art,Sharpie Markers,479.16,11,0.1,110.93
US-2025-101559,2025-10-30,2025-11-05,First Class,CU-10067,Olivia Hughes,Corporate,United States,Nashville,Tennessee,48527,South,OFF-LA-1359,Office Supplies,Labels,Hon Label Maker Tape,417.4,10,0.0,108.93
US-2025-101560,2025-11-09,2025-11-13,Second Class,CU-10022,Alice Ward,Consumer,United States,Tampa,Florida,40543,South,OFF-AR-1360,Office Supplies,Art,Sharpie Markers,120.71,7,0.1,12.08
US-2025-101561,2023-08-12,2023-08-15,Standard Class,CU-10050,Paul Evans,Home Office,United States,Boston,Massachusetts,42835,East,OFF-ST-1361,Office Supplies,Storage,Fellowes Storage Box,256.96,12,0.3,28.51
US-2025-101562,2025-05-05,2025-05-06,Same Day,CU-10014,Jack Johnson,Corporate,United States,Charlotte,North Carolina,34029,South,OFF-LA-1362,Office Supplies,Labels,Avery Labels,153.22,9,0.3,32.4
US-2025-101563,2023-08-29,2023-09-05,Second Class,CU-10096,Leo Irwin,Home Office,United States,Pittsburgh,Pennsylvania,17549,East,FUR-CH-1363,Furniture,Chairs,Hbada Office Chair,1406.73,3,0.0,262.3
US-2025-101564,2023-11-11,2023-11-16,Same Day,CU-10040,Rita Johnson,Consumer,United States,Raleigh,North Carolina,51368,South,OFF-AR-1364,Office Supplies,Art,Newell Highlighters,267.58,8,0.2,45.73
US-2025-101565,2025-03-15,2025-03-20,First Class,CU-10014,Jack Johnson,Corporate,United States,Atlanta,Georgia,13064,South,TEC-PH-1365,Technology,Phones,Cisco IP Phone,967.3,3,0.1,-6.57
US-2025-101566,2025-07-13,2025-07-14,First Class,CU-10052,Olivia Quintana,Home Office,United States,San Francisco,California,48927,West,TEC-MA-1366,Technology,Machines,Lexmark Printer,2208.24,5,0.1,133.92
US-2025-101567,2023-06-08,2023-06-11,Standard Class,CU-10051,Paul Bennett,Consumer,United States,Pittsburgh,Pennsylvania,77578,East,FUR-CH-1367,Furniture,Chairs,Global Task Chair,5187.55,12,0.2,-509.82
US-2025-101568,2024-10-10,2024-10-15,First Class,CU-10105,Elena Parker,Consumer,United States,Miami,Florida,24307,South,TEC-CO-1368,Technology,Copiers,Hewlett Packard Copier,1711.1,2,0.0,182.07
US-2025-101569,2025-10-20,2025-10-22,First Class,CU-10024,Maria Quintana,Home Office,United States,Boston,Massachusetts,91501,East,OFF-ST-1369,Office Supplies,Storage,SimpleHouseware Bin,382.69,11,0.3,133.9
US-2025-101570,2025-07-31,2025-08-05,Standard Class,CU-10107,Nathan Garcia,Home Office,United States,Springfield,Illinois,91476,Central,FUR-FU-1370,Furniture,Furnishings,Eldon Desk Lamp,928.14,3,0.0,78.63
US-2025-101571,2023-03-30,2023-04-03,Second Class,CU-10113,Paul Moore,Corporate,United States,Eugene,Oregon,46661,West,OFF-ST-1371,Office Supplies,Storage,SimpleHouseware Bin,26.23,2,0.1,6.05
US-2025-101572,2025-12-05,2025-12-08,First Class,CU-10102,Ivy Garcia,Corporate,United States,Dallas,Texas,69144,Central,OFF-AR-1372,Office Supplies,Art,Sharpie Markers,257.4,6,0.15,34.96
US-2025-101573,2025-02-01,2025-02-02,Standard Class,CU-10091,Ivy Ortiz,Corporate,United States,Orlando,Florida,89364,South,FUR-TA-1373,Furniture,Tables,Bush Somerset Table,1722.71,4,0.15,308.09
US-2025-101574,2025-05-12,2025-05-15,Same Day,CU-10098,Frank Diaz,Consumer,United States,Raleigh,North Carolina,17560,South,OFF-PA-1374,Office Supplies,Paper,Xerox Paper Ream,62.8,5,0.0,18.92
US-2025-101575,2025-12-29,2026-01-03,Standard Class,CU-10095,Maria Nguyen,Home Office,United States,Detroit,Michigan,94784,Central,OFF-AR-1375,Office Supplies,Art,Bic Pens,139.62,3,0.1,26.75
US-2025-101576,2025-12-20,2025-12-22,Second Class,CU-10096,Leo Irwin,Home Office,United States,Pittsburgh,Pennsylvania,82466,East,FUR-BO-1376,Furniture,Bookcases,O'Sullivan Bookcase,2534.16,6,0.0,270.85
US-2025-101577,2023-05-21,2023-05-28,Same Day,CU-10048,Derek Ortiz,Corporate,United States,Tampa,Florida,68048,South,FUR-FU-1377,Furniture,Furnishings,Advantus Task Lamp,2405.16,10,0.15,-86.23
US-2025-101578,2023-05-10,2023-05-11,Same Day,CU-10099,Frank Ward,Home Office,United States,New York City,New York,81453,East,OFF-AR-1378,Office Supplies,Art,Bic Pens,374.58,10,0.1,108.31
US-2025-101579,2023-02-02,2023-02-09,Second Class,CU-10052,Olivia Quintana,Home Office,United States,San Francisco,California,42954,West,TEC-AC-1379,Technology,Accessories,Kensington Keyboard,1137.78,3,0.0,161.22
US-2025-101580,2025-07-31,2025-08-05,First Class,CU-10092,Ivy Johnson,Consumer,United States,Eugene,Oregon,37086,West,OFF-AR-1380,Office Supplies,Art,Newell Highlighters,407.2,10,0.0,52.96
US-2025-101581,2025-08-07,2025-08-14,Second Class,CU-10028,Jack Evans,Corporate,United States,Savannah,Georgia,85508,South,FUR-BO-1381,Furniture,Bookcases,Bush Cubix Bookcase,251.78,1,0.15,8.85
US-2025-101582,2025-07-15,2025-07-16,Second Class,CU-10082,Henry Reed,Corporate,United States,Pittsburgh,Pennsylvania,25163,East,OFF-AR-1382,Office Supplies,Art,Newell Highlighters,289.68,12,0.0,79.1
US-2025-101583,2024-03-09,2024-03-15,Second Class,CU-10099,Frank Ward,Home Office,United States,Pittsburgh,Pennsylvania,67722,East,TEC-PH-1383,Technology,Phones,Apple iPhone,5606.3,10,0.3,300.26
US-2025-101584,2023-09-21,2023-09-28,Standard Class,CU-10022,Alice Ward,Consumer,United States,Orlando,Florida,65922,South,TEC-MA-1384,Technology,Machines,Zebra Label Printer,1662.42,2,0.0,395.51
US-2025-101585,2025-07-05,2025-07-10,First Class,CU-10078,Brian Moore,Home Office,United States,Boston,Massachusetts,66995,East,OFF-BI-1385,Office Supplies,Binders,Wilson Jones Binder,414.49,13,0.4,109.32
US-2025-101586,2025-12-22,2025-12-26,First Class,CU-10015,Ivy Foster,Consumer,United States,Newark,New Jersey,27409,East,FUR-TA-1386,Furniture,Tables,Chromcraft Round Table,776.5,2,0.0,-7.43
US-2025-101587,2024-07-31,2024-08-06,Second Class,CU-10009,Paul Kim,Consumer,United States,Memphis,Tennessee,18658,South,TEC-AC-1387,Technology,Accessories,Kensington Keyboard,4178.28,12,0.0,139.87
US-2025-101588,2025-03-09,2025-03-14,Same Day,CU-10024,Maria Quintana,Home Office,United States,Pittsburgh,Pennsylvania,81250,East,OFF-LA-1388,Office Supplies,Labels,Avery Labels,163.05,5,0.4,49.5
US-2025-101589,2023-10-07,2023-10-14,Second Class,CU-10110,Brian Kim,Corporate,United States,Cleveland,Ohio,11965,Central,FUR-FU-1389,Furniture,Furnishings,Advantus Task Lamp,2708.56,8,0.0,-200.2
US-2025-101590,2025-05-29,2025-06-01,Second Class,CU-10088,Nathan Evans,Consumer,United States,Houston,Texas,23156,Central,TEC-MA-1390,Technology,Machines,Cubify 3D Printer,5265.44,8,0.0,1168.18
US-2025-101591,2024-12-30,2025-01-02,Standard Class,CU-10061,Maria Kim,Home Office,United States,Cleveland,Ohio,22998,Central,TEC-CO-1391,Technology,Copiers,Canon Copier,7655.23,11,0.0,1299.0
US-2025-101592,2023-03-28,2023-03-30,Second Class,CU-10115,Ivy Silva,Home Office,United States,Nashville,Tennessee,68364,South,OFF-LA-1392,Office Supplies,Labels,Hon Label Maker Tape,89.0,4,0.0,12.2
US-2025-101593,2025-07-29,2025-07-30,Second Class,CU-10075,Quinn Garcia,Corporate,United States,Buffalo,New York,37639,East,TEC-MA-1393,Technology,Machines,Zebra Label Printer,2340.72,5,0.1,483.5
US-2025-101594,2023-12-25,2023-12-31,Second Class,CU-10016,Alice Moore,Home Office,United States,Chicago,Illinois,22285,Central,OFF-AR-1394,Office Supplies,Art,Sharpie Markers,599.35,13,0.15,206.56
US-2025-101595,2023-03-28,2023-04-02,Standard Class,CU-10075,Quinn Garcia,Corporate,United States,Buffalo,New York,93369,East,OFF-PA-1395,Office Supplies,Paper,HP Paper Ream,345.28,10,0.2,82.1
US-2025-101596,2025-11-25,2025-12-02,First Class,CU-10089,Rita Lopez,Corporate,United States,Tucson,Arizona,40811,West,OFF-PA-1396,Office Supplies,Paper,HP Paper Ream,539.8,10,0.0,90.76
US-2025-101597,2025-12-08,2025-12-11,Same Day,CU-10052,Olivia Quintana,Home Office,United States,Phoenix,Arizona,57034,West,OFF-BI-1397,Office Supplies,Binders,GBC Binding System,297.9,10,0.0,75.44
US-2025-101598,2023-03-08,2023-03-15,First Class,CU-10038,Frank Foster,Consumer,United States,Eugene,Oregon,29114,West,FUR-FU-1398,Furniture,Furnishings,Tenex Chairmat,3055.32,10,0.15,123.02
US-2025-101599,2025-06-07,2025-06-08,Second Class,CU-10100,Grace Turner,Corporate,United States,Ann Arbor,Michigan,89284,Central,FUR-FU-1399,Furniture,Furnishings,Tenex Chairmat,3552.17,9,0.1,-17.16
US-2025-101600,2025-08-02,2025-08-07,Second Class,CU-10012,Olivia Nguyen,Consumer,United States,Portland,Oregon,90403,West,TEC-AC-1000,Technology,Accessories,Logitech Mouse,1654.72,2,0.0,365.64
US-2025-101601,2025-12-18,2025-12-23,Same Day,CU-10041,Carla Reed,Corporate,United States,Raleigh,North Carolina,39900,South,OFF-BI-1001,Office Supplies,Binders,Wilson Jones Binder,127.84,8,0.0,47.05
US-2025-101602,2023-10-17,2023-10-20,Second Class,CU-10098,Frank Diaz,Consumer,United States,Savannah,Georgia,14966,South,OFF-AR-1002,Office Supplies,Art,Bic Pens,377.08,11,0.0,81.0
US-2025-101603,2025-11-02,2025-11-08,Second Class,CU-10112,Nathan Hughes,Consumer,United States,Los Angeles,California,17953,West,OFF-PA-1003,Office Supplies,Paper,HP Paper Ream,106.26,3,0.0,37.8
US-2025-101604,2025-08-09,2025-08-14,Second Class,CU-10056,Karen Kim,Home Office,United States,Raleigh,North Carolina,45458,South,OFF-BI-1004,Office Supplies,Binders,GBC Binding System,386.15,12,0.3,110.51
US-2025-101605,2024-02-16,2024-02-23,Second Class,CU-10100,Grace Turner,Corporate,United States,Austin,Texas,28369,Central,TEC-AC-1005,Technology,Accessories,Logitech Mouse,9879.0,12,0.0,1855.45
US-2025-101606,2025-08-04,2025-08-10,First Class,CU-10035,Olivia Evans,Corporate,United States,Charlotte,North Carolina,62970,South,TEC-PH-1006,Technology,Phones,Cisco IP Phone,2393.24,7,0.4,399.64
US-2025-101607,2023-04-12,2023-04-13,Same Day,CU-10072,Sam Silva,Consumer,United States,Orlando,Florida,64148,South,OFF-BI-1007,Office Supplies,Binders,GBC Binding System,157.68,5,0.1,19.52
US-2025-101608,2023-12-06,2023-12-13,First Class,CU-10084,Frank Bennett,Home Office,United States,Houston,Texas,89015,Central,FUR-TA-1008,Furniture,Tables,Chromcraft Round Table,3081.05,7,0.0,0.31
US-2025-101609,2025-08-11,2025-08-13,Standard Class,CU-10028,Jack Evans,Corporate,United States,Raleigh,North Carolina,54276,South,FUR-TA-1009,Furniture,Tables,Bush Somerset Table,3511.3,10,0.0,648.93
US-2025-101610,2024-01-25,2024-01-31,Same Day,CU-10091,Ivy Ortiz,Corporate,United States,Tampa,Florida,41373,South,TEC-PH-1010,Technology,Phones,Apple iPhone,2955.88,9,0.15,359.13
US-2025-101611,2024-09-11,2024-09-17,Second Class,CU-10051,Paul Bennett,Consumer,United States,Newark,New Jersey,51842,East,TEC-AC-1011,Technology,Accessories,Logitech Mouse,5364.48,8,0.2,415.51
US-2025-101612,2024-04-11,2024-04-18,Standard Class,CU-10105,Elena Parker,Consumer,United States,Memphis,Tennessee,34813,South,OFF-BI-1012,Office Supplies,Binders,GBC Binding System,174.61,5,0.3,54.25
US-2025-101613,2025-10-17,2025-10-24,Same Day,CU-10068,Leo Bennett,Consumer,United States,New York City,New York,82320,East,OFF-ST-1013,Office Supplies,Storage,Iris File Box,254.31,7,0.0,33.41
US-2025-101614,2025-05-07,2025-05-08,Same Day,CU-10115,Ivy Silva,Home Office,United States,Savannah,Georgia,84820,South,OFF-BI-1014,Office Supplies,Binders,Wilson Jones Binder,170.44,4,0.0,27.24
US-2025-101615,2025-12-31,2026-01-01,First Class,CU-10030,Rita Parker,Consumer,United States,Detroit,Michigan,83350,Central,TEC-PH-1015,Technology,Phones,Cisco IP Phone,520.68,1,0.1,74.56
US-2025-101616,2024-07-11,2024-07-12,First Class,CU-10011,Carla Turner,Corporate,United States,Chicago,Illinois,89926,Central,TEC-CO-1016,Technology,Copiers,Canon Copier,3447.55,7,0.15,702.9
US-2025-101617,2025-12-08,2025-12-14,Standard Class,CU-10054,Ivy Parker,Corporate,United States,Pittsburgh,Pennsylvania,70917,East,OFF-AR-1017,Office Supplies,Art,Bic Pens,85.36,2,0.1,7.46
US-2025-101618,2024-12-04,2024-12-06,Same Day,CU-10022,Alice Ward,Consumer,United States,Tampa,Florida,93375,South,TEC-AC-1018,Technology,Accessories,SanDisk Flash Drive,1284.19,7,0.1,-35.98
US-2025-101619,2024-06-11,2024-06-13,Standard Class,CU-10074,Paul Chavez,Consumer,United States,Tucson,Arizona,41991,West,FUR-BO-1019,Furniture,Bookcases,Bush Cubix Bookcase,1610.68,6,0.4,90.73
US-2025-101620,2025-07-01,2025-07-02,Second Class,CU-10057,Jack Moore,Corporate,United States,Jersey City,New Jersey,49675,East,TEC-MA-1020,Technology,Machines,Zebra Label Printer,4034.8,7,0.2,-2.08
US-2025-101621,2023-03-11,2023-03-18,Second Class,CU-10107,Nathan Garcia,Home Office,United States,Springfield,Illinois,39523,Central,TEC-AC-1021,Technology,Accessories,Logitech Mouse,3233.28,4,0.0,478.23
US-2025-101622,2025-12-27,2025-12-31,Same Day,CU-10016,Alice Moore,Home Office,United States,Dallas,Texas,28863,Central,OFF-BI-1022,Office Supplies,Binders,Wilson Jones Binder,193.35,5,0.0,23.26
US-2025-101623,2025-12-23,2025-12-27,First Class,CU-10112,Nathan Hughes,Consumer,United States,San Francisco,California,65063,West,OFF-BI-1023,Office Supplies,Binders,Avery Binder,416.2,10,0.0,135.82
US-2025-101624,2025-04-20,2025-04-25,First Class,CU-10015,Ivy Foster,Consumer,United States,Buffalo,New York,23645,East,OFF-PA-1024,Office Supplies,Paper,HP Paper Ream,166.96,4,0.0,19.3
US-2025-101625,2025-02-14,2025-02-15,Same Day,CU-10068,Leo Bennett,Consumer,United States,Pittsburgh,Pennsylvania,61878,East,OFF-BI-1025,Office Supplies,Binders,Avery Binder,100.74,4,0.3,33.32
US-2025-101626,2023-08-21,2023-08-24,First Class,CU-10005,Jack Ward,Consumer,United States,Columbus,Ohio,17642,Central,OFF-LA-1026,Office Supplies,Labels,Avery Labels,90.12,2,0.0,26.98
US-2025-101627,2023-05-06,2023-05-07,Second Class,CU-10090,Rita Evans,Corporate,United States,Nashville,Tennessee,42181,South,OFF-AR-1027,Office Supplies,Art,Newell Highlighters,535.48,11,0.0,197.53
US-2025-101628,2024-12-09,2024-12-11,First Class,CU-10046,Paul Irwin,Consumer,United States,Tucson,Arizona,84866,West,TEC-MA-1028,Technology,Machines,Zebra Label Printer,275.52,1,0.0,41.49
US-2025-101629,2025-12-11,2025-12-14,Same Day,CU-10027,Ivy Bennett,Corporate,United States,Tampa,Florida,67825,South,OFF-PA-1029,Office Supplies,Paper,Boise Paper,361.98,9,0.0,70.97
US-2025-101630,2025-01-08,2025-01-10,Second Class,CU-10058,Aaron Diaz,Consumer,United States,Seattle,Washington,83593,West,OFF-AR-1030,Office Supplies,Art,Bic Pens,18.67,1,0.15,2.7
US-2025-101631,2024-11-27,2024-12-01,Same Day,CU-10101,Ivy Ortiz,Consumer,United States,Pittsburgh,Pennsylvania,82845,East,OFF-AR-1031,Office Supplies,Art,Newell Highlighters,61.06,4,0.1,12.88
US-2025-101632,2024-08-07,2024-08-11,Standard Class,CU-10077,Henry Ortiz,Home Office,United States,Atlanta,Georgia,57002,South,FUR-CH-1032,Furniture,Chairs,HON Executive Chair,1274.04,11,0.3,-117.12
US-2025-101633,2025-08-02,2025-08-03,Standard Class,CU-10090,Rita Evans,Corporate,United States,Nashville,Tennessee,49732,South,OFF-PA-1033,Office Supplies,Paper,Xerox Paper Ream,481.08,12,0.0,148.66
US-2025-101634,2023-10-02,2023-10-03,Same Day,CU-10054,Ivy Parker,Corporate,United States,Philadelphia,Pennsylvania,75387,East,OFF-LA-1034,Office Supplies,Labels,Avery Labels,424.8,10,0.0,70.94
US-2025-101635,2023-03-27,2023-03-30,First Class,CU-10104,Elena Quintana,Home Office,United States,Buffalo,New York,97901,East,TEC-MA-1035,Technology,Machines,Lexmark Printer,1439.08,4,0.0,-19.35
US-2025-101636,2024-01-03,2024-01-07,First Class,CU-10008,Jack Diaz,Home Office,United States,Jersey City,New Jersey,48900,East,OFF-AR-1036,Office Supplies,Art,Sharpie Markers,498.92,11,0.15,141.45
US-2025-101637,2025-06-12,2025-06-18,Second Class,CU-10098,Frank Diaz,Consumer,United States,Orlando,Florida,75033,South,OFF-AR-1037,Office Supplies,Art,Sharpie Markers,363.24,8,0.1,28.21
US-2025-101638,2023-12-25,2024-01-01,First Class,CU-10090,Rita Evans,Corporate,United States,Raleigh,North Carolina,91934,South,TEC-CO-1038,Technology,Copiers,Hewlett Packard Copier,5207.88,12,0.0,1168.7
US-2025-101639,2023-01-18,2023-01-20,First Class,CU-10061,Maria Kim,Home Office,United States,Dallas,Texas,87131,Central,TEC-MA-1039,Technology,Machines,Zebra Label Printer,7134.72,12,0.0,436.11
US-2025-101640,2023-09-11,2023-09-14,First Class,CU-10103,Olivia Ward,Corporate,United States,Los Angeles,California,48875,West,TEC-MA-1040,Technology,Machines,Cubify 3D Printer,2216.69,7,0.0,567.64
US-2025-101641,2023-12-28,2024-01-01,Second Class,CU-10094,Derek Hughes,Corporate,United States,Houston,Texas,87788,Central,TEC-MA-1041,Technology,Machines,Zebra Label Printer,3820.28,11,0.3,321.2
US-2025-101642,2024-04-28,2024-04-29,Second Class,CU-10086,Olivia Parker,Consumer,United States,Spokane,Washington,32879,West,TEC-CO-1042,Technology,Copiers,Hewlett Packard Copier,5244.08,10,0.2,955.83
US-2025-101643,2025-01-07,2025-01-11,Standard Class,CU-10026,Grace Kim,Corporate,United States,Newark,New Jersey,10784,East,TEC-AC-1043,Technology,Accessories,SanDisk Flash Drive,2247.21,7,0.0,502.96
US-2025-101644,2025-03-18,2025-03-25,Standard Class,CU-10085,Brian Chavez,Consumer,United States,Dallas,Texas,62422,Central,TEC-MA-1044,Technology,Machines,Lexmark Printer,4555.2,6,0.0,562.4
US-2025-101645,2023-07-03,2023-07-10,First Class,CU-10051,Paul Bennett,Consumer,United States,Buffalo,New York,60786,East,OFF-PA-1045,Office Supplies,Paper,Boise Paper,504.92,13,0.2,113.69
US-2025-101646,2023-03-22,2023-03-29,First Class,CU-10088,Nathan Evans,Consumer,United States,Detroit,Michigan,59029,Central,TEC-CO-1046,Technology,Copiers,Hewlett Packard Copier,3328.44,12,0.0,874.83
US-2025-101647,2025-06-01,2025-06-03,Same Day,CU-10079,Jack Quintana,Home Office,United States,Portland,Oregon,89933,West,TEC-AC-1047,Technology,Accessories,SanDisk Flash Drive,2568.28,11,0.0,-61.2
US-2025-101648,2025-10-14,2025-10-16,Same Day,CU-10101,Ivy Ortiz,Consumer,United States,Newark,New Jersey,43008,East,OFF-ST-1048,Office Supplies,Storage,Fellowes Storage Box,308.95,8,0.1,30.0
US-2025-101649,2024-08-23,2024-08-27,Standard Class,CU-10117,Ivy Parker,Home Office,United States,Philadelphia,Pennsylvania,57520,East,OFF-AR-1049,Office Supplies,Art,Bic Pens,175.22,11,0.15,21.91
US-2025-101650,2024-05-09,2024-05-12,First Class,CU-10016,Alice Moore,Home Office,United States,Cleveland,Ohio,84623,Central,TEC-PH-1050,Technology,Phones,Samsung Galaxy,5786.46,8,0.15,880.81
US-2025-101651,2023-02-11,2023-02-13,Same Day,CU-10024,Maria Quintana,Home Office,United States,Newark,New Jersey,31417,East,TEC-MA-1051,Technology,Machines,Cubify 3D Printer,441.76,1,0.1,47.79
US-2025-101652,2025-08-28,2025-09-01,Standard Class,CU-10111,Nathan Foster,Consumer,United States,Memphis,Tennessee,15887,South,OFF-PA-1052,Office Supplies,Paper,Boise Paper,666.77,13,0.0,152.76
US-2025-101653,2025-03-03,2025-03-10,First Class,CU-10083,Frank Evans,Home Office,United States,Seattle,Washington,60981,West,OFF-ST-1053,Office Supplies,Storage,Fellowes Storage Box,126.89,8,0.15,27.58
US-2025-101654,2024-06-29,2024-07-05,First Class,CU-10087,Maria Kim,Consumer,United States,Tampa,Florida,60558,South,OFF-BI-1054,Office Supplies,Binders,GBC Binding System,140.16,11,0.15,30.87
US-2025-101655,2023-09-11,2023-09-15,Standard Class,CU-10081,Henry Johnson,Consumer,United States,San Diego,California,50470,West,TEC-PH-1055,Technology,Phones,Samsung Galaxy,2092.14,6,0.4,-33.72
US-2025-101656,2024-06-01,2024-06-04,Standard Class,CU-10022,Alice Ward,Consumer,United States,Miami,Florida,85233,South,TEC-CO-1056,Technology,Copiers,Canon Copier,4218.85,5,0.0,1114.91
US-2025-101657,2025-10-14,2025-10-16,Same Day,CU-10067,Olivia Hughes,Corporate,United States,Raleigh,North Carolina,32482,South,OFF-AR-1057,Office Supplies,Art,Sharpie Markers,196.15,5,0.0,20.69
US-2025-101658,2023-04-28,2023-05-04,Second Class,CU-10021,Nathan Irwin,Consumer,United States,Atlanta,Georgia,46062,South,FUR-TA-1058,Furniture,Tables,Bretford Conference Table,1204.32,3,0.0,120.86
US-2025-101659,2025-03-26,2025-03-31,Standard Class,CU-10084,Frank Bennett,Home Office,United States,Chicago,Illinois,30191,Central,FUR-FU-1059,Furniture,Furnishings,Advantus Task Lamp,2870.16,12,0.0,197.24
US-2025-101660,2023-11-22,2023-11-26,First Class,CU-10018,Quinn Reed,Consumer,United States,Tucson,Arizona,29916,West,OFF-AR-1060,Office Supplies,Art,Bic Pens,418.73,13,0.0,132.25
US-2025-101661,2025-10-14,2025-10-16,Standard Class,CU-10028,Jack Evans,Corporate,United States,Miami,Florida,18464,South,OFF-PA-1061,Office Supplies,Paper,Boise Paper,128.21,4,0.15,45.04
US-2025-101662,2024-05-07,2024-05-09,Second Class,CU-10059,Derek Diaz,Consumer,United States,Columbus,Ohio,68127,Central,OFF-BI-1062,Office Supplies,Binders,Wilson Jones Binder,411.03,9,0.0,111.14
US-2025-101663,2024-03-07,2024-03-14,Second Class,CU-10060,Henry Ortiz,Corporate,United States,Savannah,Georgia,50661,South,TEC-CO-1063,Technology,Copiers,Canon Copier,2240.6,4,0.1,117.25
US-2025-101664,2025-09-04,2025-09-08,Second Class,CU-10035,Olivia Evans,Corporate,United States,Memphis,Tennessee,58782,South,OFF-BI-1064,Office Supplies,Binders,GBC Binding System,107.97,3,0.1,23.79
US-2025-101665,2023-12-27,2023-12-30,Second Class,CU-10082,Henry Reed,Corporate,United States,Pittsburgh,Pennsylvania,55555,East,FUR-TA-1065,Furniture,Tables,Chromcraft Round Table,3106.03,11,0.3,-68.2
US-2025-101666,2025-09-18,2025-09-19,Standard Class,CU-10029,Nathan Ortiz,Corporate,United States,Worcester,Massachusetts,18126,East,OFF-AR-1066,Office Supplies,Art,Bic Pens,221.22,10,0.1,68.64
US-2025-101667,2024-01-24,2024-01-31,Same Day,CU-10057,Jack Moore,Corporate,United States,Boston,Massachusetts,23827,East,TEC-CO-1067,Technology,Copiers,Hewlett Packard Copier,2381.84,4,0.0,467.44
US-2025-101668,2025-09-02,2025-09-09,Second Class,CU-10104,Elena Quintana,Home Office,United States,Buffalo,New York,37521,East,FUR-BO-1068,Furniture,Bookcases,Bush Cubix Bookcase,2041.4,10,0.0,-100.21
US-2025-101669,2023-08-11,2023-08-18,Standard Class,CU-10025,Olivia Evans,Corporate,United States,Pittsburgh,Pennsylvania,19268,East,FUR-CH-1069,Furniture,Chairs,HON Executive Chair,280.12,1,0.0,-25.74
US-2025-101670,2025-12-07,2025-12-10,First Class,CU-10051,Paul Bennett,Consumer,United States,Boston,Massachusetts,87837,East,OFF-BI-1070,Office Supplies,Binders,Wilson Jones Binder,449.82,9,0.0,138.67
US-2025-101671,2024-07-09,2024-07-16,Standard Class,CU-10107,Nathan Garcia,Home Office,United States,Ann Arbor,Michigan,24012,Central,TEC-PH-1071,Technology,Phones,Apple iPhone,3788.18,11,0.0,950.55
US-2025-101672,2025-10-30,2025-11-05,First Class,CU-10055,Elena Quintana,Corporate,United States,Springfield,Illinois,19841,Central,FUR-TA-1072,Furniture,Tables,Chromcraft Round Table,2397.92,10,0.3,-104.26
US-2025-101673,2025-05-31,2025-06-02,First Class,CU-10072,Sam Silva,Consumer,United States,Miami,Florida,70507,South,FUR-FU-1073,Furniture,Furnishings,Advantus Task Lamp,1407.36,3,0.0,-46.88
US-2025-101674,2024-07-24,2024-07-27,Second Class,CU-10007,Nathan Quintana,Corporate,United States,Tucson,Arizona,47424,West,OFF-AR-1074,Office Supplies,Art,Newell Highlighters,394.56,8,0.0,114.79
US-2025-101675,2025-05-11,2025-05-15,Second Class,CU-10056,Karen Kim,Home Office,United States,Charlotte,North Carolina,16865,South,OFF-BI-1075,Office Supplies,Binders,Avery Binder,77.96,2,0.1,13.1
US-2025-101676,2025-12-04,2025-12-11,Second Class,CU-10104,Elena Quintana,Home Office,United States,Pittsburgh,Pennsylvania,10352,East,FUR-CH-1076,Furniture,Chairs,Global Task Chair,1522.56,8,0.2,159.61
US-2025-101677,2023-11-07,2023-11-11,Standard Class,CU-10002,Henry Silva,Consumer,United States,Buffalo,New York,98120,East,OFF-BI-1077,Office Supplies,Binders,GBC Binding System,136.97,3,0.1,18.18
US-2025-101678,2025-04-23,2025-04-27,Standard Class,CU-10081,Henry Johnson,Consumer,United States,San Diego,California,24560,West,TEC-AC-1078,Technology,Accessories,Logitech Mouse,2935.38,6,0.0,158.6
US-2025-101679,2025-02-23,2025-02-28,Same Day,CU-10117,Ivy Parker,Home Office,United States,Boston,Massachusetts,36120,East,FUR-TA-1079,Furniture,Tables,Bush Somerset Table,763.5,6,0.0,76.97
US-2025-101680,2025-09-07,2025-09-13,Same Day,CU-10094,Derek Hughes,Corporate,United States,Springfield,Illinois,36750,Central,TEC-AC-1080,Technology,Accessories,Logitech Mouse,5833.3,9,0.2,817.36
US-2025-101681,2024-08-02,2024-08-05,First Class,CU-10013,Henry Reed,Consumer,United States,Phoenix,Arizona,13282,West,TEC-PH-1081,Technology,Phones,Samsung Galaxy,3512.15,5,0.0,899.08
US-2025-101682,2023-09-09,2023-09-12,Standard Class,CU-10064,Karen Nguyen,Corporate,United States,Tucson,Arizona,30105,West,OFF-PA-1082,Office Supplies,Paper,Xerox Paper Ream,573.6,12,0.0,139.99
US-2025-101683,2024-01-17,2024-01-19,Second Class,CU-10069,Frank Johnson,Consumer,United States,Columbus,Ohio,93380,Central,OFF-BI-1083,Office Supplies,Binders,Avery Binder,175.64,4,0.1,23.63
US-2025-101684,2023-04-08,2023-04-14,Second Class,CU-10036,Ivy Diaz,Corporate,United States,Pittsburgh,Pennsylvania,60159,East,OFF-LA-1084,Office Supplies,Labels,Hon Label Maker Tape,115.6,4,0.0,31.92
US-2025-101685,2025-04-17,2025-04-24,Second Class,CU-10068,Leo Bennett,Consumer,United States,Buffalo,New York,77323,East,OFF-BI-1085,Office Supplies,Binders,Avery Binder,89.61,2,0.15,27.68
US-2025-101686,2024-06-21,2024-06-23,First Class,CU-10031,Grace Ward,Consumer,United States,Buffalo,New York,58854,East,TEC-MA-1086,Technology,Machines,Zebra Label Printer,929.25,5,0.1,27.9
US-2025-101687,2023-09-02,2023-09-03,Same Day,CU-10056,Karen Kim,Home Office,United States,Raleigh,North Carolina,69706,South,TEC-MA-1087,Technology,Machines,Cubify 3D Printer,1908.25,10,0.15,395.71
US-2025-101688,2025-12-16,2025-12-23,Same Day,CU-10086,Olivia Parker,Consumer,United States,Tucson,Arizona,38164,West,OFF-PA-1088,Office Supplies,Paper,HP Paper Ream,101.88,5,0.4,25.95
US-2025-101689,2025-11-28,2025-12-05,Second Class,CU-10015,Ivy Foster,Consumer,United States,Newark,New Jersey,33909,East,TEC-MA-1089,Technology,Machines,Lexmark Printer,2755.1,5,0.0,680.76
US-2025-101690,2023-12-25,2023-12-28,First Class,CU-10066,Alice Moore,Consumer,United States,Charlotte,North Carolina,42186,South,FUR-FU-1090,Furniture,Furnishings,Advantus Task Lamp,1346.17,3,0.15,5.14
US-2025-101691,2025-08-18,2025-08-22,Standard Class,CU-10059,Derek Diaz,Consumer,United States,Columbus,Ohio,13892,Central,TEC-AC-1091,Technology,Accessories,Logitech Mouse,756.95,1,0.0,177.35
US-2025-101692,2023-06-03,2023-06-04,Standard Class,CU-10024,Maria Quintana,Home Office,United States,Buffalo,New York,38737,East,OFF-PA-1092,Office Supplies,Paper,HP Paper Ream,453.96,9,0.0,104.3
US-2025-101693,2025-10-28,2025-11-03,First Class,CU-10051,Paul Bennett,Consumer,United States,Buffalo,New York,84331,East,FUR-CH-1093,Furniture,Chairs,Global Task Chair,1122.9,3,0.0,-78.39
US-2025-101694,2023-12-06,2023-12-07,Standard Class,CU-10011,Carla Turner,Corporate,United States,Columbus,Ohio,36840,Central,TEC-MA-1094,Technology,Machines,Cubify 3D Printer,1682.87,10,0.3,158.48
US-2025-101695,2025-11-06,2025-11-11,Standard Class,CU-10009,Paul Kim,Consumer,United States,Charlotte,North Carolina,99657,South,OFF-PA-1095,Office Supplies,Paper,Boise Paper,67.9,3,0.4,13.24
US-2025-101696,2025-07-16,2025-07-18,Same Day,CU-10113,Paul Moore,Corporate,United States,Phoenix,Arizona,99832,West,OFF-LA-1096,Office Supplies,Labels,Avery Labels,52.76,2,0.0,13.22
US-2025-101697,2025-08-12,2025-08-15,First Class,CU-10083,Frank Evans,Home Office,United States,San Francisco,California,66073,West,OFF-PA-1097,Office Supplies,Paper,Xerox Paper Ream,151.44,8,0.15,14.6
US-2025-101698,2025-01-19,2025-01-22,Standard Class,CU-10011,Carla Turner,Corporate,United States,Houston,Texas,95823,Central,OFF-AR-1098,Office Supplies,Art,Newell Highlighters,278.46,6,0.0,43.36
US-2025-101699,2023-05-11,2023-05-18,Same Day,CU-10013,Henry Reed,Consumer,United States,San Diego,California,93985,West,TEC-CO-1099,Technology,Copiers,Canon Copier,1106.28,2,0.0,162.24
US-2025-101700,2024-09-15,2024-09-18,Same Day,CU-10056,Karen Kim,Home Office,United States,Raleigh,North Carolina,77307,South,OFF-PA-1100,Office Supplies,Paper,Boise Paper,214.33,11,0.1,37.81
US-2025-101701,2024-11-25,2024-11-30,Second Class,CU-10095,Maria Nguyen,Home Office,United States,Cleveland,Ohio,32391,Central,OFF-PA-1101,Office Supplies,Paper,Boise Paper,335.58,9,0.1,110.76
US-2025-101702,2023-08-10,2023-08-11,First Class,CU-10081,Henry Johnson,Consumer,United States,Tucson,Arizona,74915,West,TEC-PH-1102,Technology,Phones,Apple iPhone,5938.13,8,0.1,1284.43
US-2025-101703,2025-06-01,2025-06-05,Second Class,CU-10085,Brian Chavez,Consumer,United States,Chicago,Illinois,37765,Central,OFF-BI-1103,Office Supplies,Binders,Wilson Jones Binder,267.52,13,0.15,59.54
US-2025-101704,2024-09-20,2024-09-27,Standard Class,CU-10026,Grace Kim,Corporate,United States,New York City,New York,82091,East,OFF-ST-1104,Office Supplies,Storage,Iris File Box,19.44,1,0.1,1.99
US-2025-101705,2023-02-02,2023-02-07,Second Class,CU-10069,Frank Johnson,Consumer,United States,Dallas,Texas,53451,Central,FUR-CH-1105,Furniture,Chairs,Hbada Office Chair,3866.61,11,0.0,243.1
US-2025-101706,2025-01-17,2025-01-22,Same Day,CU-10093,Carla Irwin,Home Office,United States,Buffalo,New York,71480,East,OFF-BI-1106,Office Supplies,Binders,Avery Binder,367.47,9,0.0,49.54
US-2025-101707,2025-12-31,2026-01-01,First Class,CU-10070,Sam Foster,Corporate,United States,Jersey City,New Jersey,46511,East,OFF-ST-1107,Office Supplies,Storage,Iris File Box,136.9,7,0.1,15.7
US-2025-101708,2023-06-15,2023-06-19,Second Class,CU-10083,Frank Evans,Home Office,United States,San Diego,California,90167,West,TEC-AC-1108,Technology,Accessories,SanDisk Flash Drive,4395.69,13,0.0,270.11
US-2025-101709,2023-08-12,2023-08-15,Second Class,CU-10035,Olivia Evans,Corporate,United States,Savannah,Georgia,39248,South,FUR-TA-1109,Furniture,Tables,Chromcraft Round Table,2277.58,8,0.1,271.78
US-2025-101710,2024-09-30,2024-10-05,Standard Class,CU-10068,Leo Bennett,Consumer,United States,Newark,New Jersey,48746,East,TEC-PH-1110,Technology,Phones,Cisco IP Phone,7027.12,10,0.15,305.27
US-2025-101711,2023-06-04,2023-06-07,Second Class,CU-10016,Alice Moore,Home Office,United States,Dallas,Texas,80620,Central,OFF-ST-1111,Office Supplies,Storage,SimpleHouseware Bin,48.5,1,0.0,10.68
US-2025-101712,2023-12-23,2023-12-28,First Class,CU-10066,Alice Moore,Consumer,United States,Tampa,Florida,30318,South,TEC-AC-1112,Technology,Accessories,Kensington Keyboard,5000.16,12,0.0,761.95
US-2025-101713,2023-08-07,2023-08-13,Second Class,CU-10105,Elena Parker,Consumer,United States,Raleigh,North Carolina,81936,South,TEC-CO-1113,Technology,Copiers,Canon Copier,5867.5,8,0.1,143.89
US-2025-101714,2023-11-01,2023-11-06,Standard Class,CU-10068,Leo Bennett,Consumer,United States,Boston,Massachusetts,25193,East,OFF-PA-1114,Office Supplies,Paper,Xerox Paper Ream,150.18,11,0.1,34.64
US-2025-101715,2023-05-26,2023-05-28,Standard Class,CU-10069,Frank Johnson,Consumer,United States,Detroit,Michigan,82159,Central,TEC-PH-1115,Technology,Phones,Cisco IP Phone,6417.8,10,0.0,-138.01
US-2025-101716,2023-08-30,2023-08-31,First Class,CU-10071,Elena Johnson,Home Office,United States,Springfield,Illinois,49448,Central,OFF-LA-1116,Office Supplies,Labels,Hon Label Maker Tape,215.48,4,0.0,25.47
US-2025-101717,2023-01-20,2023-01-26,Second Class,CU-10082,Henry Reed,Corporate,United States,Worcester,Massachusetts,94176,East,TEC-CO-1117,Technology,Copiers,Hewlett Packard Copier,621.26,1,0.0,151.03
US-2025-101718,2025-05-30,2025-06-02,First Class,CU-10027,Ivy Bennett,Corporate,United States,Memphis,Tennessee,97910,South,FUR-TA-1118,Furniture,Tables,Chromcraft Round Table,4318.56,8,0.0,-430.38
US-2025-101719,2023-02-09,2023-02-12,First Class,CU-10079,Jack Quintana,Home Office,United States,Spokane,Washington,70522,West,OFF-AR-1119,Office Supplies,Art,Sharpie Markers,53.6,4,0.2,11.52
US-2025-101720,2023-03-14,2023-03-21,Standard Class,CU-10052,Olivia Quintana,Home Office,United States,Los Angeles,California,93320,West,TEC-CO-1120,Technology,Copiers,Canon Copier,4664.92,13,0.0,785.78
US-2025-101721,2023-07-02,2023-07-09,Same Day,CU-10033,Rita Irwin,Home Office,United States,Chicago,Illinois,96692,Central,FUR-TA-1121,Furniture,Tables,Chromcraft Round Table,4087.48,10,0.15,15.34
US-2025-101722,2024-07-16,2024-07-17,Second Class,CU-10005,Jack Ward,Consumer,United States,Springfield,Illinois,57900,Central,OFF-ST-1122,Office Supplies,Storage,SimpleHouseware Bin,384.1,10,0.0,47.61
US-2025-101723,2023-04-01,2023-04-06,Same Day,CU-10033,Rita Irwin,Home Office,United States,Columbus,Ohio,33880,Central,FUR-CH-1123,Furniture,Chairs,Global Task Chair,3699.41,11,0.0,150.52
US-2025-101724,2024-09-03,2024-09-05,First Class,CU-10061,Maria Kim,Home Office,United States,Houston,Texas,44782,Central,OFF-AR-1124,Office Supplies,Art,Newell Highlighters,218.88,4,0.0,48.86
US-2025-101725,2025-12-03,2025-12-06,Same Day,CU-10051,Paul Bennett,Consumer,United States,New York City,New York,20677,East,OFF-LA-1125,Office Supplies,Labels,Avery Labels,532.4,10,0.0,145.09
US-2025-101726,2024-05-16,2024-05-20,Standard Class,CU-10032,Henry Hughes,Consumer,United States,Phoenix,Arizona,54539,West,TEC-PH-1126,Technology,Phones,Apple iPhone,3748.8,8,0.0,547.5
US-2025-101727,2024-10-23,2024-10-25,Second Class,CU-10019,Elena Nguyen,Corporate,United States,Spokane,Washington,89969,West,TEC-PH-1127,Technology,Phones,Samsung Galaxy,2237.84,5,0.15,411.39
US-2025-101728,2025-03-05,2025-03-12,First Class,CU-10015,Ivy Foster,Consumer,United States,Buffalo,New York,74634,East,OFF-PA-1128,Office Supplies,Paper,HP Paper Ream,42.97,1,0.0,14.79
US-2025-101729,2024-12-15,2024-12-19,Second Class,CU-10030,Rita Parker,Consumer,United States,Springfield,Illinois,27852,Central,TEC-CO-1129,Technology,Copiers,Hewlett Packard Copier,8373.86,11,0.0,-113.84
US-2025-101730,2025-11-15,2025-11-20,First Class,CU-10005,Jack Ward,Consumer,United States,Cleveland,Ohio,12300,Central,TEC-MA-1130,Technology,Machines,Lexmark Printer,1456.34,2,0.0,139.3
US-2025-101731,2025-05-26,2025-06-01,Same Day,CU-10016,Alice Moore,Home Office,United States,Ann Arbor,Michigan,89025,Central,OFF-PA-1131,Office Supplies,Paper,Xerox Paper Ream,202.46,8,0.1,40.54
US-2025-101732,2024-02-21,2024-02-27,Standard Class,CU-10097,Sam Chavez,Consumer,United States,Dallas,Texas,21765,Central,OFF-AR-1132,Office Supplies,Art,Sharpie Markers,495.82,13,0.0,143.94
US-2025-101733,2023-06-09,2023-06-16,Standard Class,CU-10091,Ivy Ortiz,Corporate,United States,Nashville,Tennessee,39626,South,OFF-AR-1133,Office Supplies,Art,Sharpie Markers,245.84,8,0.0,85.71
US-2025-101734,2025-01-03,2025-01-06,First Class,CU-10013,Henry Reed,Consumer,United States,Los Angeles,California,97099,West,TEC-CO-1134,Technology,Copiers,Hewlett Packard Copier,1507.2,5,0.2,145.87
US-2025-101735,2023-11-04,2023-11-11,Same Day,CU-10109,Henry Turner,Consumer,United States,Nashville,Tennessee,97418,South,OFF-BI-1135,Office Supplies,Binders,GBC Binding System,258.08,13,0.3,49.67
US-2025-101736,2025-10-01,2025-10-06,Same Day,CU-10019,Elena Nguyen,Corporate,United States,San Francisco,California,18992,West,FUR-CH-1136,Furniture,Chairs,Hbada Office Chair,3084.24,6,0.0,571.11
US-2025-101737,2025-01-22,2025-01-27,Same Day,CU-10106,Olivia Johnson,Home Office,United States,Worcester,Massachusetts,48457,East,TEC-AC-1137,Technology,Accessories,SanDisk Flash Drive,7032.77,13,0.15,-143.5
US-2025-101738,2025-08-15,2025-08-18,Same Day,CU-10043,Alice Hughes,Corporate,United States,Memphis,Tennessee,41231,South,OFF-AR-1138,Office Supplies,Art,Bic Pens,126.98,13,0.4,12.73
US-2025-101739,2025-07-03,2025-07-08,Second Class,CU-10116,Aaron Quintana,Consumer,United States,Savannah,Georgia,54176,South,TEC-AC-1139,Technology,Accessories,Logitech Mouse,3541.45,11,0.0,-50.66
US-2025-101740,2023-02-18,2023-02-19,Standard Class,CU-10073,Aaron Foster,Consumer,United States,Pittsburgh,Pennsylvania,43816,East,TEC-CO-1140,Technology,Copiers,Hewlett Packard Copier,1984.36,11,0.1,39.68
US-2025-101741,2024-04-29,2024-05-02,Second Class,CU-10104,Elena Quintana,Home Office,United States,Worcester,Massachusetts,29520,East,OFF-AR-1141,Office Supplies,Art,Bic Pens,476.55,9,0.0,150.02
US-2025-101742,2025-08-13,2025-08-15,Standard Class,CU-10019,Elena Nguyen,Corporate,United States,Phoenix,Arizona,84033,West,TEC-PH-1142,Technology,Phones,Cisco IP Phone,1116.43,2,0.1,255.48
US-2025-101743,2025-10-27,2025-11-01,First Class,CU-10051,Paul Bennett,Consumer,United States,Philadelphia,Pennsylvania,10192,East,OFF-BI-1143,Office Supplies,Binders,GBC Binding System,66.4,7,0.4,10.91
US-2025-101744,2023-04-22,2023-04-29,First Class,CU-10020,Carla Quintana,Home Office,United States,Jersey City,New Jersey,31025,East,FUR-TA-1144,Furniture,Tables,Bush Somerset Table,2394.9,6,0.0,264.52
US-2025-101745,2023-10-01,2023-10-03,First Class,CU-10083,Frank Evans,Home Office,United States,San Diego,California,30289,West,OFF-PA-1145,Office Supplies,Paper,HP Paper Ream,367.1,10,0.0,88.26
US-2025-101746,2023-08-14,2023-08-17,First Class,CU-10015,Ivy Foster,Consumer,United States,Boston,Massachusetts,66047,East,OFF-AR-1146,Office Supplies,Art,Newell Highlighters,60.49,4,0.15,14.54
US-2025-101747,2024-11-18,2024-11-25,Standard Class,CU-10075,Quinn Garcia,Corporate,United States,Philadelphia,Pennsylvania,72592,East,OFF-LA-1147,Office Supplies,Labels,Hon Label Maker Tape,53.1,4,0.1,8.46
US-2025-101748,2023-04-04,2023-04-09,First Class,CU-10108,Alice Chavez,Consumer,United States,Philadelphia,Pennsylvania,13010,East,OFF-ST-1148,Office Supplies,Storage,SimpleHouseware Bin,348.53,7,0.0,126.85
US-2025-101749,2025-12-22,2025-12-24,Same Day,CU-10028,Jack Evans,Corporate,United States,Charlotte,North Carolina,51411,South,OFF-BI-1149,Office Supplies,Binders,Wilson Jones Binder,116.78,3,0.1,10.43
US-2025-101750,2025-11-06,2025-11-08,Second Class,CU-10086,Olivia Parker,Consumer,United States,Phoenix,Arizona,77388,West,OFF-BI-1150,Office Supplies,Binders,GBC Binding System,155.69,7,0.4,26.84
US-2025-101751,2024-07-29,2024-08-02,Second Class,CU-10083,Frank Evans,Home Office,United States,Eugene,Oregon,32046,West,OFF-PA-1151,Office Supplies,Paper,Boise Paper,20.18,2,0.4,6.19
US-2025-101752,2025-12-16,2025-12-20,First Class,CU-10097,Sam Chavez,Consumer,United States,Cleveland,Ohio,10276,Central,OFF-PA-1152,Office Supplies,Paper,HP Paper Ream,221.7,10,0.0,29.49
US-2025-101753,2025-08-07,2025-08-12,First Class,CU-10081,Henry Johnson,Consumer,United States,Portland,Oregon,99498,West,FUR-FU-1153,Furniture,Furnishings,Advantus Task Lamp,4751.01,10,0.1,897.67
US-2025-101754,2023-11-08,2023-11-14,Standard Class,CU-10029,Nathan Ortiz,Corporate,United States,Worcester,Massachusetts,33457,East,OFF-AR-1154,Office Supplies,Art,Newell Highlighters,573.84,12,0.0,92.28
US-2025-101755,2024-08-25,2024-08-31,Standard Class,CU-10082,Henry Reed,Corporate,United States,New York City,New York,34373,East,OFF-PA-1155,Office Supplies,Paper,Xerox Paper Ream,53.35,1,0.0,6.78
US-2025-101756,2023-08-17,2023-08-23,First Class,CU-10098,Frank Diaz,Consumer,United States,Raleigh,North Carolina,98303,South,OFF-ST-1156,Office Supplies,Storage,Fellowes Storage Box,462.37,12,0.15,94.23
US-2025-101757,2024-09-03,2024-09-08,Same Day,CU-10071,Elena Johnson,Home Office,United States,Springfield,Illinois,27239,Central,TEC-CO-1157,Technology,Copiers,Canon Copier,7215.6,10,0.0,881.78
US-2025-101758,2025-03-10,2025-03-15,First Class,CU-10054,Ivy Parker,Corporate,United States,Pittsburgh,Pennsylvania,13641,East,TEC-MA-1158,Technology,Machines,Cubify 3D Printer,2293.14,3,0.0,-49.08
US-2025-101759,2025-07-04,2025-07-08,First Class,CU-10026,Grace Kim,Corporate,United States,Philadelphia,Pennsylvania,15662,East,OFF-PA-1159,Office Supplies,Paper,Boise Paper,109.55,7,0.0,11.02
US-2025-101760,2025-09-17,2025-09-19,Standard Class,CU-10008,Jack Diaz,Home Office,United States,Newark,New Jersey,68241,East,TEC-AC-1160,Technology,Accessories,Logitech Mouse,5641.4,10,0.0,-159.41
US-2025-101761,2023-01-29,2023-02-01,First Class,CU-10077,Henry Ortiz,Home Office,United States,Savannah,Georgia,17284,South,FUR-FU-1161,Furniture,Furnishings,Advantus Task Lamp,528.49,1,0.0,9.53
US-2025-101762,2024-08-01,2024-08-04,First Class,CU-10039,Karen Ortiz,Consumer,United States,Tucson,Arizona,23675,West,OFF-AR-1162,Office Supplies,Art,Newell Highlighters,101.02,4,0.1,14.78
US-2025-101763,2023-05-18,2023-05-23,Same Day,CU-10070,Sam Foster,Corporate,United States,Worcester,Massachusetts,47088,East,TEC-CO-1163,Technology,Copiers,Canon Copier,3608.41,7,0.3,-82.96
US-2025-101764,2023-02-07,2023-02-09,Standard Class,CU-10008,Jack Diaz,Home Office,United States,Worcester,Massachusetts,65518,East,TEC-CO-1164,Technology,Copiers,Hewlett Packard Copier,3389.72,4,0.0,89.53
US-2025-101765,2025-05-25,2025-05-31,First Class,CU-10104,Elena Quintana,Home Office,United States,Boston,Massachusetts,27934,East,OFF-PA-1165,Office Supplies,Paper,Boise Paper,65.52,6,0.2,11.23
US-2025-101766,2024-11-25,2024-11-28,Same Day,CU-10111,Nathan Foster,Consumer,United States,Charlotte,North Carolina,27938,South,FUR-FU-1166,Furniture,Furnishings,Eldon Desk Lamp,1420.5,3,0.1,13.82
US-2025-101767,2025-04-10,2025-04-17,First Class,CU-10102,Ivy Garcia,Corporate,United States,Cleveland,Ohio,20510,Central,FUR-BO-1167,Furniture,Bookcases,Sauder Bookcase,690.87,3,0.0,-21.49
US-2025-101768,2025-11-29,2025-12-02,First Class,CU-10072,Sam Silva,Consumer,United States,Savannah,Georgia,26288,South,TEC-MA-1168,Technology,Machines,Cubify 3D Printer,2249.02,4,0.3,580.11
US-2025-101769,2023-02-08,2023-02-10,Same Day,CU-10052,Olivia Quintana,Home Office,United States,Eugene,Oregon,94017,West,FUR-BO-1169,Furniture,Bookcases,Bush Cubix Bookcase,306.09,1,0.2,-6.84
US-2025-101770,2025-11-26,2025-12-02,Standard Class,CU-10093,Carla Irwin,Home Office,United States,Buffalo,New York,35666,East,FUR-CH-1170,Furniture,Chairs,Global Task Chair,4759.45,12,0.1,498.84
US-2025-101771,2023-05-15,2023-05-22,First Class,CU-10068,Leo Bennett,Consumer,United States,Boston,Massachusetts,81828,East,OFF-AR-1171,Office Supplies,Art,Sharpie Markers,13.7,1,0.0,3.41
US-2025-101772,2025-04-03,2025-04-10,Second Class,CU-10053,Olivia Ortiz,Consumer,United States,New York City,New York,60595,East,FUR-CH-1172,Furniture,Chairs,Hbada Office Chair,5939.57,13,0.0,431.63
US-2025-101773,2023-05-29,2023-05-31,Second Class,CU-10116,Aaron Quintana,Consumer,United States,Orlando,Florida,57903,South,OFF-PA-1173,Office Supplies,Paper,HP Paper Ream,174.08,8,0.15,41.85
US-2025-101774,2024-08-11,2024-08-18,First Class,CU-10045,Henry Reed,Home Office,United States,Springfield,Illinois,73624,Central,FUR-TA-1174,Furniture,Tables,Bush Somerset Table,3385.8,10,0.0,-337.05
US-2025-101775,2025-05-11,2025-05-16,Standard Class,CU-10096,Leo Irwin,Home Office,United States,Jersey City,New Jersey,84125,East,OFF-ST-1175,Office Supplies,Storage,SimpleHouseware Bin,181.2,8,0.0,40.66
US-2025-101776,2024-08-21,2024-08-25,First Class,CU-10105,Elena Parker,Consumer,United States,Atlanta,Georgia,26498,South,TEC-CO-1176,Technology,Copiers,Hewlett Packard Copier,3276.0,4,0.0,740.43
US-2025-101777,2024-10-04,2024-10-07,First Class,CU-10014,Jack Johnson,Corporate,United States,Memphis,Tennessee,89256,South,TEC-PH-1177,Technology,Phones,Samsung Galaxy,1156.97,7,0.4,155.92
US-2025-101778,2024-09-05,2024-09-12,Same Day,CU-10014,Jack Johnson,Corporate,United States,Orlando,Florida,25587,South,OFF-PA-1178,Office Supplies,Paper,HP Paper Ream,108.85,7,0.0,34.22
US-2025-101779,2025-04-12,2025-04-17,Second Class,CU-10084,Frank Bennett,Home Office,United States,Chicago,Illinois,82598,Central,FUR-BO-1179,Furniture,Bookcases,Bush Cubix Bookcase,776.76,2,0.0,114.12
US-2025-101780,2023-11-10,2023-11-11,Same Day,CU-10077,Henry Ortiz,Home Office,United States,Memphis,Tennessee,83570,South,FUR-FU-1180,Furniture,Furnishings,Tenex Chairmat,2852.11,13,0.1,-135.63
US-2025-101781,2023-03-16,2023-03-22,Same Day,CU-10076,Rita Garcia,Home Office,United States,Detroit,Michigan,94278,Central,FUR-FU-1181,Furniture,Furnishings,Tenex Chairmat,2169.36,9,0.0,-120.1
US-2025-101782,2024-11-19,2024-11-24,Same Day,CU-10016,Alice Moore,Home Office,United States,Dallas,Texas,51676,Central,TEC-CO-1182,Technology,Copiers,Canon Copier,2210.81,5,0.15,382.05
US-2025-101783,2023-11-29,2023-12-03,Same Day,CU-10038,Frank Foster,Consumer,United States,San Francisco,California,48321,West,OFF-ST-1183,Office Supplies,Storage,Iris File Box,86.26,4,0.1,17.15
US-2025-101784,2025-05-30,2025-06-01,First Class,CU-10098,Frank Diaz,Consumer,United States,Nashville,Tennessee,88757,South,OFF-PA-1184,Office Supplies,Paper,Boise Paper,127.14,3,0.0,24.68
US-2025-101785,2025-07-02,2025-07-08,First Class,CU-10019,Elena Nguyen,Corporate,United States,Eugene,Oregon,96786,West,TEC-MA-1185,Technology,Machines,Zebra Label Printer,7505.6,13,0.15,1799.3
US-2025-101786,2024-04-04,2024-04-05,Standard Class,CU-10059,Derek Diaz,Consumer,United States,Ann Arbor,Michigan,28063,Central,OFF-AR-1186,Office Supplies,Art,Newell Highlighters,128.64,6,0.2,34.26
US-2025-101787,2025-11-18,2025-11-23,Same Day,CU-10023,Henry Silva,Home Office,United States,New York City,New York,64632,East,OFF-ST-1187,Office Supplies,Storage,SimpleHouseware Bin,168.03,9,0.0,24.8
US-2025-101788,2023-10-02,2023-10-09,Standard Class,CU-10091,Ivy Ortiz,Corporate,United States,Memphis,Tennessee,58146,South,OFF-AR-1188,Office Supplies,Art,Sharpie Markers,100.82,2,0.0,10.1
US-2025-101789,2024-11-22,2024-11-27,Standard Class,CU-10015,Ivy Foster,Consumer,United States,Philadelphia,Pennsylvania,43326,East,OFF-BI-1189,Office Supplies,Binders,GBC Binding System,24.71,1,0.2,9.13
US-2025-101790,2023-04-06,2023-04-07,Second Class,CU-10110,Brian Kim,Corporate,United States,Springfield,Illinois,56958,Central,TEC-MA-1190,Technology,Machines,Cubify 3D Printer,4036.99,10,0.15,292.12
US-2025-101791,2025-11-26,2025-12-03,First Class,CU-10065,Karen Moore,Consumer,United States,Buffalo,New York,55053,East,TEC-MA-1191,Technology,Machines,Zebra Label Printer,2913.12,7,0.0,278.74
US-2025-101792,2024-04-20,2024-04-23,First Class,CU-10002,Henry Silva,Consumer,United States,Philadelphia,Pennsylvania,24862,East,OFF-PA-1192,Office Supplies,Paper,Boise Paper,433.19,12,0.1,136.48
US-2025-101793,2024-04-11,2024-04-14,First Class,CU-10041,Carla Reed,Corporate,United States,Miami,Florida,41631,South,TEC-MA-1193,Technology,Machines,Zebra Label Printer,3923.25,5,0.0,423.37
US-2025-101794,2023-01-15,2023-01-17,Standard Class,CU-10073,Aaron Foster,Consumer,United States,Philadelphia,Pennsylvania,16481,East,OFF-AR-1194,Office Supplies,Art,Sharpie Markers,560.56,11,0.0,204.33
US-2025-101795,2023-09-22,2023-09-24,Standard Class,CU-10033,Rita Irwin,Home Office,United States,Chicago,Illinois,60219,Central,OFF-ST-1195,Office Supplies,Storage,Fellowes Storage Box,404.72,8,0.0,127.51
US-2025-101796,2023-06-16,2023-06-20,Same Day,CU-10005,Jack Ward,Consumer,United States,Springfield,Illinois,69703,Central,OFF-PA-1196,Office Supplies,Paper,HP Paper Ream,327.6,10,0.0,97.61
US-2025-101797,2024-02-19,2024-02-26,First Class,CU-10059,Derek Diaz,Consumer,United States,Cleveland,Ohio,74832,Central,OFF-AR-1197,Office Supplies,Art,Newell Highlighters,279.27,9,0.0,102.21
US-2025-101798,2025-08-04,2025-08-09,Second Class,CU-10079,Jack Quintana,Home Office,United States,Spokane,Washington,78029,West,FUR-TA-1198,Furniture,Tables,Bush Somerset Table,890.0,5,0.0,-83.3
US-2025-101799,2025-08-04,2025-08-06,First Class,CU-10050,Paul Evans,Home Office,United States,Worcester,Massachusetts,44098,East,FUR-FU-1199,Furniture,Furnishings,Eldon Desk Lamp,2244.41,10,0.3,101.73
US-2025-101800,2025-05-01,2025-05-04,Standard Class,CU-10089,Rita Lopez,Corporate,United States,Phoenix,Arizona,21333,West,TEC-PH-1200,Technology,Phones,Samsung Galaxy,1912.53,3,0.0,2.64
US-2025-101801,2024-03-28,2024-03-30,First Class,CU-10036,Ivy Diaz,Corporate,United States,Boston,Massachusetts,90415,East,FUR-TA-1201,Furniture,Tables,Bush Somerset Table,989.01,7,0.15,136.47
US-2025-101802,2023-08-18,2023-08-25,Standard Class,CU-10091,Ivy Ortiz,Corporate,United States,Atlanta,Georgia,72477,South,TEC-MA-1202,Technology,Machines,Lexmark Printer,480.7,2,0.0,95.22
US-2025-101803,2025-04-17,2025-04-24,Same Day,CU-10086,Olivia Parker,Consumer,United States,Spokane,Washington,80482,West,OFF-PA-1203,Office Supplies,Paper,Boise Paper,142.63,11,0.4,31.92
US-2025-101804,2024-02-29,2024-03-06,Standard Class,CU-10095,Maria Nguyen,Home Office,United States,Chicago,Illinois,97319,Central,OFF-AR-1204,Office Supplies,Art,Sharpie Markers,470.45,11,0.1,63.72
US-2025-101805,2024-02-13,2024-02-20,Same Day,CU-10042,Leo Parker,Home Office,United States,Eugene,Oregon,69960,West,OFF-LA-1205,Office Supplies,Labels,Avery Labels,160.35,5,0.0,37.64
US-2025-101806,2024-04-18,2024-04-19,Same Day,CU-10044,Olivia Reed,Corporate,United States,Seattle,Washington,21778,West,TEC-AC-1206,Technology,Accessories,Logitech Mouse,3870.78,13,0.2,83.73
US-2025-101807,2023-10-29,2023-11-04,First Class,CU-10063,Alice Quintana,Home Office,United States,Springfield,Illinois,24961,Central,OFF-AR-1207,Office Supplies,Art,Sharpie Markers,107.46,3,0.0,16.51
US-2025-101808,2025-10-11,2025-10-14,First Class,CU-10091,Ivy Ortiz,Corporate,United States,Memphis,Tennessee,86662,South,OFF-BI-1208,Office Supplies,Binders,GBC Binding System,282.96,8,0.0,76.16
US-2025-101809,2024-05-21,2024-05-23,Standard Class,CU-10028,Jack Evans,Corporate,United States,Memphis,Tennessee,13351,South,OFF-BI-1209,Office Supplies,Binders,Avery Binder,146.3,7,0.0,13.53
US-2025-101810,2025-06-01,2025-06-06,Same Day,CU-10082,Henry Reed,Corporate,United States,Buffalo,New York,45983,East,TEC-CO-1210,Technology,Copiers,Canon Copier,1247.36,4,0.0,292.47
US-2025-101811,2024-01-17,2024-01-18,Same Day,CU-10099,Frank Ward,Home Office,United States,Worcester,Massachusetts,53436,East,OFF-ST-1211,Office Supplies,Storage,SimpleHouseware Bin,622.92,12,0.0,100.92
US-2025-101812,2025-08-21,2025-08-23,First Class,CU-10041,Carla Reed,Corporate,United States,Savannah,Georgia,29036,South,OFF-PA-1212,Office Supplies,Paper,Xerox Paper Ream,429.6,10,0.2,41.17
US-2025-101813,2023-06-01,2023-06-05,First Class,CU-10094,Derek Hughes,Corporate,United States,Springfield,Illinois,71067,Central,TEC-PH-1213,Technology,Phones,Apple iPhone,1224.75,5,0.0,322.31
US-2025-101814,2023-04-10,2023-04-12,Standard Class,CU-10005,Jack Ward,Consumer,United States,Cleveland,Ohio,91654,Central,FUR-FU-1214,Furniture,Furnishings,Tenex Chairmat,3301.28,9,0.15,-181.4
US-2025-101815,2024-04-28,2024-05-01,Standard Class,CU-10035,Olivia Evans,Corporate,United States,Tampa,Florida,82900,South,OFF-BI-1215,Office Supplies,Binders,GBC Binding System,36.5,1,0.2,2.7
US-2025-101816,2024-03-20,2024-03-27,Second Class,CU-10094,Derek Hughes,Corporate,United States,Houston,Texas,36320,Central,TEC-AC-1216,Technology,Accessories,Logitech Mouse,4186.03,11,0.3,763.45
US-2025-101817,2025-08-09,2025-08-11,First Class,CU-10049,Leo Diaz,Corporate,United States,Newark,New Jersey,31389,East,OFF-PA-1217,Office Supplies,Paper,Boise Paper,123.47,3,0.15,20.92
US-2025-101818,2025-04-01,2025-04-02,First Class,CU-10083,Frank Evans,Home Office,United States,San Diego,California,43082,West,FUR-TA-1218,Furniture,Tables,Bretford Conference Table,3167.19,13,0.0,495.98
US-2025-101819,2023-01-24,2023-01-27,Standard Class,CU-10045,Henry Reed,Home Office,United States,Dallas,Texas,80134,Central,OFF-AR-1219,Office Supplies,Art,Newell Highlighters,345.84,11,0.2,88.8
US-2025-101820,2023-02-19,2023-02-24,Standard Class,CU-10025,Olivia Evans,Corporate,United States,Philadelphia,Pennsylvania,20019,East,OFF-AR-1220,Office Supplies,Art,Bic Pens,42.19,1,0.0,9.81
US-2025-101821,2023-12-23,2023-12-24,First Class,CU-10085,Brian Chavez,Consumer,United States,Houston,Texas,82781,Central,FUR-BO-1221,Furniture,Bookcases,Bush Cubix Bookcase,725.3,2,0.0,140.87
US-2025-101822,2024-02-15,2024-02-17,First Class,CU-10028,Jack Evans,Corporate,United States,Savannah,Georgia,73453,South,OFF-ST-1222,Office Supplies,Storage,Fellowes Storage Box,258.11,7,0.1,45.72
US-2025-101823,2025-10-15,2025-10-18,First Class,CU-10097,Sam Chavez,Consumer,United States,Ann Arbor,Michigan,80755,Central,OFF-LA-1223,Office Supplies,Labels,Hon Label Maker Tape,517.77,11,0.0,49.87
US-2025-101824,2023-02-14,2023-02-17,Standard Class,CU-10062,Quinn Moore,Consumer,United States,Tampa,Florida,70055,South,OFF-AR-1224,Office Supplies,Art,Newell Highlighters,108.62,2,0.0,24.25
US-2025-101825,2023-08-18,2023-08-19,Second Class,CU-10055,Elena Quintana,Corporate,United States,Cleveland,Ohio,43187,Central,OFF-AR-1225,Office Supplies,Art,Sharpie Markers,260.09,7,0.3,26.94
US-2025-101826,2025-11-15,2025-11-19,First Class,CU-10030,Rita Parker,Consumer,United States,Detroit,Michigan,42030,Central,OFF-LA-1226,Office Supplies,Labels,Avery Labels,342.84,12,0.0,86.73
US-2025-101827,2024-12-14,2024-12-19,First Class,CU-10001,Maria Johnson,Corporate,United States,Savannah,Georgia,81630,South,TEC-CO-1227,Technology,Copiers,Canon Copier,1859.15,4,0.15,32.64
US-2025-101828,2025-04-04,2025-04-09,Same Day,CU-10010,Jack Irwin,Consumer,United States,San Diego,California,44042,West,OFF-LA-1228,Office Supplies,Labels,Hon Label Maker Tape,53.04,3,0.15,18.6
US-2025-101829,2024-05-09,2024-05-10,First Class,CU-10112,Nathan Hughes,Consumer,United States,San Diego,California,58701,West,OFF-AR-1229,Office Supplies,Art,Sharpie Markers,160.92,6,0.0,42.33
US-2025-101830,2024-02-20,2024-02-22,Standard Class,CU-10119,Frank Nguyen,Home Office,United States,Pittsburgh,Pennsylvania,66612,East,OFF-ST-1230,Office Supplies,Storage,Iris File Box,38.04,2,0.0,5.81
US-2025-101831,2023-06-09,2023-06-12,Same Day,CU-10037,Maria Kim,Home Office,United States,New York City,New York,27405,East,OFF-AR-1231,Office Supplies,Art,Newell Highlighters,140.61,3,0.0,48.44
US-2025-101832,2024-06-06,2024-06-13,Same Day,CU-10075,Quinn Garcia,Corporate,United States,Worcester,Massachusetts,73073,East,OFF-BI-1232,Office Supplies,Binders,Avery Binder,302.04,9,0.0,106.67
US-2025-101833,2023-12-29,2024-01-05,Same Day,CU-10119,Frank Nguyen,Home Office,United States,Worcester,Massachusetts,62430,East,TEC-CO-1233,Technology,Copiers,Hewlett Packard Copier,6504.87,9,0.1,-48.22
US-2025-101834,2025-11-01,2025-11-02,Second Class,CU-10028,Jack Evans,Corporate,United States,Memphis,Tennessee,64396,South,OFF-AR-1234,Office Supplies,Art,Bic Pens,103.26,3,0.0,28.15
US-2025-101835,2023-09-22,2023-09-26,First Class,CU-10067,Olivia Hughes,Corporate,United States,Atlanta,Georgia,13428,South,OFF-ST-1235,Office Supplies,Storage,Iris File Box,515.2,12,0.15,85.47
US-2025-101836,2025-04-18,2025-04-25,Second Class,CU-10012,Olivia Nguyen,Consumer,United States,Phoenix,Arizona,98433,West,OFF-BI-1236,Office Supplies,Binders,Wilson Jones Binder,56.43,6,0.5,19.75
US-2025-101837,2024-08-11,2024-08-13,Standard Class,CU-10043,Alice Hughes,Corporate,United States,Atlanta,Georgia,87373,South,OFF-LA-1237,Office Supplies,Labels,Hon Label Maker Tape,206.76,6,0.0,52.4
US-2025-101838,2024-11-23,2024-11-24,Second Class,CU-10001,Maria Johnson,Corporate,United States,Orlando,Florida,68011,South,OFF-ST-1238,Office Supplies,Storage,SimpleHouseware Bin,58.18,5,0.15,8.31
US-2025-101839,2024-10-12,2024-10-16,Standard Class,CU-10004,Derek Chavez,Corporate,United States,Pittsburgh,Pennsylvania,54186,East,OFF-ST-1239,Office Supplies,Storage,Iris File Box,289.52,8,0.0,57.62
US-2025-101840,2025-11-11,2025-11-15,First Class,CU-10088,Nathan Evans,Consumer,United States,Springfield,Illinois,69309,Central,TEC-PH-1240,Technology,Phones,Cisco IP Phone,1472.26,2,0.1,-22.57
US-2025-101841,2023-08-13,2023-08-16,Second Class,CU-10070,Sam Foster,Corporate,United States,Boston,Massachusetts,24404,East,TEC-CO-1241,Technology,Copiers,Canon Copier,5940.29,8,0.1,1381.35
US-2025-101842,2025-08-15,2025-08-22,First Class,CU-10059,Derek Diaz,Consumer,United States,Cleveland,Ohio,74127,Central,TEC-MA-1242,Technology,Machines,Lexmark Printer,7359.48,9,0.0,998.69
US-2025-101843,2024-07-16,2024-07-17,First Class,CU-10019,Elena Nguyen,Corporate,United States,Tucson,Arizona,53692,West,OFF-AR-1243,Office Supplies,Art,Newell Highlighters,130.03,9,0.2,42.89
US-2025-101844,2025-11-06,2025-11-10,Same Day,CU-10016,Alice Moore,Home Office,United States,Springfield,Illinois,83278,Central,TEC-MA-1244,Technology,Machines,Cubify 3D Printer,1895.76,4,0.0,316.62
US-2025-101845,2023-11-10,2023-11-12,Standard Class,CU-10080,Sam Ortiz,Consumer,United States,Atlanta,Georgia,66257,South,FUR-BO-1245,Furniture,Bookcases,Bush Cubix Bookcase,2728.5,6,0.0,-229.24
US-2025-101846,2025-03-30,2025-04-05,First Class,CU-10096,Leo Irwin,Home Office,United States,Philadelphia,Pennsylvania,18053,East,TEC-PH-1246,Technology,Phones,Samsung Galaxy,603.68,1,0.2,142.71
US-2025-101847,2024-12-10,2024-12-11,First Class,CU-10031,Grace Ward,Consumer,United States,Worcester,Massachusetts,70814,East,OFF-ST-1247,Office Supplies,Storage,Fellowes Storage Box,107.93,8,0.1,38.16
US-2025-101848,2023-08-20,2023-08-24,Standard Class,CU-10052,Olivia Quintana,Home Office,United States,Phoenix,Arizona,29405,West,FUR-TA-1248,Furniture,Tables,Bush Somerset Table,1353.33,9,0.0,114.63
US-2025-101849,2025-09-06,2025-09-07,Second Class,CU-10090,Rita Evans,Corporate,United States,Charlotte,North Carolina,80767,South,OFF-PA-1249,Office Supplies,Paper,Boise Paper,116.68,4,0.3,11.2
US-2025-101850,2025-06-05,2025-06-07,Standard Class,CU-10110,Brian Kim,Corporate,United States,Chicago,Illinois,94113,Central,FUR-CH-1250,Furniture,Chairs,HON Executive Chair,383.87,1,0.15,76.41
US-2025-101851,2025-09-04,2025-09-08,Same Day,CU-10016,Alice Moore,Home Office,United States,Dallas,Texas,90417,Central,OFF-BI-1251,Office Supplies,Binders,GBC Binding System,286.68,12,0.0,57.82
US-2025-101852,2025-09-27,2025-10-01,Standard Class,CU-10078,Brian Moore,Home Office,United States,Newark,New Jersey,34085,East,OFF-ST-1252,Office Supplies,Storage,SimpleHouseware Bin,230.32,6,0.15,45.96
US-2025-101853,2025-07-24,2025-07-25,Same Day,CU-10065,Karen Moore,Consumer,United States,New York City,New York,99487,East,FUR-BO-1253,Furniture,Bookcases,Bush Cubix Bookcase,3615.47,9,0.15,422.9
US-2025-101854,2024-10-05,2024-10-12,Standard Class,CU-10084,Frank Bennett,Home Office,United States,Springfield,Illinois,65209,Central,FUR-BO-1254,Furniture,Bookcases,O'Sullivan Bookcase,2022.0,12,0.0,119.51
US-2025-101855,2024-09-21,2024-09-26,Second Class,CU-10109,Henry Turner,Consumer,United States,Nashville,Tennessee,97995,South,TEC-AC-1255,Technology,Accessories,Kensington Keyboard,1411.38,2,0.1,52.05
US-2025-101856,2024-10-14,2024-10-21,Same Day,CU-10056,Karen Kim,Home Office,United States,Memphis,Tennessee,98283,South,OFF-LA-1256,Office Supplies,Labels,Avery Labels,48.65,3,0.2,15.47
US-2025-101857,2024-07-11,2024-07-17,First Class,CU-10050,Paul Evans,Home Office,United States,Jersey City,New Jersey,71540,East,FUR-BO-1257,Furniture,Bookcases,O'Sullivan Bookcase,3159.17,7,0.0,551.77
US-2025-101858,2025-02-18,2025-02-21,Same Day,CU-10053,Olivia Ortiz,Consumer,United States,Worcester,Massachusetts,78470,East,TEC-AC-1258,Technology,Accessories,Kensington Keyboard,2805.66,6,0.0,368.58
US-2025-101859,2024-04-02,2024-04-09,First Class,CU-10033,Rita Irwin,Home Office,United States,Detroit,Michigan,95479,Central,TEC-PH-1259,Technology,Phones,Samsung Galaxy,387.53,2,0.15,93.69
US-2025-101860,2025-07-06,2025-07-12,First Class,CU-10027,Ivy Bennett,Corporate,United States,Miami,Florida,61058,South,FUR-BO-1260,Furniture,Bookcases,Bush Cubix Bookcase,2656.56,8,0.0,104.8
US-2025-101861,2024-02-09,2024-02-15,Same Day,CU-10045,Henry Reed,Home Office,United States,Springfield,Illinois,77975,Central,OFF-PA-1261,Office Supplies,Paper,Xerox Paper Ream,215.91,9,0.0,76.37
US-2025-101862,2024-10-23,2024-10-25,Same Day,CU-10058,Aaron Diaz,Consumer,United States,Portland,Oregon,81780,West,FUR-TA-1262,Furniture,Tables,Bretford Conference Table,1594.8,3,0.0,-67.89
US-2025-101863,2025-04-04,2025-04-08,First Class,CU-10003,Alice Ortiz,Corporate,United States,Charlotte,North Carolina,11936,South,FUR-CH-1263,Furniture,Chairs,Hbada Office Chair,1454.06,3,0.1,217.13
US-2025-101864,2025-04-26,2025-05-02,First Class,CU-10110,Brian Kim,Corporate,United States,Springfield,Illinois,21201,Central,OFF-AR-1264,Office Supplies,Art,Newell Highlighters,126.09,9,0.0,39.04
US-2025-101865,2025-02-24,2025-02-25,Standard Class,CU-10001,Maria Johnson,Corporate,United States,Nashville,Tennessee,58761,South,OFF-PA-1265,Office Supplies,Paper,HP Paper Ream,486.2,11,0.0,115.85
US-2025-101866,2024-03-05,2024-03-08,First Class,CU-10054,Ivy Parker,Corporate,United States,Boston,Massachusetts,22696,East,FUR-FU-1266,Furniture,Furnishings,Advantus Task Lamp,874.52,2,0.0,121.18
US-2025-101867,2024-10-08,2024-10-09,Same Day,CU-10030,Rita Parker,Consumer,United States,Columbus,Ohio,35096,Central,FUR-FU-1267,Furniture,Furnishings,Advantus Task Lamp,3465.0,12,0.0,183.67
US-2025-101868,2025-04-27,2025-05-02,Same Day,CU-10017,Quinn Chavez,Consumer,United States,Springfield,Illinois,98440,Central,FUR-CH-1268,Furniture,Chairs,HON Executive Chair,5701.41,11,0.0,197.63
US-2025-101869,2025-05-13,2025-05-14,Second Class,CU-10008,Jack Diaz,Home Office,United States,Worcester,Massachusetts,25290,East,TEC-AC-1269,Technology,Accessories,Kensington Keyboard,1605.56,4,0.0,-40.16
US-2025-101870,2024-12-11,2024-12-18,First Class,CU-10094,Derek Hughes,Corporate,United States,Dallas,Texas,84294,Central,OFF-BI-1270,Office Supplies,Binders,GBC Binding System,214.68,6,0.0,65.93
US-2025-101871,2023-02-25,2023-02-27,Standard Class,CU-10000,Alice Quintana,Consumer,United States,Nashville,Tennessee,35786,South,OFF-PA-1271,Office Supplies,Paper,HP Paper Ream,655.33,13,0.0,141.84
US-2025-101872,2025-07-15,2025-07-19,Same Day,CU-10067,Olivia Hughes,Corporate,United States,Charlotte,North Carolina,38181,South,TEC-PH-1272,Technology,Phones,Apple iPhone,2126.32,10,0.2,410.6
US-2025-101873,2023-11-16,2023-11-20,First Class,CU-10060,Henry Ortiz,Corporate,United States,Memphis,Tennessee,55325,South,OFF-LA-1273,Office Supplies,Labels,Avery Labels,220.77,9,0.5,20.14
US-2025-101874,2025-03-17,2025-03-24,Same Day,CU-10069,Frank Johnson,Consumer,United States,Austin,Texas,35485,Central,OFF-ST-1274,Office Supplies,Storage,Iris File Box,305.48,7,0.0,93.36
US-2025-101875,2024-07-26,2024-08-01,First Class,CU-10070,Sam Foster,Corporate,United States,Philadelphia,Pennsylvania,98855,East,TEC-PH-1275,Technology,Phones,Samsung Galaxy,4801.61,11,0.0,704.34
US-2025-101876,2023-09-16,2023-09-19,Same Day,CU-10019,Elena Nguyen,Corporate,United States,Tucson,Arizona,95021,West,OFF-PA-1276,Office Supplies,Paper,HP Paper Ream,56.38,5,0.3,6.72
US-2025-101877,2025-06-15,2025-06-16,Same Day,CU-10100,Grace Turner,Corporate,United States,Chicago,Illinois,14484,Central,OFF-LA-1277,Office Supplies,Labels,Avery Labels,112.98,3,0.0,37.55
US-2025-101878,2023-04-25,2023-04-29,Same Day,CU-10013,Henry Reed,Consumer,United States,San Diego,California,88625,West,TEC-AC-1278,Technology,Accessories,Logitech Mouse,4980.47,11,0.0,31.42
US-2025-101879,2024-12-30,2024-12-31,Standard Class,CU-10071,Elena Johnson,Home Office,United States,Columbus,Ohio,62526,Central,TEC-MA-1279,Technology,Machines,Zebra Label Printer,2808.58,7,0.3,732.73
US-2025-101880,2025-01-15,2025-01-21,Standard Class,CU-10001,Maria Johnson,Corporate,United States,Charlotte,North Carolina,75890,South,FUR-CH-1280,Furniture,Chairs,Hbada Office Chair,4226.1,10,0.0,-130.92
US-2025-101881,2024-10-06,2024-10-08,Second Class,CU-10065,Karen Moore,Consumer,United States,Newark,New Jersey,76945,East,OFF-AR-1281,Office Supplies,Art,Newell Highlighters,113.4,4,0.0,28.59
US-2025-101882,2025-10-09,2025-10-16,Same Day,CU-10110,Brian Kim,Corporate,United States,Austin,Texas,39385,Central,OFF-AR-1282,Office Supplies,Art,Newell Highlighters,155.63,11,0.1,36.51
US-2025-101883,2025-03-06,2025-03-13,Second Class,CU-10054,Ivy Parker,Corporate,United States,New York City,New York,88097,East,OFF-BI-1283,Office Supplies,Binders,Avery Binder,166.18,7,0.0,19.46
US-2025-101884,2024-10-08,2024-10-12,Second Class,CU-10061,Maria Kim,Home Office,United States,Austin,Texas,28979,Central,TEC-MA-1284,Technology,Machines,Zebra Label Printer,2667.49,12,0.1,42.39
US-2025-101885,2024-12-16,2024-12-23,Same Day,CU-10030,Rita Parker,Consumer,United States,Detroit,Michigan,95220,Central,TEC-PH-1285,Technology,Phones,Cisco IP Phone,6183.58,10,0.15,755.45
US-2025-101886,2024-08-10,2024-08-12,Second Class,CU-10049,Leo Diaz,Corporate,United States,Jersey City,New Jersey,31642,East,TEC-MA-1286,Technology,Machines,Lexmark Printer,841.33,2,0.15,53.59
US-2025-101887,2024-04-23,2024-04-25,Second Class,CU-10007,Nathan Quintana,Corporate,United States,Eugene,Oregon,89476,West,OFF-PA-1287,Office Supplies,Paper,Xerox Paper Ream,356.86,8,0.15,44.82
US-2025-101888,2023-10-08,2023-10-14,Standard Class,CU-10079,Jack Quintana,Home Office,United States,Eugene,Oregon,30794,West,FUR-TA-1288,Furniture,Tables,Bush Somerset Table,3453.0,10,0.0,-335.01
US-2025-101889,2023-08-21,2023-08-26,Standard Class,CU-10050,Paul Evans,Home Office,United States,New York City,New York,83208,East,TEC-AC-1289,Technology,Accessories,SanDisk Flash Drive,1278.75,5,0.0,98.94
US-2025-101890,2025-02-22,2025-02-27,Same Day,CU-10021,Nathan Irwin,Consumer,United States,Nashville,Tennessee,40825,South,FUR-FU-1290,Furniture,Furnishings,Eldon Desk Lamp,3232.7,10,0.0,-7.52
US-2025-101891,2023-09-24,2023-09-29,Standard Class,CU-10074,Paul Chavez,Consumer,United States,Eugene,Oregon,35408,West,FUR-CH-1291,Furniture,Chairs,Global Task Chair,3162.53,8,0.1,-312.79
US-2025-101892,2023-03-22,2023-03-28,First Class,CU-10044,Olivia Reed,Corporate,United States,Portland,Oregon,95221,West,OFF-BI-1292,Office Supplies,Binders,GBC Binding System,241.32,6,0.0,61.88
US-2025-101893,2024-06-05,2024-06-08,First Class,CU-10113,Paul Moore,Corporate,United States,Spokane,Washington,25656,West,FUR-BO-1293,Furniture,Bookcases,Bush Cubix Bookcase,7014.67,13,0.0,1193.92
US-2025-101894,2025-11-11,2025-11-15,First Class,CU-10076,Rita Garcia,Home Office,United States,Columbus,Ohio,10930,Central,OFF-PA-1294,Office Supplies,Paper,Boise Paper,93.33,9,0.5,12.24
US-2025-101895,2023-08-15,2023-08-22,First Class,CU-10002,Henry Silva,Consumer,United States,Philadelphia,Pennsylvania,51187,East,OFF-PA-1295,Office Supplies,Paper,Boise Paper,23.74,1,0.0,5.37
US-2025-101896,2023-04-08,2023-04-15,First Class,CU-10102,Ivy Garcia,Corporate,United States,Ann Arbor,Michigan,27570,Central,TEC-MA-1296,Technology,Machines,Cubify 3D Printer,8474.06,12,0.15,249.83
US-2025-101897,2025-09-18,2025-09-25,Standard Class,CU-10000,Alice Quintana,Consumer,United States,Charlotte,North Carolina,74311,South,TEC-CO-1297,Technology,Copiers,Canon Copier,830.95,3,0.4,-20.05
US-2025-101898,2025-10-12,2025-10-19,Second Class,CU-10086,Olivia Parker,Consumer,United States,San Diego,California,43834,West,OFF-PA-1298,Office Supplies,Paper,Xerox Paper Ream,374.33,11,0.0,40.49
US-2025-101899,2024-04-17,2024-04-20,Same Day,CU-10065,Karen Moore,Consumer,United States,New York City,New York,23411,East,FUR-FU-1299,Furniture,Furnishings,Eldon Desk Lamp,5115.43,11,0.1,448.14
US-2025-101900,2024-01-22,2024-01-26,Second Class,CU-10031,Grace Ward,Consumer,United States,Pittsburgh,Pennsylvania,23107,East,OFF-PA-1300,Office Supplies,Paper,Xerox Paper Ream,21.82,1,0.1,4.51
US-2025-101901,2025-07-29,2025-07-30,Same Day,CU-10057,Jack Moore,Corporate,United States,Pittsburgh,Pennsylvania,57486,East,OFF-ST-1301,Office Supplies,Storage,Fellowes Storage Box,38.58,2,0.5,9.47
US-2025-101902,2023-09-18,2023-09-23,First Class,CU-10109,Henry Turner,Consumer,United States,Memphis,Tennessee,91236,South,FUR-FU-1302,Furniture,Furnishings,Tenex Chairmat,444.21,3,0.15,-38.35
US-2025-101903,2023-01-18,2023-01-19,First Class,CU-10111,Nathan Foster,Consumer,United States,Raleigh,North Carolina,75724,South,OFF-PA-1303,Office Supplies,Paper,Xerox Paper Ream,265.98,6,0.0,52.23
US-2025-101904,2025-06-23,2025-06-30,Same Day,CU-10012,Olivia Nguyen,Consumer,United States,Tucson,Arizona,23523,West,OFF-AR-1304,Office Supplies,Art,Sharpie Markers,278.63,12,0.3,86.62
US-2025-101905,2023-02-05,2023-02-06,Same Day,CU-10017,Quinn Chavez,Consumer,United States,Columbus,Ohio,12557,Central,OFF-AR-1305,Office Supplies,Art,Sharpie Markers,463.84,13,0.0,111.08
US-2025-101906,2023-09-01,2023-09-06,Standard Class,CU-10068,Leo Bennett,Consumer,United States,Worcester,Massachusetts,54193,East,TEC-PH-1306,Technology,Phones,Cisco IP Phone,2394.92,11,0.2,476.74
US-2025-101907,2025-11-07,2025-11-09,Standard Class,CU-10003,Alice Ortiz,Corporate,United States,Atlanta,Georgia,96033,South,OFF-AR-1307,Office Supplies,Art,Bic Pens,221.26,5,0.15,64.35
US-2025-101908,2024-09-13,2024-09-14,Standard Class,CU-10074,Paul Chavez,Consumer,United States,San Francisco,California,60621,West,OFF-AR-1308,Office Supplies,Art,Newell Highlighters,91.4,2,0.0,21.31
US-2025-101909,2023-09-30,2023-10-05,First Class,CU-10113,Paul Moore,Corporate,United States,Spokane,Washington,38433,West,TEC-PH-1309,Technology,Phones,Apple iPhone,6860.75,13,0.0,989.74
US-2025-101910,2024-06-23,2024-06-25,Second Class,CU-10087,Maria Kim,Consumer,United States,Tampa,Florida,23124,South,OFF-BI-1310,Office Supplies,Binders,Wilson Jones Binder,192.2,4,0.0,38.11
US-2025-101911,2023-12-20,2023-12-27,Second Class,CU-10117,Ivy Parker,Home Office,United States,Buffalo,New York,35969,East,OFF-PA-1311,Office Supplies,Paper,Boise Paper,465.5,10,0.0,81.01
US-2025-101912,2023-12-07,2023-12-11,Same Day,CU-10032,Henry Hughes,Consumer,United States,Spokane,Washington,76180,West,FUR-CH-1312,Furniture,Chairs,Hbada Office Chair,1959.75,13,0.0,345.75
US-2025-101913,2024-07-02,2024-07-07,Same Day,CU-10109,Henry Turner,Consumer,United States,Raleigh,North Carolina,59078,South,TEC-PH-1313,Technology,Phones,Samsung Galaxy,3400.92,4,0.0,536.02
US-2025-101914,2024-08-27,2024-08-29,Same Day,CU-10072,Sam Silva,Consumer,United States,Atlanta,Georgia,52369,South,FUR-FU-1314,Furniture,Furnishings,Advantus Task Lamp,2931.79,13,0.1,251.14
US-2025-101915,2025-01-18,2025-01-23,Standard Class,CU-10095,Maria Nguyen,Home Office,United States,Columbus,Ohio,64602,Central,OFF-AR-1315,Office Supplies,Art,Bic Pens,236.64,8,0.0,27.9
US-2025-101916,2024-11-30,2024-12-07,Second Class,CU-10035,Olivia Evans,Corporate,United States,Miami,Florida,80102,South,OFF-ST-1316,Office Supplies,Storage,Iris File Box,301.65,8,0.15,86.71
US-2025-101917,2023-09-16,2023-09-17,First Class,CU-10053,Olivia Ortiz,Consumer,United States,Newark,New Jersey,96660,East,TEC-MA-1317,Technology,Machines,Zebra Label Printer,3004.43,11,0.0,320.17
US-2025-101918,2023-02-22,2023-02-23,Same Day,CU-10110,Brian Kim,Corporate,United States,Cleveland,Ohio,83631,Central,OFF-PA-1318,Office Supplies,Paper,Xerox Paper Ream,173.88,9,0.15,16.93
US-2025-101919,2024-04-21,2024-04-23,Same Day,CU-10050,Paul Evans,Home Office,United States,Jersey City,New Jersey,84374,East,OFF-PA-1319,Office Supplies,Paper,Boise Paper,146.72,4,0.0,26.75
US-2025-101920,2025-08-15,2025-08-19,Second Class,CU-10039,Karen Ortiz,Consumer,United States,Spokane,Washington,47897,West,OFF-AR-1320,Office Supplies,Art,Sharpie Markers,213.41,12,0.4,71.08
US-2025-101921,2023-10-01,2023-10-04,First Class,CU-10088,Nathan Evans,Consumer,United States,Columbus,Ohio,27014,Central,FUR-FU-1321,Furniture,Furnishings,Tenex Chairmat,636.34,4,0.15,72.75
US-2025-101922,2024-09-27,2024-10-01,First Class,CU-10011,Carla Turner,Corporate,United States,Ann Arbor,Michigan,27408,Central,FUR-FU-1322,Furniture,Furnishings,Advantus Task Lamp,982.94,4,0.1,-58.07
US-2025-101923,2023-07-30,2023-08-05,First Class,CU-10063,Alice Quintana,Home Office,United States,Columbus,Ohio,15384,Central,OFF-BI-1323,Office Supplies,Binders,GBC Binding System,55.82,2,0.0,5.78
US-2025-101924,2025-03-30,2025-04-06,Standard Class,CU-10043,Alice Hughes,Corporate,United States,Memphis,Tennessee,65183,South,OFF-BI-1324,Office Supplies,Binders,Wilson Jones Binder,75.09,2,0.2,19.15
US-2025-101925,2024-05-13,2024-05-16,First Class,CU-10093,Carla Irwin,Home Office,United States,New York City,New York,81578,East,FUR-CH-1325,Furniture,Chairs,Hbada Office Chair,2923.11,9,0.0,223.6
US-2025-101926,2025-04-15,2025-04-20,Same Day,CU-10002,Henry Silva,Consumer,United States,Jersey City,New Jersey,46342,East,FUR-FU-1326,Furniture,Furnishings,Tenex Chairmat,2692.08,9,0.0,521.92
US-2025-101927,2023-01-05,2023-01-08,Standard Class,CU-10052,Olivia Quintana,Home Office,United States,San Francisco,California,53567,West,TEC-CO-1327,Technology,Copiers,Hewlett Packard Copier,584.71,1,0.0,108.02
US-2025-101928,2023-03-24,2023-03-25,Same Day,CU-10069,Frank Johnson,Consumer,United States,Cleveland,Ohio,59020,Central,OFF-LA-1328,Office Supplies,Labels,Hon Label Maker Tape,52.67,1,0.0,11.19
US-2025-101929,2024-12-18,2024-12-20,First Class,CU-10038,Frank Foster,Consumer,United States,Los Angeles,California,47135,West,FUR-BO-1329,Furniture,Bookcases,Bush Cubix Bookcase,3380.02,7,0.0,372.43
US-2025-101930,2024-03-20,2024-03-21,Same Day,CU-10003,Alice Ortiz,Corporate,United States,Charlotte,North Carolina,94584,South,OFF-PA-1330,Office Supplies,Paper,Xerox Paper Ream,142.87,5,0.3,20.48
US-2025-101931,2023-03-05,2023-03-07,Same Day,CU-10017,Quinn Chavez,Consumer,United States,Austin,Texas,90317,Central,TEC-PH-1331,Technology,Phones,Samsung Galaxy,6580.3,9,0.15,617.16
US-2025-101932,2023-03-19,2023-03-26,First Class,CU-10028,Jack Evans,Corporate,United States,Memphis,Tennessee,27629,South,TEC-AC-1332,Technology,Accessories,Kensington Keyboard,1218.36,3,0.5,206.56
US-2025-101933,2024-06-01,2024-06-03,First Class,CU-10043,Alice Hughes,Corporate,United States,Nashville,Tennessee,26452,South,TEC-CO-1333,Technology,Copiers,Canon Copier,4935.02,13,0.3,93.01
US-2025-101934,2024-05-02,2024-05-06,Standard Class,CU-10111,Nathan Foster,Consumer,United States,Atlanta,Georgia,28170,South,TEC-MA-1334,Technology,Machines,Zebra Label Printer,690.17,1,0.0,154.77
US-2025-101935,2024-05-10,2024-05-16,First Class,CU-10099,Frank Ward,Home Office,United States,Newark,New Jersey,76464,East,OFF-PA-1335,Office Supplies,Paper,Xerox Paper Ream,27.52,1,0.0,3.05
US-2025-101936,2023-12-08,2023-12-10,Second Class,CU-10093,Carla Irwin,Home Office,United States,New York City,New York,45454,East,OFF-PA-1336,Office Supplies,Paper,Xerox Paper Ream,256.66,7,0.1,55.05
US-2025-101937,2025-11-22,2025-11-24,Second Class,CU-10096,Leo Irwin,Home Office,United States,Jersey City,New Jersey,47943,East,TEC-MA-1337,Technology,Machines,Zebra Label Printer,5048.64,8,0.0,1254.92
US-2025-101938,2025-07-28,2025-07-31,Standard Class,CU-10023,Henry Silva,Home Office,United States,Worcester,Massachusetts,10516,East,OFF-AR-1338,Office Supplies,Art,Bic Pens,73.31,4,0.2,11.28
US-2025-101939,2024-01-14,2024-01-15,First Class,CU-10015,Ivy Foster,Consumer,United States,Worcester,Massachusetts,52938,East,OFF-ST-1339,Office Supplies,Storage,SimpleHouseware Bin,279.99,12,0.15,80.23
US-2025-101940,2023-01-26,2023-02-01,Second Class,CU-10107,Nathan Garcia,Home Office,United States,Detroit,Michigan,85760,Central,FUR-BO-1340,Furniture,Bookcases,Sauder Bookcase,3261.72,11,0.0,-108.49
US-2025-101941,2024-04-25,2024-05-01,Standard Class,CU-10023,Henry Silva,Home Office,United States,Worcester,Massachusetts,60649,East,TEC-MA-1341,Technology,Machines,Lexmark Printer,3922.19,7,0.1,458.63
US-2025-101942,2025-07-30,2025-08-01,Second Class,CU-10115,Ivy Silva,Home Office,United States,Savannah,Georgia,29344,South,FUR-TA-1342,Furniture,Tables,Bush Somerset Table,2541.0,10,0.0,274.55
US-2025-101943,2023-10-01,2023-10-08,Second Class,CU-10075,Quinn Garcia,Corporate,United States,Boston,Massachusetts,99152,East,OFF-ST-1343,Office Supplies,Storage,SimpleHouseware Bin,91.14,2,0.0,31.89
US-2025-101944,2023-06-27,2023-06-28,Same Day,CU-10067,Olivia Hughes,Corporate,United States,Raleigh,North Carolina,50857,South,OFF-ST-1344,Office Supplies,Storage,Fellowes Storage Box,129.75,3,0.0,43.54
US-2025-101945,2023-03-04,2023-03-09,Standard Class,CU-10061,Maria Kim,Home Office,United States,Ann Arbor,Michigan,32756,Central,OFF-AR-1345,Office Supplies,Art,Newell Highlighters,192.84,6,0.0,68.24
US-2025-101946,2024-06-24,2024-06-27,Second Class,CU-10040,Rita Johnson,Consumer,United States,Nashville,Tennessee,93974,South,TEC-MA-1346,Technology,Machines,Lexmark Printer,796.72,4,0.1,97.58
US-2025-101947,2024-10-23,2024-10-26,First Class,CU-10070,Sam Foster,Corporate,United States,New York City,New York,48135,East,OFF-PA-1347,Office Supplies,Paper,HP Paper Ream,174.02,8,0.1,59.59
US-2025-101948,2024-08-07,2024-08-12,First Class,CU-10096,Leo Irwin,Home Office,United States,Buffalo,New York,29082,East,OFF-LA-1348,Office Supplies,Labels,Avery Labels,202.08,8,0.0,33.52
US-2025-101949,2023-11-10,2023-11-17,Standard Class,CU-10096,Leo Irwin,Home Office,United States,Philadelphia,Pennsylvania,20797,East,OFF-LA-1349,Office Supplies,Labels,Hon Label Maker Tape,87.39,3,0.0,27.97
US-2025-101950,2025-06-19,2025-06-26,Same Day,CU-10051,Paul Bennett,Consumer,United States,Buffalo,New York,13667,East,FUR-CH-1350,Furniture,Chairs,Hbada Office Chair,2159.26,9,0.3,21.28
US-2025-101951,2023-05-18,2023-05-24,Same Day,CU-10044,Olivia Reed,Corporate,United States,Eugene,Oregon,84681,West,OFF-LA-1351,Office Supplies,Labels,Hon Label Maker Tape,98.85,10,0.5,12.07
US-2025-101952,2023-05-09,2023-05-11,Standard Class,CU-10082,Henry Reed,Corporate,United States,Worcester,Massachusetts,65914,East,TEC-CO-1352,Technology,Copiers,Hewlett Packard Copier,2752.9,7,0.2,396.0
US-2025-101953,2023-10-04,2023-10-06,Second Class,CU-10105,Elena Parker,Consumer,United States,Savannah,Georgia,90643,South,OFF-PA-1353,Office Supplies,Paper,Boise Paper,71.38,3,0.2,16.7
US-2025-101954,2023-08-26,2023-08-28,Standard Class,CU-10010,Jack Irwin,Consumer,United States,Seattle,Washington,66627,West,OFF-ST-1354,Office Supplies,Storage,SimpleHouseware Bin,169.38,9,0.0,18.91
US-2025-101955,2025-12-08,2025-12-14,Second Class,CU-10067,Olivia Hughes,Corporate,United States,Orlando,Florida,57892,South,OFF-ST-1355,Office Supplies,Storage,SimpleHouseware Bin,156.8,10,0.0,47.93
US-2025-101956,2025-12-06,2025-12-12,First Class,CU-10082,Henry Reed,Corporate,United States,Philadelphia,Pennsylvania,30614,East,FUR-FU-1356,Furniture,Furnishings,Tenex Chairmat,699.22,2,0.0,64.01
US-2025-101957,2025-02-24,2025-02-26,First Class,CU-10082,Henry Reed,Corporate,United States,Newark,New Jersey,83497,East,TEC-MA-1357,Technology,Machines,Zebra Label Printer,1963.45,9,0.15,459.16
US-2025-101958,2023-07-15,2023-07-16,Standard Class,CU-10007,Nathan Quintana,Corporate,United States,Eugene,Oregon,92131,West,OFF-LA-1358,Office Supplies,Labels,Hon Label Maker Tape,74.77,4,0.1,22.53
US-2025-101959,2025-02-27,2025-03-06,First Class,CU-10077,Henry Ortiz,Home Office,United States,Savannah,Georgia,53408,South,FUR-TA-1359,Furniture,Tables,Chromcraft Round Table,217.52,2,0.3,-11.8
US-2025-101960,2024-10-12,2024-10-16,First Class,CU-10063,Alice Quintana,Home Office,United States,Springfield,Illinois,86477,Central,FUR-TA-1360,Furniture,Tables,Bush Somerset Table,1314.88,5,0.2,145.02
US-2025-101961,2023-01-07,2023-01-10,Standard Class,CU-10085,Brian Chavez,Consumer,United States,Dallas,Texas,23431,Central,TEC-MA-1361,Technology,Machines,Zebra Label Printer,573.89,3,0.4,146.33
US-2025-101962,2023-07-12,2023-07-18,Standard Class,CU-10021,Nathan Irwin,Consumer,United States,Savannah,Georgia,66574,South,OFF-ST-1362,Office Supplies,Storage,SimpleHouseware Bin,224.87,13,0.15,16.12
US-2025-101963,2025-03-24,2025-03-29,Standard Class,CU-10045,Henry Reed,Home Office,United States,Ann Arbor,Michigan,47570,Central,TEC-CO-1363,Technology,Copiers,Canon Copier,1862.9,10,0.5,205.89
US-2025-101964,2025-06-18,2025-06-22,Standard Class,CU-10028,Jack Evans,Corporate,United States,Atlanta,Georgia,96592,South,OFF-ST-1364,Office Supplies,Storage,Fellowes Storage Box,145.43,4,0.3,31.83
US-2025-101965,2025-10-02,2025-10-05,Standard Class,CU-10027,Ivy Bennett,Corporate,United States,Atlanta,Georgia,97005,South,OFF-LA-1365,Office Supplies,Labels,Hon Label Maker Tape,300.4,10,0.0,28.54
US-2025-101966,2024-04-01,2024-04-03,Standard Class,CU-10095,Maria Nguyen,Home Office,United States,Chicago,Illinois,10966,Central,OFF-BI-1366,Office Supplies,Binders,GBC Binding System,270.78,6,0.0,29.47
US-2025-101967,2024-09-03,2024-09-05,Same Day,CU-10027,Ivy Bennett,Corporate,United States,Charlotte,North Carolina,77763,South,OFF-LA-1367,Office Supplies,Labels,Avery Labels,111.23,7,0.3,39.99
US-2025-101968,2025-12-21,2025-12-22,Standard Class,CU-10027,Ivy Bennett,Corporate,United States,Savannah,Georgia,55602,South,OFF-LA-1368,Office Supplies,Labels,Avery Labels,400.78,9,0.15,101.26
US-2025-101969,2023-11-17,2023-11-24,Second Class,CU-10044,Olivia Reed,Corporate,United States,Seattle,Washington,14588,West,OFF-LA-1369,Office Supplies,Labels,Hon Label Maker Tape,462.78,10,0.1,75.42
US-2025-101970,2023-08-24,2023-08-30,Second Class,CU-10019,Elena Nguyen,Corporate,United States,Eugene,Oregon,88731,West,TEC-MA-1370,Technology,Machines,Lexmark Printer,8675.32,12,0.1,2281.39
US-2025-101971,2024-07-12,2024-07-13,Same Day,CU-10078,Brian Moore,Home Office,United States,Boston,Massachusetts,34905,East,TEC-AC-1371,Technology,Accessories,Kensington Keyboard,6403.5,10,0.0,-140.18
US-2025-101972,2025-01-08,2025-01-13,Standard Class,CU-10084,Frank Bennett,Home Office,United States,Ann Arbor,Michigan,67408,Central,FUR-BO-1372,Furniture,Bookcases,Bush Cubix Bookcase,2209.86,9,0.0,-166.67
US-2025-101973,2025-07-11,2025-07-16,First Class,CU-10034,Alice Kim,Corporate,United States,Detroit,Michigan,78628,Central,FUR-CH-1373,Furniture,Chairs,HON Executive Chair,5994.78,11,0.0,956.8
US-2025-101974,2024-07-05,2024-07-12,Same Day,CU-10028,Jack Evans,Corporate,United States,Atlanta,Georgia,16003,South,FUR-BO-1374,Furniture,Bookcases,Sauder Bookcase,4919.2,10,0.0,-404.01
US-2025-101975,2025-09-04,2025-09-09,Same Day,CU-10057,Jack Moore,Corporate,United States,Boston,Massachusetts,70978,East,OFF-PA-1375,Office Supplies,Paper,Boise Paper,321.98,8,0.2,41.79
US-2025-101976,2023-12-04,2023-12-10,Second Class,CU-10001,Maria Johnson,Corporate,United States,Memphis,Tennessee,30639,South,FUR-TA-1376,Furniture,Tables,Bush Somerset Table,3263.76,8,0.0,626.32
US-2025-101977,2025-11-20,2025-11-27,First Class,CU-10054,Ivy Parker,Corporate,United States,Pittsburgh,Pennsylvania,93412,East,OFF-BI-1377,Office Supplies,Binders,GBC Binding System,445.05,9,0.0,43.72
US-2025-101978,2024-12-26,2024-12-30,First Class,CU-10043,Alice Hughes,Corporate,United States,Savannah,Georgia,93608,South,FUR-FU-1378,Furniture,Furnishings,Tenex Chairmat,634.28,2,0.1,33.8
US-2025-101979,2025-07-27,2025-07-29,Same Day,CU-10028,Jack Evans,Corporate,United States,Memphis,Tennessee,83867,South,FUR-BO-1379,Furniture,Bookcases,Sauder Bookcase,476.46,3,0.0,76.05
US-2025-101980,2023-08-04,2023-08-10,Same Day,CU-10119,Frank Nguyen,Home Office,United States,Buffalo,New York,93355,East,OFF-LA-1380,Office Supplies,Labels,Avery Labels,433.9,10,0.0,97.46
US-2025-101981,2024-05-18,2024-05-20,Same Day,CU-10107,Nathan Garcia,Home Office,United States,Cleveland,Ohio,53761,Central,OFF-LA-1381,Office Supplies,Labels,Avery Labels,152.3,6,0.2,30.73
US-2025-101982,2025-09-04,2025-09-06,Second Class,CU-10102,Ivy Garcia,Corporate,United States,Ann Arbor,Michigan,30290,Central,OFF-LA-1382,Office Supplies,Labels,Hon Label Maker Tape,325.26,13,0.4,38.53
US-2025-101983,2023-12-17,2023-12-24,First Class,CU-10055,Elena Quintana,Corporate,United States,Springfield,Illinois,21369,Central,TEC-MA-1383,Technology,Machines,Zebra Label Printer,3905.73,9,0.0,361.34
US-2025-101984,2025-03-25,2025-03-27,First Class,CU-10011,Carla Turner,Corporate,United States,Columbus,Ohio,28732,Central,OFF-AR-1384,Office Supplies,Art,Newell Highlighters,200.75,5,0.0,36.98
US-2025-101985,2025-12-31,2026-01-05,Same Day,CU-10037,Maria Kim,Home Office,United States,Buffalo,New York,41426,East,OFF-ST-1385,Office Supplies,Storage,SimpleHouseware Bin,285.71,11,0.4,78.27
US-2025-101986,2023-04-22,2023-04-24,Standard Class,CU-10029,Nathan Ortiz,Corporate,United States,Buffalo,New York,55769,East,FUR-CH-1386,Furniture,Chairs,Global Task Chair,1906.2,5,0.1,-8.67
US-2025-101987,2023-01-02,2023-01-04,Standard Class,CU-10090,Rita Evans,Corporate,United States,Raleigh,North Carolina,10701,South,OFF-ST-1387,Office Supplies,Storage,Fellowes Storage Box,216.52,4,0.0,51.67
US-2025-101988,2023-08-11,2023-08-13,Second Class,CU-10006,Nathan Quintana,Home Office,United States,Spokane,Washington,67091,West,FUR-FU-1388,Furniture,Furnishings,Tenex Chairmat,2183.28,4,0.0,-9.78
US-2025-101989,2025-10-14,2025-10-18,Second Class,CU-10022,Alice Ward,Consumer,United States,Nashville,Tennessee,88001,South,TEC-PH-1389,Technology,Phones,Apple iPhone,2395.33,4,0.2,538.39
US-2025-101990,2025-12-22,2025-12-28,Second Class,CU-10114,Jack Evans,Home Office,United States,Dallas,Texas,97472,Central,OFF-BI-1390,Office Supplies,Binders,Wilson Jones Binder,150.89,7,0.15,43.27
US-2025-101991,2024-01-22,2024-01-25,Same Day,CU-10088,Nathan Evans,Consumer,United States,Detroit,Michigan,74445,Central,TEC-AC-1391,Technology,Accessories,Kensington Keyboard,4321.13,11,0.0,1125.44
US-2025-101992,2024-06-29,2024-07-05,Standard Class,CU-10001,Maria Johnson,Corporate,United States,Nashville,Tennessee,13481,South,TEC-AC-1392,Technology,Accessories,Kensington Keyboard,10680.8,13,0.0,-221.22
US-2025-101993,2025-04-20,2025-04-24,Second Class,CU-10090,Rita Evans,Corporate,United States,Nashville,Tennessee,22582,South,OFF-LA-1393,Office Supplies,Labels,Hon Label Maker Tape,108.9,4,0.2,28.42
US-2025-101994,2024-07-18,2024-07-21,Second Class,CU-10011,Carla Turner,Corporate,United States,Columbus,Ohio,36675,Central,TEC-AC-1394,Technology,Accessories,SanDisk Flash Drive,3488.03,13,0.0,305.72
US-2025-101995,2023-05-06,2023-05-09,Same Day,CU-10018,Quinn Reed,Consumer,United States,San Francisco,California,19067,West,TEC-PH-1395,Technology,Phones,Cisco IP Phone,1520.74,2,0.0,95.45
US-2025-101996,2025-02-12,2025-02-13,First Class,CU-10109,Henry Turner,Consumer,United States,Atlanta,Georgia,28439,South,TEC-CO-1396,Technology,Copiers,Canon Copier,221.02,1,0.0,44.18
US-2025-101997,2024-10-21,2024-10-23,Same Day,CU-10055,Elena Quintana,Corporate,United States,Detroit,Michigan,80193,Central,OFF-LA-1397,Office Supplies,Labels,Avery Labels,86.1,3,0.0,23.38
US-2025-101998,2025-03-04,2025-03-05,Same Day,CU-10070,Sam Foster,Corporate,United States,Boston,Massachusetts,17150,East,TEC-MA-1398,Technology,Machines,Lexmark Printer,445.2,1,0.0,82.6
US-2025-101999,2023-06-25,2023-06-28,Same Day,CU-10004,Derek Chavez,Corporate,United States,Worcester,Massachusetts,12534,East,OFF-AR-1399,Office Supplies,Art,Bic Pens,361.62,10,0.1,63.25
